Sample_ID,SMILES_E1,SMILES_X1,SMILES_Y1,Ratio_X1,Ratio_Y1,Condition_Type,Condition_Val,Temp_K,Alpha,Rate_1_min
R000X100Y,CC(C)(c1ccc(OCC2CO2)cc1)c1ccc(OCC2CO2)cc1,OC(=O)CCCC(=O)O,OC(=O)c1cccc(C(=O)O)c1,0.0,1.0,Dyn,5.0,323.0,0.001,0.00017589005416356965
R000X100Y,CC(C)(c1ccc(OCC2CO2)cc1)c1ccc(OCC2CO2)cc1,OC(=O)CCCC(=O)O,OC(=O)c1cccc(C(=O)O)c1,0.0,1.0,Dyn,5.0,326.3898305084746,0.0011383025054546982,0.0002347658378805615
R000X100Y,CC(C)(c1ccc(OCC2CO2)cc1)c1ccc(OCC2CO2)cc1,OC(=O)CCCC(=O)O,OC(=O)c1cccc(C(=O)O)c1,0.0,1.0,Dyn,5.0,329.77966101694915,0.0013242053258244939,0.0003227182988673
R000X100Y,CC(C)(c1ccc(OCC2CO2)cc1)c1ccc(OCC2CO2)cc1,OC(=O)CCCC(=O)O,OC(=O)c1cccc(C(=O)O)c1,0.0,1.0,Dyn,5.0,333.1694915254237,0.0015737879535240708,0.00042619142383811193
R000X100Y,CC(C)(c1ccc(OCC2CO2)cc1)c1ccc(OCC2CO2)cc1,OC(=O)CCCC(=O)O,OC(=O)c1cccc(C(=O)O)c1,0.0,1.0,Dyn,5.0,336.5593220338983,0.0019084490541561696,0.0005601668084768124
R000X100Y,CC(C)(c1ccc(OCC2CO2)cc1)c1ccc(OCC2CO2)cc1,OC(=O)CCCC(=O)O,OC(=O)c1cccc(C(=O)O)c1,0.0,1.0,Dyn,5.0,339.9491525423729,0.002356542360906705,0.0007699460668871967
R000X100Y,CC(C)(c1ccc(OCC2CO2)cc1)c1ccc(OCC2CO2)cc1,OC(=O)CCCC(=O)O,OC(=O)c1cccc(C(=O)O)c1,0.0,1.0,Dyn,5.0,343.33898305084745,0.0029554380286267988,0.0010568023177396197
R000X100Y,CC(C)(c1ccc(OCC2CO2)cc1)c1ccc(OCC2CO2)cc1,OC(=O)CCCC(=O)O,OC(=O)c1cccc(C(=O)O)c1,0.0,1.0,Dyn,5.0,346.728813559322,0.0037540943533366667,0.0013930769079214629
R000X100Y,CC(C)(c1ccc(OCC2CO2)cc1)c1ccc(OCC2CO2)cc1,OC(=O)CCCC(=O)O,OC(=O)c1cccc(C(=O)O)c1,0.0,1.0,Dyn,5.0,350.1186440677966,0.004816234450043285,0.0017608802938187936
R000X100Y,CC(C)(c1ccc(OCC2CO2)cc1)c1ccc(OCC2CO2)cc1,OC(=O)CCCC(=O)O,OC(=O)c1cccc(C(=O)O)c1,0.0,1.0,Dyn,5.0,353.50847457627117,0.00622422771257754,0.0022901970152840873
R000X100Y,CC(C)(c1ccc(OCC2CO2)cc1)c1ccc(OCC2CO2)cc1,OC(=O)CCCC(=O)O,OC(=O)c1cccc(C(=O)O)c1,0.0,1.0,Dyn,5.0,356.89830508474574,0.00808377174368514,0.003079335944634041
R000X100Y,CC(C)(c1ccc(OCC2CO2)cc1)c1ccc(OCC2CO2)cc1,OC(=O)CCCC(=O)O,OC(=O)c1cccc(C(=O)O)c1,0.0,1.0,Dyn,5.0,360.2881355932203,0.010529449936700151,0.004123439671076886
R000X100Y,CC(C)(c1ccc(OCC2CO2)cc1)c1ccc(OCC2CO2)cc1,OC(=O)CCCC(=O)O,OC(=O)c1cccc(C(=O)O)c1,0.0,1.0,Dyn,5.0,363.6779661016949,0.013731193246403026,0.005003691362215637
R000X100Y,CC(C)(c1ccc(OCC2CO2)cc1)c1ccc(OCC2CO2)cc1,OC(=O)CCCC(=O)O,OC(=O)c1cccc(C(=O)O)c1,0.0,1.0,Dyn,5.0,367.06779661016947,0.0179015870489985,0.006942416368832404
R000X100Y,CC(C)(c1ccc(OCC2CO2)cc1)c1ccc(OCC2CO2)cc1,OC(=O)CCCC(=O)O,OC(=O)c1cccc(C(=O)O)c1,0.0,1.0,Dyn,5.0,370.45762711864404,0.02330381597121941,0.008689825555402052
R000X100Y,CC(C)(c1ccc(OCC2CO2)cc1)c1ccc(OCC2CO2)cc1,OC(=O)CCCC(=O)O,OC(=O)c1cccc(C(=O)O)c1,0.0,1.0,Dyn,5.0,373.8474576271186,0.030259805463460642,0.011333648812090225
R000X100Y,CC(C)(c1ccc(OCC2CO2)cc1)c1ccc(OCC2CO2)cc1,OC(=O)CCCC(=O)O,OC(=O)c1cccc(C(=O)O)c1,0.0,1.0,Dyn,5.0,377.2372881355932,0.039157768611656485,0.014532617739367263
R000X100Y,CC(C)(c1ccc(OCC2CO2)cc1)c1ccc(OCC2CO2)cc1,OC(=O)CCCC(=O)O,OC(=O)c1cccc(C(=O)O)c1,0.0,1.0,Dyn,5.0,380.62711864406776,0.05045787180517153,0.018515455354032175
R000X100Y,CC(C)(c1ccc(OCC2CO2)cc1)c1ccc(OCC2CO2)cc1,OC(=O)CCCC(=O)O,OC(=O)c1cccc(C(=O)O)c1,0.0,1.0,Dyn,5.0,384.01694915254234,0.06469407631631552,0.023742181290281914
R000X100Y,CC(C)(c1ccc(OCC2CO2)cc1)c1ccc(OCC2CO2)cc1,OC(=O)CCCC(=O)O,OC(=O)c1cccc(C(=O)O)c1,0.0,1.0,Dyn,5.0,387.4067796610169,0.08246941430094068,0.030058533720088723
R000X100Y,CC(C)(c1ccc(OCC2CO2)cc1)c1ccc(OCC2CO2)cc1,OC(=O)CCCC(=O)O,OC(=O)c1cccc(C(=O)O)c1,0.0,1.0,Dyn,5.0,390.7966101694915,0.10444110770178677,0.035700203076969104
R000X100Y,CC(C)(c1ccc(OCC2CO2)cc1)c1ccc(OCC2CO2)cc1,OC(=O)CCCC(=O)O,OC(=O)c1cccc(C(=O)O)c1,0.0,1.0,Dyn,5.0,394.1864406779661,0.1312912537258721,0.04531781727418419
R000X100Y,CC(C)(c1ccc(OCC2CO2)cc1)c1ccc(OCC2CO2)cc1,OC(=O)CCCC(=O)O,OC(=O)c1cccc(C(=O)O)c1,0.0,1.0,Dyn,5.0,397.5762711864407,0.16367867682695242,0.05111021134924266
R000X100Y,CC(C)(c1ccc(OCC2CO2)cc1)c1ccc(OCC2CO2)cc1,OC(=O)CCCC(=O)O,OC(=O)c1cccc(C(=O)O)c1,0.0,1.0,Dyn,5.0,400.96610169491527,0.20216859386749222,0.06213861781407006
R000X100Y,CC(C)(c1ccc(OCC2CO2)cc1)c1ccc(OCC2CO2)cc1,OC(=O)CCCC(=O)O,OC(=O)c1cccc(C(=O)O)c1,0.0,1.0,Dyn,5.0,404.35593220338984,0.24713971666426496,0.07312740877599809
R000X100Y,CC(C)(c1ccc(OCC2CO2)cc1)c1ccc(OCC2CO2)cc1,OC(=O)CCCC(=O)O,OC(=O)c1cccc(C(=O)O)c1,0.0,1.0,Dyn,5.0,407.74576271186436,0.2986739836236059,0.08097772982985273
R000X100Y,CC(C)(c1ccc(OCC2CO2)cc1)c1ccc(OCC2CO2)cc1,OC(=O)CCCC(=O)O,OC(=O)c1cccc(C(=O)O)c1,0.0,1.0,Dyn,5.0,411.135593220339,0.3564423315236085,0.08746708062230946
R000X100Y,CC(C)(c1ccc(OCC2CO2)cc1)c1ccc(OCC2CO2)cc1,OC(=O)CCCC(=O)O,OC(=O)c1cccc(C(=O)O)c1,0.0,1.0,Dyn,5.0,414.52542372881356,0.41960948850771285,0.09386933596691736
R000X100Y,CC(C)(c1ccc(OCC2CO2)cc1)c1ccc(OCC2CO2)cc1,OC(=O)CCCC(=O)O,OC(=O)c1cccc(C(=O)O)c1,0.0,1.0,Dyn,5.0,417.91525423728814,0.48678843677290295,0.0997786246023577
R000X100Y,CC(C)(c1ccc(OCC2CO2)cc1)c1ccc(OCC2CO2)cc1,OC(=O)CCCC(=O)O,OC(=O)c1cccc(C(=O)O)c1,0.0,1.0,Dyn,5.0,421.3050847457627,0.5560759226678684,0.10334137486884933
R000X100Y,CC(C)(c1ccc(OCC2CO2)cc1)c1ccc(OCC2CO2)cc1,OC(=O)CCCC(=O)O,OC(=O)c1cccc(C(=O)O)c1,0.0,1.0,Dyn,5.0,424.6949152542373,0.6251892117932231,0.0975689990011373
R000X100Y,CC(C)(c1ccc(OCC2CO2)cc1)c1ccc(OCC2CO2)cc1,OC(=O)CCCC(=O)O,OC(=O)c1cccc(C(=O)O)c1,0.0,1.0,Dyn,5.0,428.08474576271186,0.6916997729724916,0.09442536077020519
R000X100Y,CC(C)(c1ccc(OCC2CO2)cc1)c1ccc(OCC2CO2)cc1,OC(=O)CCCC(=O)O,OC(=O)c1cccc(C(=O)O)c1,0.0,1.0,Dyn,5.0,431.47457627118644,0.753327335992286,0.08590917000441384
R000X100Y,CC(C)(c1ccc(OCC2CO2)cc1)c1ccc(OCC2CO2)cc1,OC(=O)CCCC(=O)O,OC(=O)c1cccc(C(=O)O)c1,0.0,1.0,Dyn,5.0,434.864406779661,0.8082306248494334,0.07657193892104562
R000X100Y,CC(C)(c1ccc(OCC2CO2)cc1)c1ccc(OCC2CO2)cc1,OC(=O)CCCC(=O)O,OC(=O)c1cccc(C(=O)O)c1,0.0,1.0,Dyn,5.0,438.2542372881356,0.8552235645932941,0.0635794998792082
R000X100Y,CC(C)(c1ccc(OCC2CO2)cc1)c1ccc(OCC2CO2)cc1,OC(=O)CCCC(=O)O,OC(=O)c1cccc(C(=O)O)c1,0.0,1.0,Dyn,5.0,441.64406779661016,0.8938650139521401,0.05142878499840849
R000X100Y,CC(C)(c1ccc(OCC2CO2)cc1)c1ccc(OCC2CO2)cc1,OC(=O)CCCC(=O)O,OC(=O)c1cccc(C(=O)O)c1,0.0,1.0,Dyn,5.0,445.03389830508473,0.9244094658882512,0.03864657445971431
R000X100Y,CC(C)(c1ccc(OCC2CO2)cc1)c1ccc(OCC2CO2)cc1,OC(=O)CCCC(=O)O,OC(=O)c1cccc(C(=O)O)c1,0.0,1.0,Dyn,5.0,448.4237288135593,0.9476479935090799,0.02929874101923844
R000X100Y,CC(C)(c1ccc(OCC2CO2)cc1)c1ccc(OCC2CO2)cc1,OC(=O)CCCC(=O)O,OC(=O)c1cccc(C(=O)O)c1,0.0,1.0,Dyn,5.0,451.8135593220339,0.9646949289307115,0.021679494309322235
R000X100Y,CC(C)(c1ccc(OCC2CO2)cc1)c1ccc(OCC2CO2)cc1,OC(=O)CCCC(=O)O,OC(=O)c1cccc(C(=O)O)c1,0.0,1.0,Dyn,5.0,455.2033898305085,0.9767782062945136,0.015417253699031604
R000X100Y,CC(C)(c1ccc(OCC2CO2)cc1)c1ccc(OCC2CO2)cc1,OC(=O)CCCC(=O)O,OC(=O)c1cccc(C(=O)O)c1,0.0,1.0,Dyn,5.0,458.59322033898303,0.9850745723119877,0.009593994778213434
R000X100Y,CC(C)(c1ccc(OCC2CO2)cc1)c1ccc(OCC2CO2)cc1,OC(=O)CCCC(=O)O,OC(=O)c1cccc(C(=O)O)c1,0.0,1.0,Dyn,5.0,461.9830508474576,0.9906067871940925,0.006849648968014836
R000X100Y,CC(C)(c1ccc(OCC2CO2)cc1)c1ccc(OCC2CO2)cc1,OC(=O)CCCC(=O)O,OC(=O)c1cccc(C(=O)O)c1,0.0,1.0,Dyn,5.0,465.37288135593224,0.9941993246567905,0.004368517910267229
R000X100Y,CC(C)(c1ccc(OCC2CO2)cc1)c1ccc(OCC2CO2)cc1,OC(=O)CCCC(=O)O,OC(=O)c1cccc(C(=O)O)c1,0.0,1.0,Dyn,5.0,468.7627118644068,0.9964774941307092,0.0026932230341726836
R000X100Y,CC(C)(c1ccc(OCC2CO2)cc1)c1ccc(OCC2CO2)cc1,OC(=O)CCCC(=O)O,OC(=O)c1cccc(C(=O)O)c1,0.0,1.0,Dyn,5.0,472.1525423728814,0.9978920758135673,0.00162994802532959
R000X100Y,CC(C)(c1ccc(OCC2CO2)cc1)c1ccc(OCC2CO2)cc1,OC(=O)CCCC(=O)O,OC(=O)c1cccc(C(=O)O)c1,0.0,1.0,Dyn,5.0,475.5423728813559,0.9987543895499268,0.0009677136400646006
R000X100Y,CC(C)(c1ccc(OCC2CO2)cc1)c1ccc(OCC2CO2)cc1,OC(=O)CCCC(=O)O,OC(=O)c1cccc(C(=O)O)c1,0.0,1.0,Dyn,5.0,478.93220338983053,0.9992717403315811,0.0006070231074747517
R000X100Y,CC(C)(c1ccc(OCC2CO2)cc1)c1ccc(OCC2CO2)cc1,OC(=O)CCCC(=O)O,OC(=O)c1cccc(C(=O)O)c1,0.0,1.0,Dyn,5.0,482.3220338983051,0.9995779453380831,0.00036209211177483516
R000X100Y,CC(C)(c1ccc(OCC2CO2)cc1)c1ccc(OCC2CO2)cc1,OC(=O)CCCC(=O)O,OC(=O)c1cccc(C(=O)O)c1,0.0,1.0,Dyn,5.0,485.7118644067797,0.9997571302929856,0.000209798621461972
R000X100Y,CC(C)(c1ccc(OCC2CO2)cc1)c1ccc(OCC2CO2)cc1,OC(=O)CCCC(=O)O,OC(=O)c1cccc(C(=O)O)c1,0.0,1.0,Dyn,5.0,489.10169491525426,0.9998610107006147,0.00011942014531199198
R000X100Y,CC(C)(c1ccc(OCC2CO2)cc1)c1ccc(OCC2CO2)cc1,OC(=O)CCCC(=O)O,OC(=O)c1cccc(C(=O)O)c1,0.0,1.0,Dyn,5.0,492.4915254237288,0.9999,8.806482217210694e-05
R000X100Y,CC(C)(c1ccc(OCC2CO2)cc1)c1ccc(OCC2CO2)cc1,OC(=O)CCCC(=O)O,OC(=O)c1cccc(C(=O)O)c1,0.0,1.0,Dyn,5.0,495.8813559322034,0.9999,9.438217791098417e-05
R000X100Y,CC(C)(c1ccc(OCC2CO2)cc1)c1ccc(OCC2CO2)cc1,OC(=O)CCCC(=O)O,OC(=O)c1cccc(C(=O)O)c1,0.0,1.0,Dyn,5.0,499.271186440678,0.9999,0.00010988352367423209
R000X100Y,CC(C)(c1ccc(OCC2CO2)cc1)c1ccc(OCC2CO2)cc1,OC(=O)CCCC(=O)O,OC(=O)c1cccc(C(=O)O)c1,0.0,1.0,Dyn,5.0,502.66101694915255,0.9999,0.0001255597769368287
R000X100Y,CC(C)(c1ccc(OCC2CO2)cc1)c1ccc(OCC2CO2)cc1,OC(=O)CCCC(=O)O,OC(=O)c1cccc(C(=O)O)c1,0.0,1.0,Dyn,5.0,506.0508474576271,0.9999,0.00013243109832231223
R000X100Y,CC(C)(c1ccc(OCC2CO2)cc1)c1ccc(OCC2CO2)cc1,OC(=O)CCCC(=O)O,OC(=O)c1cccc(C(=O)O)c1,0.0,1.0,Dyn,5.0,509.4406779661017,0.9999,0.00015570635084637263
R000X100Y,CC(C)(c1ccc(OCC2CO2)cc1)c1ccc(OCC2CO2)cc1,OC(=O)CCCC(=O)O,OC(=O)c1cccc(C(=O)O)c1,0.0,1.0,Dyn,5.0,512.8305084745763,0.9999,0.00017385917142362405
R000X100Y,CC(C)(c1ccc(OCC2CO2)cc1)c1ccc(OCC2CO2)cc1,OC(=O)CCCC(=O)O,OC(=O)c1cccc(C(=O)O)c1,0.0,1.0,Dyn,5.0,516.2203389830509,0.9999,0.00019517720760836303
R000X100Y,CC(C)(c1ccc(OCC2CO2)cc1)c1ccc(OCC2CO2)cc1,OC(=O)CCCC(=O)O,OC(=O)c1cccc(C(=O)O)c1,0.0,1.0,Dyn,5.0,519.6101694915254,0.9999,0.0002050952780125132
R000X100Y,CC(C)(c1ccc(OCC2CO2)cc1)c1ccc(OCC2CO2)cc1,OC(=O)CCCC(=O)O,OC(=O)c1cccc(C(=O)O)c1,0.0,1.0,Dyn,5.0,523.0,0.9999,0.00023150866029849105
R000X100Y,CC(C)(c1ccc(OCC2CO2)cc1)c1ccc(OCC2CO2)cc1,OC(=O)CCCC(=O)O,OC(=O)c1cccc(C(=O)O)c1,0.0,1.0,Dyn,10.0,323.0,0.001,0.0001729348215852226
R000X100Y,CC(C)(c1ccc(OCC2CO2)cc1)c1ccc(OCC2CO2)cc1,OC(=O)CCCC(=O)O,OC(=O)c1cccc(C(=O)O)c1,0.0,1.0,Dyn,10.0,326.3898305084746,0.0010687064739483413,0.0002245954653179691
R000X100Y,CC(C)(c1ccc(OCC2CO2)cc1)c1ccc(OCC2CO2)cc1,OC(=O)CCCC(=O)O,OC(=O)c1cccc(C(=O)O)c1,0.0,1.0,Dyn,10.0,329.77966101694915,0.0011598479713665908,0.0003245071319934055
R000X100Y,CC(C)(c1ccc(OCC2CO2)cc1)c1ccc(OCC2CO2)cc1,OC(=O)CCCC(=O)O,OC(=O)c1cccc(C(=O)O)c1,0.0,1.0,Dyn,10.0,333.1694915254237,0.0012804793976102721,0.0004017620600950904
R000X100Y,CC(C)(c1ccc(OCC2CO2)cc1)c1ccc(OCC2CO2)cc1,OC(=O)CCCC(=O)O,OC(=O)c1cccc(C(=O)O)c1,0.0,1.0,Dyn,10.0,336.5593220338983,0.0014398572331527793,0.0005437394238485544
R000X100Y,CC(C)(c1ccc(OCC2CO2)cc1)c1ccc(OCC2CO2)cc1,OC(=O)CCCC(=O)O,OC(=O)c1cccc(C(=O)O)c1,0.0,1.0,Dyn,10.0,339.9491525423729,0.0016501208506393746,0.0007043842392012653
R000X100Y,CC(C)(c1ccc(OCC2CO2)cc1)c1ccc(OCC2CO2)cc1,OC(=O)CCCC(=O)O,OC(=O)c1cccc(C(=O)O)c1,0.0,1.0,Dyn,10.0,343.33898305084745,0.0019271659058947028,0.000979220789279952
R000X100Y,CC(C)(c1ccc(OCC2CO2)cc1)c1ccc(OCC2CO2)cc1,OC(=O)CCCC(=O)O,OC(=O)c1cccc(C(=O)O)c1,0.0,1.0,Dyn,10.0,346.728813559322,0.0022917508775935967,0.0012781316220652893
R000X100Y,CC(C)(c1ccc(OCC2CO2)cc1)c1ccc(OCC2CO2)cc1,OC(=O)CCCC(=O)O,OC(=O)c1cccc(C(=O)O)c1,0.0,1.0,Dyn,10.0,350.1186440677966,0.002770883295074954,0.0016452183386489606
R000X100Y,CC(C)(c1ccc(OCC2CO2)cc1)c1ccc(OCC2CO2)cc1,OC(=O)CCCC(=O)O,OC(=O)c1cccc(C(=O)O)c1,0.0,1.0,Dyn,10.0,353.50847457627117,0.003399537619783631,0.0019766283863093047
R000X100Y,CC(C)(c1ccc(OCC2CO2)cc1)c1ccc(OCC2CO2)cc1,OC(=O)CCCC(=O)O,OC(=O)c1cccc(C(=O)O)c1,0.0,1.0,Dyn,10.0,356.89830508474574,0.004222763213659995,0.0027730207122668394
R000X100Y,CC(C)(c1ccc(OCC2CO2)cc1)c1ccc(OCC2CO2)cc1,OC(=O)CCCC(=O)O,OC(=O)c1cccc(C(=O)O)c1,0.0,1.0,Dyn,10.0,360.2881355932203,0.005298245936437897,0.0036866545400600975
R000X100Y,CC(C)(c1ccc(OCC2CO2)cc1)c1ccc(OCC2CO2)cc1,OC(=O)CCCC(=O)O,OC(=O)c1cccc(C(=O)O)c1,0.0,1.0,Dyn,10.0,363.6779661016949,0.00669938770008687,0.004841127476535366
R000X100Y,CC(C)(c1ccc(OCC2CO2)cc1)c1ccc(OCC2CO2)cc1,OC(=O)CCCC(=O)O,OC(=O)c1cccc(C(=O)O)c1,0.0,1.0,Dyn,10.0,367.06779661016947,0.008518963127493916,0.0059799681340504465
R000X100Y,CC(C)(c1ccc(OCC2CO2)cc1)c1ccc(OCC2CO2)cc1,OC(=O)CCCC(=O)O,OC(=O)c1cccc(C(=O)O)c1,0.0,1.0,Dyn,10.0,370.45762711864404,0.010873396344208332,0.00829938928536259
R000X100Y,CC(C)(c1ccc(OCC2CO2)cc1)c1ccc(OCC2CO2)cc1,OC(=O)CCCC(=O)O,OC(=O)c1cccc(C(=O)O)c1,0.0,1.0,Dyn,10.0,373.8474576271186,0.013907666366810189,0.00971975422180628
R000X100Y,CC(C)(c1ccc(OCC2CO2)cc1)c1ccc(OCC2CO2)cc1,OC(=O)CCCC(=O)O,OC(=O)c1cccc(C(=O)O)c1,0.0,1.0,Dyn,10.0,377.2372881355932,0.017800788622127032,0.012698987966999793
R000X100Y,CC(C)(c1ccc(OCC2CO2)cc1)c1ccc(OCC2CO2)cc1,OC(=O)CCCC(=O)O,OC(=O)c1cccc(C(=O)O)c1,0.0,1.0,Dyn,10.0,380.62711864406776,0.022771723476088062,0.016965299352734737
R000X100Y,CC(C)(c1ccc(OCC2CO2)cc1)c1ccc(OCC2CO2)cc1,OC(=O)CCCC(=O)O,OC(=O)c1cccc(C(=O)O)c1,0.0,1.0,Dyn,10.0,384.01694915254234,0.029085412991521085,0.02093456872701323
R000X100Y,CC(C)(c1ccc(OCC2CO2)cc1)c1ccc(OCC2CO2)cc1,OC(=O)CCCC(=O)O,OC(=O)c1cccc(C(=O)O)c1,0.0,1.0,Dyn,10.0,387.4067796610169,0.03705842741073313,0.027901175230761
R000X100Y,CC(C)(c1ccc(OCC2CO2)cc1)c1ccc(OCC2CO2)cc1,OC(=O)CCCC(=O)O,OC(=O)c1cccc(C(=O)O)c1,0.0,1.0,Dyn,10.0,390.7966101694915,0.04706340330726155,0.03310732214701176
R000X100Y,CC(C)(c1ccc(OCC2CO2)cc1)c1ccc(OCC2CO2)cc1,OC(=O)CCCC(=O)O,OC(=O)c1cccc(C(=O)O)c1,0.0,1.0,Dyn,10.0,394.1864406779661,0.05953105891775272,0.04010121585334929
R000X100Y,CC(C)(c1ccc(OCC2CO2)cc1)c1ccc(OCC2CO2)cc1,OC(=O)CCCC(=O)O,OC(=O)c1cccc(C(=O)O)c1,0.0,1.0,Dyn,10.0,397.5762711864407,0.07494809011487771,0.04977599696477209
R000X100Y,CC(C)(c1ccc(OCC2CO2)cc1)c1ccc(OCC2CO2)cc1,OC(=O)CCCC(=O)O,OC(=O)c1cccc(C(=O)O)c1,0.0,1.0,Dyn,10.0,400.96610169491527,0.09384872794862546,0.05943496171690104
R000X100Y,CC(C)(c1ccc(OCC2CO2)cc1)c1ccc(OCC2CO2)cc1,OC(=O)CCCC(=O)O,OC(=O)c1cccc(C(=O)O)c1,0.0,1.0,Dyn,10.0,404.35593220338984,0.1167972663401497,0.07138465350153543
R000X100Y,CC(C)(c1ccc(OCC2CO2)cc1)c1ccc(OCC2CO2)cc1,OC(=O)CCCC(=O)O,OC(=O)c1cccc(C(=O)O)c1,0.0,1.0,Dyn,10.0,407.74576271186436,0.14435864393165423,0.09031804688670647
R000X100Y,CC(C)(c1ccc(OCC2CO2)cc1)c1ccc(OCC2CO2)cc1,OC(=O)CCCC(=O)O,OC(=O)c1cccc(C(=O)O)c1,0.0,1.0,Dyn,10.0,411.135593220339,0.1770544813919489,0.10629473606131833
R000X100Y,CC(C)(c1ccc(OCC2CO2)cc1)c1ccc(OCC2CO2)cc1,OC(=O)CCCC(=O)O,OC(=O)c1cccc(C(=O)O)c1,0.0,1.0,Dyn,10.0,414.52542372881356,0.21530320860203922,0.1260283215679041
R000X100Y,CC(C)(c1ccc(OCC2CO2)cc1)c1ccc(OCC2CO2)cc1,OC(=O)CCCC(=O)O,OC(=O)c1cccc(C(=O)O)c1,0.0,1.0,Dyn,10.0,417.91525423728814,0.25934550007928614,0.13539063165945925
R000X100Y,CC(C)(c1ccc(OCC2CO2)cc1)c1ccc(OCC2CO2)cc1,OC(=O)CCCC(=O)O,OC(=O)c1cccc(C(=O)O)c1,0.0,1.0,Dyn,10.0,421.3050847457627,0.3091604316439653,0.16307020302169986
R000X100Y,CC(C)(c1ccc(OCC2CO2)cc1)c1ccc(OCC2CO2)cc1,OC(=O)CCCC(=O)O,OC(=O)c1cccc(C(=O)O)c1,0.0,1.0,Dyn,10.0,424.6949152542373,0.364383278087764,0.1687633074273514
R000X100Y,CC(C)(c1ccc(OCC2CO2)cc1)c1ccc(OCC2CO2)cc1,OC(=O)CCCC(=O)O,OC(=O)c1cccc(C(=O)O)c1,0.0,1.0,Dyn,10.0,428.08474576271186,0.4242416887702907,0.190952057199787
R000X100Y,CC(C)(c1ccc(OCC2CO2)cc1)c1ccc(OCC2CO2)cc1,OC(=O)CCCC(=O)O,OC(=O)c1cccc(C(=O)O)c1,0.0,1.0,Dyn,10.0,431.47457627118644,0.4875309507838062,0.18780321072944736
R000X100Y,CC(C)(c1ccc(OCC2CO2)cc1)c1ccc(OCC2CO2)cc1,OC(=O)CCCC(=O)O,OC(=O)c1cccc(C(=O)O)c1,0.0,1.0,Dyn,10.0,434.864406779661,0.5526482002086596,0.18871934656334538
R000X100Y,CC(C)(c1ccc(OCC2CO2)cc1)c1ccc(OCC2CO2)cc1,OC(=O)CCCC(=O)O,OC(=O)c1cccc(C(=O)O)c1,0.0,1.0,Dyn,10.0,438.2542372881356,0.617697406064872,0.19123264648697857
R000X100Y,CC(C)(c1ccc(OCC2CO2)cc1)c1ccc(OCC2CO2)cc1,OC(=O)CCCC(=O)O,OC(=O)c1cccc(C(=O)O)c1,0.0,1.0,Dyn,10.0,441.64406779661016,0.6806612008428494,0.18631126155372463
R000X100Y,CC(C)(c1ccc(OCC2CO2)cc1)c1ccc(OCC2CO2)cc1,OC(=O)CCCC(=O)O,OC(=O)c1cccc(C(=O)O)c1,0.0,1.0,Dyn,10.0,445.03389830508473,0.7396157027783137,0.16711373730731915
R000X100Y,CC(C)(c1ccc(OCC2CO2)cc1)c1ccc(OCC2CO2)cc1,OC(=O)CCCC(=O)O,OC(=O)c1cccc(C(=O)O)c1,0.0,1.0,Dyn,10.0,448.4237288135593,0.7929475577291574,0.14519118501762698
R000X100Y,CC(C)(c1ccc(OCC2CO2)cc1)c1ccc(OCC2CO2)cc1,OC(=O)CCCC(=O)O,OC(=O)c1cccc(C(=O)O)c1,0.0,1.0,Dyn,10.0,451.8135593220339,0.8395263371099844,0.12165391130266652
R000X100Y,CC(C)(c1ccc(OCC2CO2)cc1)c1ccc(OCC2CO2)cc1,OC(=O)CCCC(=O)O,OC(=O)c1cccc(C(=O)O)c1,0.0,1.0,Dyn,10.0,455.2033898305085,0.8787948989629235,0.10052770391620586
R000X100Y,CC(C)(c1ccc(OCC2CO2)cc1)c1ccc(OCC2CO2)cc1,OC(=O)CCCC(=O)O,OC(=O)c1cccc(C(=O)O)c1,0.0,1.0,Dyn,10.0,458.59322033898303,0.9107629171803112,0.08518266088483789
R000X100Y,CC(C)(c1ccc(OCC2CO2)cc1)c1ccc(OCC2CO2)cc1,OC(=O)CCCC(=O)O,OC(=O)c1cccc(C(=O)O)c1,0.0,1.0,Dyn,10.0,461.9830508474576,0.9359151398639214,0.06681617944576226
R000X100Y,CC(C)(c1ccc(OCC2CO2)cc1)c1ccc(OCC2CO2)cc1,OC(=O)CCCC(=O)O,OC(=O)c1cccc(C(=O)O)c1,0.0,1.0,Dyn,10.0,465.37288135593224,0.9550661220084797,0.04835300284115359
R000X100Y,CC(C)(c1ccc(OCC2CO2)cc1)c1ccc(OCC2CO2)cc1,OC(=O)CCCC(=O)O,OC(=O)c1cccc(C(=O)O)c1,0.0,1.0,Dyn,10.0,468.7627118644068,0.9692005663310514,0.03416638832318616
R000X100Y,CC(C)(c1ccc(OCC2CO2)cc1)c1ccc(OCC2CO2)cc1,OC(=O)CCCC(=O)O,OC(=O)c1cccc(C(=O)O)c1,0.0,1.0,Dyn,10.0,472.1525423728814,0.9793321191169835,0.02558976732805627
R000X100Y,CC(C)(c1ccc(OCC2CO2)cc1)c1ccc(OCC2CO2)cc1,OC(=O)CCCC(=O)O,OC(=O)c1cccc(C(=O)O)c1,0.0,1.0,Dyn,10.0,475.5423728813559,0.986400128248622,0.01650226572646509
R000X100Y,CC(C)(c1ccc(OCC2CO2)cc1)c1ccc(OCC2CO2)cc1,OC(=O)CCCC(=O)O,OC(=O)c1cccc(C(=O)O)c1,0.0,1.0,Dyn,10.0,478.93220338983053,0.9912096957817015,0.011286840305600964
R000X100Y,CC(C)(c1ccc(OCC2CO2)cc1)c1ccc(OCC2CO2)cc1,OC(=O)CCCC(=O)O,OC(=O)c1cccc(C(=O)O)c1,0.0,1.0,Dyn,10.0,482.3220338983051,0.9944092702762031,0.007728170274504892
R000X100Y,CC(C)(c1ccc(OCC2CO2)cc1)c1ccc(OCC2CO2)cc1,OC(=O)CCCC(=O)O,OC(=O)c1cccc(C(=O)O)c1,0.0,1.0,Dyn,10.0,485.7118644067797,0.9964949170722511,0.004565357185807949
R000X100Y,CC(C)(c1ccc(OCC2CO2)cc1)c1ccc(OCC2CO2)cc1,OC(=O)CCCC(=O)O,OC(=O)c1cccc(C(=O)O)c1,0.0,1.0,Dyn,10.0,489.10169491525426,0.9978300291108938,0.003142194255308879
R000X100Y,CC(C)(c1ccc(OCC2CO2)cc1)c1ccc(OCC2CO2)cc1,OC(=O)CCCC(=O)O,OC(=O)c1cccc(C(=O)O)c1,0.0,1.0,Dyn,10.0,492.4915254237288,0.9986711653407434,0.0019078144445589178
R000X100Y,CC(C)(c1ccc(OCC2CO2)cc1)c1ccc(OCC2CO2)cc1,OC(=O)CCCC(=O)O,OC(=O)c1cccc(C(=O)O)c1,0.0,1.0,Dyn,10.0,495.8813559322034,0.999193783777505,0.0012022137335078965
R000X100Y,CC(C)(c1ccc(OCC2CO2)cc1)c1ccc(OCC2CO2)cc1,OC(=O)CCCC(=O)O,OC(=O)c1cccc(C(=O)O)c1,0.0,1.0,Dyn,10.0,499.271186440678,0.9995146424423966,0.0007297976966128418
R000X100Y,CC(C)(c1ccc(OCC2CO2)cc1)c1ccc(OCC2CO2)cc1,OC(=O)CCCC(=O)O,OC(=O)c1cccc(C(=O)O)c1,0.0,1.0,Dyn,10.0,502.66101694915255,0.9997096505488053,0.00044510291691109296
R000X100Y,CC(C)(c1ccc(OCC2CO2)cc1)c1ccc(OCC2CO2)cc1,OC(=O)CCCC(=O)O,OC(=O)c1cccc(C(=O)O)c1,0.0,1.0,Dyn,10.0,506.0508474576271,0.9998271786314729,0.0002711120618904984
R000X100Y,CC(C)(c1ccc(OCC2CO2)cc1)c1ccc(OCC2CO2)cc1,OC(=O)CCCC(=O)O,OC(=O)c1cccc(C(=O)O)c1,0.0,1.0,Dyn,10.0,509.4406779661017,0.9998975258464513,0.00015485653841879816
R000X100Y,CC(C)(c1ccc(OCC2CO2)cc1)c1ccc(OCC2CO2)cc1,OC(=O)CCCC(=O)O,OC(=O)c1cccc(C(=O)O)c1,0.0,1.0,Dyn,10.0,512.8305084745763,0.9999,0.00017896280574641727
R000X100Y,CC(C)(c1ccc(OCC2CO2)cc1)c1ccc(OCC2CO2)cc1,OC(=O)CCCC(=O)O,OC(=O)c1cccc(C(=O)O)c1,0.0,1.0,Dyn,10.0,516.2203389830509,0.9999,0.00019534956701158963
R000X100Y,CC(C)(c1ccc(OCC2CO2)cc1)c1ccc(OCC2CO2)cc1,OC(=O)CCCC(=O)O,OC(=O)c1cccc(C(=O)O)c1,0.0,1.0,Dyn,10.0,519.6101694915254,0.9999,0.00021803191064235323
R000X100Y,CC(C)(c1ccc(OCC2CO2)cc1)c1ccc(OCC2CO2)cc1,OC(=O)CCCC(=O)O,OC(=O)c1cccc(C(=O)O)c1,0.0,1.0,Dyn,10.0,523.0,0.9999,0.00024445157027306046
R000X100Y,CC(C)(c1ccc(OCC2CO2)cc1)c1ccc(OCC2CO2)cc1,OC(=O)CCCC(=O)O,OC(=O)c1cccc(C(=O)O)c1,0.0,1.0,Dyn,20.0,323.0,0.001,0.00017936935774261192
R000X100Y,CC(C)(c1ccc(OCC2CO2)cc1)c1ccc(OCC2CO2)cc1,OC(=O)CCCC(=O)O,OC(=O)c1cccc(C(=O)O)c1,0.0,1.0,Dyn,20.0,326.3898305084746,0.0010342398430535234,0.00023710843504793074
R000X100Y,CC(C)(c1ccc(OCC2CO2)cc1)c1ccc(OCC2CO2)cc1,OC(=O)CCCC(=O)O,OC(=O)c1cccc(C(=O)O)c1,0.0,1.0,Dyn,20.0,329.77966101694915,0.001079335636310841,0.00030472684101302453
R000X100Y,CC(C)(c1ccc(OCC2CO2)cc1)c1ccc(OCC2CO2)cc1,OC(=O)CCCC(=O)O,OC(=O)c1cccc(C(=O)O)c1,0.0,1.0,Dyn,20.0,333.1694915254237,0.0011385211503766998,0.00038137102504063003
R000X100Y,CC(C)(c1ccc(OCC2CO2)cc1)c1ccc(OCC2CO2)cc1,OC(=O)CCCC(=O)O,OC(=O)c1cccc(C(=O)O)c1,0.0,1.0,Dyn,20.0,336.5593220338983,0.0012159653536004235,0.0005185611675033058
R000X100Y,CC(C)(c1ccc(OCC2CO2)cc1)c1ccc(OCC2CO2)cc1,OC(=O)CCCC(=O)O,OC(=O)c1cccc(C(=O)O)c1,0.0,1.0,Dyn,20.0,339.9491525423729,0.0013170462138287257,0.0006631919905773651
R000X100Y,CC(C)(c1ccc(OCC2CO2)cc1)c1ccc(OCC2CO2)cc1,OC(=O)CCCC(=O)O,OC(=O)c1cccc(C(=O)O)c1,0.0,1.0,Dyn,20.0,343.33898305084745,0.0014487048271043508,0.0008457520334081105
R000X100Y,CC(C)(c1ccc(OCC2CO2)cc1)c1ccc(OCC2CO2)cc1,OC(=O)CCCC(=O)O,OC(=O)c1cccc(C(=O)O)c1,0.0,1.0,Dyn,20.0,346.728813559322,0.0016199005221488455,0.001156842683988269
R000X100Y,CC(C)(c1ccc(OCC2CO2)cc1)c1ccc(OCC2CO2)cc1,OC(=O)CCCC(=O)O,OC(=O)c1cccc(C(=O)O)c1,0.0,1.0,Dyn,20.0,350.1186440677966,0.0018421903806532809,0.0014642195362387124
R000X100Y,CC(C)(c1ccc(OCC2CO2)cc1)c1ccc(OCC2CO2)cc1,OC(=O)CCCC(=O)O,OC(=O)c1cccc(C(=O)O)c1,0.0,1.0,Dyn,20.0,353.50847457627117,0.0021304592400729124,0.001870993955831124
R000X100Y,CC(C)(c1ccc(OCC2CO2)cc1)c1ccc(OCC2CO2)cc1,OC(=O)CCCC(=O)O,OC(=O)c1cccc(C(=O)O)c1,0.0,1.0,Dyn,20.0,356.89830508474574,0.0025038285744036688,0.0024208623654511834
R000X100Y,CC(C)(c1ccc(OCC2CO2)cc1)c1ccc(OCC2CO2)cc1,OC(=O)CCCC(=O)O,OC(=O)c1cccc(C(=O)O)c1,0.0,1.0,Dyn,20.0,360.2881355932203,0.002986778204998532,0.003256282128004148
R000X100Y,CC(C)(c1ccc(OCC2CO2)cc1)c1ccc(OCC2CO2)cc1,OC(=O)CCCC(=O)O,OC(=O)c1cccc(C(=O)O)c1,0.0,1.0,Dyn,20.0,363.6779661016949,0.0036105141075448706,0.004213396378609995
R000X100Y,CC(C)(c1ccc(OCC2CO2)cc1)c1ccc(OCC2CO2)cc1,OC(=O)CCCC(=O)O,OC(=O)c1cccc(C(=O)O)c1,0.0,1.0,Dyn,20.0,367.06779661016947,0.004414623024773349,0.005581828484504476
R000X100Y,CC(C)(c1ccc(OCC2CO2)cc1)c1ccc(OCC2CO2)cc1,OC(=O)CCCC(=O)O,OC(=O)c1cccc(C(=O)O)c1,0.0,1.0,Dyn,20.0,370.45762711864404,0.005449055024427975,0.006895942745230062
R000X100Y,CC(C)(c1ccc(OCC2CO2)cc1)c1ccc(OCC2CO2)cc1,OC(=O)CCCC(=O)O,OC(=O)c1cccc(C(=O)O)c1,0.0,1.0,Dyn,20.0,373.8474576271186,0.006776475395552047,0.009117597389269818
R000X100Y,CC(C)(c1ccc(OCC2CO2)cc1)c1ccc(OCC2CO2)cc1,OC(=O)CCCC(=O)O,OC(=O)c1cccc(C(=O)O)c1,0.0,1.0,Dyn,20.0,377.2372881355932,0.008475020299418792,0.011771613930073643
R000X100Y,CC(C)(c1ccc(OCC2CO2)cc1)c1ccc(OCC2CO2)cc1,OC(=O)CCCC(=O)O,OC(=O)c1cccc(C(=O)O)c1,0.0,1.0,Dyn,20.0,380.62711864406776,0.010641484883688834,0.014880918978929273
R000X100Y,CC(C)(c1ccc(OCC2CO2)cc1)c1ccc(OCC2CO2)cc1,OC(=O)CCCC(=O)O,OC(=O)c1cccc(C(=O)O)c1,0.0,1.0,Dyn,20.0,384.01694915254234,0.013394944221702308,0.0169538420261848
R000X100Y,CC(C)(c1ccc(OCC2CO2)cc1)c1ccc(OCC2CO2)cc1,OC(=O)CCCC(=O)O,OC(=O)c1cccc(C(=O)O)c1,0.0,1.0,Dyn,20.0,387.4067796610169,0.016880772284315913,0.02390650868433986
R000X100Y,CC(C)(c1ccc(OCC2CO2)cc1)c1ccc(OCC2CO2)cc1,OC(=O)CCCC(=O)O,OC(=O)c1cccc(C(=O)O)c1,0.0,1.0,Dyn,20.0,390.7966101694915,0.021274967434930476,0.02929749020198197
R000X100Y,CC(C)(c1ccc(OCC2CO2)cc1)c1ccc(OCC2CO2)cc1,OC(=O)CCCC(=O)O,OC(=O)c1cccc(C(=O)O)c1,0.0,1.0,Dyn,20.0,394.1864406779661,0.026788600069394073,0.03676628122276094
R000X100Y,CC(C)(c1ccc(OCC2CO2)cc1)c1ccc(OCC2CO2)cc1,OC(=O)CCCC(=O)O,OC(=O)c1cccc(C(=O)O)c1,0.0,1.0,Dyn,20.0,397.5762711864407,0.033672070151262605,0.04571188758348066
R000X100Y,CC(C)(c1ccc(OCC2CO2)cc1)c1ccc(OCC2CO2)cc1,OC(=O)CCCC(=O)O,OC(=O)c1cccc(C(=O)O)c1,0.0,1.0,Dyn,20.0,400.96610169491527,0.042218691531837,0.05661725024266041
R000X100Y,CC(C)(c1ccc(OCC2CO2)cc1)c1ccc(OCC2CO2)cc1,OC(=O)CCCC(=O)O,OC(=O)c1cccc(C(=O)O)c1,0.0,1.0,Dyn,20.0,404.35593220338984,0.05276689650917873,0.06953161093735924
R000X100Y,CC(C)(c1ccc(OCC2CO2)cc1)c1ccc(OCC2CO2)cc1,OC(=O)CCCC(=O)O,OC(=O)c1cccc(C(=O)O)c1,0.0,1.0,Dyn,20.0,407.74576271186436,0.06570006741655302,0.08325190979759041
R000X100Y,CC(C)(c1ccc(OCC2CO2)cc1)c1ccc(OCC2CO2)cc1,OC(=O)CCCC(=O)O,OC(=O)c1cccc(C(=O)O)c1,0.0,1.0,Dyn,20.0,411.135593220339,0.08144270103762166,0.09623331562455714
R000X100Y,CC(C)(c1ccc(OCC2CO2)cc1)c1ccc(OCC2CO2)cc1,OC(=O)CCCC(=O)O,OC(=O)c1cccc(C(=O)O)c1,0.0,1.0,Dyn,20.0,414.52542372881356,0.10045128565661156,0.1223116604073259
R000X100Y,CC(C)(c1ccc(OCC2CO2)cc1)c1ccc(OCC2CO2)cc1,OC(=O)CCCC(=O)O,OC(=O)c1cccc(C(=O)O)c1,0.0,1.0,Dyn,20.0,417.91525423728814,0.12319804082880324,0.14263341290697035
R000X100Y,CC(C)(c1ccc(OCC2CO2)cc1)c1ccc(OCC2CO2)cc1,OC(=O)CCCC(=O)O,OC(=O)c1cccc(C(=O)O)c1,0.0,1.0,Dyn,20.0,421.3050847457627,0.15014568667208583,0.1778211984304711
R000X100Y,CC(C)(c1ccc(OCC2CO2)cc1)c1ccc(OCC2CO2)cc1,OC(=O)CCCC(=O)O,OC(=O)c1cccc(C(=O)O)c1,0.0,1.0,Dyn,20.0,424.6949152542373,0.18171175947100118,0.19882821883669216
R000X100Y,CC(C)(c1ccc(OCC2CO2)cc1)c1ccc(OCC2CO2)cc1,OC(=O)CCCC(=O)O,OC(=O)c1cccc(C(=O)O)c1,0.0,1.0,Dyn,20.0,428.08474576271186,0.21822198414872343,0.2310130306134755
R000X100Y,CC(C)(c1ccc(OCC2CO2)cc1)c1ccc(OCC2CO2)cc1,OC(=O)CCCC(=O)O,OC(=O)c1cccc(C(=O)O)c1,0.0,1.0,Dyn,20.0,431.47457627118644,0.2598540987374528,0.2541504341819788
R000X100Y,CC(C)(c1ccc(OCC2CO2)cc1)c1ccc(OCC2CO2)cc1,OC(=O)CCCC(=O)O,OC(=O)c1cccc(C(=O)O)c1,0.0,1.0,Dyn,20.0,434.864406779661,0.3065761450622144,0.28578493898652885
R000X100Y,CC(C)(c1ccc(OCC2CO2)cc1)c1ccc(OCC2CO2)cc1,OC(=O)CCCC(=O)O,OC(=O)c1cccc(C(=O)O)c1,0.0,1.0,Dyn,20.0,438.2542372881356,0.358086780628937,0.31688001878965993
R000X100Y,CC(C)(c1ccc(OCC2CO2)cc1)c1ccc(OCC2CO2)cc1,OC(=O)CCCC(=O)O,OC(=O)c1cccc(C(=O)O)c1,0.0,1.0,Dyn,20.0,441.64406779661016,0.41376869449154924,0.32400607562677997
R000X100Y,CC(C)(c1ccc(OCC2CO2)cc1)c1ccc(OCC2CO2)cc1,OC(=O)CCCC(=O)O,OC(=O)c1cccc(C(=O)O)c1,0.0,1.0,Dyn,20.0,445.03389830508473,0.472668436978096,0.3578428184477554
R000X100Y,CC(C)(c1ccc(OCC2CO2)cc1)c1ccc(OCC2CO2)cc1,OC(=O)CCCC(=O)O,OC(=O)c1cccc(C(=O)O)c1,0.0,1.0,Dyn,20.0,448.4237288135593,0.5335156618747011,0.360695882071104
R000X100Y,CC(C)(c1ccc(OCC2CO2)cc1)c1ccc(OCC2CO2)cc1,OC(=O)CCCC(=O)O,OC(=O)c1cccc(C(=O)O)c1,0.0,1.0,Dyn,20.0,451.8135593220339,0.5947902605520777,0.34676008339921055
R000X100Y,CC(C)(c1ccc(OCC2CO2)cc1)c1ccc(OCC2CO2)cc1,OC(=O)CCCC(=O)O,OC(=O)c1cccc(C(=O)O)c1,0.0,1.0,Dyn,20.0,455.2033898305085,0.654836965248531,0.3223790985476076
R000X100Y,CC(C)(c1ccc(OCC2CO2)cc1)c1ccc(OCC2CO2)cc1,OC(=O)CCCC(=O)O,OC(=O)c1cccc(C(=O)O)c1,0.0,1.0,Dyn,20.0,458.59322033898303,0.7120153043407235,0.3308947563675617
R000X100Y,CC(C)(c1ccc(OCC2CO2)cc1)c1ccc(OCC2CO2)cc1,OC(=O)CCCC(=O)O,OC(=O)c1cccc(C(=O)O)c1,0.0,1.0,Dyn,20.0,461.9830508474576,0.7648612884225104,0.2939216576875211
R000X100Y,CC(C)(c1ccc(OCC2CO2)cc1)c1ccc(OCC2CO2)cc1,OC(=O)CCCC(=O)O,OC(=O)c1cccc(C(=O)O)c1,0.0,1.0,Dyn,20.0,465.37288135593224,0.8122308110279545,0.25751234901147124
R000X100Y,CC(C)(c1ccc(OCC2CO2)cc1)c1ccc(OCC2CO2)cc1,OC(=O)CCCC(=O)O,OC(=O)c1cccc(C(=O)O)c1,0.0,1.0,Dyn,20.0,468.7627118644068,0.8533969185424678,0.22223239241037618
R000X100Y,CC(C)(c1ccc(OCC2CO2)cc1)c1ccc(OCC2CO2)cc1,OC(=O)CCCC(=O)O,OC(=O)c1cccc(C(=O)O)c1,0.0,1.0,Dyn,20.0,472.1525423728814,0.8880837122316829,0.19575084381928973
R000X100Y,CC(C)(c1ccc(OCC2CO2)cc1)c1ccc(OCC2CO2)cc1,OC(=O)CCCC(=O)O,OC(=O)c1cccc(C(=O)O)c1,0.0,1.0,Dyn,20.0,475.5423728813559,0.9164353754333656,0.14917626646815862
R000X100Y,CC(C)(c1ccc(OCC2CO2)cc1)c1ccc(OCC2CO2)cc1,OC(=O)CCCC(=O)O,OC(=O)c1cccc(C(=O)O)c1,0.0,1.0,Dyn,20.0,478.93220338983053,0.938933777870776,0.11709562683339958
R000X100Y,CC(C)(c1ccc(OCC2CO2)cc1)c1ccc(OCC2CO2)cc1,OC(=O)CCCC(=O)O,OC(=O)c1cccc(C(=O)O)c1,0.0,1.0,Dyn,20.0,482.3220338983051,0.9562875149375044,0.08484142213636856
R000X100Y,CC(C)(c1ccc(OCC2CO2)cc1)c1ccc(OCC2CO2)cc1,OC(=O)CCCC(=O)O,OC(=O)c1cccc(C(=O)O)c1,0.0,1.0,Dyn,20.0,485.7118644067797,0.9693170267288717,0.06902606378889077
R000X100Y,CC(C)(c1ccc(OCC2CO2)cc1)c1ccc(OCC2CO2)cc1,OC(=O)CCCC(=O)O,OC(=O)c1cccc(C(=O)O)c1,0.0,1.0,Dyn,20.0,489.10169491525426,0.9788551850058933,0.04884841526408011
R000X100Y,CC(C)(c1ccc(OCC2CO2)cc1)c1ccc(OCC2CO2)cc1,OC(=O)CCCC(=O)O,OC(=O)c1cccc(C(=O)O)c1,0.0,1.0,Dyn,20.0,492.4915254237288,0.9856746025786883,0.03466456423098029
R000X100Y,CC(C)(c1ccc(OCC2CO2)cc1)c1ccc(OCC2CO2)cc1,OC(=O)CCCC(=O)O,OC(=O)c1cccc(C(=O)O)c1,0.0,1.0,Dyn,20.0,495.8813559322034,0.990445157079894,0.023277565046774935
R000X100Y,CC(C)(c1ccc(OCC2CO2)cc1)c1ccc(OCC2CO2)cc1,OC(=O)CCCC(=O)O,OC(=O)c1cccc(C(=O)O)c1,0.0,1.0,Dyn,20.0,499.271186440678,0.9937166660703216,0.016218488627402876
R000X100Y,CC(C)(c1ccc(OCC2CO2)cc1)c1ccc(OCC2CO2)cc1,OC(=O)CCCC(=O)O,OC(=O)c1cccc(C(=O)O)c1,0.0,1.0,Dyn,20.0,502.66101694915255,0.9959201638326267,0.010655182713068298
R000X100Y,CC(C)(c1ccc(OCC2CO2)cc1)c1ccc(OCC2CO2)cc1,OC(=O)CCCC(=O)O,OC(=O)c1cccc(C(=O)O)c1,0.0,1.0,Dyn,20.0,506.0508474576271,0.9973805970037936,0.0070566553492625505
R000X100Y,CC(C)(c1ccc(OCC2CO2)cc1)c1ccc(OCC2CO2)cc1,OC(=O)CCCC(=O)O,OC(=O)c1cccc(C(=O)O)c1,0.0,1.0,Dyn,20.0,509.4406779661017,0.9983348212397445,0.004474753989745036
R000X100Y,CC(C)(c1ccc(OCC2CO2)cc1)c1ccc(OCC2CO2)cc1,OC(=O)CCCC(=O)O,OC(=O)c1cccc(C(=O)O)c1,0.0,1.0,Dyn,20.0,512.8305084745763,0.9989504548012458,0.002754634345247899
R000X100Y,CC(C)(c1ccc(OCC2CO2)cc1)c1ccc(OCC2CO2)cc1,OC(=O)CCCC(=O)O,OC(=O)c1cccc(C(=O)O)c1,0.0,1.0,Dyn,20.0,516.2203389830509,0.9993432501846309,0.0018855728508777145
R000X100Y,CC(C)(c1ccc(OCC2CO2)cc1)c1ccc(OCC2CO2)cc1,OC(=O)CCCC(=O)O,OC(=O)c1cccc(C(=O)O)c1,0.0,1.0,Dyn,20.0,519.6101694915254,0.9995914958771435,0.0010840816967382432
R000X100Y,CC(C)(c1ccc(OCC2CO2)cc1)c1ccc(OCC2CO2)cc1,OC(=O)CCCC(=O)O,OC(=O)c1cccc(C(=O)O)c1,0.0,1.0,Dyn,20.0,523.0,0.9997471235776538,0.0007138106042975614
R000X100Y,CC(C)(c1ccc(OCC2CO2)cc1)c1ccc(OCC2CO2)cc1,OC(=O)CCCC(=O)O,OC(=O)c1cccc(C(=O)O)c1,0.0,1.0,Iso,119.85000000000002,393.0,0.001,0.01808534895625723
R000X100Y,CC(C)(c1ccc(OCC2CO2)cc1)c1ccc(OCC2CO2)cc1,OC(=O)CCCC(=O)O,OC(=O)c1cccc(C(=O)O)c1,0.0,1.0,Iso,119.85000000000002,393.0,0.06877016307238491,0.03776280824952734
R000X100Y,CC(C)(c1ccc(OCC2CO2)cc1)c1ccc(OCC2CO2)cc1,OC(=O)CCCC(=O)O,OC(=O)c1cccc(C(=O)O)c1,0.0,1.0,Iso,119.85000000000002,393.0,0.15080867514398225,0.04158416335912836
R000X100Y,CC(C)(c1ccc(OCC2CO2)cc1)c1ccc(OCC2CO2)cc1,OC(=O)CCCC(=O)O,OC(=O)c1cccc(C(=O)O)c1,0.0,1.0,Iso,119.85000000000002,393.0,0.23275480398914764,0.03919251639834868
R000X100Y,CC(C)(c1ccc(OCC2CO2)cc1)c1ccc(OCC2CO2)cc1,OC(=O)CCCC(=O)O,OC(=O)c1cccc(C(=O)O)c1,0.0,1.0,Iso,119.85000000000002,393.0,0.3103550218675279,0.036267137386254575
R000X100Y,CC(C)(c1ccc(OCC2CO2)cc1)c1ccc(OCC2CO2)cc1,OC(=O)CCCC(=O)O,OC(=O)c1cccc(C(=O)O)c1,0.0,1.0,Iso,119.85000000000002,393.0,0.38192316837553497,0.0341104274809859
R000X100Y,CC(C)(c1ccc(OCC2CO2)cc1)c1ccc(OCC2CO2)cc1,OC(=O)CCCC(=O)O,OC(=O)c1cccc(C(=O)O)c1,0.0,1.0,Iso,119.85000000000002,393.0,0.446920420011881,0.02989905391461739
R000X100Y,CC(C)(c1ccc(OCC2CO2)cc1)c1ccc(OCC2CO2)cc1,OC(=O)CCCC(=O)O,OC(=O)c1cccc(C(=O)O)c1,0.0,1.0,Iso,119.85000000000002,393.0,0.5053861920133831,0.028320075557024323
R000X100Y,CC(C)(c1ccc(OCC2CO2)cc1)c1ccc(OCC2CO2)cc1,OC(=O)CCCC(=O)O,OC(=O)c1cccc(C(=O)O)c1,0.0,1.0,Iso,119.85000000000002,393.0,0.5576547105981763,0.024505422022731836
R000X100Y,CC(C)(c1ccc(OCC2CO2)cc1)c1ccc(OCC2CO2)cc1,OC(=O)CCCC(=O)O,OC(=O)c1cccc(C(=O)O)c1,0.0,1.0,Iso,119.85000000000002,393.0,0.6042004759081075,0.021257024905941512
R000X100Y,CC(C)(c1ccc(OCC2CO2)cc1)c1ccc(OCC2CO2)cc1,OC(=O)CCCC(=O)O,OC(=O)c1cccc(C(=O)O)c1,0.0,1.0,Iso,119.85000000000002,393.0,0.6455510523964823,0.01802480504121566
R000X100Y,CC(C)(c1ccc(OCC2CO2)cc1)c1ccc(OCC2CO2)cc1,OC(=O)CCCC(=O)O,OC(=O)c1cccc(C(=O)O)c1,0.0,1.0,Iso,119.85000000000002,393.0,0.6822378204950112,0.016309791692596335
R000X100Y,CC(C)(c1ccc(OCC2CO2)cc1)c1ccc(OCC2CO2)cc1,OC(=O)CCCC(=O)O,OC(=O)c1cccc(C(=O)O)c1,0.0,1.0,Iso,119.85000000000002,393.0,0.7147689798779946,0.01554260420316672
R000X100Y,CC(C)(c1ccc(OCC2CO2)cc1)c1ccc(OCC2CO2)cc1,OC(=O)CCCC(=O)O,OC(=O)c1cccc(C(=O)O)c1,0.0,1.0,Iso,119.85000000000002,393.0,0.7436158107285402,0.013329066979865075
R000X100Y,CC(C)(c1ccc(OCC2CO2)cc1)c1ccc(OCC2CO2)cc1,OC(=O)CCCC(=O)O,OC(=O)c1cccc(C(=O)O)c1,0.0,1.0,Iso,119.85000000000002,393.0,0.7692068365044566,0.011746053253288941
R000X100Y,CC(C)(c1ccc(OCC2CO2)cc1)c1ccc(OCC2CO2)cc1,OC(=O)CCCC(=O)O,OC(=O)c1cccc(C(=O)O)c1,0.0,1.0,Iso,119.85000000000002,393.0,0.7919266271734172,0.011041188214717704
R000X100Y,CC(C)(c1ccc(OCC2CO2)cc1)c1ccc(OCC2CO2)cc1,OC(=O)CCCC(=O)O,OC(=O)c1cccc(C(=O)O)c1,0.0,1.0,Iso,119.85000000000002,393.0,0.8121172375191733,0.008996363369193412
R000X100Y,CC(C)(c1ccc(OCC2CO2)cc1)c1ccc(OCC2CO2)cc1,OC(=O)CCCC(=O)O,OC(=O)c1cccc(C(=O)O)c1,0.0,1.0,Iso,119.85000000000002,393.0,0.8300810461278796,0.00818344912164503
R000X100Y,CC(C)(c1ccc(OCC2CO2)cc1)c1ccc(OCC2CO2)cc1,OC(=O)CCCC(=O)O,OC(=O)c1cccc(C(=O)O)c1,0.0,1.0,Iso,119.85000000000002,393.0,0.8460842409967342,0.007320512086643979
R000X100Y,CC(C)(c1ccc(OCC2CO2)cc1)c1ccc(OCC2CO2)cc1,OC(=O)CCCC(=O)O,OC(=O)c1cccc(C(=O)O)c1,0.0,1.0,Iso,119.85000000000002,393.0,0.8603604991524223,0.006745890516394932
R000X100Y,CC(C)(c1ccc(OCC2CO2)cc1)c1ccc(OCC2CO2)cc1,OC(=O)CCCC(=O)O,OC(=O)c1cccc(C(=O)O)c1,0.0,1.0,Iso,119.85000000000002,393.0,0.8731145971473467,0.005808932424148369
R000X100Y,CC(C)(c1ccc(OCC2CO2)cc1)c1ccc(OCC2CO2)cc1,OC(=O)CCCC(=O)O,OC(=O)c1cccc(C(=O)O)c1,0.0,1.0,Iso,119.85000000000002,393.0,0.8845258079554492,0.005209281491063626
R000X100Y,CC(C)(c1ccc(OCC2CO2)cc1)c1ccc(OCC2CO2)cc1,OC(=O)CCCC(=O)O,OC(=O)c1cccc(C(=O)O)c1,0.0,1.0,Iso,119.85000000000002,393.0,0.894751013372419,0.00452990191521863
R000X100Y,CC(C)(c1ccc(OCC2CO2)cc1)c1ccc(OCC2CO2)cc1,OC(=O)CCCC(=O)O,OC(=O)c1cccc(C(=O)O)c1,0.0,1.0,Iso,119.85000000000002,393.0,0.9039275058665399,0.004367833649326679
R000X100Y,CC(C)(c1ccc(OCC2CO2)cc1)c1ccc(OCC2CO2)cc1,OC(=O)CCCC(=O)O,OC(=O)c1cccc(C(=O)O)c1,0.0,1.0,Iso,119.85000000000002,393.0,0.9121754803690963,0.003937794731522043
R000X100Y,CC(C)(c1ccc(OCC2CO2)cc1)c1ccc(OCC2CO2)cc1,OC(=O)CCCC(=O)O,OC(=O)c1cccc(C(=O)O)c1,0.0,1.0,Iso,119.85000000000002,393.0,0.9196002314442853,0.0034142440272314236
R000X100Y,CC(C)(c1ccc(OCC2CO2)cc1)c1ccc(OCC2CO2)cc1,OC(=O)CCCC(=O)O,OC(=O)c1cccc(C(=O)O)c1,0.0,1.0,Iso,119.85000000000002,393.0,0.9262940789649546,0.0031404795195205944
R000X100Y,CC(C)(c1ccc(OCC2CO2)cc1)c1ccc(OCC2CO2)cc1,OC(=O)CCCC(=O)O,OC(=O)c1cccc(C(=O)O)c1,0.0,1.0,Iso,119.85000000000002,393.0,0.9323380486255002,0.0027143858976751874
R000X100Y,CC(C)(c1ccc(OCC2CO2)cc1)c1ccc(OCC2CO2)cc1,OC(=O)CCCC(=O)O,OC(=O)c1cccc(C(=O)O)c1,0.0,1.0,Iso,119.85000000000002,393.0,0.9378033341368656,0.002519255413868347
R000X100Y,CC(C)(c1ccc(OCC2CO2)cc1)c1ccc(OCC2CO2)cc1,OC(=O)CCCC(=O)O,OC(=O)c1cccc(C(=O)O)c1,0.0,1.0,Iso,119.85000000000002,393.0,0.9427525669138425,0.0024115658593756844
R000X100Y,CC(C)(c1ccc(OCC2CO2)cc1)c1ccc(OCC2CO2)cc1,OC(=O)CCCC(=O)O,OC(=O)c1cccc(C(=O)O)c1,0.0,1.0,Iso,119.85000000000002,393.0,0.9472409172045408,0.0021102505769951844
R000X100Y,CC(C)(c1ccc(OCC2CO2)cc1)c1ccc(OCC2CO2)cc1,OC(=O)CCCC(=O)O,OC(=O)c1cccc(C(=O)O)c1,0.0,1.0,Iso,119.85000000000002,393.0,0.9513170483762223,0.002042404565399242
R000X100Y,CC(C)(c1ccc(OCC2CO2)cc1)c1ccc(OCC2CO2)cc1,OC(=O)CCCC(=O)O,OC(=O)c1cccc(C(=O)O)c1,0.0,1.0,Iso,119.85000000000002,393.0,0.9550239437344354,0.0016971557381249228
R000X100Y,CC(C)(c1ccc(OCC2CO2)cc1)c1ccc(OCC2CO2)cc1,OC(=O)CCCC(=O)O,OC(=O)c1cccc(C(=O)O)c1,0.0,1.0,Iso,119.85000000000002,393.0,0.9583996229738978,0.0016115429323373422
R000X100Y,CC(C)(c1ccc(OCC2CO2)cc1)c1ccc(OCC2CO2)cc1,OC(=O)CCCC(=O)O,OC(=O)c1cccc(C(=O)O)c1,0.0,1.0,Iso,119.85000000000002,393.0,0.9614777632278919,0.0014368366577161545
R000X100Y,CC(C)(c1ccc(OCC2CO2)cc1)c1ccc(OCC2CO2)cc1,OC(=O)CCCC(=O)O,OC(=O)c1cccc(C(=O)O)c1,0.0,1.0,Iso,119.85000000000002,393.0,0.9642882377407066,0.0013429055496492176
R000X100Y,CC(C)(c1ccc(OCC2CO2)cc1)c1ccc(OCC2CO2)cc1,OC(=O)CCCC(=O)O,OC(=O)c1cccc(C(=O)O)c1,0.0,1.0,Iso,119.85000000000002,393.0,0.966857583449599,0.0012077026825582976
R000X100Y,CC(C)(c1ccc(OCC2CO2)cc1)c1ccc(OCC2CO2)cc1,OC(=O)CCCC(=O)O,OC(=O)c1cccc(C(=O)O)c1,0.0,1.0,Iso,119.85000000000002,393.0,0.9692094072269745,0.001087756478008011
R000X100Y,CC(C)(c1ccc(OCC2CO2)cc1)c1ccc(OCC2CO2)cc1,OC(=O)CCCC(=O)O,OC(=O)c1cccc(C(=O)O)c1,0.0,1.0,Iso,119.85000000000002,393.0,0.9713647391887706,0.0009881539256052273
R000X100Y,CC(C)(c1ccc(OCC2CO2)cc1)c1ccc(OCC2CO2)cc1,OC(=O)CCCC(=O)O,OC(=O)c1cccc(C(=O)O)c1,0.0,1.0,Iso,119.85000000000002,393.0,0.9733423403055589,0.0010171270323456544
R000X100Y,CC(C)(c1ccc(OCC2CO2)cc1)c1ccc(OCC2CO2)cc1,OC(=O)CCCC(=O)O,OC(=O)c1cccc(C(=O)O)c1,0.0,1.0,Iso,119.85000000000002,393.0,0.9751589705404264,0.0008541423330511374
R000X100Y,CC(C)(c1ccc(OCC2CO2)cc1)c1ccc(OCC2CO2)cc1,OC(=O)CCCC(=O)O,OC(=O)c1cccc(C(=O)O)c1,0.0,1.0,Iso,119.85000000000002,393.0,0.9768296228647084,0.000740117906830901
R000X100Y,CC(C)(c1ccc(OCC2CO2)cc1)c1ccc(OCC2CO2)cc1,OC(=O)CCCC(=O)O,OC(=O)c1cccc(C(=O)O)c1,0.0,1.0,Iso,119.85000000000002,393.0,0.9783677277515348,0.0007115571017202975
R000X100Y,CC(C)(c1ccc(OCC2CO2)cc1)c1ccc(OCC2CO2)cc1,OC(=O)CCCC(=O)O,OC(=O)c1cccc(C(=O)O)c1,0.0,1.0,Iso,119.85000000000002,393.0,0.9797853321021937,0.0006827978255664726
R000X100Y,CC(C)(c1ccc(OCC2CO2)cc1)c1ccc(OCC2CO2)cc1,OC(=O)CCCC(=O)O,OC(=O)c1cccc(C(=O)O)c1,0.0,1.0,Iso,119.85000000000002,393.0,0.981093256007123,0.0006084695889261319
R000X100Y,CC(C)(c1ccc(OCC2CO2)cc1)c1ccc(OCC2CO2)cc1,OC(=O)CCCC(=O)O,OC(=O)c1cccc(C(=O)O)c1,0.0,1.0,Iso,119.85000000000002,393.0,0.9823012302692214,0.00059411993934505
R000X100Y,CC(C)(c1ccc(OCC2CO2)cc1)c1ccc(OCC2CO2)cc1,OC(=O)CCCC(=O)O,OC(=O)c1cccc(C(=O)O)c1,0.0,1.0,Iso,119.85000000000002,393.0,0.9834180172109406,0.0005438756193891387
R000X100Y,CC(C)(c1ccc(OCC2CO2)cc1)c1ccc(OCC2CO2)cc1,OC(=O)CCCC(=O)O,OC(=O)c1cccc(C(=O)O)c1,0.0,1.0,Iso,119.85000000000002,393.0,0.9844515169385897,0.0004866265718354582
R000X100Y,CC(C)(c1ccc(OCC2CO2)cc1)c1ccc(OCC2CO2)cc1,OC(=O)CCCC(=O)O,OC(=O)c1cccc(C(=O)O)c1,0.0,1.0,Iso,119.85000000000002,393.0,0.985408860939028,0.0004466368988175642
R000X100Y,CC(C)(c1ccc(OCC2CO2)cc1)c1ccc(OCC2CO2)cc1,OC(=O)CCCC(=O)O,OC(=O)c1cccc(C(=O)O)c1,0.0,1.0,Iso,119.85000000000002,393.0,0.9862964946282473,0.00040759370030042105
R000X100Y,CC(C)(c1ccc(OCC2CO2)cc1)c1ccc(OCC2CO2)cc1,OC(=O)CCCC(=O)O,OC(=O)c1cccc(C(=O)O)c1,0.0,1.0,Iso,119.85000000000002,393.0,0.9871202502520188,0.0003820030196230501
R000X100Y,CC(C)(c1ccc(OCC2CO2)cc1)c1ccc(OCC2CO2)cc1,OC(=O)CCCC(=O)O,OC(=O)c1cccc(C(=O)O)c1,0.0,1.0,Iso,119.85000000000002,393.0,0.987885411350521,0.0003465788873387999
R000X100Y,CC(C)(c1ccc(OCC2CO2)cc1)c1ccc(OCC2CO2)cc1,OC(=O)CCCC(=O)O,OC(=O)c1cccc(C(=O)O)c1,0.0,1.0,Iso,119.85000000000002,393.0,0.9885967698371302,0.00034944041698140575
R000X100Y,CC(C)(c1ccc(OCC2CO2)cc1)c1ccc(OCC2CO2)cc1,OC(=O)CCCC(=O)O,OC(=O)c1cccc(C(=O)O)c1,0.0,1.0,Iso,119.85000000000002,393.0,0.9892586766024892,0.0003289256945723642
R000X100Y,CC(C)(c1ccc(OCC2CO2)cc1)c1ccc(OCC2CO2)cc1,OC(=O)CCCC(=O)O,OC(=O)c1cccc(C(=O)O)c1,0.0,1.0,Iso,119.85000000000002,393.0,0.989875086435283,0.0002814648439167266
R000X100Y,CC(C)(c1ccc(OCC2CO2)cc1)c1ccc(OCC2CO2)cc1,OC(=O)CCCC(=O)O,OC(=O)c1cccc(C(=O)O)c1,0.0,1.0,Iso,119.85000000000002,393.0,0.9904495979480087,0.00026304973265584616
R000X100Y,CC(C)(c1ccc(OCC2CO2)cc1)c1ccc(OCC2CO2)cc1,OC(=O)CCCC(=O)O,OC(=O)c1cccc(C(=O)O)c1,0.0,1.0,Iso,119.85000000000002,393.0,0.9909854891070905,0.00024098475135790975
R000X100Y,CC(C)(c1ccc(OCC2CO2)cc1)c1ccc(OCC2CO2)cc1,OC(=O)CCCC(=O)O,OC(=O)c1cccc(C(=O)O)c1,0.0,1.0,Iso,119.85000000000002,393.0,0.991485748889883,0.00023078679204843427
R000X100Y,CC(C)(c1ccc(OCC2CO2)cc1)c1ccc(OCC2CO2)cc1,OC(=O)CCCC(=O)O,OC(=O)c1cccc(C(=O)O)c1,0.0,1.0,Iso,119.85000000000002,393.0,0.9919531055247112,0.00020141389421859986
R000X100Y,CC(C)(c1ccc(OCC2CO2)cc1)c1ccc(OCC2CO2)cc1,OC(=O)CCCC(=O)O,OC(=O)c1cccc(C(=O)O)c1,0.0,1.0,Iso,119.85000000000002,393.0,0.9923900517126323,0.00020061897189741255
R000X100Y,CC(C)(c1ccc(OCC2CO2)cc1)c1ccc(OCC2CO2)cc1,OC(=O)CCCC(=O)O,OC(=O)c1cccc(C(=O)O)c1,0.0,1.0,Iso,139.85000000000002,413.0,0.001,0.05335117809116138
R000X100Y,CC(C)(c1ccc(OCC2CO2)cc1)c1ccc(OCC2CO2)cc1,OC(=O)CCCC(=O)O,OC(=O)c1cccc(C(=O)O)c1,0.0,1.0,Iso,139.85000000000002,413.0,0.21841518332702228,0.11117019723390097
R000X100Y,CC(C)(c1ccc(OCC2CO2)cc1)c1ccc(OCC2CO2)cc1,OC(=O)CCCC(=O)O,OC(=O)c1cccc(C(=O)O)c1,0.0,1.0,Iso,139.85000000000002,413.0,0.42454844955899407,0.09113339970790772
R000X100Y,CC(C)(c1ccc(OCC2CO2)cc1)c1ccc(OCC2CO2)cc1,OC(=O)CCCC(=O)O,OC(=O)c1cccc(C(=O)O)c1,0.0,1.0,Iso,139.85000000000002,413.0,0.5800344544589339,0.06385824369908827
R000X100Y,CC(C)(c1ccc(OCC2CO2)cc1)c1ccc(OCC2CO2)cc1,OC(=O)CCCC(=O)O,OC(=O)c1cccc(C(=O)O)c1,0.0,1.0,Iso,139.85000000000002,413.0,0.6920199596876212,0.048718358958867176
R000X100Y,CC(C)(c1ccc(OCC2CO2)cc1)c1ccc(OCC2CO2)cc1,OC(=O)CCCC(=O)O,OC(=O)c1cccc(C(=O)O)c1,0.0,1.0,Iso,139.85000000000002,413.0,0.7718477509441851,0.03319338925523308
R000X100Y,CC(C)(c1ccc(OCC2CO2)cc1)c1ccc(OCC2CO2)cc1,OC(=O)CCCC(=O)O,OC(=O)c1cccc(C(=O)O)c1,0.0,1.0,Iso,139.85000000000002,413.0,0.8289311586890322,0.023420206854036986
R000X100Y,CC(C)(c1ccc(OCC2CO2)cc1)c1ccc(OCC2CO2)cc1,OC(=O)CCCC(=O)O,OC(=O)c1cccc(C(=O)O)c1,0.0,1.0,Iso,139.85000000000002,413.0,0.8701138346656012,0.01850639339232805
R000X100Y,CC(C)(c1ccc(OCC2CO2)cc1)c1ccc(OCC2CO2)cc1,OC(=O)CCCC(=O)O,OC(=O)c1cccc(C(=O)O)c1,0.0,1.0,Iso,139.85000000000002,413.0,0.9001614557767725,0.01249860410539356
R000X100Y,CC(C)(c1ccc(OCC2CO2)cc1)c1ccc(OCC2CO2)cc1,OC(=O)CCCC(=O)O,OC(=O)c1cccc(C(=O)O)c1,0.0,1.0,Iso,139.85000000000002,413.0,0.9223512034312705,0.00903688577344271
R000X100Y,CC(C)(c1ccc(OCC2CO2)cc1)c1ccc(OCC2CO2)cc1,OC(=O)CCCC(=O)O,OC(=O)c1cccc(C(=O)O)c1,0.0,1.0,Iso,139.85000000000002,413.0,0.9389377738098011,0.007098474297773504
R000X100Y,CC(C)(c1ccc(OCC2CO2)cc1)c1ccc(OCC2CO2)cc1,OC(=O)CCCC(=O)O,OC(=O)c1cccc(C(=O)O)c1,0.0,1.0,Iso,139.85000000000002,413.0,0.9514827049647283,0.005362133251023258
R000X100Y,CC(C)(c1ccc(OCC2CO2)cc1)c1ccc(OCC2CO2)cc1,OC(=O)CCCC(=O)O,OC(=O)c1cccc(C(=O)O)c1,0.0,1.0,Iso,139.85000000000002,413.0,0.9610778596713168,0.004261386963745926
R000X100Y,CC(C)(c1ccc(OCC2CO2)cc1)c1ccc(OCC2CO2)cc1,OC(=O)CCCC(=O)O,OC(=O)c1cccc(C(=O)O)c1,0.0,1.0,Iso,139.85000000000002,413.0,0.9684950383318359,0.003120219443790733
R000X100Y,CC(C)(c1ccc(OCC2CO2)cc1)c1ccc(OCC2CO2)cc1,OC(=O)CCCC(=O)O,OC(=O)c1cccc(C(=O)O)c1,0.0,1.0,Iso,139.85000000000002,413.0,0.97428601286245,0.0025786266141571913
R000X100Y,CC(C)(c1ccc(OCC2CO2)cc1)c1ccc(OCC2CO2)cc1,OC(=O)CCCC(=O)O,OC(=O)c1cccc(C(=O)O)c1,0.0,1.0,Iso,139.85000000000002,413.0,0.9788497382603896,0.002044469421906606
R000X100Y,CC(C)(c1ccc(OCC2CO2)cc1)c1ccc(OCC2CO2)cc1,OC(=O)CCCC(=O)O,OC(=O)c1cccc(C(=O)O)c1,0.0,1.0,Iso,139.85000000000002,413.0,0.982477875757322,0.0015598008613298903
R000X100Y,CC(C)(c1ccc(OCC2CO2)cc1)c1ccc(OCC2CO2)cc1,OC(=O)CCCC(=O)O,OC(=O)c1cccc(C(=O)O)c1,0.0,1.0,Iso,139.85000000000002,413.0,0.9853859246630075,0.001287231370658551
R000X100Y,CC(C)(c1ccc(OCC2CO2)cc1)c1ccc(OCC2CO2)cc1,OC(=O)CCCC(=O)O,OC(=O)c1cccc(C(=O)O)c1,0.0,1.0,Iso,139.85000000000002,413.0,0.9877347341593656,0.001012669307653029
R000X100Y,CC(C)(c1ccc(OCC2CO2)cc1)c1ccc(OCC2CO2)cc1,OC(=O)CCCC(=O)O,OC(=O)c1cccc(C(=O)O)c1,0.0,1.0,Iso,139.85000000000002,413.0,0.989645525932116,0.0009075559934908907
R000X100Y,CC(C)(c1ccc(OCC2CO2)cc1)c1ccc(OCC2CO2)cc1,OC(=O)CCCC(=O)O,OC(=O)c1cccc(C(=O)O)c1,0.0,1.0,Iso,139.85000000000002,413.0,0.9912104961011818,0.0006820344226852037
R000X100Y,CC(C)(c1ccc(OCC2CO2)cc1)c1ccc(OCC2CO2)cc1,OC(=O)CCCC(=O)O,OC(=O)c1cccc(C(=O)O)c1,0.0,1.0,Iso,139.85000000000002,413.0,0.9925003747008219,0.0005682487406266884
R000X100Y,CC(C)(c1ccc(OCC2CO2)cc1)c1ccc(OCC2CO2)cc1,OC(=O)CCCC(=O)O,OC(=O)c1cccc(C(=O)O)c1,0.0,1.0,Iso,139.85000000000002,413.0,0.9935698697511652,0.00046374412098905844
R000X100Y,CC(C)(c1ccc(OCC2CO2)cc1)c1ccc(OCC2CO2)cc1,OC(=O)CCCC(=O)O,OC(=O)c1cccc(C(=O)O)c1,0.0,1.0,Iso,139.85000000000002,413.0,0.9944616256212495,0.0003963983834702474
R000X100Y,CC(C)(c1ccc(OCC2CO2)cc1)c1ccc(OCC2CO2)cc1,OC(=O)CCCC(=O)O,OC(=O)c1cccc(C(=O)O)c1,0.0,1.0,Iso,139.85000000000002,413.0,0.9952091276679298,0.00033658332803280193
R000X100Y,CC(C)(c1ccc(OCC2CO2)cc1)c1ccc(OCC2CO2)cc1,OC(=O)CCCC(=O)O,OC(=O)c1cccc(C(=O)O)c1,0.0,1.0,Iso,139.85000000000002,413.0,0.9958388524222714,0.0002908522491755683
R000X100Y,CC(C)(c1ccc(OCC2CO2)cc1)c1ccc(OCC2CO2)cc1,OC(=O)CCCC(=O)O,OC(=O)c1cccc(C(=O)O)c1,0.0,1.0,Iso,139.85000000000002,413.0,0.9963718726539622,0.00023679077377749224
R000X100Y,CC(C)(c1ccc(OCC2CO2)cc1)c1ccc(OCC2CO2)cc1,OC(=O)CCCC(=O)O,OC(=O)c1cccc(C(=O)O)c1,0.0,1.0,Iso,139.85000000000002,413.0,0.9968250651053479,0.00020439380174878735
R000X100Y,CC(C)(c1ccc(OCC2CO2)cc1)c1ccc(OCC2CO2)cc1,OC(=O)CCCC(=O)O,OC(=O)c1cccc(C(=O)O)c1,0.0,1.0,Iso,139.85000000000002,413.0,0.9972120261836526,0.00016839712950631117
R000X100Y,CC(C)(c1ccc(OCC2CO2)cc1)c1ccc(OCC2CO2)cc1,OC(=O)CCCC(=O)O,OC(=O)c1cccc(C(=O)O)c1,0.0,1.0,Iso,139.85000000000002,413.0,0.9975437712740843,0.000147327098621781
R000X100Y,CC(C)(c1ccc(OCC2CO2)cc1)c1ccc(OCC2CO2)cc1,OC(=O)CCCC(=O)O,OC(=O)c1cccc(C(=O)O)c1,0.0,1.0,Iso,139.85000000000002,413.0,0.9978292725020742,0.0001410345464056967
R000X100Y,CC(C)(c1ccc(OCC2CO2)cc1)c1ccc(OCC2CO2)cc1,OC(=O)CCCC(=O)O,OC(=O)c1cccc(C(=O)O)c1,0.0,1.0,Iso,139.85000000000002,413.0,0.9980758749946096,0.0001162416219770562
R000X100Y,CC(C)(c1ccc(OCC2CO2)cc1)c1ccc(OCC2CO2)cc1,OC(=O)CCCC(=O)O,OC(=O)c1cccc(C(=O)O)c1,0.0,1.0,Iso,139.85000000000002,413.0,0.9982896211209271,9.557637593793666e-05
R000X100Y,CC(C)(c1ccc(OCC2CO2)cc1)c1ccc(OCC2CO2)cc1,OC(=O)CCCC(=O)O,OC(=O)c1cccc(C(=O)O)c1,0.0,1.0,Iso,139.85000000000002,413.0,0.9984755045727234,8.183253738637215e-05
R000X100Y,CC(C)(c1ccc(OCC2CO2)cc1)c1ccc(OCC2CO2)cc1,OC(=O)CCCC(=O)O,OC(=O)c1cccc(C(=O)O)c1,0.0,1.0,Iso,139.85000000000002,413.0,0.998637670608152,7.23121430187486e-05
R000X100Y,CC(C)(c1ccc(OCC2CO2)cc1)c1ccc(OCC2CO2)cc1,OC(=O)CCCC(=O)O,OC(=O)c1cccc(C(=O)O)c1,0.0,1.0,Iso,139.85000000000002,413.0,0.9987795747324422,6.524040078656299e-05
R000X100Y,CC(C)(c1ccc(OCC2CO2)cc1)c1ccc(OCC2CO2)cc1,OC(=O)CCCC(=O)O,OC(=O)c1cccc(C(=O)O)c1,0.0,1.0,Iso,139.85000000000002,413.0,0.9989041091019072,5.743415235162068e-05
R000X100Y,CC(C)(c1ccc(OCC2CO2)cc1)c1ccc(OCC2CO2)cc1,OC(=O)CCCC(=O)O,OC(=O)c1cccc(C(=O)O)c1,0.0,1.0,Iso,139.85000000000002,413.0,0.9990137037222615,4.9431986206460295e-05
R000X100Y,CC(C)(c1ccc(OCC2CO2)cc1)c1ccc(OCC2CO2)cc1,OC(=O)CCCC(=O)O,OC(=O)c1cccc(C(=O)O)c1,0.0,1.0,Iso,139.85000000000002,413.0,0.99911040785717,4.294877070084203e-05
R000X100Y,CC(C)(c1ccc(OCC2CO2)cc1)c1ccc(OCC2CO2)cc1,OC(=O)CCCC(=O)O,OC(=O)c1cccc(C(=O)O)c1,0.0,1.0,Iso,139.85000000000002,413.0,0.9991959558189921,4.1257949788587915e-05
R000X100Y,CC(C)(c1ccc(OCC2CO2)cc1)c1ccc(OCC2CO2)cc1,OC(=O)CCCC(=O)O,OC(=O)c1cccc(C(=O)O)c1,0.0,1.0,Iso,139.85000000000002,413.0,0.999271820373139,3.5609282468604236e-05
R000X100Y,CC(C)(c1ccc(OCC2CO2)cc1)c1ccc(OCC2CO2)cc1,OC(=O)CCCC(=O)O,OC(=O)c1cccc(C(=O)O)c1,0.0,1.0,Iso,139.85000000000002,413.0,0.9993392562721404,3.091505433670192e-05
R000X100Y,CC(C)(c1ccc(OCC2CO2)cc1)c1ccc(OCC2CO2)cc1,OC(=O)CCCC(=O)O,OC(=O)c1cccc(C(=O)O)c1,0.0,1.0,Iso,139.85000000000002,413.0,0.9993993358884741,2.770241824998559e-05
R000X100Y,CC(C)(c1ccc(OCC2CO2)cc1)c1ccc(OCC2CO2)cc1,OC(=O)CCCC(=O)O,OC(=O)c1cccc(C(=O)O)c1,0.0,1.0,Iso,139.85000000000002,413.0,0.9994529784946113,2.453016211554038e-05
R000X100Y,CC(C)(c1ccc(OCC2CO2)cc1)c1ccc(OCC2CO2)cc1,OC(=O)CCCC(=O)O,OC(=O)c1cccc(C(=O)O)c1,0.0,1.0,Iso,139.85000000000002,413.0,0.9995009744136921,2.035908449426019e-05
R000X100Y,CC(C)(c1ccc(OCC2CO2)cc1)c1ccc(OCC2CO2)cc1,OC(=O)CCCC(=O)O,OC(=O)c1cccc(C(=O)O)c1,0.0,1.0,Iso,139.85000000000002,413.0,0.9995440050117856,2.0105548041790678e-05
R000X100Y,CC(C)(c1ccc(OCC2CO2)cc1)c1ccc(OCC2CO2)cc1,OC(=O)CCCC(=O)O,OC(=O)c1cccc(C(=O)O)c1,0.0,1.0,Iso,139.85000000000002,413.0,0.9995826593056899,1.7437168411831345e-05
R000X100Y,CC(C)(c1ccc(OCC2CO2)cc1)c1ccc(OCC2CO2)cc1,OC(=O)CCCC(=O)O,OC(=O)c1cccc(C(=O)O)c1,0.0,1.0,Iso,139.85000000000002,413.0,0.9996174478057721,1.574100991745399e-05
R000X100Y,CC(C)(c1ccc(OCC2CO2)cc1)c1ccc(OCC2CO2)cc1,OC(=O)CCCC(=O)O,OC(=O)c1cccc(C(=O)O)c1,0.0,1.0,Iso,139.85000000000002,413.0,0.9996488140917285,1.4364598401995356e-05
R000X100Y,CC(C)(c1ccc(OCC2CO2)cc1)c1ccc(OCC2CO2)cc1,OC(=O)CCCC(=O)O,OC(=O)c1cccc(C(=O)O)c1,0.0,1.0,Iso,139.85000000000002,413.0,0.9996771445229578,1.3530795115378853e-05
R000X100Y,CC(C)(c1ccc(OCC2CO2)cc1)c1ccc(OCC2CO2)cc1,OC(=O)CCCC(=O)O,OC(=O)c1cccc(C(=O)O)c1,0.0,1.0,Iso,139.85000000000002,413.0,0.999702776408856,1.1567898634606367e-05
R000X100Y,CC(C)(c1ccc(OCC2CO2)cc1)c1ccc(OCC2CO2)cc1,OC(=O)CCCC(=O)O,OC(=O)c1cccc(C(=O)O)c1,0.0,1.0,Iso,139.85000000000002,413.0,0.9997260049034447,1.040574756094831e-05
R000X100Y,CC(C)(c1ccc(OCC2CO2)cc1)c1ccc(OCC2CO2)cc1,OC(=O)CCCC(=O)O,OC(=O)c1cccc(C(=O)O)c1,0.0,1.0,Iso,139.85000000000002,413.0,0.9997470888399932,1.0067124536023311e-05
R000X100Y,CC(C)(c1ccc(OCC2CO2)cc1)c1ccc(OCC2CO2)cc1,OC(=O)CCCC(=O)O,OC(=O)c1cccc(C(=O)O)c1,0.0,1.0,Iso,139.85000000000002,413.0,0.999766255682143,9.189628115383512e-06
R000X100Y,CC(C)(c1ccc(OCC2CO2)cc1)c1ccc(OCC2CO2)cc1,OC(=O)CCCC(=O)O,OC(=O)c1cccc(C(=O)O)c1,0.0,1.0,Iso,139.85000000000002,413.0,0.9997837057364621,7.95188286644684e-06
R000X100Y,CC(C)(c1ccc(OCC2CO2)cc1)c1ccc(OCC2CO2)cc1,OC(=O)CCCC(=O)O,OC(=O)c1cccc(C(=O)O)c1,0.0,1.0,Iso,139.85000000000002,413.0,0.9997996157458118,7.596243187582517e-06
R000X100Y,CC(C)(c1ccc(OCC2CO2)cc1)c1ccc(OCC2CO2)cc1,OC(=O)CCCC(=O)O,OC(=O)c1cccc(C(=O)O)c1,0.0,1.0,Iso,139.85000000000002,413.0,0.9998141419621669,6.765514854290462e-06
R000X100Y,CC(C)(c1ccc(OCC2CO2)cc1)c1ccc(OCC2CO2)cc1,OC(=O)CCCC(=O)O,OC(=O)c1cccc(C(=O)O)c1,0.0,1.0,Iso,139.85000000000002,413.0,0.9998274227806387,6.300730552028971e-06
R000X100Y,CC(C)(c1ccc(OCC2CO2)cc1)c1ccc(OCC2CO2)cc1,OC(=O)CCCC(=O)O,OC(=O)c1cccc(C(=O)O)c1,0.0,1.0,Iso,139.85000000000002,413.0,0.999839581002641,5.503836793541023e-06
R000X100Y,CC(C)(c1ccc(OCC2CO2)cc1)c1ccc(OCC2CO2)cc1,OC(=O)CCCC(=O)O,OC(=O)c1cccc(C(=O)O)c1,0.0,1.0,Iso,139.85000000000002,413.0,0.9998507257848283,5.377862282130662e-06
R000X100Y,CC(C)(c1ccc(OCC2CO2)cc1)c1ccc(OCC2CO2)cc1,OC(=O)CCCC(=O)O,OC(=O)c1cccc(C(=O)O)c1,0.0,1.0,Iso,159.85000000000002,433.0,0.001,0.1364307898407011
R000X100Y,CC(C)(c1ccc(OCC2CO2)cc1)c1ccc(OCC2CO2)cc1,OC(=O)CCCC(=O)O,OC(=O)c1cccc(C(=O)O)c1,0.0,1.0,Iso,159.85000000000002,433.0,0.5182741151528317,0.19522080117495186
R000X100Y,CC(C)(c1ccc(OCC2CO2)cc1)c1ccc(OCC2CO2)cc1,OC(=O)CCCC(=O)O,OC(=O)c1cccc(C(=O)O)c1,0.0,1.0,Iso,159.85000000000002,433.0,0.7802756734129646,0.08240429917063567
R000X100Y,CC(C)(c1ccc(OCC2CO2)cc1)c1ccc(OCC2CO2)cc1,OC(=O)CCCC(=O)O,OC(=O)c1cccc(C(=O)O)c1,0.0,1.0,Iso,159.85000000000002,433.0,0.8918856541465547,0.03152065989599539
R000X100Y,CC(C)(c1ccc(OCC2CO2)cc1)c1ccc(OCC2CO2)cc1,OC(=O)CCCC(=O)O,OC(=O)c1cccc(C(=O)O)c1,0.0,1.0,Iso,159.85000000000002,433.0,0.9424920741516133,0.01698022999706176
R000X100Y,CC(C)(c1ccc(OCC2CO2)cc1)c1ccc(OCC2CO2)cc1,OC(=O)CCCC(=O)O,OC(=O)c1cccc(C(=O)O)c1,0.0,1.0,Iso,159.85000000000002,433.0,0.9672988996725411,0.008595827354929204
R000X100Y,CC(C)(c1ccc(OCC2CO2)cc1)c1ccc(OCC2CO2)cc1,OC(=O)CCCC(=O)O,OC(=O)c1cccc(C(=O)O)c1,0.0,1.0,Iso,159.85000000000002,433.0,0.9803438649265248,0.004662145595769044
R000X100Y,CC(C)(c1ccc(OCC2CO2)cc1)c1ccc(OCC2CO2)cc1,OC(=O)CCCC(=O)O,OC(=O)c1cccc(C(=O)O)c1,0.0,1.0,Iso,159.85000000000002,433.0,0.9876266151191035,0.002640237535352888
R000X100Y,CC(C)(c1ccc(OCC2CO2)cc1)c1ccc(OCC2CO2)cc1,OC(=O)CCCC(=O)O,OC(=O)c1cccc(C(=O)O)c1,0.0,1.0,Iso,159.85000000000002,433.0,0.9919031055653105,0.0016219206569913862
R000X100Y,CC(C)(c1ccc(OCC2CO2)cc1)c1ccc(OCC2CO2)cc1,OC(=O)CCCC(=O)O,OC(=O)c1cccc(C(=O)O)c1,0.0,1.0,Iso,159.85000000000002,433.0,0.9945242515332974,0.0010257107328557652
R000X100Y,CC(C)(c1ccc(OCC2CO2)cc1)c1ccc(OCC2CO2)cc1,OC(=O)CCCC(=O)O,OC(=O)c1cccc(C(=O)O)c1,0.0,1.0,Iso,159.85000000000002,433.0,0.9961907919580344,0.0006505088008110071
R000X100Y,CC(C)(c1ccc(OCC2CO2)cc1)c1ccc(OCC2CO2)cc1,OC(=O)CCCC(=O)O,OC(=O)c1cccc(C(=O)O)c1,0.0,1.0,Iso,159.85000000000002,433.0,0.9972844582980698,0.0004308705168703958
R000X100Y,CC(C)(c1ccc(OCC2CO2)cc1)c1ccc(OCC2CO2)cc1,OC(=O)CCCC(=O)O,OC(=O)c1cccc(C(=O)O)c1,0.0,1.0,Iso,159.85000000000002,433.0,0.9980222347678595,0.000309746452628365
R000X100Y,CC(C)(c1ccc(OCC2CO2)cc1)c1ccc(OCC2CO2)cc1,OC(=O)CCCC(=O)O,OC(=O)c1cccc(C(=O)O)c1,0.0,1.0,Iso,159.85000000000002,433.0,0.9985321256979947,0.00020197096960349736
R000X100Y,CC(C)(c1ccc(OCC2CO2)cc1)c1ccc(OCC2CO2)cc1,OC(=O)CCCC(=O)O,OC(=O)c1cccc(C(=O)O)c1,0.0,1.0,Iso,159.85000000000002,433.0,0.9988921494143477,0.00015365141049138688
R000X100Y,CC(C)(c1ccc(OCC2CO2)cc1)c1ccc(OCC2CO2)cc1,OC(=O)CCCC(=O)O,OC(=O)c1cccc(C(=O)O)c1,0.0,1.0,Iso,159.85000000000002,433.0,0.9991512514279132,0.00010884212791111666
R000X100Y,CC(C)(c1ccc(OCC2CO2)cc1)c1ccc(OCC2CO2)cc1,OC(=O)CCCC(=O)O,OC(=O)c1cccc(C(=O)O)c1,0.0,1.0,Iso,159.85000000000002,433.0,0.9993409382978817,7.79985388421336e-05
R000X100Y,CC(C)(c1ccc(OCC2CO2)cc1)c1ccc(OCC2CO2)cc1,OC(=O)CCCC(=O)O,OC(=O)c1cccc(C(=O)O)c1,0.0,1.0,Iso,159.85000000000002,433.0,0.9994819638424672,5.935190743798748e-05
R000X100Y,CC(C)(c1ccc(OCC2CO2)cc1)c1ccc(OCC2CO2)cc1,OC(=O)CCCC(=O)O,OC(=O)c1cccc(C(=O)O)c1,0.0,1.0,Iso,159.85000000000002,433.0,0.9995882856805128,4.419460820795087e-05
R000X100Y,CC(C)(c1ccc(OCC2CO2)cc1)c1ccc(OCC2CO2)cc1,OC(=O)CCCC(=O)O,OC(=O)c1cccc(C(=O)O)c1,0.0,1.0,Iso,159.85000000000002,433.0,0.9996694688724831,3.5627185439557417e-05
R000X100Y,CC(C)(c1ccc(OCC2CO2)cc1)c1ccc(OCC2CO2)cc1,OC(=O)CCCC(=O)O,OC(=O)c1cccc(C(=O)O)c1,0.0,1.0,Iso,159.85000000000002,433.0,0.999732181314598,2.7412377360395672e-05
R000X100Y,CC(C)(c1ccc(OCC2CO2)cc1)c1ccc(OCC2CO2)cc1,OC(=O)CCCC(=O)O,OC(=O)c1cccc(C(=O)O)c1,0.0,1.0,Iso,159.85000000000002,433.0,0.9997811444172621,2.093680822925424e-05
R000X100Y,CC(C)(c1ccc(OCC2CO2)cc1)c1ccc(OCC2CO2)cc1,OC(=O)CCCC(=O)O,OC(=O)c1cccc(C(=O)O)c1,0.0,1.0,Iso,159.85000000000002,433.0,0.9998197495363305,1.631149261922597e-05
R000X100Y,CC(C)(c1ccc(OCC2CO2)cc1)c1ccc(OCC2CO2)cc1,OC(=O)CCCC(=O)O,OC(=O)c1cccc(C(=O)O)c1,0.0,1.0,Iso,159.85000000000002,433.0,0.9998504649707721,1.360375839173305e-05
R000X100Y,CC(C)(c1ccc(OCC2CO2)cc1)c1ccc(OCC2CO2)cc1,OC(=O)CCCC(=O)O,OC(=O)c1cccc(C(=O)O)c1,0.0,1.0,Iso,159.85000000000002,433.0,0.9998751091900924,1.1173712646379997e-05
R000X100Y,CC(C)(c1ccc(OCC2CO2)cc1)c1ccc(OCC2CO2)cc1,OC(=O)CCCC(=O)O,OC(=O)c1cccc(C(=O)O)c1,0.0,1.0,Iso,159.85000000000002,433.0,0.9998950370960936,8.78678579362878e-06
R000X100Y,CC(C)(c1ccc(OCC2CO2)cc1)c1ccc(OCC2CO2)cc1,OC(=O)CCCC(=O)O,OC(=O)c1cccc(C(=O)O)c1,0.0,1.0,Iso,159.85000000000002,433.0,0.9999,7.297791869523531e-06
R000X100Y,CC(C)(c1ccc(OCC2CO2)cc1)c1ccc(OCC2CO2)cc1,OC(=O)CCCC(=O)O,OC(=O)c1cccc(C(=O)O)c1,0.0,1.0,Iso,159.85000000000002,433.0,0.9999,5.863432440343088e-06
R000X100Y,CC(C)(c1ccc(OCC2CO2)cc1)c1ccc(OCC2CO2)cc1,OC(=O)CCCC(=O)O,OC(=O)c1cccc(C(=O)O)c1,0.0,1.0,Iso,159.85000000000002,433.0,0.9999,4.919588238999656e-06
R000X100Y,CC(C)(c1ccc(OCC2CO2)cc1)c1ccc(OCC2CO2)cc1,OC(=O)CCCC(=O)O,OC(=O)c1cccc(C(=O)O)c1,0.0,1.0,Iso,159.85000000000002,433.0,0.9999,4.052390571232284e-06
R000X100Y,CC(C)(c1ccc(OCC2CO2)cc1)c1ccc(OCC2CO2)cc1,OC(=O)CCCC(=O)O,OC(=O)c1cccc(C(=O)O)c1,0.0,1.0,Iso,159.85000000000002,433.0,0.9999,3.4527584965911977e-06
R000X100Y,CC(C)(c1ccc(OCC2CO2)cc1)c1ccc(OCC2CO2)cc1,OC(=O)CCCC(=O)O,OC(=O)c1cccc(C(=O)O)c1,0.0,1.0,Iso,159.85000000000002,433.0,0.9999,2.749607016378293e-06
R000X100Y,CC(C)(c1ccc(OCC2CO2)cc1)c1ccc(OCC2CO2)cc1,OC(=O)CCCC(=O)O,OC(=O)c1cccc(C(=O)O)c1,0.0,1.0,Iso,159.85000000000002,433.0,0.9999,2.4823201957763066e-06
R000X100Y,CC(C)(c1ccc(OCC2CO2)cc1)c1ccc(OCC2CO2)cc1,OC(=O)CCCC(=O)O,OC(=O)c1cccc(C(=O)O)c1,0.0,1.0,Iso,159.85000000000002,433.0,0.9999,2.054303072932687e-06
R000X100Y,CC(C)(c1ccc(OCC2CO2)cc1)c1ccc(OCC2CO2)cc1,OC(=O)CCCC(=O)O,OC(=O)c1cccc(C(=O)O)c1,0.0,1.0,Iso,159.85000000000002,433.0,0.9999,1.7836943751394305e-06
R000X100Y,CC(C)(c1ccc(OCC2CO2)cc1)c1ccc(OCC2CO2)cc1,OC(=O)CCCC(=O)O,OC(=O)c1cccc(C(=O)O)c1,0.0,1.0,Iso,159.85000000000002,433.0,0.9999,1.4962318033463611e-06
R000X100Y,CC(C)(c1ccc(OCC2CO2)cc1)c1ccc(OCC2CO2)cc1,OC(=O)CCCC(=O)O,OC(=O)c1cccc(C(=O)O)c1,0.0,1.0,Iso,159.85000000000002,433.0,0.9999,1.3124483690140128e-06
R000X100Y,CC(C)(c1ccc(OCC2CO2)cc1)c1ccc(OCC2CO2)cc1,OC(=O)CCCC(=O)O,OC(=O)c1cccc(C(=O)O)c1,0.0,1.0,Iso,159.85000000000002,433.0,0.9999,1.0859362868096417e-06
R000X100Y,CC(C)(c1ccc(OCC2CO2)cc1)c1ccc(OCC2CO2)cc1,OC(=O)CCCC(=O)O,OC(=O)c1cccc(C(=O)O)c1,0.0,1.0,Iso,159.85000000000002,433.0,0.9999,1.0065660372183327e-06
R000X100Y,CC(C)(c1ccc(OCC2CO2)cc1)c1ccc(OCC2CO2)cc1,OC(=O)CCCC(=O)O,OC(=O)c1cccc(C(=O)O)c1,0.0,1.0,Iso,159.85000000000002,433.0,0.9999,8.015044459330259e-07
R000X100Y,CC(C)(c1ccc(OCC2CO2)cc1)c1ccc(OCC2CO2)cc1,OC(=O)CCCC(=O)O,OC(=O)c1cccc(C(=O)O)c1,0.0,1.0,Iso,159.85000000000002,433.0,0.9999,7.135007308231222e-07
R000X100Y,CC(C)(c1ccc(OCC2CO2)cc1)c1ccc(OCC2CO2)cc1,OC(=O)CCCC(=O)O,OC(=O)c1cccc(C(=O)O)c1,0.0,1.0,Iso,159.85000000000002,433.0,0.9999,6.486364989762643e-07
R000X100Y,CC(C)(c1ccc(OCC2CO2)cc1)c1ccc(OCC2CO2)cc1,OC(=O)CCCC(=O)O,OC(=O)c1cccc(C(=O)O)c1,0.0,1.0,Iso,159.85000000000002,433.0,0.9999,5.89736577371971e-07
R000X100Y,CC(C)(c1ccc(OCC2CO2)cc1)c1ccc(OCC2CO2)cc1,OC(=O)CCCC(=O)O,OC(=O)c1cccc(C(=O)O)c1,0.0,1.0,Iso,159.85000000000002,433.0,0.9999,5.010660546259886e-07
R000X100Y,CC(C)(c1ccc(OCC2CO2)cc1)c1ccc(OCC2CO2)cc1,OC(=O)CCCC(=O)O,OC(=O)c1cccc(C(=O)O)c1,0.0,1.0,Iso,159.85000000000002,433.0,0.9999,4.3500264653853156e-07
R000X100Y,CC(C)(c1ccc(OCC2CO2)cc1)c1ccc(OCC2CO2)cc1,OC(=O)CCCC(=O)O,OC(=O)c1cccc(C(=O)O)c1,0.0,1.0,Iso,159.85000000000002,433.0,0.9999,3.709576436649323e-07
R000X100Y,CC(C)(c1ccc(OCC2CO2)cc1)c1ccc(OCC2CO2)cc1,OC(=O)CCCC(=O)O,OC(=O)c1cccc(C(=O)O)c1,0.0,1.0,Iso,159.85000000000002,433.0,0.9999,3.415394305803049e-07
R000X100Y,CC(C)(c1ccc(OCC2CO2)cc1)c1ccc(OCC2CO2)cc1,OC(=O)CCCC(=O)O,OC(=O)c1cccc(C(=O)O)c1,0.0,1.0,Iso,159.85000000000002,433.0,0.9999,3.050369615135532e-07
R000X100Y,CC(C)(c1ccc(OCC2CO2)cc1)c1ccc(OCC2CO2)cc1,OC(=O)CCCC(=O)O,OC(=O)c1cccc(C(=O)O)c1,0.0,1.0,Iso,159.85000000000002,433.0,0.9999,2.8560134211170937e-07
R000X100Y,CC(C)(c1ccc(OCC2CO2)cc1)c1ccc(OCC2CO2)cc1,OC(=O)CCCC(=O)O,OC(=O)c1cccc(C(=O)O)c1,0.0,1.0,Iso,159.85000000000002,433.0,0.9999,2.4712816142646607e-07
R000X100Y,CC(C)(c1ccc(OCC2CO2)cc1)c1ccc(OCC2CO2)cc1,OC(=O)CCCC(=O)O,OC(=O)c1cccc(C(=O)O)c1,0.0,1.0,Iso,159.85000000000002,433.0,0.9999,2.070299051248796e-07
R000X100Y,CC(C)(c1ccc(OCC2CO2)cc1)c1ccc(OCC2CO2)cc1,OC(=O)CCCC(=O)O,OC(=O)c1cccc(C(=O)O)c1,0.0,1.0,Iso,159.85000000000002,433.0,0.9999,2.0629184433065278e-07
R000X100Y,CC(C)(c1ccc(OCC2CO2)cc1)c1ccc(OCC2CO2)cc1,OC(=O)CCCC(=O)O,OC(=O)c1cccc(C(=O)O)c1,0.0,1.0,Iso,159.85000000000002,433.0,0.9999,1.7256133411350882e-07
R000X100Y,CC(C)(c1ccc(OCC2CO2)cc1)c1ccc(OCC2CO2)cc1,OC(=O)CCCC(=O)O,OC(=O)c1cccc(C(=O)O)c1,0.0,1.0,Iso,159.85000000000002,433.0,0.9999,1.5296964853282604e-07
R000X100Y,CC(C)(c1ccc(OCC2CO2)cc1)c1ccc(OCC2CO2)cc1,OC(=O)CCCC(=O)O,OC(=O)c1cccc(C(=O)O)c1,0.0,1.0,Iso,159.85000000000002,433.0,0.9999,1.4788057259473225e-07
R000X100Y,CC(C)(c1ccc(OCC2CO2)cc1)c1ccc(OCC2CO2)cc1,OC(=O)CCCC(=O)O,OC(=O)c1cccc(C(=O)O)c1,0.0,1.0,Iso,159.85000000000002,433.0,0.9999,1.2767888821262436e-07
R000X100Y,CC(C)(c1ccc(OCC2CO2)cc1)c1ccc(OCC2CO2)cc1,OC(=O)CCCC(=O)O,OC(=O)c1cccc(C(=O)O)c1,0.0,1.0,Iso,159.85000000000002,433.0,0.9999,1.1438138057232204e-07
R000X100Y,CC(C)(c1ccc(OCC2CO2)cc1)c1ccc(OCC2CO2)cc1,OC(=O)CCCC(=O)O,OC(=O)c1cccc(C(=O)O)c1,0.0,1.0,Iso,159.85000000000002,433.0,0.9999,1.0546985517497789e-07
R000X100Y,CC(C)(c1ccc(OCC2CO2)cc1)c1ccc(OCC2CO2)cc1,OC(=O)CCCC(=O)O,OC(=O)c1cccc(C(=O)O)c1,0.0,1.0,Iso,159.85000000000002,433.0,0.9999,9.749234677297606e-08
R000X100Y,CC(C)(c1ccc(OCC2CO2)cc1)c1ccc(OCC2CO2)cc1,OC(=O)CCCC(=O)O,OC(=O)c1cccc(C(=O)O)c1,0.0,1.0,Iso,159.85000000000002,433.0,0.9999,8.898924718159114e-08
R020X080Y,CC(C)(c1ccc(OCC2CO2)cc1)c1ccc(OCC2CO2)cc1,OC(=O)CCCC(=O)O,OC(=O)c1cccc(C(=O)O)c1,0.2,0.8,Dyn,5.0,323.0,0.001,0.00022135606522392188
R020X080Y,CC(C)(c1ccc(OCC2CO2)cc1)c1ccc(OCC2CO2)cc1,OC(=O)CCCC(=O)O,OC(=O)c1cccc(C(=O)O)c1,0.2,0.8,Dyn,5.0,326.3898305084746,0.0011823540408836917,0.00032962246161325083
R020X080Y,CC(C)(c1ccc(OCC2CO2)cc1)c1ccc(OCC2CO2)cc1,OC(=O)CCCC(=O)O,OC(=O)c1cccc(C(=O)O)c1,0.2,0.8,Dyn,5.0,329.77966101694915,0.0014278067012217315,0.00043020455659620706
R020X080Y,CC(C)(c1ccc(OCC2CO2)cc1)c1ccc(OCC2CO2)cc1,OC(=O)CCCC(=O)O,OC(=O)c1cccc(C(=O)O)c1,0.2,0.8,Dyn,5.0,333.1694915254237,0.0017577299171924415,0.0005554701989209236
R020X080Y,CC(C)(c1ccc(OCC2CO2)cc1)c1ccc(OCC2CO2)cc1,OC(=O)CCCC(=O)O,OC(=O)c1cccc(C(=O)O)c1,0.2,0.8,Dyn,5.0,336.5593220338983,0.002200435470765949,0.0007347247537689567
R020X080Y,CC(C)(c1ccc(OCC2CO2)cc1)c1ccc(OCC2CO2)cc1,OC(=O)CCCC(=O)O,OC(=O)c1cccc(C(=O)O)c1,0.2,0.8,Dyn,5.0,339.9491525423729,0.002793210051793205,0.0009780953660008666
R020X080Y,CC(C)(c1ccc(OCC2CO2)cc1)c1ccc(OCC2CO2)cc1,OC(=O)CCCC(=O)O,OC(=O)c1cccc(C(=O)O)c1,0.2,0.8,Dyn,5.0,343.33898305084745,0.0035848489928149334,0.0013484266698269142
R020X080Y,CC(C)(c1ccc(OCC2CO2)cc1)c1ccc(OCC2CO2)cc1,OC(=O)CCCC(=O)O,OC(=O)c1cccc(C(=O)O)c1,0.2,0.8,Dyn,5.0,346.728813559322,0.004638780867869022,0.0017509455369523102
R020X080Y,CC(C)(c1ccc(OCC2CO2)cc1)c1ccc(OCC2CO2)cc1,OC(=O)CCCC(=O)O,OC(=O)c1cccc(C(=O)O)c1,0.2,0.8,Dyn,5.0,350.1186440677966,0.006036879251233283,0.0023101333115734903
R020X080Y,CC(C)(c1ccc(OCC2CO2)cc1)c1ccc(OCC2CO2)cc1,OC(=O)CCCC(=O)O,OC(=O)c1cccc(C(=O)O)c1,0.2,0.8,Dyn,5.0,353.50847457627117,0.007884052827273289,0.0031932798766367435
R020X080Y,CC(C)(c1ccc(OCC2CO2)cc1)c1ccc(OCC2CO2)cc1,OC(=O)CCCC(=O)O,OC(=O)c1cccc(C(=O)O)c1,0.2,0.8,Dyn,5.0,356.89830508474574,0.010313683958394281,0.004135912729519128
R020X080Y,CC(C)(c1ccc(OCC2CO2)cc1)c1ccc(OCC2CO2)cc1,OC(=O)CCCC(=O)O,OC(=O)c1cccc(C(=O)O)c1,0.2,0.8,Dyn,5.0,360.2881355932203,0.013493939167613087,0.005278801983088962
R020X080Y,CC(C)(c1ccc(OCC2CO2)cc1)c1ccc(OCC2CO2)cc1,OC(=O)CCCC(=O)O,OC(=O)c1cccc(C(=O)O)c1,0.2,0.8,Dyn,5.0,363.6779661016949,0.017634889230150653,0.0070902254272647335
R020X080Y,CC(C)(c1ccc(OCC2CO2)cc1)c1ccc(OCC2CO2)cc1,OC(=O)CCCC(=O)O,OC(=O)c1cccc(C(=O)O)c1,0.2,0.8,Dyn,5.0,367.06779661016947,0.022996232317147123,0.00932375103181979
R020X080Y,CC(C)(c1ccc(OCC2CO2)cc1)c1ccc(OCC2CO2)cc1,OC(=O)CCCC(=O)O,OC(=O)c1cccc(C(=O)O)c1,0.2,0.8,Dyn,5.0,370.45762711864404,0.029895187270375656,0.011112092385036392
R020X080Y,CC(C)(c1ccc(OCC2CO2)cc1)c1ccc(OCC2CO2)cc1,OC(=O)CCCC(=O)O,OC(=O)c1cccc(C(=O)O)c1,0.2,0.8,Dyn,5.0,373.8474576271186,0.038713787158234,0.014371758344220768
R020X080Y,CC(C)(c1ccc(OCC2CO2)cc1)c1ccc(OCC2CO2)cc1,OC(=O)CCCC(=O)O,OC(=O)c1cccc(C(=O)O)c1,0.2,0.8,Dyn,5.0,377.2372881355932,0.049904328921637195,0.019027705365930646
R020X080Y,CC(C)(c1ccc(OCC2CO2)cc1)c1ccc(OCC2CO2)cc1,OC(=O)CCCC(=O)O,OC(=O)c1cccc(C(=O)O)c1,0.2,0.8,Dyn,5.0,380.62711864406776,0.06399110890415001,0.023697697368502513
R020X080Y,CC(C)(c1ccc(OCC2CO2)cc1)c1ccc(OCC2CO2)cc1,OC(=O)CCCC(=O)O,OC(=O)c1cccc(C(=O)O)c1,0.2,0.8,Dyn,5.0,384.01694915254234,0.08156581483321576,0.029003093842284448
R020X080Y,CC(C)(c1ccc(OCC2CO2)cc1)c1ccc(OCC2CO2)cc1,OC(=O)CCCC(=O)O,OC(=O)c1cccc(C(=O)O)c1,0.2,0.8,Dyn,5.0,387.4067796610169,0.10327314025999462,0.036629454532255995
R020X080Y,CC(C)(c1ccc(OCC2CO2)cc1)c1ccc(OCC2CO2)cc1,OC(=O)CCCC(=O)O,OC(=O)c1cccc(C(=O)O)c1,0.2,0.8,Dyn,5.0,390.7966101694915,0.1297825399924527,0.04156576766679617
R020X080Y,CC(C)(c1ccc(OCC2CO2)cc1)c1ccc(OCC2CO2)cc1,OC(=O)CCCC(=O)O,OC(=O)c1cccc(C(=O)O)c1,0.2,0.8,Dyn,5.0,394.1864406779661,0.16174192862527292,0.04916813977849209
R020X080Y,CC(C)(c1ccc(OCC2CO2)cc1)c1ccc(OCC2CO2)cc1,OC(=O)CCCC(=O)O,OC(=O)c1cccc(C(=O)O)c1,0.2,0.8,Dyn,5.0,397.5762711864407,0.19971010445701948,0.05907440610592545
R020X080Y,CC(C)(c1ccc(OCC2CO2)cc1)c1ccc(OCC2CO2)cc1,OC(=O)CCCC(=O)O,OC(=O)c1cccc(C(=O)O)c1,0.2,0.8,Dyn,5.0,400.96610169491527,0.24406746885764366,0.07048771629111726
R020X080Y,CC(C)(c1ccc(OCC2CO2)cc1)c1ccc(OCC2CO2)cc1,OC(=O)CCCC(=O)O,OC(=O)c1cccc(C(=O)O)c1,0.2,0.8,Dyn,5.0,404.35593220338984,0.2949098284358958,0.07778116397280348
R020X080Y,CC(C)(c1ccc(OCC2CO2)cc1)c1ccc(OCC2CO2)cc1,OC(=O)CCCC(=O)O,OC(=O)c1cccc(C(=O)O)c1,0.2,0.8,Dyn,5.0,407.74576271186436,0.3519377793056791,0.08706430525593441
R020X080Y,CC(C)(c1ccc(OCC2CO2)cc1)c1ccc(OCC2CO2)cc1,OC(=O)CCCC(=O)O,OC(=O)c1cccc(C(=O)O)c1,0.2,0.8,Dyn,5.0,411.135593220339,0.4143632245763731,0.09268055595460033
R020X080Y,CC(C)(c1ccc(OCC2CO2)cc1)c1ccc(OCC2CO2)cc1,OC(=O)CCCC(=O)O,OC(=O)c1cccc(C(=O)O)c1,0.2,0.8,Dyn,5.0,414.52542372881356,0.48086198207650827,0.09837902376787316
R020X080Y,CC(C)(c1ccc(OCC2CO2)cc1)c1ccc(OCC2CO2)cc1,OC(=O)CCCC(=O)O,OC(=O)c1cccc(C(=O)O)c1,0.2,0.8,Dyn,5.0,417.91525423728814,0.5496025653073489,0.09891580962995562
R020X080Y,CC(C)(c1ccc(OCC2CO2)cc1)c1ccc(OCC2CO2)cc1,OC(=O)CCCC(=O)O,OC(=O)c1cccc(C(=O)O)c1,0.2,0.8,Dyn,5.0,421.3050847457627,0.6183713535824301,0.10139198864879924
R020X080Y,CC(C)(c1ccc(OCC2CO2)cc1)c1ccc(OCC2CO2)cc1,OC(=O)CCCC(=O)O,OC(=O)c1cccc(C(=O)O)c1,0.2,0.8,Dyn,5.0,424.6949152542373,0.6847919166995439,0.09735947314717411
R020X080Y,CC(C)(c1ccc(OCC2CO2)cc1)c1ccc(OCC2CO2)cc1,OC(=O)CCCC(=O)O,OC(=O)c1cccc(C(=O)O)c1,0.2,0.8,Dyn,5.0,428.08474576271186,0.7466059818763169,0.08554664516078456
R020X080Y,CC(C)(c1ccc(OCC2CO2)cc1)c1ccc(OCC2CO2)cc1,OC(=O)CCCC(=O)O,OC(=O)c1cccc(C(=O)O)c1,0.2,0.8,Dyn,5.0,431.47457627118644,0.8019570210281647,0.07570764114693444
R020X080Y,CC(C)(c1ccc(OCC2CO2)cc1)c1ccc(OCC2CO2)cc1,OC(=O)CCCC(=O)O,OC(=O)c1cccc(C(=O)O)c1,0.2,0.8,Dyn,5.0,434.864406779661,0.8496084022228283,0.06314407366993303
R020X080Y,CC(C)(c1ccc(OCC2CO2)cc1)c1ccc(OCC2CO2)cc1,OC(=O)CCCC(=O)O,OC(=O)c1cccc(C(=O)O)c1,0.2,0.8,Dyn,5.0,438.2542372881356,0.8890439799057629,0.05294708702378303
R020X080Y,CC(C)(c1ccc(OCC2CO2)cc1)c1ccc(OCC2CO2)cc1,OC(=O)CCCC(=O)O,OC(=O)c1cccc(C(=O)O)c1,0.2,0.8,Dyn,5.0,441.64406779661016,0.9204349215455372,0.0407765094479111
R020X080Y,CC(C)(c1ccc(OCC2CO2)cc1)c1ccc(OCC2CO2)cc1,OC(=O)CCCC(=O)O,OC(=O)c1cccc(C(=O)O)c1,0.2,0.8,Dyn,5.0,445.03389830508473,0.9444966878696196,0.0320420373994128
R020X080Y,CC(C)(c1ccc(OCC2CO2)cc1)c1ccc(OCC2CO2)cc1,OC(=O)CCCC(=O)O,OC(=O)c1cccc(C(=O)O)c1,0.2,0.8,Dyn,5.0,448.4237288135593,0.9622870309826667,0.021470263455055177
R020X080Y,CC(C)(c1ccc(OCC2CO2)cc1)c1ccc(OCC2CO2)cc1,OC(=O)CCCC(=O)O,OC(=O)c1cccc(C(=O)O)c1,0.2,0.8,Dyn,5.0,451.8135593220339,0.9750008747196652,0.015764822014038244
R020X080Y,CC(C)(c1ccc(OCC2CO2)cc1)c1ccc(OCC2CO2)cc1,OC(=O)CCCC(=O)O,OC(=O)c1cccc(C(=O)O)c1,0.2,0.8,Dyn,5.0,455.2033898305085,0.983803941648993,0.010769377892246065
R020X080Y,CC(C)(c1ccc(OCC2CO2)cc1)c1ccc(OCC2CO2)cc1,OC(=O)CCCC(=O)O,OC(=O)c1cccc(C(=O)O)c1,0.2,0.8,Dyn,5.0,458.59322033898303,0.9897245475624172,0.0069684049434348685
R020X080Y,CC(C)(c1ccc(OCC2CO2)cc1)c1ccc(OCC2CO2)cc1,OC(=O)CCCC(=O)O,OC(=O)c1cccc(C(=O)O)c1,0.2,0.8,Dyn,5.0,461.9830508474576,0.9936027201106727,0.00463376020464209
R020X080Y,CC(C)(c1ccc(OCC2CO2)cc1)c1ccc(OCC2CO2)cc1,OC(=O)CCCC(=O)O,OC(=O)c1cccc(C(=O)O)c1,0.2,0.8,Dyn,5.0,465.37288135593224,0.9960834648310588,0.002754725672483694
R020X080Y,CC(C)(c1ccc(OCC2CO2)cc1)c1ccc(OCC2CO2)cc1,OC(=O)CCCC(=O)O,OC(=O)c1cccc(C(=O)O)c1,0.2,0.8,Dyn,5.0,468.7627118644068,0.9976372203936689,0.0018979424013241346
R020X080Y,CC(C)(c1ccc(OCC2CO2)cc1)c1ccc(OCC2CO2)cc1,OC(=O)CCCC(=O)O,OC(=O)c1cccc(C(=O)O)c1,0.2,0.8,Dyn,5.0,472.1525423728814,0.9985925384074459,0.0010435094395768421
R020X080Y,CC(C)(c1ccc(OCC2CO2)cc1)c1ccc(OCC2CO2)cc1,OC(=O)CCCC(=O)O,OC(=O)c1cccc(C(=O)O)c1,0.2,0.8,Dyn,5.0,475.5423728813559,0.9991705658694741,0.0006707729173934335
R020X080Y,CC(C)(c1ccc(OCC2CO2)cc1)c1ccc(OCC2CO2)cc1,OC(=O)CCCC(=O)O,OC(=O)c1cccc(C(=O)O)c1,0.2,0.8,Dyn,5.0,478.93220338983053,0.9995155478390674,0.00037400078350393153
R020X080Y,CC(C)(c1ccc(OCC2CO2)cc1)c1ccc(OCC2CO2)cc1,OC(=O)CCCC(=O)O,OC(=O)c1cccc(C(=O)O)c1,0.2,0.8,Dyn,5.0,482.3220338983051,0.9997190817331659,0.00023492261127579188
R020X080Y,CC(C)(c1ccc(OCC2CO2)cc1)c1ccc(OCC2CO2)cc1,OC(=O)CCCC(=O)O,OC(=O)c1cccc(C(=O)O)c1,0.2,0.8,Dyn,5.0,485.7118644067797,0.9998380257786805,0.00013058827619536031
R020X080Y,CC(C)(c1ccc(OCC2CO2)cc1)c1ccc(OCC2CO2)cc1,OC(=O)CCCC(=O)O,OC(=O)c1cccc(C(=O)O)c1,0.2,0.8,Dyn,5.0,489.10169491525426,0.9999,8.369114748106503e-05
R020X080Y,CC(C)(c1ccc(OCC2CO2)cc1)c1ccc(OCC2CO2)cc1,OC(=O)CCCC(=O)O,OC(=O)c1cccc(C(=O)O)c1,0.2,0.8,Dyn,5.0,492.4915254237288,0.9999,9.366914472822177e-05
R020X080Y,CC(C)(c1ccc(OCC2CO2)cc1)c1ccc(OCC2CO2)cc1,OC(=O)CCCC(=O)O,OC(=O)c1cccc(C(=O)O)c1,0.2,0.8,Dyn,5.0,495.8813559322034,0.9999,0.00010829439805952863
R020X080Y,CC(C)(c1ccc(OCC2CO2)cc1)c1ccc(OCC2CO2)cc1,OC(=O)CCCC(=O)O,OC(=O)c1cccc(C(=O)O)c1,0.2,0.8,Dyn,5.0,499.271186440678,0.9999,0.00011620037962387938
R020X080Y,CC(C)(c1ccc(OCC2CO2)cc1)c1ccc(OCC2CO2)cc1,OC(=O)CCCC(=O)O,OC(=O)c1cccc(C(=O)O)c1,0.2,0.8,Dyn,5.0,502.66101694915255,0.9999,0.00011945086361343678
R020X080Y,CC(C)(c1ccc(OCC2CO2)cc1)c1ccc(OCC2CO2)cc1,OC(=O)CCCC(=O)O,OC(=O)c1cccc(C(=O)O)c1,0.2,0.8,Dyn,5.0,506.0508474576271,0.9999,0.00014298005597246726
R020X080Y,CC(C)(c1ccc(OCC2CO2)cc1)c1ccc(OCC2CO2)cc1,OC(=O)CCCC(=O)O,OC(=O)c1cccc(C(=O)O)c1,0.2,0.8,Dyn,5.0,509.4406779661017,0.9999,0.00016393081379732682
R020X080Y,CC(C)(c1ccc(OCC2CO2)cc1)c1ccc(OCC2CO2)cc1,OC(=O)CCCC(=O)O,OC(=O)c1cccc(C(=O)O)c1,0.2,0.8,Dyn,5.0,512.8305084745763,0.9999,0.0001790013468626889
R020X080Y,CC(C)(c1ccc(OCC2CO2)cc1)c1ccc(OCC2CO2)cc1,OC(=O)CCCC(=O)O,OC(=O)c1cccc(C(=O)O)c1,0.2,0.8,Dyn,5.0,516.2203389830509,0.9999,0.0002062053926803906
R020X080Y,CC(C)(c1ccc(OCC2CO2)cc1)c1ccc(OCC2CO2)cc1,OC(=O)CCCC(=O)O,OC(=O)c1cccc(C(=O)O)c1,0.2,0.8,Dyn,5.0,519.6101694915254,0.9999,0.00023044601929740193
R020X080Y,CC(C)(c1ccc(OCC2CO2)cc1)c1ccc(OCC2CO2)cc1,OC(=O)CCCC(=O)O,OC(=O)c1cccc(C(=O)O)c1,0.2,0.8,Dyn,5.0,523.0,0.9999,0.0002467045636659475
R020X080Y,CC(C)(c1ccc(OCC2CO2)cc1)c1ccc(OCC2CO2)cc1,OC(=O)CCCC(=O)O,OC(=O)c1cccc(C(=O)O)c1,0.2,0.8,Dyn,10.0,323.0,0.001,0.0002205633827303753
R020X080Y,CC(C)(c1ccc(OCC2CO2)cc1)c1ccc(OCC2CO2)cc1,OC(=O)CCCC(=O)O,OC(=O)c1cccc(C(=O)O)c1,0.2,0.8,Dyn,10.0,326.3898305084746,0.0010904190400548768,0.0003187252596773686
R020X080Y,CC(C)(c1ccc(OCC2CO2)cc1)c1ccc(OCC2CO2)cc1,OC(=O)CCCC(=O)O,OC(=O)c1cccc(C(=O)O)c1,0.2,0.8,Dyn,10.0,329.77966101694915,0.001210136750677465,0.00041796864500040726
R020X080Y,CC(C)(c1ccc(OCC2CO2)cc1)c1ccc(OCC2CO2)cc1,OC(=O)CCCC(=O)O,OC(=O)c1cccc(C(=O)O)c1,0.2,0.8,Dyn,10.0,333.1694915254237,0.0013683707031233922,0.0005298679069888146
R020X080Y,CC(C)(c1ccc(OCC2CO2)cc1)c1ccc(OCC2CO2)cc1,OC(=O)CCCC(=O)O,OC(=O)c1cccc(C(=O)O)c1,0.2,0.8,Dyn,10.0,336.5593220338983,0.001577211342794968,0.0007498263153056245
R020X080Y,CC(C)(c1ccc(OCC2CO2)cc1)c1ccc(OCC2CO2)cc1,OC(=O)CCCC(=O)O,OC(=O)c1cccc(C(=O)O)c1,0.2,0.8,Dyn,10.0,339.9491525423729,0.0018524875827652008,0.0009192760701745247
R020X080Y,CC(C)(c1ccc(OCC2CO2)cc1)c1ccc(OCC2CO2)cc1,OC(=O)CCCC(=O)O,OC(=O)c1cccc(C(=O)O)c1,0.2,0.8,Dyn,10.0,343.33898305084745,0.0022148600449852594,0.00118042979831487
R020X080Y,CC(C)(c1ccc(OCC2CO2)cc1)c1ccc(OCC2CO2)cc1,OC(=O)CCCC(=O)O,OC(=O)c1cccc(C(=O)O)c1,0.2,0.8,Dyn,10.0,346.728813559322,0.002691186551752358,0.0015976804565920205
R020X080Y,CC(C)(c1ccc(OCC2CO2)cc1)c1ccc(OCC2CO2)cc1,OC(=O)CCCC(=O)O,OC(=O)c1cccc(C(=O)O)c1,0.2,0.8,Dyn,10.0,350.1186440677966,0.003316210468446207,0.0021723500857023523
R020X080Y,CC(C)(c1ccc(OCC2CO2)cc1)c1ccc(OCC2CO2)cc1,OC(=O)CCCC(=O)O,OC(=O)c1cccc(C(=O)O)c1,0.2,0.8,Dyn,10.0,353.50847457627117,0.004134627824920812,0.002674904069569335
R020X080Y,CC(C)(c1ccc(OCC2CO2)cc1)c1ccc(OCC2CO2)cc1,OC(=O)CCCC(=O)O,OC(=O)c1cccc(C(=O)O)c1,0.2,0.8,Dyn,10.0,356.89830508474574,0.005203593935033728,0.0038002763248428583
R020X080Y,CC(C)(c1ccc(OCC2CO2)cc1)c1ccc(OCC2CO2)cc1,OC(=O)CCCC(=O)O,OC(=O)c1cccc(C(=O)O)c1,0.2,0.8,Dyn,10.0,360.2881355932203,0.006595731450890471,0.004542789609190529
R020X080Y,CC(C)(c1ccc(OCC2CO2)cc1)c1ccc(OCC2CO2)cc1,OC(=O)CCCC(=O)O,OC(=O)c1cccc(C(=O)O)c1,0.2,0.8,Dyn,10.0,363.6779661016949,0.008402695558123941,0.006222170781140177
R020X080Y,CC(C)(c1ccc(OCC2CO2)cc1)c1ccc(OCC2CO2)cc1,OC(=O)CCCC(=O)O,OC(=O)c1cccc(C(=O)O)c1,0.2,0.8,Dyn,10.0,367.06779661016947,0.010739335167262738,0.007934672668894744
R020X080Y,CC(C)(c1ccc(OCC2CO2)cc1)c1ccc(OCC2CO2)cc1,OC(=O)CCCC(=O)O,OC(=O)c1cccc(C(=O)O)c1,0.2,0.8,Dyn,10.0,370.45762711864404,0.01374845611991927,0.00998658020870838
R020X080Y,CC(C)(c1ccc(OCC2CO2)cc1)c1ccc(OCC2CO2)cc1,OC(=O)CCCC(=O)O,OC(=O)c1cccc(C(=O)O)c1,0.2,0.8,Dyn,10.0,373.8474576271186,0.017606133820180427,0.013248784232831861
R020X080Y,CC(C)(c1ccc(OCC2CO2)cc1)c1ccc(OCC2CO2)cc1,OC(=O)CCCC(=O)O,OC(=O)c1cccc(C(=O)O)c1,0.2,0.8,Dyn,10.0,377.2372881355932,0.022527427319872548,0.015595564501483765
R020X080Y,CC(C)(c1ccc(OCC2CO2)cc1)c1ccc(OCC2CO2)cc1,OC(=O)CCCC(=O)O,OC(=O)c1cccc(C(=O)O)c1,0.2,0.8,Dyn,10.0,380.62711864406776,0.028772205150550456,0.02150778741970675
R020X080Y,CC(C)(c1ccc(OCC2CO2)cc1)c1ccc(OCC2CO2)cc1,OC(=O)CCCC(=O)O,OC(=O)c1cccc(C(=O)O)c1,0.2,0.8,Dyn,10.0,384.01694915254234,0.03665058562980978,0.025945837851223626
R020X080Y,CC(C)(c1ccc(OCC2CO2)cc1)c1ccc(OCC2CO2)cc1,OC(=O)CCCC(=O)O,OC(=O)c1cccc(C(=O)O)c1,0.2,0.8,Dyn,10.0,387.4067796610169,0.046527205992893,0.03195507158300224
R020X080Y,CC(C)(c1ccc(OCC2CO2)cc1)c1ccc(OCC2CO2)cc1,OC(=O)CCCC(=O)O,OC(=O)c1cccc(C(=O)O)c1,0.2,0.8,Dyn,10.0,390.7966101694915,0.05882316358804235,0.04120233968162169
R020X080Y,CC(C)(c1ccc(OCC2CO2)cc1)c1ccc(OCC2CO2)cc1,OC(=O)CCCC(=O)O,OC(=O)c1cccc(C(=O)O)c1,0.2,0.8,Dyn,10.0,394.1864406779661,0.07401401726551,0.05116351933229164
R020X080Y,CC(C)(c1ccc(OCC2CO2)cc1)c1ccc(OCC2CO2)cc1,OC(=O)CCCC(=O)O,OC(=O)c1cccc(C(=O)O)c1,0.2,0.8,Dyn,10.0,397.5762711864407,0.09262174287192358,0.06186792978010886
R020X080Y,CC(C)(c1ccc(OCC2CO2)cc1)c1ccc(OCC2CO2)cc1,OC(=O)CCCC(=O)O,OC(=O)c1cccc(C(=O)O)c1,0.2,0.8,Dyn,10.0,400.96610169491527,0.11519809833321831,0.07738240577512162
R020X080Y,CC(C)(c1ccc(OCC2CO2)cc1)c1ccc(OCC2CO2)cc1,OC(=O)CCCC(=O)O,OC(=O)c1cccc(C(=O)O)c1,0.2,0.8,Dyn,10.0,404.35593220338984,0.14229663389094555,0.08995836756338653
R020X080Y,CC(C)(c1ccc(OCC2CO2)cc1)c1ccc(OCC2CO2)cc1,OC(=O)CCCC(=O)O,OC(=O)c1cccc(C(=O)O)c1,0.2,0.8,Dyn,10.0,407.74576271186436,0.17443086331970478,0.10662011084284875
R020X080Y,CC(C)(c1ccc(OCC2CO2)cc1)c1ccc(OCC2CO2)cc1,OC(=O)CCCC(=O)O,OC(=O)c1cccc(C(=O)O)c1,0.2,0.8,Dyn,10.0,411.135593220339,0.21201726064534762,0.11728808405890717
R020X080Y,CC(C)(c1ccc(OCC2CO2)cc1)c1ccc(OCC2CO2)cc1,OC(=O)CCCC(=O)O,OC(=O)c1cccc(C(=O)O)c1,0.2,0.8,Dyn,10.0,414.52542372881356,0.25530411561319577,0.13661256203000258
R020X080Y,CC(C)(c1ccc(OCC2CO2)cc1)c1ccc(OCC2CO2)cc1,OC(=O)CCCC(=O)O,OC(=O)c1cccc(C(=O)O)c1,0.2,0.8,Dyn,10.0,417.91525423728814,0.30429113632420507,0.15526661899148927
R020X080Y,CC(C)(c1ccc(OCC2CO2)cc1)c1ccc(OCC2CO2)cc1,OC(=O)CCCC(=O)O,OC(=O)c1cccc(C(=O)O)c1,0.2,0.8,Dyn,10.0,421.3050847457627,0.3586498627238037,0.1675869845563339
R020X080Y,CC(C)(c1ccc(OCC2CO2)cc1)c1ccc(OCC2CO2)cc1,OC(=O)CCCC(=O)O,OC(=O)c1cccc(C(=O)O)c1,0.2,0.8,Dyn,10.0,424.6949152542373,0.41766040276930794,0.1815529236522744
R020X080Y,CC(C)(c1ccc(OCC2CO2)cc1)c1ccc(OCC2CO2)cc1,OC(=O)CCCC(=O)O,OC(=O)c1cccc(C(=O)O)c1,0.2,0.8,Dyn,10.0,428.08474576271186,0.4801839175277983,0.19061272524358971
R020X080Y,CC(C)(c1ccc(OCC2CO2)cc1)c1ccc(OCC2CO2)cc1,OC(=O)CCCC(=O)O,OC(=O)c1cccc(C(=O)O)c1,0.2,0.8,Dyn,10.0,431.47457627118644,0.5446899549128865,0.19632159934018786
R020X080Y,CC(C)(c1ccc(OCC2CO2)cc1)c1ccc(OCC2CO2)cc1,OC(=O)CCCC(=O)O,OC(=O)c1cccc(C(=O)O)c1,0.2,0.8,Dyn,10.0,434.864406779661,0.6093507099973111,0.1884731564360161
R020X080Y,CC(C)(c1ccc(OCC2CO2)cc1)c1ccc(OCC2CO2)cc1,OC(=O)CCCC(=O)O,OC(=O)c1cccc(C(=O)O)c1,0.2,0.8,Dyn,10.0,438.2542372881356,0.6722001659062969,0.17891962572697773
R020X080Y,CC(C)(c1ccc(OCC2CO2)cc1)c1ccc(OCC2CO2)cc1,OC(=O)CCCC(=O)O,OC(=O)c1cccc(C(=O)O)c1,0.2,0.8,Dyn,10.0,441.64406779661016,0.731337494422257,0.1631283117885345
R020X080Y,CC(C)(c1ccc(OCC2CO2)cc1)c1ccc(OCC2CO2)cc1,OC(=O)CCCC(=O)O,OC(=O)c1cccc(C(=O)O)c1,0.2,0.8,Dyn,10.0,445.03389830508473,0.7851374983310873,0.14555062739021402
R020X080Y,CC(C)(c1ccc(OCC2CO2)cc1)c1ccc(OCC2CO2)cc1,OC(=O)CCCC(=O)O,OC(=O)c1cccc(C(=O)O)c1,0.2,0.8,Dyn,10.0,448.4237288135593,0.8324238762430233,0.13367082520560292
R020X080Y,CC(C)(c1ccc(OCC2CO2)cc1)c1ccc(OCC2CO2)cc1,OC(=O)CCCC(=O)O,OC(=O)c1cccc(C(=O)O)c1,0.2,0.8,Dyn,10.0,451.8135593220339,0.8725680962829169,0.1074166727236195
R020X080Y,CC(C)(c1ccc(OCC2CO2)cc1)c1ccc(OCC2CO2)cc1,OC(=O)CCCC(=O)O,OC(=O)c1cccc(C(=O)O)c1,0.2,0.8,Dyn,10.0,455.2033898305085,0.9054964728987003,0.08884228520596361
R020X080Y,CC(C)(c1ccc(OCC2CO2)cc1)c1ccc(OCC2CO2)cc1,OC(=O)CCCC(=O)O,OC(=O)c1cccc(C(=O)O)c1,0.2,0.8,Dyn,10.0,458.59322033898303,0.9316131857566079,0.06503748302856004
R020X080Y,CC(C)(c1ccc(OCC2CO2)cc1)c1ccc(OCC2CO2)cc1,OC(=O)CCCC(=O)O,OC(=O)c1cccc(C(=O)O)c1,0.2,0.8,Dyn,10.0,461.9830508474576,0.951666946905308,0.04814298153781114
R020X080Y,CC(C)(c1ccc(OCC2CO2)cc1)c1ccc(OCC2CO2)cc1,OC(=O)CCCC(=O)O,OC(=O)c1cccc(C(=O)O)c1,0.2,0.8,Dyn,10.0,465.37288135593224,0.966597746004463,0.03628994000282537
R020X080Y,CC(C)(c1ccc(OCC2CO2)cc1)c1ccc(OCC2CO2)cc1,OC(=O)CCCC(=O)O,OC(=O)c1cccc(C(=O)O)c1,0.2,0.8,Dyn,10.0,468.7627118644068,0.9773966545168215,0.027626409910127162
R020X080Y,CC(C)(c1ccc(OCC2CO2)cc1)c1ccc(OCC2CO2)cc1,OC(=O)CCCC(=O)O,OC(=O)c1cccc(C(=O)O)c1,0.2,0.8,Dyn,10.0,472.1525423728814,0.9849994065999461,0.019144910348274556
R020X080Y,CC(C)(c1ccc(OCC2CO2)cc1)c1ccc(OCC2CO2)cc1,OC(=O)CCCC(=O)O,OC(=O)c1cccc(C(=O)O)c1,0.2,0.8,Dyn,10.0,475.5423728813559,0.9902208346445802,0.012708524765961246
R020X080Y,CC(C)(c1ccc(OCC2CO2)cc1)c1ccc(OCC2CO2)cc1,OC(=O)CCCC(=O)O,OC(=O)c1cccc(C(=O)O)c1,0.2,0.8,Dyn,10.0,478.93220338983053,0.9937266876318894,0.008153279780590553
R020X080Y,CC(C)(c1ccc(OCC2CO2)cc1)c1ccc(OCC2CO2)cc1,OC(=O)CCCC(=O)O,OC(=O)c1cccc(C(=O)O)c1,0.2,0.8,Dyn,10.0,482.3220338983051,0.9960331714568764,0.005419680821225404
R020X080Y,CC(C)(c1ccc(OCC2CO2)cc1)c1ccc(OCC2CO2)cc1,OC(=O)CCCC(=O)O,OC(=O)c1cccc(C(=O)O)c1,0.2,0.8,Dyn,10.0,485.7118644067797,0.9975232465515769,0.0034525697212205676
R020X080Y,CC(C)(c1ccc(OCC2CO2)cc1)c1ccc(OCC2CO2)cc1,OC(=O)CCCC(=O)O,OC(=O)c1cccc(C(=O)O)c1,0.2,0.8,Dyn,10.0,489.10169491525426,0.9984705384668249,0.002174581196561407
R020X080Y,CC(C)(c1ccc(OCC2CO2)cc1)c1ccc(OCC2CO2)cc1,OC(=O)CCCC(=O)O,OC(=O)c1cccc(C(=O)O)c1,0.2,0.8,Dyn,10.0,492.4915254237288,0.99906437269434,0.0012652100593411755
R020X080Y,CC(C)(c1ccc(OCC2CO2)cc1)c1ccc(OCC2CO2)cc1,OC(=O)CCCC(=O)O,OC(=O)c1cccc(C(=O)O)c1,0.2,0.8,Dyn,10.0,495.8813559322034,0.9994321559412956,0.0008206606055751453
R020X080Y,CC(C)(c1ccc(OCC2CO2)cc1)c1ccc(OCC2CO2)cc1,OC(=O)CCCC(=O)O,OC(=O)c1cccc(C(=O)O)c1,0.2,0.8,Dyn,10.0,499.271186440678,0.9996576013096775,0.0005108740553833617
R020X080Y,CC(C)(c1ccc(OCC2CO2)cc1)c1ccc(OCC2CO2)cc1,OC(=O)CCCC(=O)O,OC(=O)c1cccc(C(=O)O)c1,0.2,0.8,Dyn,10.0,502.66101694915255,0.9997946097959615,0.00032513157554414494
R020X080Y,CC(C)(c1ccc(OCC2CO2)cc1)c1ccc(OCC2CO2)cc1,OC(=O)CCCC(=O)O,OC(=O)c1cccc(C(=O)O)c1,0.2,0.8,Dyn,10.0,506.0508474576271,0.9998772875446735,0.00018794760962971706
R020X080Y,CC(C)(c1ccc(OCC2CO2)cc1)c1ccc(OCC2CO2)cc1,OC(=O)CCCC(=O)O,OC(=O)c1cccc(C(=O)O)c1,0.2,0.8,Dyn,10.0,509.4406779661017,0.9999,0.0001698839830659733
R020X080Y,CC(C)(c1ccc(OCC2CO2)cc1)c1ccc(OCC2CO2)cc1,OC(=O)CCCC(=O)O,OC(=O)c1cccc(C(=O)O)c1,0.2,0.8,Dyn,10.0,512.8305084745763,0.9999,0.00017925581952574793
R020X080Y,CC(C)(c1ccc(OCC2CO2)cc1)c1ccc(OCC2CO2)cc1,OC(=O)CCCC(=O)O,OC(=O)c1cccc(C(=O)O)c1,0.2,0.8,Dyn,10.0,516.2203389830509,0.9999,0.0002000227692807905
R020X080Y,CC(C)(c1ccc(OCC2CO2)cc1)c1ccc(OCC2CO2)cc1,OC(=O)CCCC(=O)O,OC(=O)c1cccc(C(=O)O)c1,0.2,0.8,Dyn,10.0,519.6101694915254,0.9999,0.0001974728474501743
R020X080Y,CC(C)(c1ccc(OCC2CO2)cc1)c1ccc(OCC2CO2)cc1,OC(=O)CCCC(=O)O,OC(=O)c1cccc(C(=O)O)c1,0.2,0.8,Dyn,10.0,523.0,0.9999,0.00025124755411510007
R020X080Y,CC(C)(c1ccc(OCC2CO2)cc1)c1ccc(OCC2CO2)cc1,OC(=O)CCCC(=O)O,OC(=O)c1cccc(C(=O)O)c1,0.2,0.8,Dyn,20.0,323.0,0.001,0.00023467074673472958
R020X080Y,CC(C)(c1ccc(OCC2CO2)cc1)c1ccc(OCC2CO2)cc1,OC(=O)CCCC(=O)O,OC(=O)c1cccc(C(=O)O)c1,0.2,0.8,Dyn,20.0,326.3898305084746,0.0010450151547176372,0.0003194984479449116
R020X080Y,CC(C)(c1ccc(OCC2CO2)cc1)c1ccc(OCC2CO2)cc1,OC(=O)CCCC(=O)O,OC(=O)c1cccc(C(=O)O)c1,0.2,0.8,Dyn,20.0,329.77966101694915,0.0011040741383316112,0.0003917027740438861
R020X080Y,CC(C)(c1ccc(OCC2CO2)cc1)c1ccc(OCC2CO2)cc1,OC(=O)CCCC(=O)O,OC(=O)c1cccc(C(=O)O)c1,0.2,0.8,Dyn,20.0,333.1694915254237,0.0011813262414593117,0.0005207619416383676
R020X080Y,CC(C)(c1ccc(OCC2CO2)cc1)c1ccc(OCC2CO2)cc1,OC(=O)CCCC(=O)O,OC(=O)c1cccc(C(=O)O)c1,0.2,0.8,Dyn,20.0,336.5593220338983,0.0012821222820924118,0.000662516958995912
R020X080Y,CC(C)(c1ccc(OCC2CO2)cc1)c1ccc(OCC2CO2)cc1,OC(=O)CCCC(=O)O,OC(=O)c1cccc(C(=O)O)c1,0.2,0.8,Dyn,20.0,339.9491525423729,0.001413365729429736,0.000849458918305591
R020X080Y,CC(C)(c1ccc(OCC2CO2)cc1)c1ccc(OCC2CO2)cc1,OC(=O)CCCC(=O)O,OC(=O)c1cccc(C(=O)O)c1,0.2,0.8,Dyn,20.0,343.33898305084745,0.0015839626189088182,0.0011192616545422887
R020X080Y,CC(C)(c1ccc(OCC2CO2)cc1)c1ccc(OCC2CO2)cc1,OC(=O)CCCC(=O)O,OC(=O)c1cccc(C(=O)O)c1,0.2,0.8,Dyn,20.0,346.728813559322,0.0018053932236380508,0.0014682351505951481
R020X080Y,CC(C)(c1ccc(OCC2CO2)cc1)c1ccc(OCC2CO2)cc1,OC(=O)CCCC(=O)O,OC(=O)c1cccc(C(=O)O)c1,0.2,0.8,Dyn,20.0,350.1186440677966,0.0020924306059001852,0.0020001418028792674
R020X080Y,CC(C)(c1ccc(OCC2CO2)cc1)c1ccc(OCC2CO2)cc1,OC(=O)CCCC(=O)O,OC(=O)c1cccc(C(=O)O)c1,0.2,0.8,Dyn,20.0,353.50847457627117,0.0024640338694707563,0.0024868048210271248
R020X080Y,CC(C)(c1ccc(OCC2CO2)cc1)c1ccc(OCC2CO2)cc1,OC(=O)CCCC(=O)O,OC(=O)c1cccc(C(=O)O)c1,0.2,0.8,Dyn,20.0,356.89830508474574,0.002944445757641942,0.0031362277473398264
R020X080Y,CC(C)(c1ccc(OCC2CO2)cc1)c1ccc(OCC2CO2)cc1,OC(=O)CCCC(=O)O,OC(=O)c1cccc(C(=O)O)c1,0.2,0.8,Dyn,20.0,360.2881355932203,0.0035645308839762405,0.004160481869833536
R020X080Y,CC(C)(c1ccc(OCC2CO2)cc1)c1ccc(OCC2CO2)cc1,OC(=O)CCCC(=O)O,OC(=O)c1cccc(C(=O)O)c1,0.2,0.8,Dyn,20.0,363.6779661016949,0.004363389032307276,0.0053666946472934384
R020X080Y,CC(C)(c1ccc(OCC2CO2)cc1)c1ccc(OCC2CO2)cc1,OC(=O)CCCC(=O)O,OC(=O)c1cccc(C(=O)O)c1,0.2,0.8,Dyn,20.0,367.06779661016947,0.005390284349845365,0.006707007428647358
R020X080Y,CC(C)(c1ccc(OCC2CO2)cc1)c1ccc(OCC2CO2)cc1,OC(=O)CCCC(=O)O,OC(=O)c1cccc(C(=O)O)c1,0.2,0.8,Dyn,20.0,370.45762711864404,0.006706929501294727,0.009066414691534859
R020X080Y,CC(C)(c1ccc(OCC2CO2)cc1)c1ccc(OCC2CO2)cc1,OC(=O)CCCC(=O)O,OC(=O)c1cccc(C(=O)O)c1,0.2,0.8,Dyn,20.0,373.8474576271186,0.008390159146572942,0.010555564443664935
R020X080Y,CC(C)(c1ccc(OCC2CO2)cc1)c1ccc(OCC2CO2)cc1,OC(=O)CCCC(=O)O,OC(=O)c1cccc(C(=O)O)c1,0.2,0.8,Dyn,20.0,377.2372881355932,0.010535014049826236,0.014143065846160166
R020X080Y,CC(C)(c1ccc(OCC2CO2)cc1)c1ccc(OCC2CO2)cc1,OC(=O)CCCC(=O)O,OC(=O)c1cccc(C(=O)O)c1,0.2,0.8,Dyn,20.0,380.62711864406776,0.01325823770861782,0.01839924615221239
R020X080Y,CC(C)(c1ccc(OCC2CO2)cc1)c1ccc(OCC2CO2)cc1,OC(=O)CCCC(=O)O,OC(=O)c1cccc(C(=O)O)c1,0.2,0.8,Dyn,20.0,384.01694915254234,0.01670215314522734,0.02185345369679022
R020X080Y,CC(C)(c1ccc(OCC2CO2)cc1)c1ccc(OCC2CO2)cc1,OC(=O)CCCC(=O)O,OC(=O)c1cccc(C(=O)O)c1,0.2,0.8,Dyn,20.0,387.4067796610169,0.02103882323945186,0.02891732625648398
R020X080Y,CC(C)(c1ccc(OCC2CO2)cc1)c1ccc(OCC2CO2)cc1,OC(=O)CCCC(=O)O,OC(=O)c1cccc(C(=O)O)c1,0.2,0.8,Dyn,20.0,390.7966101694915,0.026474324867117493,0.037158848007314345
R020X080Y,CC(C)(c1ccc(OCC2CO2)cc1)c1ccc(OCC2CO2)cc1,OC(=O)CCCC(=O)O,OC(=O)c1cccc(C(=O)O)c1,0.2,0.8,Dyn,20.0,394.1864406779661,0.03325283934828514,0.0451014250458992
R020X080Y,CC(C)(c1ccc(OCC2CO2)cc1)c1ccc(OCC2CO2)cc1,OC(=O)CCCC(=O)O,OC(=O)c1cccc(C(=O)O)c1,0.2,0.8,Dyn,20.0,397.5762711864407,0.04166009819284212,0.05224326519896659
R020X080Y,CC(C)(c1ccc(OCC2CO2)cc1)c1ccc(OCC2CO2)cc1,OC(=O)CCCC(=O)O,OC(=O)c1cccc(C(=O)O)c1,0.2,0.8,Dyn,20.0,400.96610169491527,0.052025514549822564,0.06616749718348082
R020X080Y,CC(C)(c1ccc(OCC2CO2)cc1)c1ccc(OCC2CO2)cc1,OC(=O)CCCC(=O)O,OC(=O)c1cccc(C(=O)O)c1,0.2,0.8,Dyn,20.0,404.35593220338984,0.0647220724921339,0.08563396885053917
R020X080Y,CC(C)(c1ccc(OCC2CO2)cc1)c1ccc(OCC2CO2)cc1,OC(=O)CCCC(=O)O,OC(=O)c1cccc(C(=O)O)c1,0.2,0.8,Dyn,20.0,407.74576271186436,0.08016274661254652,0.1009529550189976
R020X080Y,CC(C)(c1ccc(OCC2CO2)cc1)c1ccc(OCC2CO2)cc1,OC(=O)CCCC(=O)O,OC(=O)c1cccc(C(=O)O)c1,0.2,0.8,Dyn,20.0,411.135593220339,0.09879194724303006,0.12018683613397556
R020X080Y,CC(C)(c1ccc(OCC2CO2)cc1)c1ccc(OCC2CO2)cc1,OC(=O)CCCC(=O)O,OC(=O)c1cccc(C(=O)O)c1,0.2,0.8,Dyn,20.0,414.52542372881356,0.12107025392132695,0.14500459642089775
R020X080Y,CC(C)(c1ccc(OCC2CO2)cc1)c1ccc(OCC2CO2)cc1,OC(=O)CCCC(=O)O,OC(=O)c1cccc(C(=O)O)c1,0.2,0.8,Dyn,20.0,417.91525423728814,0.1474506753007921,0.17223462853410507
R020X080Y,CC(C)(c1ccc(OCC2CO2)cc1)c1ccc(OCC2CO2)cc1,OC(=O)CCCC(=O)O,OC(=O)c1cccc(C(=O)O)c1,0.2,0.8,Dyn,20.0,421.3050847457627,0.17834503467275042,0.1921200760550726
R020X080Y,CC(C)(c1ccc(OCC2CO2)cc1)c1ccc(OCC2CO2)cc1,OC(=O)CCCC(=O)O,OC(=O)c1cccc(C(=O)O)c1,0.2,0.8,Dyn,20.0,424.6949152542373,0.21407999193092814,0.22360617732698973
R020X080Y,CC(C)(c1ccc(OCC2CO2)cc1)c1ccc(OCC2CO2)cc1,OC(=O)CCCC(=O)O,OC(=O)c1cccc(C(=O)O)c1,0.2,0.8,Dyn,20.0,428.08474576271186,0.2548437700395447,0.256533375109633
R020X080Y,CC(C)(c1ccc(OCC2CO2)cc1)c1ccc(OCC2CO2)cc1,OC(=O)CCCC(=O)O,OC(=O)c1cccc(C(=O)O)c1,0.2,0.8,Dyn,20.0,431.47457627118644,0.30062732344253684,0.27990940153740723
R020X080Y,CC(C)(c1ccc(OCC2CO2)cc1)c1ccc(OCC2CO2)cc1,OC(=O)CCCC(=O)O,OC(=O)c1cccc(C(=O)O)c1,0.2,0.8,Dyn,20.0,434.864406779661,0.3511666513249456,0.3100114232130673
R020X080Y,CC(C)(c1ccc(OCC2CO2)cc1)c1ccc(OCC2CO2)cc1,OC(=O)CCCC(=O)O,OC(=O)c1cccc(C(=O)O)c1,0.2,0.8,Dyn,20.0,438.2542372881356,0.40589638906279474,0.34666968123301706
R020X080Y,CC(C)(c1ccc(OCC2CO2)cc1)c1ccc(OCC2CO2)cc1,OC(=O)CCCC(=O)O,OC(=O)c1cccc(C(=O)O)c1,0.2,0.8,Dyn,20.0,441.64406779661016,0.46392717543345524,0.3397409520558328
R020X080Y,CC(C)(c1ccc(OCC2CO2)cc1)c1ccc(OCC2CO2)cc1,OC(=O)CCCC(=O)O,OC(=O)c1cccc(C(=O)O)c1,0.2,0.8,Dyn,20.0,445.03389830508473,0.5240591253388026,0.3789237397151644
R020X080Y,CC(C)(c1ccc(OCC2CO2)cc1)c1ccc(OCC2CO2)cc1,OC(=O)CCCC(=O)O,OC(=O)c1cccc(C(=O)O)c1,0.2,0.8,Dyn,20.0,448.4237288135593,0.5848401228309803,0.37756016206907106
R020X080Y,CC(C)(c1ccc(OCC2CO2)cc1)c1ccc(OCC2CO2)cc1,OC(=O)CCCC(=O)O,OC(=O)c1cccc(C(=O)O)c1,0.2,0.8,Dyn,20.0,451.8135593220339,0.6446697385558415,0.329145838096276
R020X080Y,CC(C)(c1ccc(OCC2CO2)cc1)c1ccc(OCC2CO2)cc1,OC(=O)CCCC(=O)O,OC(=O)c1cccc(C(=O)O)c1,0.2,0.8,Dyn,20.0,455.2033898305085,0.7019387565116402,0.32595383432500163
R020X080Y,CC(C)(c1ccc(OCC2CO2)cc1)c1ccc(OCC2CO2)cc1,OC(=O)CCCC(=O)O,OC(=O)c1cccc(C(=O)O)c1,0.2,0.8,Dyn,20.0,458.59322033898303,0.7551836751589592,0.3028667632509458
R020X080Y,CC(C)(c1ccc(OCC2CO2)cc1)c1ccc(OCC2CO2)cc1,OC(=O)CCCC(=O)O,OC(=O)c1cccc(C(=O)O)c1,0.2,0.8,Dyn,20.0,461.9830508474576,0.8032285215398802,0.2602873419865657
R020X080Y,CC(C)(c1ccc(OCC2CO2)cc1)c1ccc(OCC2CO2)cc1,OC(=O)CCCC(=O)O,OC(=O)c1cccc(C(=O)O)c1,0.2,0.8,Dyn,20.0,465.37288135593224,0.8452868899039981,0.22447252670926657
R020X080Y,CC(C)(c1ccc(OCC2CO2)cc1)c1ccc(OCC2CO2)cc1,OC(=O)CCCC(=O)O,OC(=O)c1cccc(C(=O)O)c1,0.2,0.8,Dyn,20.0,468.7627118644068,0.8810057819057329,0.19060631299653566
R020X080Y,CC(C)(c1ccc(OCC2CO2)cc1)c1ccc(OCC2CO2)cc1,OC(=O)CCCC(=O)O,OC(=O)c1cccc(C(=O)O)c1,0.2,0.8,Dyn,20.0,472.1525423728814,0.9104470801114327,0.1592979774757696
R020X080Y,CC(C)(c1ccc(OCC2CO2)cc1)c1ccc(OCC2CO2)cc1,OC(=O)CCCC(=O)O,OC(=O)c1cccc(C(=O)O)c1,0.2,0.8,Dyn,20.0,475.5423728813559,0.9340171548883945,0.12104753772983841
R020X080Y,CC(C)(c1ccc(OCC2CO2)cc1)c1ccc(OCC2CO2)cc1,OC(=O)CCCC(=O)O,OC(=O)c1cccc(C(=O)O)c1,0.2,0.8,Dyn,20.0,478.93220338983053,0.952364807198564,0.09951893686394883
R020X080Y,CC(C)(c1ccc(OCC2CO2)cc1)c1ccc(OCC2CO2)cc1,OC(=O)CCCC(=O)O,OC(=O)c1cccc(C(=O)O)c1,0.2,0.8,Dyn,20.0,482.3220338983051,0.9662707838541046,0.07116757813079988
R020X080Y,CC(C)(c1ccc(OCC2CO2)cc1)c1ccc(OCC2CO2)cc1,OC(=O)CCCC(=O)O,OC(=O)c1cccc(C(=O)O)c1,0.2,0.8,Dyn,20.0,485.7118644067797,0.9765485983660103,0.0513329688922882
R020X080Y,CC(C)(c1ccc(OCC2CO2)cc1)c1ccc(OCC2CO2)cc1,OC(=O)CCCC(=O)O,OC(=O)c1cccc(C(=O)O)c1,0.2,0.8,Dyn,20.0,489.10169491525426,0.9839688312210141,0.03833671946232857
R020X080Y,CC(C)(c1ccc(OCC2CO2)cc1)c1ccc(OCC2CO2)cc1,OC(=O)CCCC(=O)O,OC(=O)c1cccc(C(=O)O)c1,0.2,0.8,Dyn,20.0,492.4915254237288,0.98921090237349,0.02615670853143157
R020X080Y,CC(C)(c1ccc(OCC2CO2)cc1)c1ccc(OCC2CO2)cc1,OC(=O)CCCC(=O)O,OC(=O)c1cccc(C(=O)O)c1,0.2,0.8,Dyn,20.0,495.8813559322034,0.9928411544424196,0.017800253152150374
R020X080Y,CC(C)(c1ccc(OCC2CO2)cc1)c1ccc(OCC2CO2)cc1,OC(=O)CCCC(=O)O,OC(=O)c1cccc(C(=O)O)c1,0.2,0.8,Dyn,20.0,499.271186440678,0.9953101319230098,0.011749609905815766
R020X080Y,CC(C)(c1ccc(OCC2CO2)cc1)c1ccc(OCC2CO2)cc1,OC(=O)CCCC(=O)O,OC(=O)c1cccc(C(=O)O)c1,0.2,0.8,Dyn,20.0,502.66101694915255,0.9969622489579982,0.008307080421878279
R020X080Y,CC(C)(c1ccc(OCC2CO2)cc1)c1ccc(OCC2CO2)cc1,OC(=O)CCCC(=O)O,OC(=O)c1cccc(C(=O)O)c1,0.2,0.8,Dyn,20.0,506.0508474576271,0.9980519034274751,0.0052852505911845545
R020X080Y,CC(C)(c1ccc(OCC2CO2)cc1)c1ccc(OCC2CO2)cc1,OC(=O)CCCC(=O)O,OC(=O)c1cccc(C(=O)O)c1,0.2,0.8,Dyn,20.0,509.4406779661017,0.9987615020592688,0.003318507198857756
R020X080Y,CC(C)(c1ccc(OCC2CO2)cc1)c1ccc(OCC2CO2)cc1,OC(=O)CCCC(=O)O,OC(=O)c1cccc(C(=O)O)c1,0.2,0.8,Dyn,20.0,512.8305084745763,0.9992184718490106,0.0020370941747952518
R020X080Y,CC(C)(c1ccc(OCC2CO2)cc1)c1ccc(OCC2CO2)cc1,OC(=O)CCCC(=O)O,OC(=O)c1cccc(C(=O)O)c1,0.2,0.8,Dyn,20.0,516.2203389830509,0.9995098878019114,0.00137244704612737
R020X080Y,CC(C)(c1ccc(OCC2CO2)cc1)c1ccc(OCC2CO2)cc1,OC(=O)CCCC(=O)O,OC(=O)c1cccc(C(=O)O)c1,0.2,0.8,Dyn,20.0,519.6101694915254,0.9996941922986561,0.000825771798783585
R020X080Y,CC(C)(c1ccc(OCC2CO2)cc1)c1ccc(OCC2CO2)cc1,OC(=O)CCCC(=O)O,OC(=O)c1cccc(C(=O)O)c1,0.2,0.8,Dyn,20.0,523.0,0.9998099423901825,0.0005079065257968957
R020X080Y,CC(C)(c1ccc(OCC2CO2)cc1)c1ccc(OCC2CO2)cc1,OC(=O)CCCC(=O)O,OC(=O)c1cccc(C(=O)O)c1,0.2,0.8,Iso,119.85000000000002,393.0,0.001,0.021381640136708346
R020X080Y,CC(C)(c1ccc(OCC2CO2)cc1)c1ccc(OCC2CO2)cc1,OC(=O)CCCC(=O)O,OC(=O)c1cccc(C(=O)O)c1,0.2,0.8,Iso,119.85000000000002,393.0,0.08358797970266779,0.04751201481306837
R020X080Y,CC(C)(c1ccc(OCC2CO2)cc1)c1ccc(OCC2CO2)cc1,OC(=O)CCCC(=O)O,OC(=O)c1cccc(C(=O)O)c1,0.2,0.8,Iso,119.85000000000002,393.0,0.18143865715204932,0.049890419193747565
R020X080Y,CC(C)(c1ccc(OCC2CO2)cc1)c1ccc(OCC2CO2)cc1,OC(=O)CCCC(=O)O,OC(=O)c1cccc(C(=O)O)c1,0.2,0.8,Iso,119.85000000000002,393.0,0.2764878257923789,0.04545154272799848
R020X080Y,CC(C)(c1ccc(OCC2CO2)cc1)c1ccc(OCC2CO2)cc1,OC(=O)CCCC(=O)O,OC(=O)c1cccc(C(=O)O)c1,0.2,0.8,Iso,119.85000000000002,393.0,0.36392006051267745,0.04178358290772426
R020X080Y,CC(C)(c1ccc(OCC2CO2)cc1)c1ccc(OCC2CO2)cc1,OC(=O)CCCC(=O)O,OC(=O)c1cccc(C(=O)O)c1,0.2,0.8,Iso,119.85000000000002,393.0,0.44225388674038485,0.0348978903584667
R020X080Y,CC(C)(c1ccc(OCC2CO2)cc1)c1ccc(OCC2CO2)cc1,OC(=O)CCCC(=O)O,OC(=O)c1cccc(C(=O)O)c1,0.2,0.8,Iso,119.85000000000002,393.0,0.5114091027460965,0.03179862721997079
R020X080Y,CC(C)(c1ccc(OCC2CO2)cc1)c1ccc(OCC2CO2)cc1,OC(=O)CCCC(=O)O,OC(=O)c1cccc(C(=O)O)c1,0.2,0.8,Iso,119.85000000000002,393.0,0.5719350120829756,0.027868282884152922
R020X080Y,CC(C)(c1ccc(OCC2CO2)cc1)c1ccc(OCC2CO2)cc1,OC(=O)CCCC(=O)O,OC(=O)c1cccc(C(=O)O)c1,0.2,0.8,Iso,119.85000000000002,393.0,0.6246416568536034,0.024760910179410026
R020X080Y,CC(C)(c1ccc(OCC2CO2)cc1)c1ccc(OCC2CO2)cc1,OC(=O)CCCC(=O)O,OC(=O)c1cccc(C(=O)O)c1,0.2,0.8,Iso,119.85000000000002,393.0,0.6704132572859275,0.021016268858353688
R020X080Y,CC(C)(c1ccc(OCC2CO2)cc1)c1ccc(OCC2CO2)cc1,OC(=O)CCCC(=O)O,OC(=O)c1cccc(C(=O)O)c1,0.2,0.8,Iso,119.85000000000002,393.0,0.7101141333261749,0.018599610198146304
R020X080Y,CC(C)(c1ccc(OCC2CO2)cc1)c1ccc(OCC2CO2)cc1,OC(=O)CCCC(=O)O,OC(=O)c1cccc(C(=O)O)c1,0.2,0.8,Iso,119.85000000000002,393.0,0.7445439844690748,0.015515008804507607
R020X080Y,CC(C)(c1ccc(OCC2CO2)cc1)c1ccc(OCC2CO2)cc1,OC(=O)CCCC(=O)O,OC(=O)c1cccc(C(=O)O)c1,0.2,0.8,Iso,119.85000000000002,393.0,0.7744199010497215,0.013823213834476334
R020X080Y,CC(C)(c1ccc(OCC2CO2)cc1)c1ccc(OCC2CO2)cc1,OC(=O)CCCC(=O)O,OC(=O)c1cccc(C(=O)O)c1,0.2,0.8,Iso,119.85000000000002,393.0,0.8003726881180973,0.012036720746330262
R020X080Y,CC(C)(c1ccc(OCC2CO2)cc1)c1ccc(OCC2CO2)cc1,OC(=O)CCCC(=O)O,OC(=O)c1cccc(C(=O)O)c1,0.2,0.8,Iso,119.85000000000002,393.0,0.8229505459022421,0.009963362971670393
R020X080Y,CC(C)(c1ccc(OCC2CO2)cc1)c1ccc(OCC2CO2)cc1,OC(=O)CCCC(=O)O,OC(=O)c1cccc(C(=O)O)c1,0.2,0.8,Iso,119.85000000000002,393.0,0.8426261967741935,0.009076970136180577
R020X080Y,CC(C)(c1ccc(OCC2CO2)cc1)c1ccc(OCC2CO2)cc1,OC(=O)CCCC(=O)O,OC(=O)c1cccc(C(=O)O)c1,0.2,0.8,Iso,119.85000000000002,393.0,0.859805285065438,0.00781587819878088
R020X080Y,CC(C)(c1ccc(OCC2CO2)cc1)c1ccc(OCC2CO2)cc1,OC(=O)CCCC(=O)O,OC(=O)c1cccc(C(=O)O)c1,0.2,0.8,Iso,119.85000000000002,393.0,0.8748348757293263,0.00651679951315848
R020X080Y,CC(C)(c1ccc(OCC2CO2)cc1)c1ccc(OCC2CO2)cc1,OC(=O)CCCC(=O)O,OC(=O)c1cccc(C(=O)O)c1,0.2,0.8,Iso,119.85000000000002,393.0,0.8880114534250264,0.006240462211978796
R020X080Y,CC(C)(c1ccc(OCC2CO2)cc1)c1ccc(OCC2CO2)cc1,OC(=O)CCCC(=O)O,OC(=O)c1cccc(C(=O)O)c1,0.2,0.8,Iso,119.85000000000002,393.0,0.8995881519621352,0.005277451688534775
R020X080Y,CC(C)(c1ccc(OCC2CO2)cc1)c1ccc(OCC2CO2)cc1,OC(=O)CCCC(=O)O,OC(=O)c1cccc(C(=O)O)c1,0.2,0.8,Iso,119.85000000000002,393.0,0.9097811275107258,0.004582559316467559
R020X080Y,CC(C)(c1ccc(OCC2CO2)cc1)c1ccc(OCC2CO2)cc1,OC(=O)CCCC(=O)O,OC(=O)c1cccc(C(=O)O)c1,0.2,0.8,Iso,119.85000000000002,393.0,0.9187750875866734,0.004107133944469318
R020X080Y,CC(C)(c1ccc(OCC2CO2)cc1)c1ccc(OCC2CO2)cc1,OC(=O)CCCC(=O)O,OC(=O)c1cccc(C(=O)O)c1,0.2,0.8,Iso,119.85000000000002,393.0,0.9267280370844159,0.0036925525125187752
R020X080Y,CC(C)(c1ccc(OCC2CO2)cc1)c1ccc(OCC2CO2)cc1,OC(=O)CCCC(=O)O,OC(=O)c1cccc(C(=O)O)c1,0.2,0.8,Iso,119.85000000000002,393.0,0.9337753236376786,0.0034095821161722133
R020X080Y,CC(C)(c1ccc(OCC2CO2)cc1)c1ccc(OCC2CO2)cc1,OC(=O)CCCC(=O)O,OC(=O)c1cccc(C(=O)O)c1,0.2,0.8,Iso,119.85000000000002,393.0,0.940033069856806,0.0028851571199620244
R020X080Y,CC(C)(c1ccc(OCC2CO2)cc1)c1ccc(OCC2CO2)cc1,OC(=O)CCCC(=O)O,OC(=O)c1cccc(C(=O)O)c1,0.2,0.8,Iso,119.85000000000002,393.0,0.9456010768970289,0.0026192421638064
R020X080Y,CC(C)(c1ccc(OCC2CO2)cc1)c1ccc(OCC2CO2)cc1,OC(=O)CCCC(=O)O,OC(=O)c1cccc(C(=O)O)c1,0.2,0.8,Iso,119.85000000000002,393.0,0.9505652766619813,0.0023998613587810904
R020X080Y,CC(C)(c1ccc(OCC2CO2)cc1)c1ccc(OCC2CO2)cc1,OC(=O)CCCC(=O)O,OC(=O)c1cccc(C(=O)O)c1,0.2,0.8,Iso,119.85000000000002,393.0,0.9549998012028025,0.002093960450494543
R020X080Y,CC(C)(c1ccc(OCC2CO2)cc1)c1ccc(OCC2CO2)cc1,OC(=O)CCCC(=O)O,OC(=O)c1cccc(C(=O)O)c1,0.2,0.8,Iso,119.85000000000002,393.0,0.9589687288971429,0.0019055332191806348
R020X080Y,CC(C)(c1ccc(OCC2CO2)cc1)c1ccc(OCC2CO2)cc1,OC(=O)CCCC(=O)O,OC(=O)c1cccc(C(=O)O)c1,0.2,0.8,Iso,119.85000000000002,393.0,0.9625275584953146,0.0016334200487914865
R020X080Y,CC(C)(c1ccc(OCC2CO2)cc1)c1ccc(OCC2CO2)cc1,OC(=O)CCCC(=O)O,OC(=O)c1cccc(C(=O)O)c1,0.2,0.8,Iso,119.85000000000002,393.0,0.9657244544340302,0.0015243945491631521
R020X080Y,CC(C)(c1ccc(OCC2CO2)cc1)c1ccc(OCC2CO2)cc1,OC(=O)CCCC(=O)O,OC(=O)c1cccc(C(=O)O)c1,0.2,0.8,Iso,119.85000000000002,393.0,0.9686013000568343,0.00133961822907752
R020X080Y,CC(C)(c1ccc(OCC2CO2)cc1)c1ccc(OCC2CO2)cc1,OC(=O)CCCC(=O)O,OC(=O)c1cccc(C(=O)O)c1,0.2,0.8,Iso,119.85000000000002,393.0,0.9711945895413405,0.0012497457377805125
R020X080Y,CC(C)(c1ccc(OCC2CO2)cc1)c1ccc(OCC2CO2)cc1,OC(=O)CCCC(=O)O,OC(=O)c1cccc(C(=O)O)c1,0.2,0.8,Iso,119.85000000000002,393.0,0.9735361843533072,0.0010611856836790121
R020X080Y,CC(C)(c1ccc(OCC2CO2)cc1)c1ccc(OCC2CO2)cc1,OC(=O)CCCC(=O)O,OC(=O)c1cccc(C(=O)O)c1,0.2,0.8,Iso,119.85000000000002,393.0,0.975653955836319,0.000967185936854552
R020X080Y,CC(C)(c1ccc(OCC2CO2)cc1)c1ccc(OCC2CO2)cc1,OC(=O)CCCC(=O)O,OC(=O)c1cccc(C(=O)O)c1,0.2,0.8,Iso,119.85000000000002,393.0,0.9775723320056315,0.0009319832702476783
R020X080Y,CC(C)(c1ccc(OCC2CO2)cc1)c1ccc(OCC2CO2)cc1,OC(=O)CCCC(=O)O,OC(=O)c1cccc(C(=O)O)c1,0.2,0.8,Iso,119.85000000000002,393.0,0.97931276365095,0.0008103620745735864
R020X080Y,CC(C)(c1ccc(OCC2CO2)cc1)c1ccc(OCC2CO2)cc1,OC(=O)CCCC(=O)O,OC(=O)c1cccc(C(=O)O)c1,0.2,0.8,Iso,119.85000000000002,393.0,0.9808941223778794,0.0007332241768795791
R020X080Y,CC(C)(c1ccc(OCC2CO2)cc1)c1ccc(OCC2CO2)cc1,OC(=O)CCCC(=O)O,OC(=O)c1cccc(C(=O)O)c1,0.2,0.8,Iso,119.85000000000002,393.0,0.9823330411546835,0.0006765027974851042
R020X080Y,CC(C)(c1ccc(OCC2CO2)cc1)c1ccc(OCC2CO2)cc1,OC(=O)CCCC(=O)O,OC(=O)c1cccc(C(=O)O)c1,0.2,0.8,Iso,119.85000000000002,393.0,0.9836442062126668,0.0006027125142637965
R020X080Y,CC(C)(c1ccc(OCC2CO2)cc1)c1ccc(OCC2CO2)cc1,OC(=O)CCCC(=O)O,OC(=O)c1cccc(C(=O)O)c1,0.2,0.8,Iso,119.85000000000002,393.0,0.9848406077177342,0.0005844151615676528
R020X080Y,CC(C)(c1ccc(OCC2CO2)cc1)c1ccc(OCC2CO2)cc1,OC(=O)CCCC(=O)O,OC(=O)c1cccc(C(=O)O)c1,0.2,0.8,Iso,119.85000000000002,393.0,0.9859337554391904,0.000494549398236404
R020X080Y,CC(C)(c1ccc(OCC2CO2)cc1)c1ccc(OCC2CO2)cc1,OC(=O)CCCC(=O)O,OC(=O)c1cccc(C(=O)O)c1,0.2,0.8,Iso,119.85000000000002,393.0,0.9869338646491101,0.00046825445802522466
R020X080Y,CC(C)(c1ccc(OCC2CO2)cc1)c1ccc(OCC2CO2)cc1,OC(=O)CCCC(=O)O,OC(=O)c1cccc(C(=O)O)c1,0.2,0.8,Iso,119.85000000000002,393.0,0.9878500166578004,0.00043565265771272876
R020X080Y,CC(C)(c1ccc(OCC2CO2)cc1)c1ccc(OCC2CO2)cc1,OC(=O)CCCC(=O)O,OC(=O)c1cccc(C(=O)O)c1,0.2,0.8,Iso,119.85000000000002,393.0,0.9886902976999132,0.0003944617107002009
R020X080Y,CC(C)(c1ccc(OCC2CO2)cc1)c1ccc(OCC2CO2)cc1,OC(=O)CCCC(=O)O,OC(=O)c1cccc(C(=O)O)c1,0.2,0.8,Iso,119.85000000000002,393.0,0.9894619193083286,0.0003548356980739416
R020X080Y,CC(C)(c1ccc(OCC2CO2)cc1)c1ccc(OCC2CO2)cc1,OC(=O)CCCC(=O)O,OC(=O)c1cccc(C(=O)O)c1,0.2,0.8,Iso,119.85000000000002,393.0,0.9901713228297315,0.0003257515486185168
R020X080Y,CC(C)(c1ccc(OCC2CO2)cc1)c1ccc(OCC2CO2)cc1,OC(=O)CCCC(=O)O,OC(=O)c1cccc(C(=O)O)c1,0.2,0.8,Iso,119.85000000000002,393.0,0.9908242703308952,0.0003119534866005844
R020X080Y,CC(C)(c1ccc(OCC2CO2)cc1)c1ccc(OCC2CO2)cc1,OC(=O)CCCC(=O)O,OC(=O)c1cccc(C(=O)O)c1,0.2,0.8,Iso,119.85000000000002,393.0,0.9914259238048588,0.0002752032086568265
R020X080Y,CC(C)(c1ccc(OCC2CO2)cc1)c1ccc(OCC2CO2)cc1,OC(=O)CCCC(=O)O,OC(=O)c1cccc(C(=O)O)c1,0.2,0.8,Iso,119.85000000000002,393.0,0.991980914300548,0.0002671801812454877
R020X080Y,CC(C)(c1ccc(OCC2CO2)cc1)c1ccc(OCC2CO2)cc1,OC(=O)CCCC(=O)O,OC(=O)c1cccc(C(=O)O)c1,0.2,0.8,Iso,119.85000000000002,393.0,0.9924934023588786,0.00023108176308236404
R020X080Y,CC(C)(c1ccc(OCC2CO2)cc1)c1ccc(OCC2CO2)cc1,OC(=O)CCCC(=O)O,OC(=O)c1cccc(C(=O)O)c1,0.2,0.8,Iso,119.85000000000002,393.0,0.9929671309356058,0.0002202262027730885
R020X080Y,CC(C)(c1ccc(OCC2CO2)cc1)c1ccc(OCC2CO2)cc1,OC(=O)CCCC(=O)O,OC(=O)c1cccc(C(=O)O)c1,0.2,0.8,Iso,119.85000000000002,393.0,0.9934054718198287,0.00020755501544835126
R020X080Y,CC(C)(c1ccc(OCC2CO2)cc1)c1ccc(OCC2CO2)cc1,OC(=O)CCCC(=O)O,OC(=O)c1cccc(C(=O)O)c1,0.2,0.8,Iso,119.85000000000002,393.0,0.9938114664121203,0.00018490661309312876
R020X080Y,CC(C)(c1ccc(OCC2CO2)cc1)c1ccc(OCC2CO2)cc1,OC(=O)CCCC(=O)O,OC(=O)c1cccc(C(=O)O)c1,0.2,0.8,Iso,119.85000000000002,393.0,0.9941878616033791,0.00018168728801669923
R020X080Y,CC(C)(c1ccc(OCC2CO2)cc1)c1ccc(OCC2CO2)cc1,OC(=O)CCCC(=O)O,OC(=O)c1cccc(C(=O)O)c1,0.2,0.8,Iso,119.85000000000002,393.0,0.9945371413911889,0.00016534893109923938
R020X080Y,CC(C)(c1ccc(OCC2CO2)cc1)c1ccc(OCC2CO2)cc1,OC(=O)CCCC(=O)O,OC(=O)c1cccc(C(=O)O)c1,0.2,0.8,Iso,119.85000000000002,393.0,0.9948615547817515,0.0001489540929375415
R020X080Y,CC(C)(c1ccc(OCC2CO2)cc1)c1ccc(OCC2CO2)cc1,OC(=O)CCCC(=O)O,OC(=O)c1cccc(C(=O)O)c1,0.2,0.8,Iso,119.85000000000002,393.0,0.9951631404498915,0.0001364632166708679
R020X080Y,CC(C)(c1ccc(OCC2CO2)cc1)c1ccc(OCC2CO2)cc1,OC(=O)CCCC(=O)O,OC(=O)c1cccc(C(=O)O)c1,0.2,0.8,Iso,119.85000000000002,393.0,0.9954437485651336,0.00012683970595330006
R020X080Y,CC(C)(c1ccc(OCC2CO2)cc1)c1ccc(OCC2CO2)cc1,OC(=O)CCCC(=O)O,OC(=O)c1cccc(C(=O)O)c1,0.2,0.8,Iso,119.85000000000002,393.0,0.9957050601367468,0.00012418071497158846
R020X080Y,CC(C)(c1ccc(OCC2CO2)cc1)c1ccc(OCC2CO2)cc1,OC(=O)CCCC(=O)O,OC(=O)c1cccc(C(=O)O)c1,0.2,0.8,Iso,139.85000000000002,413.0,0.001,0.05736171461223287
R020X080Y,CC(C)(c1ccc(OCC2CO2)cc1)c1ccc(OCC2CO2)cc1,OC(=O)CCCC(=O)O,OC(=O)c1cccc(C(=O)O)c1,0.2,0.8,Iso,139.85000000000002,413.0,0.2538863279486148,0.1215120425077273
R020X080Y,CC(C)(c1ccc(OCC2CO2)cc1)c1ccc(OCC2CO2)cc1,OC(=O)CCCC(=O)O,OC(=O)c1cccc(C(=O)O)c1,0.2,0.8,Iso,139.85000000000002,413.0,0.4787727464673221,0.09287907841136168
R020X080Y,CC(C)(c1ccc(OCC2CO2)cc1)c1ccc(OCC2CO2)cc1,OC(=O)CCCC(=O)O,OC(=O)c1cccc(C(=O)O)c1,0.2,0.8,Iso,139.85000000000002,413.0,0.6375420717264866,0.06842217456494148
R020X080Y,CC(C)(c1ccc(OCC2CO2)cc1)c1ccc(OCC2CO2)cc1,OC(=O)CCCC(=O)O,OC(=O)c1cccc(C(=O)O)c1,0.2,0.8,Iso,139.85000000000002,413.0,0.7453028059291682,0.04362939458318975
R020X080Y,CC(C)(c1ccc(OCC2CO2)cc1)c1ccc(OCC2CO2)cc1,OC(=O)CCCC(=O)O,OC(=O)c1cccc(C(=O)O)c1,0.2,0.8,Iso,139.85000000000002,413.0,0.8182403571183671,0.030080401269630803
R020X080Y,CC(C)(c1ccc(OCC2CO2)cc1)c1ccc(OCC2CO2)cc1,OC(=O)CCCC(=O)O,OC(=O)c1cccc(C(=O)O)c1,0.2,0.8,Iso,139.85000000000002,413.0,0.8681023351824235,0.02038186798860643
R020X080Y,CC(C)(c1ccc(OCC2CO2)cc1)c1ccc(OCC2CO2)cc1,OC(=O)CCCC(=O)O,OC(=O)c1cccc(C(=O)O)c1,0.2,0.8,Iso,139.85000000000002,413.0,0.9026937628475529,0.014502500814926931
R020X080Y,CC(C)(c1ccc(OCC2CO2)cc1)c1ccc(OCC2CO2)cc1,OC(=O)CCCC(=O)O,OC(=O)c1cccc(C(=O)O)c1,0.2,0.8,Iso,139.85000000000002,413.0,0.927081953663959,0.009670459449035211
R020X080Y,CC(C)(c1ccc(OCC2CO2)cc1)c1ccc(OCC2CO2)cc1,OC(=O)CCCC(=O)O,OC(=O)c1cccc(C(=O)O)c1,0.2,0.8,Iso,139.85000000000002,413.0,0.9445565581589005,0.0071862590180887635
R020X080Y,CC(C)(c1ccc(OCC2CO2)cc1)c1ccc(OCC2CO2)cc1,OC(=O)CCCC(=O)O,OC(=O)c1cccc(C(=O)O)c1,0.2,0.8,Iso,139.85000000000002,413.0,0.9572733517786982,0.005381709965349491
R020X080Y,CC(C)(c1ccc(OCC2CO2)cc1)c1ccc(OCC2CO2)cc1,OC(=O)CCCC(=O)O,OC(=O)c1cccc(C(=O)O)c1,0.2,0.8,Iso,139.85000000000002,413.0,0.966664111661207,0.003970075648459272
R020X080Y,CC(C)(c1ccc(OCC2CO2)cc1)c1ccc(OCC2CO2)cc1,OC(=O)CCCC(=O)O,OC(=O)c1cccc(C(=O)O)c1,0.2,0.8,Iso,139.85000000000002,413.0,0.97369403707665,0.0029766216107717076
R020X080Y,CC(C)(c1ccc(OCC2CO2)cc1)c1ccc(OCC2CO2)cc1,OC(=O)CCCC(=O)O,OC(=O)c1cccc(C(=O)O)c1,0.2,0.8,Iso,139.85000000000002,413.0,0.9790237499699187,0.002238470971542906
R020X080Y,CC(C)(c1ccc(OCC2CO2)cc1)c1ccc(OCC2CO2)cc1,OC(=O)CCCC(=O)O,OC(=O)c1cccc(C(=O)O)c1,0.2,0.8,Iso,139.85000000000002,413.0,0.9831121810240864,0.0017486875643716558
R020X080Y,CC(C)(c1ccc(OCC2CO2)cc1)c1ccc(OCC2CO2)cc1,OC(=O)CCCC(=O)O,OC(=O)c1cccc(C(=O)O)c1,0.2,0.8,Iso,139.85000000000002,413.0,0.9862827273809901,0.0013421426419291426
R020X080Y,CC(C)(c1ccc(OCC2CO2)cc1)c1ccc(OCC2CO2)cc1,OC(=O)CCCC(=O)O,OC(=O)c1cccc(C(=O)O)c1,0.2,0.8,Iso,139.85000000000002,413.0,0.9887663832431118,0.0010031517411674363
R020X080Y,CC(C)(c1ccc(OCC2CO2)cc1)c1ccc(OCC2CO2)cc1,OC(=O)CCCC(=O)O,OC(=O)c1cccc(C(=O)O)c1,0.2,0.8,Iso,139.85000000000002,413.0,0.9907302593891542,0.0008285267970570985
R020X080Y,CC(C)(c1ccc(OCC2CO2)cc1)c1ccc(OCC2CO2)cc1,OC(=O)CCCC(=O)O,OC(=O)c1cccc(C(=O)O)c1,0.2,0.8,Iso,139.85000000000002,413.0,0.9922967078334907,0.0006981947835622839
R020X080Y,CC(C)(c1ccc(OCC2CO2)cc1)c1ccc(OCC2CO2)cc1,OC(=O)CCCC(=O)O,OC(=O)c1cccc(C(=O)O)c1,0.2,0.8,Iso,139.85000000000002,413.0,0.9935563224061029,0.0005817143526296958
R020X080Y,CC(C)(c1ccc(OCC2CO2)cc1)c1ccc(OCC2CO2)cc1,OC(=O)CCCC(=O)O,OC(=O)c1cccc(C(=O)O)c1,0.2,0.8,Iso,139.85000000000002,413.0,0.994576892612553,0.0004765598956058536
R020X080Y,CC(C)(c1ccc(OCC2CO2)cc1)c1ccc(OCC2CO2)cc1,OC(=O)CCCC(=O)O,OC(=O)c1cccc(C(=O)O)c1,0.2,0.8,Iso,139.85000000000002,413.0,0.9954096477324951,0.0003711573150721459
R020X080Y,CC(C)(c1ccc(OCC2CO2)cc1)c1ccc(OCC2CO2)cc1,OC(=O)CCCC(=O)O,OC(=O)c1cccc(C(=O)O)c1,0.2,0.8,Iso,139.85000000000002,413.0,0.9960936630386371,0.000313151197360104
R020X080Y,CC(C)(c1ccc(OCC2CO2)cc1)c1ccc(OCC2CO2)cc1,OC(=O)CCCC(=O)O,OC(=O)c1cccc(C(=O)O)c1,0.2,0.8,Iso,139.85000000000002,413.0,0.9966590041210948,0.00025972647073065064
R020X080Y,CC(C)(c1ccc(OCC2CO2)cc1)c1ccc(OCC2CO2)cc1,OC(=O)CCCC(=O)O,OC(=O)c1cccc(C(=O)O)c1,0.2,0.8,Iso,139.85000000000002,413.0,0.9971289946135488,0.0002064244590530898
R020X080Y,CC(C)(c1ccc(OCC2CO2)cc1)c1ccc(OCC2CO2)cc1,OC(=O)CCCC(=O)O,OC(=O)c1cccc(C(=O)O)c1,0.2,0.8,Iso,139.85000000000002,413.0,0.9975218681758693,0.0001676922280488155
R020X080Y,CC(C)(c1ccc(OCC2CO2)cc1)c1ccc(OCC2CO2)cc1,OC(=O)CCCC(=O)O,OC(=O)c1cccc(C(=O)O)c1,0.2,0.8,Iso,139.85000000000002,413.0,0.997851983380202,0.00014898605506696755
R020X080Y,CC(C)(c1ccc(OCC2CO2)cc1)c1ccc(OCC2CO2)cc1,OC(=O)CCCC(=O)O,OC(=O)c1cccc(C(=O)O)c1,0.2,0.8,Iso,139.85000000000002,413.0,0.9981307251969944,0.00011932790997391053
R020X080Y,CC(C)(c1ccc(OCC2CO2)cc1)c1ccc(OCC2CO2)cc1,OC(=O)CCCC(=O)O,OC(=O)c1cccc(C(=O)O)c1,0.2,0.8,Iso,139.85000000000002,413.0,0.9983671796291254,0.00010609171399878521
R020X080Y,CC(C)(c1ccc(OCC2CO2)cc1)c1ccc(OCC2CO2)cc1,OC(=O)CCCC(=O)O,OC(=O)c1cccc(C(=O)O)c1,0.2,0.8,Iso,139.85000000000002,413.0,0.9985686426557324,9.313461591388452e-05
R020X080Y,CC(C)(c1ccc(OCC2CO2)cc1)c1ccc(OCC2CO2)cc1,OC(=O)CCCC(=O)O,OC(=O)c1cccc(C(=O)O)c1,0.2,0.8,Iso,139.85000000000002,413.0,0.9987410071183204,7.50754057946922e-05
R020X080Y,CC(C)(c1ccc(OCC2CO2)cc1)c1ccc(OCC2CO2)cc1,OC(=O)CCCC(=O)O,OC(=O)c1cccc(C(=O)O)c1,0.2,0.8,Iso,139.85000000000002,413.0,0.9988890589582314,6.755235421084413e-05
R020X080Y,CC(C)(c1ccc(OCC2CO2)cc1)c1ccc(OCC2CO2)cc1,OC(=O)CCCC(=O)O,OC(=O)c1cccc(C(=O)O)c1,0.2,0.8,Iso,139.85000000000002,413.0,0.9990167056101493,6.046240595016284e-05
R020X080Y,CC(C)(c1ccc(OCC2CO2)cc1)c1ccc(OCC2CO2)cc1,OC(=O)CCCC(=O)O,OC(=O)c1cccc(C(=O)O)c1,0.2,0.8,Iso,139.85000000000002,413.0,0.9991271532448072,5.107672215685376e-05
R020X080Y,CC(C)(c1ccc(OCC2CO2)cc1)c1ccc(OCC2CO2)cc1,OC(=O)CCCC(=O)O,OC(=O)c1cccc(C(=O)O)c1,0.2,0.8,Iso,139.85000000000002,413.0,0.9992230451758591,4.463228874802606e-05
R020X080Y,CC(C)(c1ccc(OCC2CO2)cc1)c1ccc(OCC2CO2)cc1,OC(=O)CCCC(=O)O,OC(=O)c1cccc(C(=O)O)c1,0.2,0.8,Iso,139.85000000000002,413.0,0.9993065705836779,3.938115860583378e-05
R020X080Y,CC(C)(c1ccc(OCC2CO2)cc1)c1ccc(OCC2CO2)cc1,OC(=O)CCCC(=O)O,OC(=O)c1cccc(C(=O)O)c1,0.2,0.8,Iso,139.85000000000002,413.0,0.9993795504068967,3.529360458870849e-05
R020X080Y,CC(C)(c1ccc(OCC2CO2)cc1)c1ccc(OCC2CO2)cc1,OC(=O)CCCC(=O)O,OC(=O)c1cccc(C(=O)O)c1,0.2,0.8,Iso,139.85000000000002,413.0,0.9994435055643519,2.9577738878113287e-05
R020X080Y,CC(C)(c1ccc(OCC2CO2)cc1)c1ccc(OCC2CO2)cc1,OC(=O)CCCC(=O)O,OC(=O)c1cccc(C(=O)O)c1,0.2,0.8,Iso,139.85000000000002,413.0,0.9994997114231269,2.6868586749191674e-05
R020X080Y,CC(C)(c1ccc(OCC2CO2)cc1)c1ccc(OCC2CO2)cc1,OC(=O)CCCC(=O)O,OC(=O)c1cccc(C(=O)O)c1,0.2,0.8,Iso,139.85000000000002,413.0,0.9995492415010416,2.2821848537635468e-05
R020X080Y,CC(C)(c1ccc(OCC2CO2)cc1)c1ccc(OCC2CO2)cc1,OC(=O)CCCC(=O)O,OC(=O)c1cccc(C(=O)O)c1,0.2,0.8,Iso,139.85000000000002,413.0,0.99959300269773,1.9897337331689223e-05
R020X080Y,CC(C)(c1ccc(OCC2CO2)cc1)c1ccc(OCC2CO2)cc1,OC(=O)CCCC(=O)O,OC(=O)c1cccc(C(=O)O)c1,0.2,0.8,Iso,139.85000000000002,413.0,0.9996317638255346,1.8109187661210917e-05
R020X080Y,CC(C)(c1ccc(OCC2CO2)cc1)c1ccc(OCC2CO2)cc1,OC(=O)CCCC(=O)O,OC(=O)c1cccc(C(=O)O)c1,0.2,0.8,Iso,139.85000000000002,413.0,0.9996661788151704,1.5657420237120123e-05
R020X080Y,CC(C)(c1ccc(OCC2CO2)cc1)c1ccc(OCC2CO2)cc1,OC(=O)CCCC(=O)O,OC(=O)c1cccc(C(=O)O)c1,0.2,0.8,Iso,139.85000000000002,413.0,0.9996968056690686,1.3963894551598484e-05
R020X080Y,CC(C)(c1ccc(OCC2CO2)cc1)c1ccc(OCC2CO2)cc1,OC(=O)CCCC(=O)O,OC(=O)c1cccc(C(=O)O)c1,0.2,0.8,Iso,139.85000000000002,413.0,0.9997241220038342,1.2455086301507753e-05
R020X080Y,CC(C)(c1ccc(OCC2CO2)cc1)c1ccc(OCC2CO2)cc1,OC(=O)CCCC(=O)O,OC(=O)c1cccc(C(=O)O)c1,0.2,0.8,Iso,139.85000000000002,413.0,0.9997485378448882,1.0569691643938052e-05
R020X080Y,CC(C)(c1ccc(OCC2CO2)cc1)c1ccc(OCC2CO2)cc1,OC(=O)CCCC(=O)O,OC(=O)c1cccc(C(=O)O)c1,0.2,0.8,Iso,139.85000000000002,413.0,0.9997704061982347,1.0209626987766119e-05
R020X080Y,CC(C)(c1ccc(OCC2CO2)cc1)c1ccc(OCC2CO2)cc1,OC(=O)CCCC(=O)O,OC(=O)c1cccc(C(=O)O)c1,0.2,0.8,Iso,139.85000000000002,413.0,0.9997900318167968,8.796030985292855e-06
R020X080Y,CC(C)(c1ccc(OCC2CO2)cc1)c1ccc(OCC2CO2)cc1,OC(=O)CCCC(=O)O,OC(=O)c1cccc(C(=O)O)c1,0.2,0.8,Iso,139.85000000000002,413.0,0.9998076784947064,8.202127774871645e-06
R020X080Y,CC(C)(c1ccc(OCC2CO2)cc1)c1ccc(OCC2CO2)cc1,OC(=O)CCCC(=O)O,OC(=O)c1cccc(C(=O)O)c1,0.2,0.8,Iso,139.85000000000002,413.0,0.9998235751568965,7.742131264790112e-06
R020X080Y,CC(C)(c1ccc(OCC2CO2)cc1)c1ccc(OCC2CO2)cc1,OC(=O)CCCC(=O)O,OC(=O)c1cccc(C(=O)O)c1,0.2,0.8,Iso,139.85000000000002,413.0,0.999837920959255,6.59676835364188e-06
R020X080Y,CC(C)(c1ccc(OCC2CO2)cc1)c1ccc(OCC2CO2)cc1,OC(=O)CCCC(=O)O,OC(=O)c1cccc(C(=O)O)c1,0.2,0.8,Iso,139.85000000000002,413.0,0.999850889573317,5.964779414120227e-06
R020X080Y,CC(C)(c1ccc(OCC2CO2)cc1)c1ccc(OCC2CO2)cc1,OC(=O)CCCC(=O)O,OC(=O)c1cccc(C(=O)O)c1,0.2,0.8,Iso,139.85000000000002,413.0,0.9998626327966323,5.719847594778269e-06
R020X080Y,CC(C)(c1ccc(OCC2CO2)cc1)c1ccc(OCC2CO2)cc1,OC(=O)CCCC(=O)O,OC(=O)c1cccc(C(=O)O)c1,0.2,0.8,Iso,139.85000000000002,413.0,0.999873283603717,5.069581279870157e-06
R020X080Y,CC(C)(c1ccc(OCC2CO2)cc1)c1ccc(OCC2CO2)cc1,OC(=O)CCCC(=O)O,OC(=O)c1cccc(C(=O)O)c1,0.2,0.8,Iso,139.85000000000002,413.0,0.999882958731466,4.667281059682815e-06
R020X080Y,CC(C)(c1ccc(OCC2CO2)cc1)c1ccc(OCC2CO2)cc1,OC(=O)CCCC(=O)O,OC(=O)c1cccc(C(=O)O)c1,0.2,0.8,Iso,139.85000000000002,413.0,0.9998917608759789,4.084402703258357e-06
R020X080Y,CC(C)(c1ccc(OCC2CO2)cc1)c1ccc(OCC2CO2)cc1,OC(=O)CCCC(=O)O,OC(=O)c1cccc(C(=O)O)c1,0.2,0.8,Iso,139.85000000000002,413.0,0.9998997805640826,3.848638282868976e-06
R020X080Y,CC(C)(c1ccc(OCC2CO2)cc1)c1ccc(OCC2CO2)cc1,OC(=O)CCCC(=O)O,OC(=O)c1cccc(C(=O)O)c1,0.2,0.8,Iso,139.85000000000002,413.0,0.9999,3.366113720236169e-06
R020X080Y,CC(C)(c1ccc(OCC2CO2)cc1)c1ccc(OCC2CO2)cc1,OC(=O)CCCC(=O)O,OC(=O)c1cccc(C(=O)O)c1,0.2,0.8,Iso,139.85000000000002,413.0,0.9999,3.078561221313367e-06
R020X080Y,CC(C)(c1ccc(OCC2CO2)cc1)c1ccc(OCC2CO2)cc1,OC(=O)CCCC(=O)O,OC(=O)c1cccc(C(=O)O)c1,0.2,0.8,Iso,139.85000000000002,413.0,0.9999,2.928207937757468e-06
R020X080Y,CC(C)(c1ccc(OCC2CO2)cc1)c1ccc(OCC2CO2)cc1,OC(=O)CCCC(=O)O,OC(=O)c1cccc(C(=O)O)c1,0.2,0.8,Iso,159.85000000000002,433.0,0.001,0.14645098582130472
R020X080Y,CC(C)(c1ccc(OCC2CO2)cc1)c1ccc(OCC2CO2)cc1,OC(=O)CCCC(=O)O,OC(=O)c1cccc(C(=O)O)c1,0.2,0.8,Iso,159.85000000000002,433.0,0.567171809557571,0.19873883731357123
R020X080Y,CC(C)(c1ccc(OCC2CO2)cc1)c1ccc(OCC2CO2)cc1,OC(=O)CCCC(=O)O,OC(=O)c1cccc(C(=O)O)c1,0.2,0.8,Iso,159.85000000000002,433.0,0.819378957515537,0.07852220424188527
R020X080Y,CC(C)(c1ccc(OCC2CO2)cc1)c1ccc(OCC2CO2)cc1,OC(=O)CCCC(=O)O,OC(=O)c1cccc(C(=O)O)c1,0.2,0.8,Iso,159.85000000000002,433.0,0.9166167170913675,0.02813639531495213
R020X080Y,CC(C)(c1ccc(OCC2CO2)cc1)c1ccc(OCC2CO2)cc1,OC(=O)CCCC(=O)O,OC(=O)c1cccc(C(=O)O)c1,0.2,0.8,Iso,159.85000000000002,433.0,0.9576860595974064,0.012947683451671185
R020X080Y,CC(C)(c1ccc(OCC2CO2)cc1)c1ccc(OCC2CO2)cc1,OC(=O)CCCC(=O)O,OC(=O)c1cccc(C(=O)O)c1,0.2,0.8,Iso,159.85000000000002,433.0,0.9767910353882518,0.006686234277937035
R020X080Y,CC(C)(c1ccc(OCC2CO2)cc1)c1ccc(OCC2CO2)cc1,OC(=O)CCCC(=O)O,OC(=O)c1cccc(C(=O)O)c1,0.2,0.8,Iso,159.85000000000002,433.0,0.986441848331653,0.003385639491330854
R020X080Y,CC(C)(c1ccc(OCC2CO2)cc1)c1ccc(OCC2CO2)cc1,OC(=O)CCCC(=O)O,OC(=O)c1cccc(C(=O)O)c1,0.2,0.8,Iso,159.85000000000002,433.0,0.991660640661609,0.001965994852778108
R020X080Y,CC(C)(c1ccc(OCC2CO2)cc1)c1ccc(OCC2CO2)cc1,OC(=O)CCCC(=O)O,OC(=O)c1cccc(C(=O)O)c1,0.2,0.8,Iso,159.85000000000002,433.0,0.9946466283679116,0.0010829387887752152
R020X080Y,CC(C)(c1ccc(OCC2CO2)cc1)c1ccc(OCC2CO2)cc1,OC(=O)CCCC(=O)O,OC(=O)c1cccc(C(=O)O)c1,0.2,0.8,Iso,159.85000000000002,433.0,0.9964377264880983,0.0006920535356548164
R020X080Y,CC(C)(c1ccc(OCC2CO2)cc1)c1ccc(OCC2CO2)cc1,OC(=O)CCCC(=O)O,OC(=O)c1cccc(C(=O)O)c1,0.2,0.8,Iso,159.85000000000002,433.0,0.9975559287895281,0.0004341501567142085
R020X080Y,CC(C)(c1ccc(OCC2CO2)cc1)c1ccc(OCC2CO2)cc1,OC(=O)CCCC(=O)O,OC(=O)c1cccc(C(=O)O)c1,0.2,0.8,Iso,159.85000000000002,433.0,0.9982783604939302,0.00028766618795751555
R020X080Y,CC(C)(c1ccc(OCC2CO2)cc1)c1ccc(OCC2CO2)cc1,OC(=O)CCCC(=O)O,OC(=O)c1cccc(C(=O)O)c1,0.2,0.8,Iso,159.85000000000002,433.0,0.998759139496742,0.0001953153812196118
R020X080Y,CC(C)(c1ccc(OCC2CO2)cc1)c1ccc(OCC2CO2)cc1,OC(=O)CCCC(=O)O,OC(=O)c1cccc(C(=O)O)c1,0.2,0.8,Iso,159.85000000000002,433.0,0.9990874898053891,0.00012885403138197
R020X080Y,CC(C)(c1ccc(OCC2CO2)cc1)c1ccc(OCC2CO2)cc1,OC(=O)CCCC(=O)O,OC(=O)c1cccc(C(=O)O)c1,0.2,0.8,Iso,159.85000000000002,433.0,0.9993169101074934,9.144843314016343e-05
R020X080Y,CC(C)(c1ccc(OCC2CO2)cc1)c1ccc(OCC2CO2)cc1,OC(=O)CCCC(=O)O,OC(=O)c1cccc(C(=O)O)c1,0.2,0.8,Iso,159.85000000000002,433.0,0.9994804836166117,7.089604820234353e-05
R020X080Y,CC(C)(c1ccc(OCC2CO2)cc1)c1ccc(OCC2CO2)cc1,OC(=O)CCCC(=O)O,OC(=O)c1cccc(C(=O)O)c1,0.2,0.8,Iso,159.85000000000002,433.0,0.9995992361317992,5.0272184417723784e-05
R020X080Y,CC(C)(c1ccc(OCC2CO2)cc1)c1ccc(OCC2CO2)cc1,OC(=O)CCCC(=O)O,OC(=O)c1cccc(C(=O)O)c1,0.2,0.8,Iso,159.85000000000002,433.0,0.999686860638874,3.718242967468709e-05
R020X080Y,CC(C)(c1ccc(OCC2CO2)cc1)c1ccc(OCC2CO2)cc1,OC(=O)CCCC(=O)O,OC(=O)c1cccc(C(=O)O)c1,0.2,0.8,Iso,159.85000000000002,433.0,0.9997524722130109,2.7916016675735173e-05
R020X080Y,CC(C)(c1ccc(OCC2CO2)cc1)c1ccc(OCC2CO2)cc1,OC(=O)CCCC(=O)O,OC(=O)c1cccc(C(=O)O)c1,0.2,0.8,Iso,159.85000000000002,433.0,0.9998022597360661,2.1578623779999332e-05
R020X080Y,CC(C)(c1ccc(OCC2CO2)cc1)c1ccc(OCC2CO2)cc1,OC(=O)CCCC(=O)O,OC(=O)c1cccc(C(=O)O)c1,0.2,0.8,Iso,159.85000000000002,433.0,0.9998405013597573,1.592498850973762e-05
R020X080Y,CC(C)(c1ccc(OCC2CO2)cc1)c1ccc(OCC2CO2)cc1,OC(=O)CCCC(=O)O,OC(=O)c1cccc(C(=O)O)c1,0.2,0.8,Iso,159.85000000000002,433.0,0.9998702031644016,1.2497132334878913e-05
R020X080Y,CC(C)(c1ccc(OCC2CO2)cc1)c1ccc(OCC2CO2)cc1,OC(=O)CCCC(=O)O,OC(=O)c1cccc(C(=O)O)c1,0.2,0.8,Iso,159.85000000000002,433.0,0.9998935092345229,1.0557616209852823e-05
R020X080Y,CC(C)(c1ccc(OCC2CO2)cc1)c1ccc(OCC2CO2)cc1,OC(=O)CCCC(=O)O,OC(=O)c1cccc(C(=O)O)c1,0.2,0.8,Iso,159.85000000000002,433.0,0.9999,8.121844656460734e-06
R020X080Y,CC(C)(c1ccc(OCC2CO2)cc1)c1ccc(OCC2CO2)cc1,OC(=O)CCCC(=O)O,OC(=O)c1cccc(C(=O)O)c1,0.2,0.8,Iso,159.85000000000002,433.0,0.9999,6.653656423084595e-06
R020X080Y,CC(C)(c1ccc(OCC2CO2)cc1)c1ccc(OCC2CO2)cc1,OC(=O)CCCC(=O)O,OC(=O)c1cccc(C(=O)O)c1,0.2,0.8,Iso,159.85000000000002,433.0,0.9999,5.151940269029235e-06
R020X080Y,CC(C)(c1ccc(OCC2CO2)cc1)c1ccc(OCC2CO2)cc1,OC(=O)CCCC(=O)O,OC(=O)c1cccc(C(=O)O)c1,0.2,0.8,Iso,159.85000000000002,433.0,0.9999,4.451174320825383e-06
R020X080Y,CC(C)(c1ccc(OCC2CO2)cc1)c1ccc(OCC2CO2)cc1,OC(=O)CCCC(=O)O,OC(=O)c1cccc(C(=O)O)c1,0.2,0.8,Iso,159.85000000000002,433.0,0.9999,3.5422461935487904e-06
R020X080Y,CC(C)(c1ccc(OCC2CO2)cc1)c1ccc(OCC2CO2)cc1,OC(=O)CCCC(=O)O,OC(=O)c1cccc(C(=O)O)c1,0.2,0.8,Iso,159.85000000000002,433.0,0.9999,2.9355365236602513e-06
R020X080Y,CC(C)(c1ccc(OCC2CO2)cc1)c1ccc(OCC2CO2)cc1,OC(=O)CCCC(=O)O,OC(=O)c1cccc(C(=O)O)c1,0.2,0.8,Iso,159.85000000000002,433.0,0.9999,2.4422788397627382e-06
R020X080Y,CC(C)(c1ccc(OCC2CO2)cc1)c1ccc(OCC2CO2)cc1,OC(=O)CCCC(=O)O,OC(=O)c1cccc(C(=O)O)c1,0.2,0.8,Iso,159.85000000000002,433.0,0.9999,1.9582289835159175e-06
R020X080Y,CC(C)(c1ccc(OCC2CO2)cc1)c1ccc(OCC2CO2)cc1,OC(=O)CCCC(=O)O,OC(=O)c1cccc(C(=O)O)c1,0.2,0.8,Iso,159.85000000000002,433.0,0.9999,1.5896969967693646e-06
R020X080Y,CC(C)(c1ccc(OCC2CO2)cc1)c1ccc(OCC2CO2)cc1,OC(=O)CCCC(=O)O,OC(=O)c1cccc(C(=O)O)c1,0.2,0.8,Iso,159.85000000000002,433.0,0.9999,1.3746972459957251e-06
R020X080Y,CC(C)(c1ccc(OCC2CO2)cc1)c1ccc(OCC2CO2)cc1,OC(=O)CCCC(=O)O,OC(=O)c1cccc(C(=O)O)c1,0.2,0.8,Iso,159.85000000000002,433.0,0.9999,1.262790065189306e-06
R020X080Y,CC(C)(c1ccc(OCC2CO2)cc1)c1ccc(OCC2CO2)cc1,OC(=O)CCCC(=O)O,OC(=O)c1cccc(C(=O)O)c1,0.2,0.8,Iso,159.85000000000002,433.0,0.9999,1.0648590750280896e-06
R020X080Y,CC(C)(c1ccc(OCC2CO2)cc1)c1ccc(OCC2CO2)cc1,OC(=O)CCCC(=O)O,OC(=O)c1cccc(C(=O)O)c1,0.2,0.8,Iso,159.85000000000002,433.0,0.9999,8.670199536156046e-07
R020X080Y,CC(C)(c1ccc(OCC2CO2)cc1)c1ccc(OCC2CO2)cc1,OC(=O)CCCC(=O)O,OC(=O)c1cccc(C(=O)O)c1,0.2,0.8,Iso,159.85000000000002,433.0,0.9999,7.451837192990242e-07
R020X080Y,CC(C)(c1ccc(OCC2CO2)cc1)c1ccc(OCC2CO2)cc1,OC(=O)CCCC(=O)O,OC(=O)c1cccc(C(=O)O)c1,0.2,0.8,Iso,159.85000000000002,433.0,0.9999,6.680344226452461e-07
R020X080Y,CC(C)(c1ccc(OCC2CO2)cc1)c1ccc(OCC2CO2)cc1,OC(=O)CCCC(=O)O,OC(=O)c1cccc(C(=O)O)c1,0.2,0.8,Iso,159.85000000000002,433.0,0.9999,5.573838414093268e-07
R020X080Y,CC(C)(c1ccc(OCC2CO2)cc1)c1ccc(OCC2CO2)cc1,OC(=O)CCCC(=O)O,OC(=O)c1cccc(C(=O)O)c1,0.2,0.8,Iso,159.85000000000002,433.0,0.9999,4.671290202687851e-07
R020X080Y,CC(C)(c1ccc(OCC2CO2)cc1)c1ccc(OCC2CO2)cc1,OC(=O)CCCC(=O)O,OC(=O)c1cccc(C(=O)O)c1,0.2,0.8,Iso,159.85000000000002,433.0,0.9999,4.3919858159305616e-07
R020X080Y,CC(C)(c1ccc(OCC2CO2)cc1)c1ccc(OCC2CO2)cc1,OC(=O)CCCC(=O)O,OC(=O)c1cccc(C(=O)O)c1,0.2,0.8,Iso,159.85000000000002,433.0,0.9999,3.747878421578429e-07
R020X080Y,CC(C)(c1ccc(OCC2CO2)cc1)c1ccc(OCC2CO2)cc1,OC(=O)CCCC(=O)O,OC(=O)c1cccc(C(=O)O)c1,0.2,0.8,Iso,159.85000000000002,433.0,0.9999,2.991984078367074e-07
R020X080Y,CC(C)(c1ccc(OCC2CO2)cc1)c1ccc(OCC2CO2)cc1,OC(=O)CCCC(=O)O,OC(=O)c1cccc(C(=O)O)c1,0.2,0.8,Iso,159.85000000000002,433.0,0.9999,2.8159663029406447e-07
R020X080Y,CC(C)(c1ccc(OCC2CO2)cc1)c1ccc(OCC2CO2)cc1,OC(=O)CCCC(=O)O,OC(=O)c1cccc(C(=O)O)c1,0.2,0.8,Iso,159.85000000000002,433.0,0.9999,2.5145840129297644e-07
R020X080Y,CC(C)(c1ccc(OCC2CO2)cc1)c1ccc(OCC2CO2)cc1,OC(=O)CCCC(=O)O,OC(=O)c1cccc(C(=O)O)c1,0.2,0.8,Iso,159.85000000000002,433.0,0.9999,2.243039108005642e-07
R020X080Y,CC(C)(c1ccc(OCC2CO2)cc1)c1ccc(OCC2CO2)cc1,OC(=O)CCCC(=O)O,OC(=O)c1cccc(C(=O)O)c1,0.2,0.8,Iso,159.85000000000002,433.0,0.9999,1.9665207830936496e-07
R020X080Y,CC(C)(c1ccc(OCC2CO2)cc1)c1ccc(OCC2CO2)cc1,OC(=O)CCCC(=O)O,OC(=O)c1cccc(C(=O)O)c1,0.2,0.8,Iso,159.85000000000002,433.0,0.9999,1.7041940905396824e-07
R020X080Y,CC(C)(c1ccc(OCC2CO2)cc1)c1ccc(OCC2CO2)cc1,OC(=O)CCCC(=O)O,OC(=O)c1cccc(C(=O)O)c1,0.2,0.8,Iso,159.85000000000002,433.0,0.9999,1.5400815667715723e-07
R020X080Y,CC(C)(c1ccc(OCC2CO2)cc1)c1ccc(OCC2CO2)cc1,OC(=O)CCCC(=O)O,OC(=O)c1cccc(C(=O)O)c1,0.2,0.8,Iso,159.85000000000002,433.0,0.9999,1.3900280837935473e-07
R020X080Y,CC(C)(c1ccc(OCC2CO2)cc1)c1ccc(OCC2CO2)cc1,OC(=O)CCCC(=O)O,OC(=O)c1cccc(C(=O)O)c1,0.2,0.8,Iso,159.85000000000002,433.0,0.9999,1.2211658009921312e-07
R020X080Y,CC(C)(c1ccc(OCC2CO2)cc1)c1ccc(OCC2CO2)cc1,OC(=O)CCCC(=O)O,OC(=O)c1cccc(C(=O)O)c1,0.2,0.8,Iso,159.85000000000002,433.0,0.9999,1.0899091690397521e-07
R020X080Y,CC(C)(c1ccc(OCC2CO2)cc1)c1ccc(OCC2CO2)cc1,OC(=O)CCCC(=O)O,OC(=O)c1cccc(C(=O)O)c1,0.2,0.8,Iso,159.85000000000002,433.0,0.9999,1.0259555407585974e-07
R020X080Y,CC(C)(c1ccc(OCC2CO2)cc1)c1ccc(OCC2CO2)cc1,OC(=O)CCCC(=O)O,OC(=O)c1cccc(C(=O)O)c1,0.2,0.8,Iso,159.85000000000002,433.0,0.9999,8.635586197664002e-08
R020X080Y,CC(C)(c1ccc(OCC2CO2)cc1)c1ccc(OCC2CO2)cc1,OC(=O)CCCC(=O)O,OC(=O)c1cccc(C(=O)O)c1,0.2,0.8,Iso,159.85000000000002,433.0,0.9999,7.919984797881275e-08
R020X080Y,CC(C)(c1ccc(OCC2CO2)cc1)c1ccc(OCC2CO2)cc1,OC(=O)CCCC(=O)O,OC(=O)c1cccc(C(=O)O)c1,0.2,0.8,Iso,159.85000000000002,433.0,0.9999,6.780701355263556e-08
R020X080Y,CC(C)(c1ccc(OCC2CO2)cc1)c1ccc(OCC2CO2)cc1,OC(=O)CCCC(=O)O,OC(=O)c1cccc(C(=O)O)c1,0.2,0.8,Iso,159.85000000000002,433.0,0.9999,6.631404080786836e-08
R020X080Y,CC(C)(c1ccc(OCC2CO2)cc1)c1ccc(OCC2CO2)cc1,OC(=O)CCCC(=O)O,OC(=O)c1cccc(C(=O)O)c1,0.2,0.8,Iso,159.85000000000002,433.0,0.9999,6.053915034164293e-08
R020X080Y,CC(C)(c1ccc(OCC2CO2)cc1)c1ccc(OCC2CO2)cc1,OC(=O)CCCC(=O)O,OC(=O)c1cccc(C(=O)O)c1,0.2,0.8,Iso,159.85000000000002,433.0,0.9999,5.444194491639512e-08
R020X080Y,CC(C)(c1ccc(OCC2CO2)cc1)c1ccc(OCC2CO2)cc1,OC(=O)CCCC(=O)O,OC(=O)c1cccc(C(=O)O)c1,0.2,0.8,Iso,159.85000000000002,433.0,0.9999,4.99795151965512e-08
R050X050Y,CC(C)(c1ccc(OCC2CO2)cc1)c1ccc(OCC2CO2)cc1,OC(=O)CCCC(=O)O,OC(=O)c1cccc(C(=O)O)c1,0.5,0.5,Dyn,5.0,323.0,0.001,0.00035380738981258025
R050X050Y,CC(C)(c1ccc(OCC2CO2)cc1)c1ccc(OCC2CO2)cc1,OC(=O)CCCC(=O)O,OC(=O)c1cccc(C(=O)O)c1,0.5,0.5,Dyn,5.0,326.3898305084746,0.0012766907502262611,0.0004780028453619883
R050X050Y,CC(C)(c1ccc(OCC2CO2)cc1)c1ccc(OCC2CO2)cc1,OC(=O)CCCC(=O)O,OC(=O)c1cccc(C(=O)O)c1,0.5,0.5,Dyn,5.0,329.77966101694915,0.0016510644864468629,0.0006483936569819215
R050X050Y,CC(C)(c1ccc(OCC2CO2)cc1)c1ccc(OCC2CO2)cc1,OC(=O)CCCC(=O)O,OC(=O)c1cccc(C(=O)O)c1,0.5,0.5,Dyn,5.0,333.1694915254237,0.002156059649277737,0.0008540692842064848
R050X050Y,CC(C)(c1ccc(OCC2CO2)cc1)c1ccc(OCC2CO2)cc1,OC(=O)CCCC(=O)O,OC(=O)c1cccc(C(=O)O)c1,0.5,0.5,Dyn,5.0,336.5593220338983,0.002834834651808684,0.0011963158456618124
R050X050Y,CC(C)(c1ccc(OCC2CO2)cc1)c1ccc(OCC2CO2)cc1,OC(=O)CCCC(=O)O,OC(=O)c1cccc(C(=O)O)c1,0.5,0.5,Dyn,5.0,339.9491525423729,0.0037435505441887093,0.0015271767941457553
R050X050Y,CC(C)(c1ccc(OCC2CO2)cc1)c1ccc(OCC2CO2)cc1,OC(=O)CCCC(=O)O,OC(=O)c1cccc(C(=O)O)c1,0.5,0.5,Dyn,5.0,343.33898305084745,0.004954776940866708,0.001962520799077026
R050X050Y,CC(C)(c1ccc(OCC2CO2)cc1)c1ccc(OCC2CO2)cc1,OC(=O)CCCC(=O)O,OC(=O)c1cccc(C(=O)O)c1,0.5,0.5,Dyn,5.0,346.728813559322,0.006561610002911716,0.0027858417429235957
R050X050Y,CC(C)(c1ccc(OCC2CO2)cc1)c1ccc(OCC2CO2)cc1,OC(=O)CCCC(=O)O,OC(=O)c1cccc(C(=O)O)c1,0.5,0.5,Dyn,5.0,350.1186440677966,0.008682577069247388,0.003775497859388176
R050X050Y,CC(C)(c1ccc(OCC2CO2)cc1)c1ccc(OCC2CO2)cc1,OC(=O)CCCC(=O)O,OC(=O)c1cccc(C(=O)O)c1,0.5,0.5,Dyn,5.0,353.50847457627117,0.011467368734513596,0.00454919566872966
R050X050Y,CC(C)(c1ccc(OCC2CO2)cc1)c1ccc(OCC2CO2)cc1,OC(=O)CCCC(=O)O,OC(=O)c1cccc(C(=O)O)c1,0.5,0.5,Dyn,5.0,356.89830508474574,0.015103374217942563,0.006080418233107392
R050X050Y,CC(C)(c1ccc(OCC2CO2)cc1)c1ccc(OCC2CO2)cc1,OC(=O)CCCC(=O)O,OC(=O)c1cccc(C(=O)O)c1,0.5,0.5,Dyn,5.0,360.2881355932203,0.01982288447286388,0.007731045889108567
R050X050Y,CC(C)(c1ccc(OCC2CO2)cc1)c1ccc(OCC2CO2)cc1,OC(=O)CCCC(=O)O,OC(=O)c1cccc(C(=O)O)c1,0.5,0.5,Dyn,5.0,363.6779661016949,0.025910649450944057,0.010034201840735321
R050X050Y,CC(C)(c1ccc(OCC2CO2)cc1)c1ccc(OCC2CO2)cc1,OC(=O)CCCC(=O)O,OC(=O)c1cccc(C(=O)O)c1,0.5,0.5,Dyn,5.0,367.06779661016947,0.03371120634346005,0.01298028789614646
R050X050Y,CC(C)(c1ccc(OCC2CO2)cc1)c1ccc(OCC2CO2)cc1,OC(=O)CCCC(=O)O,OC(=O)c1cccc(C(=O)O)c1,0.5,0.5,Dyn,5.0,370.45762711864404,0.043635009540184656,0.015818715174100276
R050X050Y,CC(C)(c1ccc(OCC2CO2)cc1)c1ccc(OCC2CO2)cc1,OC(=O)CCCC(=O)O,OC(=O)c1cccc(C(=O)O)c1,0.5,0.5,Dyn,5.0,373.8474576271186,0.056161870507460666,0.020486202611378724
R050X050Y,CC(C)(c1ccc(OCC2CO2)cc1)c1ccc(OCC2CO2)cc1,OC(=O)CCCC(=O)O,OC(=O)c1cccc(C(=O)O)c1,0.5,0.5,Dyn,5.0,377.2372881355932,0.07183955936949357,0.02460847256292261
R050X050Y,CC(C)(c1ccc(OCC2CO2)cc1)c1ccc(OCC2CO2)cc1,OC(=O)CCCC(=O)O,OC(=O)c1cccc(C(=O)O)c1,0.5,0.5,Dyn,5.0,380.62711864406776,0.09127467823111954,0.03121123186864739
R050X050Y,CC(C)(c1ccc(OCC2CO2)cc1)c1ccc(OCC2CO2)cc1,OC(=O)CCCC(=O)O,OC(=O)c1cccc(C(=O)O)c1,0.5,0.5,Dyn,5.0,384.01694915254234,0.11511222356326309,0.037350750987825886
R050X050Y,CC(C)(c1ccc(OCC2CO2)cc1)c1ccc(OCC2CO2)cc1,OC(=O)CCCC(=O)O,OC(=O)c1cccc(C(=O)O)c1,0.5,0.5,Dyn,5.0,387.4067796610169,0.14399987691077332,0.04515632014245085
R050X050Y,CC(C)(c1ccc(OCC2CO2)cc1)c1ccc(OCC2CO2)cc1,OC(=O)CCCC(=O)O,OC(=O)c1cccc(C(=O)O)c1,0.5,0.5,Dyn,5.0,390.7966101694915,0.17853343531689125,0.05249735383961713
R050X050Y,CC(C)(c1ccc(OCC2CO2)cc1)c1ccc(OCC2CO2)cc1,OC(=O)CCCC(=O)O,OC(=O)c1cccc(C(=O)O)c1,0.5,0.5,Dyn,5.0,394.1864406779661,0.21918151468515418,0.06698572111966006
R050X050Y,CC(C)(c1ccc(OCC2CO2)cc1)c1ccc(OCC2CO2)cc1,OC(=O)CCCC(=O)O,OC(=O)c1cccc(C(=O)O)c1,0.5,0.5,Dyn,5.0,397.5762711864407,0.2661913628184726,0.07517102078233566
R050X050Y,CC(C)(c1ccc(OCC2CO2)cc1)c1ccc(OCC2CO2)cc1,OC(=O)CCCC(=O)O,OC(=O)c1cccc(C(=O)O)c1,0.5,0.5,Dyn,5.0,400.96610169491527,0.31948367452527493,0.07827212280785904
R050X050Y,CC(C)(c1ccc(OCC2CO2)cc1)c1ccc(OCC2CO2)cc1,OC(=O)CCCC(=O)O,OC(=O)c1cccc(C(=O)O)c1,0.5,0.5,Dyn,5.0,404.35593220338984,0.3785522676380833,0.08932781531243308
R050X050Y,CC(C)(c1ccc(OCC2CO2)cc1)c1ccc(OCC2CO2)cc1,OC(=O)CCCC(=O)O,OC(=O)c1cccc(C(=O)O)c1,0.5,0.5,Dyn,5.0,407.74576271186436,0.4423925155714616,0.09504677135611808
R050X050Y,CC(C)(c1ccc(OCC2CO2)cc1)c1ccc(OCC2CO2)cc1,OC(=O)CCCC(=O)O,OC(=O)c1cccc(C(=O)O)c1,0.5,0.5,Dyn,5.0,411.135593220339,0.5094870170164243,0.09836266150551662
R050X050Y,CC(C)(c1ccc(OCC2CO2)cc1)c1ccc(OCC2CO2)cc1,OC(=O)CCCC(=O)O,OC(=O)c1cccc(C(=O)O)c1,0.5,0.5,Dyn,5.0,414.52542372881356,0.5778736183239653,0.09636490852941801
R050X050Y,CC(C)(c1ccc(OCC2CO2)cc1)c1ccc(OCC2CO2)cc1,OC(=O)CCCC(=O)O,OC(=O)c1cccc(C(=O)O)c1,0.5,0.5,Dyn,5.0,417.91525423728814,0.6453062833959762,0.09982794286884616
R050X050Y,CC(C)(c1ccc(OCC2CO2)cc1)c1ccc(OCC2CO2)cc1,OC(=O)CCCC(=O)O,OC(=O)c1cccc(C(=O)O)c1,0.5,0.5,Dyn,5.0,421.3050847457627,0.7094943957332233,0.09014015181236452
R050X050Y,CC(C)(c1ccc(OCC2CO2)cc1)c1ccc(OCC2CO2)cc1,OC(=O)CCCC(=O)O,OC(=O)c1cccc(C(=O)O)c1,0.5,0.5,Dyn,5.0,424.6949152542373,0.768378210367161,0.08324445740289395
R050X050Y,CC(C)(c1ccc(OCC2CO2)cc1)c1ccc(OCC2CO2)cc1,OC(=O)CCCC(=O)O,OC(=O)c1cccc(C(=O)O)c1,0.5,0.5,Dyn,5.0,428.08474576271186,0.820379427347158,0.07220539161011877
R050X050Y,CC(C)(c1ccc(OCC2CO2)cc1)c1ccc(OCC2CO2)cc1,OC(=O)CCCC(=O)O,OC(=O)c1cccc(C(=O)O)c1,0.5,0.5,Dyn,5.0,431.47457627118644,0.8645671016745841,0.06165826934195464
R050X050Y,CC(C)(c1ccc(OCC2CO2)cc1)c1ccc(OCC2CO2)cc1,OC(=O)CCCC(=O)O,OC(=O)c1cccc(C(=O)O)c1,0.5,0.5,Dyn,5.0,434.864406779661,0.9007026156572948,0.044896806396015905
R050X050Y,CC(C)(c1ccc(OCC2CO2)cc1)c1ccc(OCC2CO2)cc1,OC(=O)CCCC(=O)O,OC(=O)c1cccc(C(=O)O)c1,0.5,0.5,Dyn,5.0,438.2542372881356,0.9291640075987733,0.03860235385176077
R050X050Y,CC(C)(c1ccc(OCC2CO2)cc1)c1ccc(OCC2CO2)cc1,OC(=O)CCCC(=O)O,OC(=O)c1cccc(C(=O)O)c1,0.5,0.5,Dyn,5.0,441.64406779661016,0.950783604767093,0.028402896650748927
R050X050Y,CC(C)(c1ccc(OCC2CO2)cc1)c1ccc(OCC2CO2)cc1,OC(=O)CCCC(=O)O,OC(=O)c1cccc(C(=O)O)c1,0.5,0.5,Dyn,5.0,445.03389830508473,0.9666502549822412,0.020073304931045102
R050X050Y,CC(C)(c1ccc(OCC2CO2)cc1)c1ccc(OCC2CO2)cc1,OC(=O)CCCC(=O)O,OC(=O)c1cccc(C(=O)O)c1,0.5,0.5,Dyn,5.0,448.4237288135593,0.9779246989943949,0.01478282113110373
R050X050Y,CC(C)(c1ccc(OCC2CO2)cc1)c1ccc(OCC2CO2)cc1,OC(=O)CCCC(=O)O,OC(=O)c1cccc(C(=O)O)c1,0.5,0.5,Dyn,5.0,451.8135593220339,0.9856998274707544,0.009430116890477628
R050X050Y,CC(C)(c1ccc(OCC2CO2)cc1)c1ccc(OCC2CO2)cc1,OC(=O)CCCC(=O)O,OC(=O)c1cccc(C(=O)O)c1,0.5,0.5,Dyn,5.0,455.2033898305085,0.9909167743018613,0.006356075359684652
R050X050Y,CC(C)(c1ccc(OCC2CO2)cc1)c1ccc(OCC2CO2)cc1,OC(=O)CCCC(=O)O,OC(=O)c1cccc(C(=O)O)c1,0.5,0.5,Dyn,5.0,458.59322033898303,0.994331411454718,0.0039214968949728675
R050X050Y,CC(C)(c1ccc(OCC2CO2)cc1)c1ccc(OCC2CO2)cc1,OC(=O)CCCC(=O)O,OC(=O)c1cccc(C(=O)O)c1,0.5,0.5,Dyn,5.0,461.9830508474576,0.99651724364405,0.002625461011183487
R050X050Y,CC(C)(c1ccc(OCC2CO2)cc1)c1ccc(OCC2CO2)cc1,OC(=O)CCCC(=O)O,OC(=O)c1cccc(C(=O)O)c1,0.5,0.5,Dyn,5.0,465.37288135593224,0.9978891908850014,0.0015862200660136869
R050X050Y,CC(C)(c1ccc(OCC2CO2)cc1)c1ccc(OCC2CO2)cc1,OC(=O)CCCC(=O)O,OC(=O)c1cccc(C(=O)O)c1,0.5,0.5,Dyn,5.0,468.7627118644068,0.9987355871776911,0.0009524437116209535
R050X050Y,CC(C)(c1ccc(OCC2CO2)cc1)c1ccc(OCC2CO2)cc1,OC(=O)CCCC(=O)O,OC(=O)c1cccc(C(=O)O)c1,0.5,0.5,Dyn,5.0,472.1525423728814,0.9992500375614959,0.0006196272166107603
R050X050Y,CC(C)(c1ccc(OCC2CO2)cc1)c1ccc(OCC2CO2)cc1,OC(=O)CCCC(=O)O,OC(=O)c1cccc(C(=O)O)c1,0.5,0.5,Dyn,5.0,475.5423728813559,0.999558785930362,0.00034436117062298385
R050X050Y,CC(C)(c1ccc(OCC2CO2)cc1)c1ccc(OCC2CO2)cc1,OC(=O)CCCC(=O)O,OC(=O)c1cccc(C(=O)O)c1,0.5,0.5,Dyn,5.0,478.93220338983053,0.9997421230060543,0.00020538699584318645
R050X050Y,CC(C)(c1ccc(OCC2CO2)cc1)c1ccc(OCC2CO2)cc1,OC(=O)CCCC(=O)O,OC(=O)c1cccc(C(=O)O)c1,0.5,0.5,Dyn,5.0,482.3220338983051,0.9998500433457259,0.00011966292300865346
R050X050Y,CC(C)(c1ccc(OCC2CO2)cc1)c1ccc(OCC2CO2)cc1,OC(=O)CCCC(=O)O,OC(=O)c1cccc(C(=O)O)c1,0.5,0.5,Dyn,5.0,485.7118644067797,0.9999,8.115733005372297e-05
R050X050Y,CC(C)(c1ccc(OCC2CO2)cc1)c1ccc(OCC2CO2)cc1,OC(=O)CCCC(=O)O,OC(=O)c1cccc(C(=O)O)c1,0.5,0.5,Dyn,5.0,489.10169491525426,0.9999,9.448188682773162e-05
R050X050Y,CC(C)(c1ccc(OCC2CO2)cc1)c1ccc(OCC2CO2)cc1,OC(=O)CCCC(=O)O,OC(=O)c1cccc(C(=O)O)c1,0.5,0.5,Dyn,5.0,492.4915254237288,0.9999,0.00010629537525535172
R050X050Y,CC(C)(c1ccc(OCC2CO2)cc1)c1ccc(OCC2CO2)cc1,OC(=O)CCCC(=O)O,OC(=O)c1cccc(C(=O)O)c1,0.5,0.5,Dyn,5.0,495.8813559322034,0.9999,0.00011733987260017145
R050X050Y,CC(C)(c1ccc(OCC2CO2)cc1)c1ccc(OCC2CO2)cc1,OC(=O)CCCC(=O)O,OC(=O)c1cccc(C(=O)O)c1,0.5,0.5,Dyn,5.0,499.271186440678,0.9999,0.00012027028880832667
R050X050Y,CC(C)(c1ccc(OCC2CO2)cc1)c1ccc(OCC2CO2)cc1,OC(=O)CCCC(=O)O,OC(=O)c1cccc(C(=O)O)c1,0.5,0.5,Dyn,5.0,502.66101694915255,0.9999,0.0001484442227395948
R050X050Y,CC(C)(c1ccc(OCC2CO2)cc1)c1ccc(OCC2CO2)cc1,OC(=O)CCCC(=O)O,OC(=O)c1cccc(C(=O)O)c1,0.5,0.5,Dyn,5.0,506.0508474576271,0.9999,0.0001584825256133655
R050X050Y,CC(C)(c1ccc(OCC2CO2)cc1)c1ccc(OCC2CO2)cc1,OC(=O)CCCC(=O)O,OC(=O)c1cccc(C(=O)O)c1,0.5,0.5,Dyn,5.0,509.4406779661017,0.9999,0.00017130003632289653
R050X050Y,CC(C)(c1ccc(OCC2CO2)cc1)c1ccc(OCC2CO2)cc1,OC(=O)CCCC(=O)O,OC(=O)c1cccc(C(=O)O)c1,0.5,0.5,Dyn,5.0,512.8305084745763,0.9999,0.00020064296410518125
R050X050Y,CC(C)(c1ccc(OCC2CO2)cc1)c1ccc(OCC2CO2)cc1,OC(=O)CCCC(=O)O,OC(=O)c1cccc(C(=O)O)c1,0.5,0.5,Dyn,5.0,516.2203389830509,0.9999,0.00022184609929727528
R050X050Y,CC(C)(c1ccc(OCC2CO2)cc1)c1ccc(OCC2CO2)cc1,OC(=O)CCCC(=O)O,OC(=O)c1cccc(C(=O)O)c1,0.5,0.5,Dyn,5.0,519.6101694915254,0.9999,0.00023363727366637705
R050X050Y,CC(C)(c1ccc(OCC2CO2)cc1)c1ccc(OCC2CO2)cc1,OC(=O)CCCC(=O)O,OC(=O)c1cccc(C(=O)O)c1,0.5,0.5,Dyn,5.0,523.0,0.9999,0.000286041069519422
R050X050Y,CC(C)(c1ccc(OCC2CO2)cc1)c1ccc(OCC2CO2)cc1,OC(=O)CCCC(=O)O,OC(=O)c1cccc(C(=O)O)c1,0.5,0.5,Dyn,10.0,323.0,0.001,0.0003365189601852683
R050X050Y,CC(C)(c1ccc(OCC2CO2)cc1)c1ccc(OCC2CO2)cc1,OC(=O)CCCC(=O)O,OC(=O)c1cccc(C(=O)O)c1,0.5,0.5,Dyn,10.0,326.3898305084746,0.0011366703033998153,0.0004383151308020103
R050X050Y,CC(C)(c1ccc(OCC2CO2)cc1)c1ccc(OCC2CO2)cc1,OC(=O)CCCC(=O)O,OC(=O)c1cccc(C(=O)O)c1,0.5,0.5,Dyn,10.0,329.77966101694915,0.00131749738074584,0.0005901665994978376
R050X050Y,CC(C)(c1ccc(OCC2CO2)cc1)c1ccc(OCC2CO2)cc1,OC(=O)CCCC(=O)O,OC(=O)c1cccc(C(=O)O)c1,0.5,0.5,Dyn,10.0,333.1694915254237,0.0015564230449509131,0.0008416357813472849
R050X050Y,CC(C)(c1ccc(OCC2CO2)cc1)c1ccc(OCC2CO2)cc1,OC(=O)CCCC(=O)O,OC(=O)c1cccc(C(=O)O)c1,0.5,0.5,Dyn,10.0,336.5593220338983,0.0018716721653560936,0.0010587156868626854
R050X050Y,CC(C)(c1ccc(OCC2CO2)cc1)c1ccc(OCC2CO2)cc1,OC(=O)CCCC(=O)O,OC(=O)c1cccc(C(=O)O)c1,0.5,0.5,Dyn,10.0,339.9491525423729,0.002286965729634099,0.0013852773529954593
R050X050Y,CC(C)(c1ccc(OCC2CO2)cc1)c1ccc(OCC2CO2)cc1,OC(=O)CCCC(=O)O,OC(=O)c1cccc(C(=O)O)c1,0.5,0.5,Dyn,10.0,343.33898305084745,0.002833020950270452,0.001836717348210676
R050X050Y,CC(C)(c1ccc(OCC2CO2)cc1)c1ccc(OCC2CO2)cc1,OC(=O)CCCC(=O)O,OC(=O)c1cccc(C(=O)O)c1,0.5,0.5,Dyn,10.0,346.728813559322,0.003549389622804894,0.0023680262273911555
R050X050Y,CC(C)(c1ccc(OCC2CO2)cc1)c1ccc(OCC2CO2)cc1,OC(=O)CCCC(=O)O,OC(=O)c1cccc(C(=O)O)c1,0.5,0.5,Dyn,10.0,350.1186440677966,0.004486690987929726,0.003085150533681601
R050X050Y,CC(C)(c1ccc(OCC2CO2)cc1)c1ccc(OCC2CO2)cc1,OC(=O)CCCC(=O)O,OC(=O)c1cccc(C(=O)O)c1,0.5,0.5,Dyn,10.0,353.50847457627117,0.005709297008243048,0.004023861014050294
R050X050Y,CC(C)(c1ccc(OCC2CO2)cc1)c1ccc(OCC2CO2)cc1,OC(=O)CCCC(=O)O,OC(=O)c1cccc(C(=O)O)c1,0.5,0.5,Dyn,10.0,356.89830508474574,0.007298524915351427,0.005436667401532824
R050X050Y,CC(C)(c1ccc(OCC2CO2)cc1)c1ccc(OCC2CO2)cc1,OC(=O)CCCC(=O)O,OC(=O)c1cccc(C(=O)O)c1,0.5,0.5,Dyn,10.0,360.2881355932203,0.009356380772751832,0.007090575466507658
R050X050Y,CC(C)(c1ccc(OCC2CO2)cc1)c1ccc(OCC2CO2)cc1,OC(=O)CCCC(=O)O,OC(=O)c1cccc(C(=O)O)c1,0.5,0.5,Dyn,10.0,363.6779661016949,0.012009872800994123,0.008572305829217152
R050X050Y,CC(C)(c1ccc(OCC2CO2)cc1)c1ccc(OCC2CO2)cc1,OC(=O)CCCC(=O)O,OC(=O)c1cccc(C(=O)O)c1,0.5,0.5,Dyn,10.0,367.06779661016947,0.015415867925429505,0.011418360947818083
R050X050Y,CC(C)(c1ccc(OCC2CO2)cc1)c1ccc(OCC2CO2)cc1,OC(=O)CCCC(=O)O,OC(=O)c1cccc(C(=O)O)c1,0.5,0.5,Dyn,10.0,370.45762711864404,0.019766393142862597,0.01478683002067826
R050X050Y,CC(C)(c1ccc(OCC2CO2)cc1)c1ccc(OCC2CO2)cc1,OC(=O)CCCC(=O)O,OC(=O)c1cccc(C(=O)O)c1,0.5,0.5,Dyn,10.0,373.8474576271186,0.02529417098943598,0.01771142223885526
R050X050Y,CC(C)(c1ccc(OCC2CO2)cc1)c1ccc(OCC2CO2)cc1,OC(=O)CCCC(=O)O,OC(=O)c1cccc(C(=O)O)c1,0.5,0.5,Dyn,10.0,377.2372881355932,0.03227801121203269,0.02271335130945396
R050X050Y,CC(C)(c1ccc(OCC2CO2)cc1)c1ccc(OCC2CO2)cc1,OC(=O)CCCC(=O)O,OC(=O)c1cccc(C(=O)O)c1,0.5,0.5,Dyn,10.0,380.62711864406776,0.04104745126881037,0.02796809069321216
R050X050Y,CC(C)(c1ccc(OCC2CO2)cc1)c1ccc(OCC2CO2)cc1,OC(=O)CCCC(=O)O,OC(=O)c1cccc(C(=O)O)c1,0.5,0.5,Dyn,10.0,384.01694915254234,0.05198572905849371,0.03449400610981714
R050X050Y,CC(C)(c1ccc(OCC2CO2)cc1)c1ccc(OCC2CO2)cc1,OC(=O)CCCC(=O)O,OC(=O)c1cccc(C(=O)O)c1,0.5,0.5,Dyn,10.0,387.4067796610169,0.06552978419108248,0.04440084651031244
R050X050Y,CC(C)(c1ccc(OCC2CO2)cc1)c1ccc(OCC2CO2)cc1,OC(=O)CCCC(=O)O,OC(=O)c1cccc(C(=O)O)c1,0.5,0.5,Dyn,10.0,390.7966101694915,0.08216554419442648,0.05294800536061841
R050X050Y,CC(C)(c1ccc(OCC2CO2)cc1)c1ccc(OCC2CO2)cc1,OC(=O)CCCC(=O)O,OC(=O)c1cccc(C(=O)O)c1,0.5,0.5,Dyn,10.0,394.1864406779661,0.10241631105949647,0.06684486149842506
R050X050Y,CC(C)(c1ccc(OCC2CO2)cc1)c1ccc(OCC2CO2)cc1,OC(=O)CCCC(=O)O,OC(=O)c1cccc(C(=O)O)c1,0.5,0.5,Dyn,10.0,397.5762711864407,0.12682174729699341,0.07857939850356549
R050X050Y,CC(C)(c1ccc(OCC2CO2)cc1)c1ccc(OCC2CO2)cc1,OC(=O)CCCC(=O)O,OC(=O)c1cccc(C(=O)O)c1,0.5,0.5,Dyn,10.0,400.96610169491527,0.15590497419009308,0.09432470163686603
R050X050Y,CC(C)(c1ccc(OCC2CO2)cc1)c1ccc(OCC2CO2)cc1,OC(=O)CCCC(=O)O,OC(=O)c1cccc(C(=O)O)c1,0.5,0.5,Dyn,10.0,404.35593220338984,0.19012590948610236,0.10794606235843764
R050X050Y,CC(C)(c1ccc(OCC2CO2)cc1)c1ccc(OCC2CO2)cc1,OC(=O)CCCC(=O)O,OC(=O)c1cccc(C(=O)O)c1,0.5,0.5,Dyn,10.0,407.74576271186436,0.22982054459440895,0.12298172104375293
R050X050Y,CC(C)(c1ccc(OCC2CO2)cc1)c1ccc(OCC2CO2)cc1,OC(=O)CCCC(=O)O,OC(=O)c1cccc(C(=O)O)c1,0.5,0.5,Dyn,10.0,411.135593220339,0.2751287139998013,0.14150022421917122
R050X050Y,CC(C)(c1ccc(OCC2CO2)cc1)c1ccc(OCC2CO2)cc1,OC(=O)CCCC(=O)O,OC(=O)c1cccc(C(=O)O)c1,0.5,0.5,Dyn,10.0,414.52542372881356,0.32591703573598596,0.15750931934805562
R050X050Y,CC(C)(c1ccc(OCC2CO2)cc1)c1ccc(OCC2CO2)cc1,OC(=O)CCCC(=O)O,OC(=O)c1cccc(C(=O)O)c1,0.5,0.5,Dyn,10.0,417.91525423728814,0.3817086949191248,0.1675862884608131
R050X050Y,CC(C)(c1ccc(OCC2CO2)cc1)c1ccc(OCC2CO2)cc1,OC(=O)CCCC(=O)O,OC(=O)c1cccc(C(=O)O)c1,0.5,0.5,Dyn,10.0,421.3050847457627,0.44163635909016413,0.18406358523661054
R050X050Y,CC(C)(c1ccc(OCC2CO2)cc1)c1ccc(OCC2CO2)cc1,OC(=O)CCCC(=O)O,OC(=O)c1cccc(C(=O)O)c1,0.5,0.5,Dyn,10.0,424.6949152542373,0.5044365834225137,0.1921977676077509
R050X050Y,CC(C)(c1ccc(OCC2CO2)cc1)c1ccc(OCC2CO2)cc1,OC(=O)CCCC(=O)O,OC(=O)c1cccc(C(=O)O)c1,0.5,0.5,Dyn,10.0,428.08474576271186,0.5685013216889591,0.18997936871785126
R050X050Y,CC(C)(c1ccc(OCC2CO2)cc1)c1ccc(OCC2CO2)cc1,OC(=O)CCCC(=O)O,OC(=O)c1cccc(C(=O)O)c1,0.5,0.5,Dyn,10.0,431.47457627118644,0.6319928934634829,0.19406257168849525
R050X050Y,CC(C)(c1ccc(OCC2CO2)cc1)c1ccc(OCC2CO2)cc1,OC(=O)CCCC(=O)O,OC(=O)c1cccc(C(=O)O)c1,0.5,0.5,Dyn,10.0,434.864406779661,0.6930136713310651,0.17126196240133293
R050X050Y,CC(C)(c1ccc(OCC2CO2)cc1)c1ccc(OCC2CO2)cc1,OC(=O)CCCC(=O)O,OC(=O)c1cccc(C(=O)O)c1,0.5,0.5,Dyn,10.0,438.2542372881356,0.7498048745292785,0.16227966422165552
R050X050Y,CC(C)(c1ccc(OCC2CO2)cc1)c1ccc(OCC2CO2)cc1,OC(=O)CCCC(=O)O,OC(=O)c1cccc(C(=O)O)c1,0.5,0.5,Dyn,10.0,441.64406779661016,0.8009364040383066,0.13968240288801925
R050X050Y,CC(C)(c1ccc(OCC2CO2)cc1)c1ccc(OCC2CO2)cc1,OC(=O)CCCC(=O)O,OC(=O)c1cccc(C(=O)O)c1,0.5,0.5,Dyn,10.0,445.03389830508473,0.8454478720816316,0.12184410752692196
R050X050Y,CC(C)(c1ccc(OCC2CO2)cc1)c1ccc(OCC2CO2)cc1,OC(=O)CCCC(=O)O,OC(=O)c1cccc(C(=O)O)c1,0.5,0.5,Dyn,10.0,448.4237288135593,0.8829123261414042,0.09760218188124539
R050X050Y,CC(C)(c1ccc(OCC2CO2)cc1)c1ccc(OCC2CO2)cc1,OC(=O)CCCC(=O)O,OC(=O)c1cccc(C(=O)O)c1,0.5,0.5,Dyn,10.0,451.8135593220339,0.9134146637192477,0.08280445197923847
R050X050Y,CC(C)(c1ccc(OCC2CO2)cc1)c1ccc(OCC2CO2)cc1,OC(=O)CCCC(=O)O,OC(=O)c1cccc(C(=O)O)c1,0.5,0.5,Dyn,10.0,455.2033898305085,0.9374587927905461,0.06245929677392886
R050X050Y,CC(C)(c1ccc(OCC2CO2)cc1)c1ccc(OCC2CO2)cc1,OC(=O)CCCC(=O)O,OC(=O)c1cccc(C(=O)O)c1,0.5,0.5,Dyn,10.0,458.59322033898303,0.9558331138725056,0.04841261233569173
R050X050Y,CC(C)(c1ccc(OCC2CO2)cc1)c1ccc(OCC2CO2)cc1,OC(=O)CCCC(=O)O,OC(=O)c1cccc(C(=O)O)c1,0.5,0.5,Dyn,10.0,461.9830508474576,0.9694676365204749,0.032875177611674446
R050X050Y,CC(C)(c1ccc(OCC2CO2)cc1)c1ccc(OCC2CO2)cc1,OC(=O)CCCC(=O)O,OC(=O)c1cccc(C(=O)O)c1,0.5,0.5,Dyn,10.0,465.37288135593224,0.9793098865998985,0.023968805202750156
R050X050Y,CC(C)(c1ccc(OCC2CO2)cc1)c1ccc(OCC2CO2)cc1,OC(=O)CCCC(=O)O,OC(=O)c1cccc(C(=O)O)c1,0.5,0.5,Dyn,10.0,468.7627118644068,0.9862352646502306,0.016448544809380575
R050X050Y,CC(C)(c1ccc(OCC2CO2)cc1)c1ccc(OCC2CO2)cc1,OC(=O)CCCC(=O)O,OC(=O)c1cccc(C(=O)O)c1,0.5,0.5,Dyn,10.0,472.1525423728814,0.9909951831889701,0.011297925900422407
R050X050Y,CC(C)(c1ccc(OCC2CO2)cc1)c1ccc(OCC2CO2)cc1,OC(=O)CCCC(=O)O,OC(=O)c1cccc(C(=O)O)c1,0.5,0.5,Dyn,10.0,475.5423728813559,0.9941976834670583,0.007484264119388989
R050X050Y,CC(C)(c1ccc(OCC2CO2)cc1)c1ccc(OCC2CO2)cc1,OC(=O)CCCC(=O)O,OC(=O)c1cccc(C(=O)O)c1,0.5,0.5,Dyn,10.0,478.93220338983053,0.9963113412983454,0.004978675496733369
R050X050Y,CC(C)(c1ccc(OCC2CO2)cc1)c1ccc(OCC2CO2)cc1,OC(=O)CCCC(=O)O,OC(=O)c1cccc(C(=O)O)c1,0.5,0.5,Dyn,10.0,482.3220338983051,0.9976826867002131,0.003213028864534094
R050X050Y,CC(C)(c1ccc(OCC2CO2)cc1)c1ccc(OCC2CO2)cc1,OC(=O)CCCC(=O)O,OC(=O)c1cccc(C(=O)O)c1,0.5,0.5,Dyn,10.0,485.7118644067797,0.9985590920969697,0.0020368107410696054
R050X050Y,CC(C)(c1ccc(OCC2CO2)cc1)c1ccc(OCC2CO2)cc1,OC(=O)CCCC(=O)O,OC(=O)c1cccc(C(=O)O)c1,0.5,0.5,Dyn,10.0,489.10169491525426,0.9991118598110594,0.0012567403285264629
R050X050Y,CC(C)(c1ccc(OCC2CO2)cc1)c1ccc(OCC2CO2)cc1,OC(=O)CCCC(=O)O,OC(=O)c1cccc(C(=O)O)c1,0.5,0.5,Dyn,10.0,492.4915254237288,0.9994565725566057,0.0007971181276629914
R050X050Y,CC(C)(c1ccc(OCC2CO2)cc1)c1ccc(OCC2CO2)cc1,OC(=O)CCCC(=O)O,OC(=O)c1cccc(C(=O)O)c1,0.5,0.5,Dyn,10.0,495.8813559322034,0.9996694830053965,0.0005001382699238935
R050X050Y,CC(C)(c1ccc(OCC2CO2)cc1)c1ccc(OCC2CO2)cc1,OC(=O)CCCC(=O)O,OC(=O)c1cccc(C(=O)O)c1,0.5,0.5,Dyn,10.0,499.271186440678,0.9997999330863833,0.00028941111000452345
R050X050Y,CC(C)(c1ccc(OCC2CO2)cc1)c1ccc(OCC2CO2)cc1,OC(=O)CCCC(=O)O,OC(=O)c1cccc(C(=O)O)c1,0.5,0.5,Dyn,10.0,502.66101694915255,0.9998793360573563,0.00018051728898630225
R050X050Y,CC(C)(c1ccc(OCC2CO2)cc1)c1ccc(OCC2CO2)cc1,OC(=O)CCCC(=O)O,OC(=O)c1cccc(C(=O)O)c1,0.5,0.5,Dyn,10.0,506.0508474576271,0.9999,0.00015980949983083909
R050X050Y,CC(C)(c1ccc(OCC2CO2)cc1)c1ccc(OCC2CO2)cc1,OC(=O)CCCC(=O)O,OC(=O)c1cccc(C(=O)O)c1,0.5,0.5,Dyn,10.0,509.4406779661017,0.9999,0.00018028547460614315
R050X050Y,CC(C)(c1ccc(OCC2CO2)cc1)c1ccc(OCC2CO2)cc1,OC(=O)CCCC(=O)O,OC(=O)c1cccc(C(=O)O)c1,0.5,0.5,Dyn,10.0,512.8305084745763,0.9999,0.0001966986444275753
R050X050Y,CC(C)(c1ccc(OCC2CO2)cc1)c1ccc(OCC2CO2)cc1,OC(=O)CCCC(=O)O,OC(=O)c1cccc(C(=O)O)c1,0.5,0.5,Dyn,10.0,516.2203389830509,0.9999,0.00021805979908441585
R050X050Y,CC(C)(c1ccc(OCC2CO2)cc1)c1ccc(OCC2CO2)cc1,OC(=O)CCCC(=O)O,OC(=O)c1cccc(C(=O)O)c1,0.5,0.5,Dyn,10.0,519.6101694915254,0.9999,0.00023401336167777232
R050X050Y,CC(C)(c1ccc(OCC2CO2)cc1)c1ccc(OCC2CO2)cc1,OC(=O)CCCC(=O)O,OC(=O)c1cccc(C(=O)O)c1,0.5,0.5,Dyn,10.0,523.0,0.9999,0.0002664629407459341
R050X050Y,CC(C)(c1ccc(OCC2CO2)cc1)c1ccc(OCC2CO2)cc1,OC(=O)CCCC(=O)O,OC(=O)c1cccc(C(=O)O)c1,0.5,0.5,Dyn,20.0,323.0,0.001,0.00033953326546173413
R050X050Y,CC(C)(c1ccc(OCC2CO2)cc1)c1ccc(OCC2CO2)cc1,OC(=O)CCCC(=O)O,OC(=O)c1cccc(C(=O)O)c1,0.5,0.5,Dyn,20.0,326.3898305084746,0.0010679005459589977,0.00046372055681447114
R050X050Y,CC(C)(c1ccc(OCC2CO2)cc1)c1ccc(OCC2CO2)cc1,OC(=O)CCCC(=O)O,OC(=O)c1cccc(C(=O)O)c1,0.5,0.5,Dyn,20.0,329.77966101694915,0.0011565803653441906,0.0005938831500677674
R050X050Y,CC(C)(c1ccc(OCC2CO2)cc1)c1ccc(OCC2CO2)cc1,OC(=O)CCCC(=O)O,OC(=O)c1cccc(C(=O)O)c1,0.5,0.5,Dyn,20.0,333.1694915254237,0.0012721410842088012,0.0007765072015551332
R050X050Y,CC(C)(c1ccc(OCC2CO2)cc1)c1ccc(OCC2CO2)cc1,OC(=O)CCCC(=O)O,OC(=O)c1cccc(C(=O)O)c1,0.5,0.5,Dyn,20.0,336.5593220338983,0.0014224539794794808,0.0009810784648830084
R050X050Y,CC(C)(c1ccc(OCC2CO2)cc1)c1ccc(OCC2CO2)cc1,OC(=O)CCCC(=O)O,OC(=O)c1cccc(C(=O)O)c1,0.5,0.5,Dyn,20.0,339.9491525423729,0.0016176661827761922,0.0013397837805243235
R050X050Y,CC(C)(c1ccc(OCC2CO2)cc1)c1ccc(OCC2CO2)cc1,OC(=O)CCCC(=O)O,OC(=O)c1cccc(C(=O)O)c1,0.5,0.5,Dyn,20.0,343.33898305084745,0.0018708366872619148,0.0017307748682058918
R050X050Y,CC(C)(c1ccc(OCC2CO2)cc1)c1ccc(OCC2CO2)cc1,OC(=O)CCCC(=O)O,OC(=O)c1cccc(C(=O)O)c1,0.5,0.5,Dyn,20.0,346.728813559322,0.0021987278068302473,0.0022512399505584396
R050X050Y,CC(C)(c1ccc(OCC2CO2)cc1)c1ccc(OCC2CO2)cc1,OC(=O)CCCC(=O)O,OC(=O)c1cccc(C(=O)O)c1,0.5,0.5,Dyn,20.0,350.1186440677966,0.0026227795178998224,0.0030255059706785895
R050X050Y,CC(C)(c1ccc(OCC2CO2)cc1)c1ccc(OCC2CO2)cc1,OC(=O)CCCC(=O)O,OC(=O)c1cccc(C(=O)O)c1,0.5,0.5,Dyn,20.0,353.50847457627117,0.0031702972051273226,0.003652805561392759
R050X050Y,CC(C)(c1ccc(OCC2CO2)cc1)c1ccc(OCC2CO2)cc1,OC(=O)CCCC(=O)O,OC(=O)c1cccc(C(=O)O)c1,0.5,0.5,Dyn,20.0,356.89830508474574,0.0038758849766704464,0.004880103911191148
R050X050Y,CC(C)(c1ccc(OCC2CO2)cc1)c1ccc(OCC2CO2)cc1,OC(=O)CCCC(=O)O,OC(=O)c1cccc(C(=O)O)c1,0.5,0.5,Dyn,20.0,360.2881355932203,0.004783161996548563,0.006026859923848975
R050X050Y,CC(C)(c1ccc(OCC2CO2)cc1)c1ccc(OCC2CO2)cc1,OC(=O)CCCC(=O)O,OC(=O)c1cccc(C(=O)O)c1,0.5,0.5,Dyn,20.0,363.6779661016949,0.005946797128486377,0.007839861214880641
R050X050Y,CC(C)(c1ccc(OCC2CO2)cc1)c1ccc(OCC2CO2)cc1,OC(=O)CCCC(=O)O,OC(=O)c1cccc(C(=O)O)c1,0.5,0.5,Dyn,20.0,367.06779661016947,0.0074348951783029,0.010002323610371117
R050X050Y,CC(C)(c1ccc(OCC2CO2)cc1)c1ccc(OCC2CO2)cc1,OC(=O)CCCC(=O)O,OC(=O)c1cccc(C(=O)O)c1,0.5,0.5,Dyn,20.0,370.45762711864404,0.009331762095094438,0.012690670938440389
R050X050Y,CC(C)(c1ccc(OCC2CO2)cc1)c1ccc(OCC2CO2)cc1,OC(=O)CCCC(=O)O,OC(=O)c1cccc(C(=O)O)c1,0.5,0.5,Dyn,20.0,373.8474576271186,0.011741058509932704,0.016278257833475723
R050X050Y,CC(C)(c1ccc(OCC2CO2)cc1)c1ccc(OCC2CO2)cc1,OC(=O)CCCC(=O)O,OC(=O)c1cccc(C(=O)O)c1,0.5,0.5,Dyn,20.0,377.2372881355932,0.014789323069046081,0.019973003358058163
R050X050Y,CC(C)(c1ccc(OCC2CO2)cc1)c1ccc(OCC2CO2)cc1,OC(=O)CCCC(=O)O,OC(=O)c1cccc(C(=O)O)c1,0.5,0.5,Dyn,20.0,380.62711864406776,0.018629801725787664,0.02537248232124385
R050X050Y,CC(C)(c1ccc(OCC2CO2)cc1)c1ccc(OCC2CO2)cc1,OC(=O)CCCC(=O)O,OC(=O)c1cccc(C(=O)O)c1,0.5,0.5,Dyn,20.0,384.01694915254234,0.0234464625908094,0.032219126504248144
R050X050Y,CC(C)(c1ccc(OCC2CO2)cc1)c1ccc(OCC2CO2)cc1,OC(=O)CCCC(=O)O,OC(=O)c1cccc(C(=O)O)c1,0.5,0.5,Dyn,20.0,387.4067796610169,0.029457965831676945,0.04154828851127338
R050X050Y,CC(C)(c1ccc(OCC2CO2)cc1)c1ccc(OCC2CO2)cc1,OC(=O)CCCC(=O)O,OC(=O)c1cccc(C(=O)O)c1,0.5,0.5,Dyn,20.0,390.7966101694915,0.03692124386945923,0.047645986778574886
R050X050Y,CC(C)(c1ccc(OCC2CO2)cc1)c1ccc(OCC2CO2)cc1,OC(=O)CCCC(=O)O,OC(=O)c1cccc(C(=O)O)c1,0.5,0.5,Dyn,20.0,394.1864406779661,0.04613416464582164,0.05690549705962815
R050X050Y,CC(C)(c1ccc(OCC2CO2)cc1)c1ccc(OCC2CO2)cc1,OC(=O)CCCC(=O)O,OC(=O)c1cccc(C(=O)O)c1,0.5,0.5,Dyn,20.0,397.5762711864407,0.05743653242556208,0.07250818299501872
R050X050Y,CC(C)(c1ccc(OCC2CO2)cc1)c1ccc(OCC2CO2)cc1,OC(=O)CCCC(=O)O,OC(=O)c1cccc(C(=O)O)c1,0.5,0.5,Dyn,20.0,400.96610169491527,0.07120843149043984,0.08958165418722719
R050X050Y,CC(C)(c1ccc(OCC2CO2)cc1)c1ccc(OCC2CO2)cc1,OC(=O)CCCC(=O)O,OC(=O)c1cccc(C(=O)O)c1,0.5,0.5,Dyn,20.0,404.35593220338984,0.08786465357944573,0.10820073465833237
R050X050Y,CC(C)(c1ccc(OCC2CO2)cc1)c1ccc(OCC2CO2)cc1,OC(=O)CCCC(=O)O,OC(=O)c1cccc(C(=O)O)c1,0.5,0.5,Dyn,20.0,407.74576271186436,0.10784369699398455,0.12891204580015644
R050X050Y,CC(C)(c1ccc(OCC2CO2)cc1)c1ccc(OCC2CO2)cc1,OC(=O)CCCC(=O)O,OC(=O)c1cccc(C(=O)O)c1,0.5,0.5,Dyn,20.0,411.135593220339,0.1315897369151103,0.15746261325946406
R050X050Y,CC(C)(c1ccc(OCC2CO2)cc1)c1ccc(OCC2CO2)cc1,OC(=O)CCCC(=O)O,OC(=O)c1cccc(C(=O)O)c1,0.5,0.5,Dyn,20.0,414.52542372881356,0.15952604924702485,0.1831569976701825
R050X050Y,CC(C)(c1ccc(OCC2CO2)cc1)c1ccc(OCC2CO2)cc1,OC(=O)CCCC(=O)O,OC(=O)c1cccc(C(=O)O)c1,0.5,0.5,Dyn,20.0,417.91525423728814,0.19201890772950972,0.20542978215688207
R050X050Y,CC(C)(c1ccc(OCC2CO2)cc1)c1ccc(OCC2CO2)cc1,OC(=O)CCCC(=O)O,OC(=O)c1cccc(C(=O)O)c1,0.5,0.5,Dyn,20.0,421.3050847457627,0.229332110183962,0.2313684414092571
R050X050Y,CC(C)(c1ccc(OCC2CO2)cc1)c1ccc(OCC2CO2)cc1,OC(=O)CCCC(=O)O,OC(=O)c1cccc(C(=O)O)c1,0.5,0.5,Dyn,20.0,424.6949152542373,0.27157417886231344,0.26094948891388553
R050X050Y,CC(C)(c1ccc(OCC2CO2)cc1)c1ccc(OCC2CO2)cc1,OC(=O)CCCC(=O)O,OC(=O)c1cccc(C(=O)O)c1,0.5,0.5,Dyn,20.0,428.08474576271186,0.31864268125892,0.28825277417874445
R050X050Y,CC(C)(c1ccc(OCC2CO2)cc1)c1ccc(OCC2CO2)cc1,OC(=O)CCCC(=O)O,OC(=O)c1cccc(C(=O)O)c1,0.5,0.5,Dyn,20.0,431.47457627118644,0.37017333385687967,0.31390552243000963
R050X050Y,CC(C)(c1ccc(OCC2CO2)cc1)c1ccc(OCC2CO2)cc1,OC(=O)CCCC(=O)O,OC(=O)c1cccc(C(=O)O)c1,0.5,0.5,Dyn,20.0,434.864406779661,0.4255040413167357,0.3200543171566307
R050X050Y,CC(C)(c1ccc(OCC2CO2)cc1)c1ccc(OCC2CO2)cc1,OC(=O)CCCC(=O)O,OC(=O)c1cccc(C(=O)O)c1,0.5,0.5,Dyn,20.0,438.2542372881356,0.4836655628365323,0.34433968173889956
R050X050Y,CC(C)(c1ccc(OCC2CO2)cc1)c1ccc(OCC2CO2)cc1,OC(=O)CCCC(=O)O,OC(=O)c1cccc(C(=O)O)c1,0.5,0.5,Dyn,20.0,441.64406779661016,0.5434092913827909,0.34984586147787305
R050X050Y,CC(C)(c1ccc(OCC2CO2)cc1)c1ccc(OCC2CO2)cc1,OC(=O)CCCC(=O)O,OC(=O)c1cccc(C(=O)O)c1,0.5,0.5,Dyn,20.0,445.03389830508473,0.6032776924801614,0.34855428472720607
R050X050Y,CC(C)(c1ccc(OCC2CO2)cc1)c1ccc(OCC2CO2)cc1,OC(=O)CCCC(=O)O,OC(=O)c1cccc(C(=O)O)c1,0.5,0.5,Dyn,20.0,448.4237288135593,0.6617146955118534,0.3349351390324189
R050X050Y,CC(C)(c1ccc(OCC2CO2)cc1)c1ccc(OCC2CO2)cc1,OC(=O)CCCC(=O)O,OC(=O)c1cccc(C(=O)O)c1,0.5,0.5,Dyn,20.0,451.8135593220339,0.7172034149666386,0.32230099936820683
R050X050Y,CC(C)(c1ccc(OCC2CO2)cc1)c1ccc(OCC2CO2)cc1,OC(=O)CCCC(=O)O,OC(=O)c1cccc(C(=O)O)c1,0.5,0.5,Dyn,20.0,455.2033898305085,0.7684094012726836,0.2826942101025249
R050X050Y,CC(C)(c1ccc(OCC2CO2)cc1)c1ccc(OCC2CO2)cc1,OC(=O)CCCC(=O)O,OC(=O)c1cccc(C(=O)O)c1,0.5,0.5,Dyn,20.0,458.59322033898303,0.8143040011015207,0.25030639974968716
R050X050Y,CC(C)(c1ccc(OCC2CO2)cc1)c1ccc(OCC2CO2)cc1,OC(=O)CCCC(=O)O,OC(=O)c1cccc(C(=O)O)c1,0.5,0.5,Dyn,20.0,461.9830508474576,0.8542449020031614,0.22097086982794878
R050X050Y,CC(C)(c1ccc(OCC2CO2)cc1)c1ccc(OCC2CO2)cc1,OC(=O)CCCC(=O)O,OC(=O)c1cccc(C(=O)O)c1,0.5,0.5,Dyn,20.0,465.37288135593224,0.8880006502479645,0.1797584095233433
R050X050Y,CC(C)(c1ccc(OCC2CO2)cc1)c1ccc(OCC2CO2)cc1,OC(=O)CCCC(=O)O,OC(=O)c1cccc(C(=O)O)c1,0.5,0.5,Dyn,20.0,468.7627118644068,0.9157191177752106,0.14744689286699608
R050X050Y,CC(C)(c1ccc(OCC2CO2)cc1)c1ccc(OCC2CO2)cc1,OC(=O)CCCC(=O)O,OC(=O)c1cccc(C(=O)O)c1,0.5,0.5,Dyn,20.0,472.1525423728814,0.937852139267811,0.11764489759319921
R050X050Y,CC(C)(c1ccc(OCC2CO2)cc1)c1ccc(OCC2CO2)cc1,OC(=O)CCCC(=O)O,OC(=O)c1cccc(C(=O)O)c1,0.5,0.5,Dyn,20.0,475.5423728813559,0.9550567367476478,0.08956073745318702
R050X050Y,CC(C)(c1ccc(OCC2CO2)cc1)c1ccc(OCC2CO2)cc1,OC(=O)CCCC(=O)O,OC(=O)c1cccc(C(=O)O)c1,0.5,0.5,Dyn,20.0,478.93220338983053,0.9680933503732049,0.06665807834670916
R050X050Y,CC(C)(c1ccc(OCC2CO2)cc1)c1ccc(OCC2CO2)cc1,OC(=O)CCCC(=O)O,OC(=O)c1cccc(C(=O)O)c1,0.5,0.5,Dyn,20.0,482.3220338983051,0.977737510940092,0.048075424846296094
R050X050Y,CC(C)(c1ccc(OCC2CO2)cc1)c1ccc(OCC2CO2)cc1,OC(=O)CCCC(=O)O,OC(=O)c1cccc(C(=O)O)c1,0.5,0.5,Dyn,20.0,485.7118644067797,0.9847144231364338,0.03530517639549874
R050X050Y,CC(C)(c1ccc(OCC2CO2)cc1)c1ccc(OCC2CO2)cc1,OC(=O)CCCC(=O)O,OC(=O)c1cccc(C(=O)O)c1,0.5,0.5,Dyn,20.0,489.10169491525426,0.989658855783382,0.024394896673834394
R050X050Y,CC(C)(c1ccc(OCC2CO2)cc1)c1ccc(OCC2CO2)cc1,OC(=O)CCCC(=O)O,OC(=O)c1cccc(C(=O)O)c1,0.5,0.5,Dyn,20.0,492.4915254237288,0.9930973502786161,0.016464384405318888
R050X050Y,CC(C)(c1ccc(OCC2CO2)cc1)c1ccc(OCC2CO2)cc1,OC(=O)CCCC(=O)O,OC(=O)c1cccc(C(=O)O)c1,0.5,0.5,Dyn,20.0,495.8813559322034,0.9954478310549629,0.011279947034419058
R050X050Y,CC(C)(c1ccc(OCC2CO2)cc1)c1ccc(OCC2CO2)cc1,OC(=O)CCCC(=O)O,OC(=O)c1cccc(C(=O)O)c1,0.5,0.5,Dyn,20.0,499.271186440678,0.9970299343357968,0.007293037206972857
R050X050Y,CC(C)(c1ccc(OCC2CO2)cc1)c1ccc(OCC2CO2)cc1,OC(=O)CCCC(=O)O,OC(=O)c1cccc(C(=O)O)c1,0.5,0.5,Dyn,20.0,502.66101694915255,0.9980803088499466,0.004848224824048564
R050X050Y,CC(C)(c1ccc(OCC2CO2)cc1)c1ccc(OCC2CO2)cc1,OC(=O)CCCC(=O)O,OC(=O)c1cccc(C(=O)O)c1,0.5,0.5,Dyn,20.0,506.0508474576271,0.9987692812870302,0.0030715734792824308
R050X050Y,CC(C)(c1ccc(OCC2CO2)cc1)c1ccc(OCC2CO2)cc1,OC(=O)CCCC(=O)O,OC(=O)c1cccc(C(=O)O)c1,0.5,0.5,Dyn,20.0,509.4406779661017,0.9992164677398415,0.0020592742252588023
R050X050Y,CC(C)(c1ccc(OCC2CO2)cc1)c1ccc(OCC2CO2)cc1,OC(=O)CCCC(=O)O,OC(=O)c1cccc(C(=O)O)c1,0.5,0.5,Dyn,20.0,512.8305084745763,0.9995040954165261,0.0013998998394513836
R050X050Y,CC(C)(c1ccc(OCC2CO2)cc1)c1ccc(OCC2CO2)cc1,OC(=O)CCCC(=O)O,OC(=O)c1cccc(C(=O)O)c1,0.5,0.5,Dyn,20.0,516.2203389830509,0.9996876398090734,0.0008413972394835633
R050X050Y,CC(C)(c1ccc(OCC2CO2)cc1)c1ccc(OCC2CO2)cc1,OC(=O)CCCC(=O)O,OC(=O)c1cccc(C(=O)O)c1,0.5,0.5,Dyn,20.0,519.6101694915254,0.9998039924834785,0.0005535847880843865
R050X050Y,CC(C)(c1ccc(OCC2CO2)cc1)c1ccc(OCC2CO2)cc1,OC(=O)CCCC(=O)O,OC(=O)c1cccc(C(=O)O)c1,0.5,0.5,Dyn,20.0,523.0,0.9998773474001041,0.0003401807239610671
R050X050Y,CC(C)(c1ccc(OCC2CO2)cc1)c1ccc(OCC2CO2)cc1,OC(=O)CCCC(=O)O,OC(=O)c1cccc(C(=O)O)c1,0.5,0.5,Iso,119.85000000000002,393.0,0.001,0.02722758201438462
R050X050Y,CC(C)(c1ccc(OCC2CO2)cc1)c1ccc(OCC2CO2)cc1,OC(=O)CCCC(=O)O,OC(=O)c1cccc(C(=O)O)c1,0.5,0.5,Iso,119.85000000000002,393.0,0.11169216336373788,0.06452533575296239
R050X050Y,CC(C)(c1ccc(OCC2CO2)cc1)c1ccc(OCC2CO2)cc1,OC(=O)CCCC(=O)O,OC(=O)c1cccc(C(=O)O)c1,0.5,0.5,Iso,119.85000000000002,393.0,0.23730065245507465,0.06111644081526375
R050X050Y,CC(C)(c1ccc(OCC2CO2)cc1)c1ccc(OCC2CO2)cc1,OC(=O)CCCC(=O)O,OC(=O)c1cccc(C(=O)O)c1,0.5,0.5,Iso,119.85000000000002,393.0,0.353018349207214,0.050575304837330824
R050X050Y,CC(C)(c1ccc(OCC2CO2)cc1)c1ccc(OCC2CO2)cc1,OC(=O)CCCC(=O)O,OC(=O)c1cccc(C(=O)O)c1,0.5,0.5,Iso,119.85000000000002,393.0,0.45388381635150293,0.04723303523691712
R050X050Y,CC(C)(c1ccc(OCC2CO2)cc1)c1ccc(OCC2CO2)cc1,OC(=O)CCCC(=O)O,OC(=O)c1cccc(C(=O)O)c1,0.5,0.5,Iso,119.85000000000002,393.0,0.5396238052483001,0.0373829765351024
R050X050Y,CC(C)(c1ccc(OCC2CO2)cc1)c1ccc(OCC2CO2)cc1,OC(=O)CCCC(=O)O,OC(=O)c1cccc(C(=O)O)c1,0.5,0.5,Iso,119.85000000000002,393.0,0.6115961202957325,0.03212648698340134
R050X050Y,CC(C)(c1ccc(OCC2CO2)cc1)c1ccc(OCC2CO2)cc1,OC(=O)CCCC(=O)O,OC(=O)c1cccc(C(=O)O)c1,0.5,0.5,Iso,119.85000000000002,393.0,0.6716448511440962,0.02744185281747396
R050X050Y,CC(C)(c1ccc(OCC2CO2)cc1)c1ccc(OCC2CO2)cc1,OC(=O)CCCC(=O)O,OC(=O)c1cccc(C(=O)O)c1,0.5,0.5,Iso,119.85000000000002,393.0,0.7216276689605761,0.022184198729007024
R050X050Y,CC(C)(c1ccc(OCC2CO2)cc1)c1ccc(OCC2CO2)cc1,OC(=O)CCCC(=O)O,OC(=O)c1cccc(C(=O)O)c1,0.5,0.5,Iso,119.85000000000002,393.0,0.7632290046505008,0.019267200357379263
R050X050Y,CC(C)(c1ccc(OCC2CO2)cc1)c1ccc(OCC2CO2)cc1,OC(=O)CCCC(=O)O,OC(=O)c1cccc(C(=O)O)c1,0.5,0.5,Iso,119.85000000000002,393.0,0.7979017260892728,0.01590838444434057
R050X050Y,CC(C)(c1ccc(OCC2CO2)cc1)c1ccc(OCC2CO2)cc1,OC(=O)CCCC(=O)O,OC(=O)c1cccc(C(=O)O)c1,0.5,0.5,Iso,119.85000000000002,393.0,0.8268658801927737,0.01239520679420218
R050X050Y,CC(C)(c1ccc(OCC2CO2)cc1)c1ccc(OCC2CO2)cc1,OC(=O)CCCC(=O)O,OC(=O)c1cccc(C(=O)O)c1,0.5,0.5,Iso,119.85000000000002,393.0,0.851130782307622,0.010762672072338823
R050X050Y,CC(C)(c1ccc(OCC2CO2)cc1)c1ccc(OCC2CO2)cc1,OC(=O)CCCC(=O)O,OC(=O)c1cccc(C(=O)O)c1,0.5,0.5,Iso,119.85000000000002,393.0,0.8715245327765803,0.009269452186501567
R050X050Y,CC(C)(c1ccc(OCC2CO2)cc1)c1ccc(OCC2CO2)cc1,OC(=O)CCCC(=O)O,OC(=O)c1cccc(C(=O)O)c1,0.5,0.5,Iso,119.85000000000002,393.0,0.8887237033750156,0.007631921489639576
R050X050Y,CC(C)(c1ccc(OCC2CO2)cc1)c1ccc(OCC2CO2)cc1,OC(=O)CCCC(=O)O,OC(=O)c1cccc(C(=O)O)c1,0.5,0.5,Iso,119.85000000000002,393.0,0.9032801782464991,0.006541997159768946
R050X050Y,CC(C)(c1ccc(OCC2CO2)cc1)c1ccc(OCC2CO2)cc1,OC(=O)CCCC(=O)O,OC(=O)c1cccc(C(=O)O)c1,0.5,0.5,Iso,119.85000000000002,393.0,0.915644179544115,0.005737661492986442
R050X050Y,CC(C)(c1ccc(OCC2CO2)cc1)c1ccc(OCC2CO2)cc1,OC(=O)CCCC(=O)O,OC(=O)c1cccc(C(=O)O)c1,0.5,0.5,Iso,119.85000000000002,393.0,0.9261834527650532,0.004830432058114898
R050X050Y,CC(C)(c1ccc(OCC2CO2)cc1)c1ccc(OCC2CO2)cc1,OC(=O)CCCC(=O)O,OC(=O)c1cccc(C(=O)O)c1,0.5,0.5,Iso,119.85000000000002,393.0,0.9351989827725842,0.003987217784596841
R050X050Y,CC(C)(c1ccc(OCC2CO2)cc1)c1ccc(OCC2CO2)cc1,OC(=O)CCCC(=O)O,OC(=O)c1cccc(C(=O)O)c1,0.5,0.5,Iso,119.85000000000002,393.0,0.9429377397643143,0.003544366860685098
R050X050Y,CC(C)(c1ccc(OCC2CO2)cc1)c1ccc(OCC2CO2)cc1,OC(=O)CCCC(=O)O,OC(=O)c1cccc(C(=O)O)c1,0.5,0.5,Iso,119.85000000000002,393.0,0.9496029580612206,0.002986052691418257
R050X050Y,CC(C)(c1ccc(OCC2CO2)cc1)c1ccc(OCC2CO2)cc1,OC(=O)CCCC(=O)O,OC(=O)c1cccc(C(=O)O)c1,0.5,0.5,Iso,119.85000000000002,393.0,0.9553624016553127,0.0025368840205616354
R050X050Y,CC(C)(c1ccc(OCC2CO2)cc1)c1ccc(OCC2CO2)cc1,OC(=O)CCCC(=O)O,OC(=O)c1cccc(C(=O)O)c1,0.5,0.5,Iso,119.85000000000002,393.0,0.9603550044203077,0.0022084526788505505
R050X050Y,CC(C)(c1ccc(OCC2CO2)cc1)c1ccc(OCC2CO2)cc1,OC(=O)CCCC(=O)O,OC(=O)c1cccc(C(=O)O)c1,0.5,0.5,Iso,119.85000000000002,393.0,0.9646962063553435,0.002007894252250415
R050X050Y,CC(C)(c1ccc(OCC2CO2)cc1)c1ccc(OCC2CO2)cc1,OC(=O)CCCC(=O)O,OC(=O)c1cccc(C(=O)O)c1,0.5,0.5,Iso,119.85000000000002,393.0,0.9684822472209623,0.0017372910275761217
R050X050Y,CC(C)(c1ccc(OCC2CO2)cc1)c1ccc(OCC2CO2)cc1,OC(=O)CCCC(=O)O,OC(=O)c1cccc(C(=O)O)c1,0.5,0.5,Iso,119.85000000000002,393.0,0.9717936277309182,0.0015231990737335603
R050X050Y,CC(C)(c1ccc(OCC2CO2)cc1)c1ccc(OCC2CO2)cc1,OC(=O)CCCC(=O)O,OC(=O)c1cccc(C(=O)O)c1,0.5,0.5,Iso,119.85000000000002,393.0,0.9746979061493161,0.001291574991608821
R050X050Y,CC(C)(c1ccc(OCC2CO2)cc1)c1ccc(OCC2CO2)cc1,OC(=O)CCCC(=O)O,OC(=O)c1cccc(C(=O)O)c1,0.5,0.5,Iso,119.85000000000002,393.0,0.977251963832272,0.001171346640369056
R050X050Y,CC(C)(c1ccc(OCC2CO2)cc1)c1ccc(OCC2CO2)cc1,OC(=O)CCCC(=O)O,OC(=O)c1cccc(C(=O)O)c1,0.5,0.5,Iso,119.85000000000002,393.0,0.9795038457603619,0.0010074761828687369
R050X050Y,CC(C)(c1ccc(OCC2CO2)cc1)c1ccc(OCC2CO2)cc1,OC(=O)CCCC(=O)O,OC(=O)c1cccc(C(=O)O)c1,0.5,0.5,Iso,119.85000000000002,393.0,0.981494260237837,0.0008946621751984733
R050X050Y,CC(C)(c1ccc(OCC2CO2)cc1)c1ccc(OCC2CO2)cc1,OC(=O)CCCC(=O)O,OC(=O)c1cccc(C(=O)O)c1,0.5,0.5,Iso,119.85000000000002,393.0,0.9832578046113275,0.0008122807321008851
R050X050Y,CC(C)(c1ccc(OCC2CO2)cc1)c1ccc(OCC2CO2)cc1,OC(=O)CCCC(=O)O,OC(=O)c1cccc(C(=O)O)c1,0.5,0.5,Iso,119.85000000000002,393.0,0.9848239701694543,0.0006956766719530481
R050X050Y,CC(C)(c1ccc(OCC2CO2)cc1)c1ccc(OCC2CO2)cc1,OC(=O)CCCC(=O)O,OC(=O)c1cccc(C(=O)O)c1,0.5,0.5,Iso,119.85000000000002,393.0,0.9862179685730739,0.0006597181927328159
R050X050Y,CC(C)(c1ccc(OCC2CO2)cc1)c1ccc(OCC2CO2)cc1,OC(=O)CCCC(=O)O,OC(=O)c1cccc(C(=O)O)c1,0.5,0.5,Iso,119.85000000000002,393.0,0.9874614136251338,0.0006205923521444629
R050X050Y,CC(C)(c1ccc(OCC2CO2)cc1)c1ccc(OCC2CO2)cc1,OC(=O)CCCC(=O)O,OC(=O)c1cccc(C(=O)O)c1,0.5,0.5,Iso,119.85000000000002,393.0,0.9885728854364844,0.0005238627092014583
R050X050Y,CC(C)(c1ccc(OCC2CO2)cc1)c1ccc(OCC2CO2)cc1,OC(=O)CCCC(=O)O,OC(=O)c1cccc(C(=O)O)c1,0.5,0.5,Iso,119.85000000000002,393.0,0.9895683986965352,0.0004488075488880884
R050X050Y,CC(C)(c1ccc(OCC2CO2)cc1)c1ccc(OCC2CO2)cc1,OC(=O)CCCC(=O)O,OC(=O)c1cccc(C(=O)O)c1,0.5,0.5,Iso,119.85000000000002,393.0,0.9904617925148285,0.0004127953120756588
R050X050Y,CC(C)(c1ccc(OCC2CO2)cc1)c1ccc(OCC2CO2)cc1,OC(=O)CCCC(=O)O,OC(=O)c1cccc(C(=O)O)c1,0.5,0.5,Iso,119.85000000000002,393.0,0.9912650559257569,0.00035706832352079917
R050X050Y,CC(C)(c1ccc(OCC2CO2)cc1)c1ccc(OCC2CO2)cc1,OC(=O)CCCC(=O)O,OC(=O)c1cccc(C(=O)O)c1,0.5,0.5,Iso,119.85000000000002,393.0,0.9919886004592972,0.000333855321736991
R050X050Y,CC(C)(c1ccc(OCC2CO2)cc1)c1ccc(OCC2CO2)cc1,OC(=O)CCCC(=O)O,OC(=O)c1cccc(C(=O)O)c1,0.5,0.5,Iso,119.85000000000002,393.0,0.992641489031317,0.00030961448245167485
R050X050Y,CC(C)(c1ccc(OCC2CO2)cc1)c1ccc(OCC2CO2)cc1,OC(=O)CCCC(=O)O,OC(=O)c1cccc(C(=O)O)c1,0.5,0.5,Iso,119.85000000000002,393.0,0.9932316286847045,0.0002807747285050487
R050X050Y,CC(C)(c1ccc(OCC2CO2)cc1)c1ccc(OCC2CO2)cc1,OC(=O)CCCC(=O)O,OC(=O)c1cccc(C(=O)O)c1,0.5,0.5,Iso,119.85000000000002,393.0,0.9937659333286056,0.00024226059483892378
R050X050Y,CC(C)(c1ccc(OCC2CO2)cc1)c1ccc(OCC2CO2)cc1,OC(=O)CCCC(=O)O,OC(=O)c1cccc(C(=O)O)c1,0.5,0.5,Iso,119.85000000000002,393.0,0.9942504615078706,0.00022892541607096834
R050X050Y,CC(C)(c1ccc(OCC2CO2)cc1)c1ccc(OCC2CO2)cc1,OC(=O)CCCC(=O)O,OC(=O)c1cccc(C(=O)O)c1,0.5,0.5,Iso,119.85000000000002,393.0,0.9946905333336663,0.00021338558474240631
R050X050Y,CC(C)(c1ccc(OCC2CO2)cc1)c1ccc(OCC2CO2)cc1,OC(=O)CCCC(=O)O,OC(=O)c1cccc(C(=O)O)c1,0.5,0.5,Iso,119.85000000000002,393.0,0.9950908299759841,0.00019761624894493665
R050X050Y,CC(C)(c1ccc(OCC2CO2)cc1)c1ccc(OCC2CO2)cc1,OC(=O)CCCC(=O)O,OC(=O)c1cccc(C(=O)O)c1,0.5,0.5,Iso,119.85000000000002,393.0,0.9954554785253675,0.0001675396671684822
R050X050Y,CC(C)(c1ccc(OCC2CO2)cc1)c1ccc(OCC2CO2)cc1,OC(=O)CCCC(=O)O,OC(=O)c1cccc(C(=O)O)c1,0.5,0.5,Iso,119.85000000000002,393.0,0.9957881245476268,0.00015217784499237002
R050X050Y,CC(C)(c1ccc(OCC2CO2)cc1)c1ccc(OCC2CO2)cc1,OC(=O)CCCC(=O)O,OC(=O)c1cccc(C(=O)O)c1,0.5,0.5,Iso,119.85000000000002,393.0,0.9960919942602101,0.00014304414311961975
R050X050Y,CC(C)(c1ccc(OCC2CO2)cc1)c1ccc(OCC2CO2)cc1,OC(=O)CCCC(=O)O,OC(=O)c1cccc(C(=O)O)c1,0.5,0.5,Iso,119.85000000000002,393.0,0.9963699479351249,0.00011923532738069663
R050X050Y,CC(C)(c1ccc(OCC2CO2)cc1)c1ccc(OCC2CO2)cc1,OC(=O)CCCC(=O)O,OC(=O)c1cccc(C(=O)O)c1,0.5,0.5,Iso,119.85000000000002,393.0,0.9966245258673433,0.00011789336651951865
R050X050Y,CC(C)(c1ccc(OCC2CO2)cc1)c1ccc(OCC2CO2)cc1,OC(=O)CCCC(=O)O,OC(=O)c1cccc(C(=O)O)c1,0.5,0.5,Iso,119.85000000000002,393.0,0.9968579880285366,0.00010904029849803651
R050X050Y,CC(C)(c1ccc(OCC2CO2)cc1)c1ccc(OCC2CO2)cc1,OC(=O)CCCC(=O)O,OC(=O)c1cccc(C(=O)O)c1,0.5,0.5,Iso,119.85000000000002,393.0,0.9970723483450453,9.960893928400469e-05
R050X050Y,CC(C)(c1ccc(OCC2CO2)cc1)c1ccc(OCC2CO2)cc1,OC(=O)CCCC(=O)O,OC(=O)c1cccc(C(=O)O)c1,0.5,0.5,Iso,119.85000000000002,393.0,0.9972694043891809,8.848814695252262e-05
R050X050Y,CC(C)(c1ccc(OCC2CO2)cc1)c1ccc(OCC2CO2)cc1,OC(=O)CCCC(=O)O,OC(=O)c1cccc(C(=O)O)c1,0.5,0.5,Iso,119.85000000000002,393.0,0.9974507631486129,8.49211183607178e-05
R050X050Y,CC(C)(c1ccc(OCC2CO2)cc1)c1ccc(OCC2CO2)cc1,OC(=O)CCCC(=O)O,OC(=O)c1cccc(C(=O)O)c1,0.5,0.5,Iso,119.85000000000002,393.0,0.9976178634351264,7.703200607570998e-05
R050X050Y,CC(C)(c1ccc(OCC2CO2)cc1)c1ccc(OCC2CO2)cc1,OC(=O)CCCC(=O)O,OC(=O)c1cccc(C(=O)O)c1,0.5,0.5,Iso,119.85000000000002,393.0,0.9977719954077428,7.444247157526717e-05
R050X050Y,CC(C)(c1ccc(OCC2CO2)cc1)c1ccc(OCC2CO2)cc1,OC(=O)CCCC(=O)O,OC(=O)c1cccc(C(=O)O)c1,0.5,0.5,Iso,119.85000000000002,393.0,0.9979143176130458,6.539410061226005e-05
R050X050Y,CC(C)(c1ccc(OCC2CO2)cc1)c1ccc(OCC2CO2)cc1,OC(=O)CCCC(=O)O,OC(=O)c1cccc(C(=O)O)c1,0.5,0.5,Iso,119.85000000000002,393.0,0.9980458718851097,6.166465972986054e-05
R050X050Y,CC(C)(c1ccc(OCC2CO2)cc1)c1ccc(OCC2CO2)cc1,OC(=O)CCCC(=O)O,OC(=O)c1cccc(C(=O)O)c1,0.5,0.5,Iso,119.85000000000002,393.0,0.9981675963966427,5.7171216804381595e-05
R050X050Y,CC(C)(c1ccc(OCC2CO2)cc1)c1ccc(OCC2CO2)cc1,OC(=O)CCCC(=O)O,OC(=O)c1cccc(C(=O)O)c1,0.5,0.5,Iso,119.85000000000002,393.0,0.998280337110234,5.4259062917568084e-05
R050X050Y,CC(C)(c1ccc(OCC2CO2)cc1)c1ccc(OCC2CO2)cc1,OC(=O)CCCC(=O)O,OC(=O)c1cccc(C(=O)O)c1,0.5,0.5,Iso,139.85000000000002,413.0,0.001,0.06832018166702282
R050X050Y,CC(C)(c1ccc(OCC2CO2)cc1)c1ccc(OCC2CO2)cc1,OC(=O)CCCC(=O)O,OC(=O)c1cccc(C(=O)O)c1,0.5,0.5,Iso,139.85000000000002,413.0,0.3151950580247567,0.1470653141951919
R050X050Y,CC(C)(c1ccc(OCC2CO2)cc1)c1ccc(OCC2CO2)cc1,OC(=O)CCCC(=O)O,OC(=O)c1cccc(C(=O)O)c1,0.5,0.5,Iso,139.85000000000002,413.0,0.5640121220791818,0.09930879081956782
R050X050Y,CC(C)(c1ccc(OCC2CO2)cc1)c1ccc(OCC2CO2)cc1,OC(=O)CCCC(=O)O,OC(=O)c1cccc(C(=O)O)c1,0.5,0.5,Iso,139.85000000000002,413.0,0.7206637828719965,0.05912021516936821
R050X050Y,CC(C)(c1ccc(OCC2CO2)cc1)c1ccc(OCC2CO2)cc1,OC(=O)CCCC(=O)O,OC(=O)c1cccc(C(=O)O)c1,0.5,0.5,Iso,139.85000000000002,413.0,0.8169862608418192,0.035207404767761866
R050X050Y,CC(C)(c1ccc(OCC2CO2)cc1)c1ccc(OCC2CO2)cc1,OC(=O)CCCC(=O)O,OC(=O)c1cccc(C(=O)O)c1,0.5,0.5,Iso,139.85000000000002,413.0,0.8769590723405294,0.023467389725139426
R050X050Y,CC(C)(c1ccc(OCC2CO2)cc1)c1ccc(OCC2CO2)cc1,OC(=O)CCCC(=O)O,OC(=O)c1cccc(C(=O)O)c1,0.5,0.5,Iso,139.85000000000002,413.0,0.915161056108706,0.01515491076851672
R050X050Y,CC(C)(c1ccc(OCC2CO2)cc1)c1ccc(OCC2CO2)cc1,OC(=O)CCCC(=O)O,OC(=O)c1cccc(C(=O)O)c1,0.5,0.5,Iso,139.85000000000002,413.0,0.9401137112125512,0.009850661285024832
R050X050Y,CC(C)(c1ccc(OCC2CO2)cc1)c1ccc(OCC2CO2)cc1,OC(=O)CCCC(=O)O,OC(=O)c1cccc(C(=O)O)c1,0.5,0.5,Iso,139.85000000000002,413.0,0.9568168440464755,0.006497377316543736
R050X050Y,CC(C)(c1ccc(OCC2CO2)cc1)c1ccc(OCC2CO2)cc1,OC(=O)CCCC(=O)O,OC(=O)c1cccc(C(=O)O)c1,0.5,0.5,Iso,139.85000000000002,413.0,0.9682571864655802,0.004560250795284595
R050X050Y,CC(C)(c1ccc(OCC2CO2)cc1)c1ccc(OCC2CO2)cc1,OC(=O)CCCC(=O)O,OC(=O)c1cccc(C(=O)O)c1,0.5,0.5,Iso,139.85000000000002,413.0,0.9762596769294923,0.00326561420758225
R050X050Y,CC(C)(c1ccc(OCC2CO2)cc1)c1ccc(OCC2CO2)cc1,OC(=O)CCCC(=O)O,OC(=O)c1cccc(C(=O)O)c1,0.5,0.5,Iso,139.85000000000002,413.0,0.9819658622354436,0.0023107302350155773
R050X050Y,CC(C)(c1ccc(OCC2CO2)cc1)c1ccc(OCC2CO2)cc1,OC(=O)CCCC(=O)O,OC(=O)c1cccc(C(=O)O)c1,0.5,0.5,Iso,139.85000000000002,413.0,0.9861062915939475,0.00163672089979848
R050X050Y,CC(C)(c1ccc(OCC2CO2)cc1)c1ccc(OCC2CO2)cc1,OC(=O)CCCC(=O)O,OC(=O)c1cccc(C(=O)O)c1,0.5,0.5,Iso,139.85000000000002,413.0,0.9891586746434174,0.0012606282294038206
R050X050Y,CC(C)(c1ccc(OCC2CO2)cc1)c1ccc(OCC2CO2)cc1,OC(=O)CCCC(=O)O,OC(=O)c1cccc(C(=O)O)c1,0.5,0.5,Iso,139.85000000000002,413.0,0.991441721876097,0.0009702583841069867
R050X050Y,CC(C)(c1ccc(OCC2CO2)cc1)c1ccc(OCC2CO2)cc1,OC(=O)CCCC(=O)O,OC(=O)c1cccc(C(=O)O)c1,0.5,0.5,Iso,139.85000000000002,413.0,0.993172053049691,0.0007302499600092074
R050X050Y,CC(C)(c1ccc(OCC2CO2)cc1)c1ccc(OCC2CO2)cc1,OC(=O)CCCC(=O)O,OC(=O)c1cccc(C(=O)O)c1,0.5,0.5,Iso,139.85000000000002,413.0,0.9944994468253454,0.0005709507307199475
R050X050Y,CC(C)(c1ccc(OCC2CO2)cc1)c1ccc(OCC2CO2)cc1,OC(=O)CCCC(=O)O,OC(=O)c1cccc(C(=O)O)c1,0.5,0.5,Iso,139.85000000000002,413.0,0.9955291181158865,0.000447452845987644
R050X050Y,CC(C)(c1ccc(OCC2CO2)cc1)c1ccc(OCC2CO2)cc1,OC(=O)CCCC(=O)O,OC(=O)c1cccc(C(=O)O)c1,0.5,0.5,Iso,139.85000000000002,413.0,0.996336065742339,0.0003610120317505734
R050X050Y,CC(C)(c1ccc(OCC2CO2)cc1)c1ccc(OCC2CO2)cc1,OC(=O)CCCC(=O)O,OC(=O)c1cccc(C(=O)O)c1,0.5,0.5,Iso,139.85000000000002,413.0,0.9969744778267033,0.0002979049774164216
R050X050Y,CC(C)(c1ccc(OCC2CO2)cc1)c1ccc(OCC2CO2)cc1,OC(=O)CCCC(=O)O,OC(=O)c1cccc(C(=O)O)c1,0.5,0.5,Iso,139.85000000000002,413.0,0.997483999928784,0.0002288979986034957
R050X050Y,CC(C)(c1ccc(OCC2CO2)cc1)c1ccc(OCC2CO2)cc1,OC(=O)CCCC(=O)O,OC(=O)c1cccc(C(=O)O)c1,0.5,0.5,Iso,139.85000000000002,413.0,0.9978939771570666,0.00017332314623370385
R050X050Y,CC(C)(c1ccc(OCC2CO2)cc1)c1ccc(OCC2CO2)cc1,OC(=O)CCCC(=O)O,OC(=O)c1cccc(C(=O)O)c1,0.5,0.5,Iso,139.85000000000002,413.0,0.9982263666168436,0.00013551448931785437
R050X050Y,CC(C)(c1ccc(OCC2CO2)cc1)c1ccc(OCC2CO2)cc1,OC(=O)CCCC(=O)O,OC(=O)c1cccc(C(=O)O)c1,0.5,0.5,Iso,139.85000000000002,413.0,0.9984977639386555,0.00012030982871173606
R050X050Y,CC(C)(c1ccc(OCC2CO2)cc1)c1ccc(OCC2CO2)cc1,OC(=O)CCCC(=O)O,OC(=O)c1cccc(C(=O)O)c1,0.5,0.5,Iso,139.85000000000002,413.0,0.9987208311368962,9.970348624566751e-05
R050X050Y,CC(C)(c1ccc(OCC2CO2)cc1)c1ccc(OCC2CO2)cc1,OC(=O)CCCC(=O)O,OC(=O)c1cccc(C(=O)O)c1,0.5,0.5,Iso,139.85000000000002,413.0,0.9989053145149902,7.96569662029856e-05
R050X050Y,CC(C)(c1ccc(OCC2CO2)cc1)c1ccc(OCC2CO2)cc1,OC(=O)CCCC(=O)O,OC(=O)c1cccc(C(=O)O)c1,0.5,0.5,Iso,139.85000000000002,413.0,0.9990587783344111,6.941587470800366e-05
R050X050Y,CC(C)(c1ccc(OCC2CO2)cc1)c1ccc(OCC2CO2)cc1,OC(=O)CCCC(=O)O,OC(=O)c1cccc(C(=O)O)c1,0.5,0.5,Iso,139.85000000000002,413.0,0.9991871390982825,5.641843870933481e-05
R050X050Y,CC(C)(c1ccc(OCC2CO2)cc1)c1ccc(OCC2CO2)cc1,OC(=O)CCCC(=O)O,OC(=O)c1cccc(C(=O)O)c1,0.5,0.5,Iso,139.85000000000002,413.0,0.9992950584267966,4.926286327527188e-05
R050X050Y,CC(C)(c1ccc(OCC2CO2)cc1)c1ccc(OCC2CO2)cc1,OC(=O)CCCC(=O)O,OC(=O)c1cccc(C(=O)O)c1,0.5,0.5,Iso,139.85000000000002,413.0,0.9993862346010678,4.081980804726336e-05
R050X050Y,CC(C)(c1ccc(OCC2CO2)cc1)c1ccc(OCC2CO2)cc1,OC(=O)CCCC(=O)O,OC(=O)c1cccc(C(=O)O)c1,0.5,0.5,Iso,139.85000000000002,413.0,0.9994636207826675,3.548560125508924e-05
R050X050Y,CC(C)(c1ccc(OCC2CO2)cc1)c1ccc(OCC2CO2)cc1,OC(=O)CCCC(=O)O,OC(=O)c1cccc(C(=O)O)c1,0.5,0.5,Iso,139.85000000000002,413.0,0.999529589684479,2.839161341003552e-05
R050X050Y,CC(C)(c1ccc(OCC2CO2)cc1)c1ccc(OCC2CO2)cc1,OC(=O)CCCC(=O)O,OC(=O)c1cccc(C(=O)O)c1,0.5,0.5,Iso,139.85000000000002,413.0,0.9995860587931994,2.5358717378230553e-05
R050X050Y,CC(C)(c1ccc(OCC2CO2)cc1)c1ccc(OCC2CO2)cc1,OC(=O)CCCC(=O)O,OC(=O)c1cccc(C(=O)O)c1,0.5,0.5,Iso,139.85000000000002,413.0,0.9996345862904218,2.2027176902661876e-05
R050X050Y,CC(C)(c1ccc(OCC2CO2)cc1)c1ccc(OCC2CO2)cc1,OC(=O)CCCC(=O)O,OC(=O)c1cccc(C(=O)O)c1,0.5,0.5,Iso,139.85000000000002,413.0,0.9996764450385442,1.8303225684353388e-05
R050X050Y,CC(C)(c1ccc(OCC2CO2)cc1)c1ccc(OCC2CO2)cc1,OC(=O)CCCC(=O)O,OC(=O)c1cccc(C(=O)O)c1,0.5,0.5,Iso,139.85000000000002,413.0,0.999712680023653,1.7517183279698295e-05
R050X050Y,CC(C)(c1ccc(OCC2CO2)cc1)c1ccc(OCC2CO2)cc1,OC(=O)CCCC(=O)O,OC(=O)c1cccc(C(=O)O)c1,0.5,0.5,Iso,139.85000000000002,413.0,0.9997441532337582,1.41920625765808e-05
R050X050Y,CC(C)(c1ccc(OCC2CO2)cc1)c1ccc(OCC2CO2)cc1,OC(=O)CCCC(=O)O,OC(=O)c1cccc(C(=O)O)c1,0.5,0.5,Iso,139.85000000000002,413.0,0.9997715789297793,1.3116064892591508e-05
R050X050Y,CC(C)(c1ccc(OCC2CO2)cc1)c1ccc(OCC2CO2)cc1,OC(=O)CCCC(=O)O,OC(=O)c1cccc(C(=O)O)c1,0.5,0.5,Iso,139.85000000000002,413.0,0.9997955515234823,1.0802897193918101e-05
R050X050Y,CC(C)(c1ccc(OCC2CO2)cc1)c1ccc(OCC2CO2)cc1,OC(=O)CCCC(=O)O,OC(=O)c1cccc(C(=O)O)c1,0.5,0.5,Iso,139.85000000000002,413.0,0.999816567731481,9.61062430829963e-06
R050X050Y,CC(C)(c1ccc(OCC2CO2)cc1)c1ccc(OCC2CO2)cc1,OC(=O)CCCC(=O)O,OC(=O)c1cccc(C(=O)O)c1,0.5,0.5,Iso,139.85000000000002,413.0,0.9998350442717177,8.822471861846523e-06
R050X050Y,CC(C)(c1ccc(OCC2CO2)cc1)c1ccc(OCC2CO2)cc1,OC(=O)CCCC(=O)O,OC(=O)c1cccc(C(=O)O)c1,0.5,0.5,Iso,139.85000000000002,413.0,0.9998513320692874,7.589241151629464e-06
R050X050Y,CC(C)(c1ccc(OCC2CO2)cc1)c1ccc(OCC2CO2)cc1,OC(=O)CCCC(=O)O,OC(=O)c1cccc(C(=O)O)c1,0.5,0.5,Iso,139.85000000000002,413.0,0.9998657277141713,6.693923577508274e-06
R050X050Y,CC(C)(c1ccc(OCC2CO2)cc1)c1ccc(OCC2CO2)cc1,OC(=O)CCCC(=O)O,OC(=O)c1cccc(C(=O)O)c1,0.5,0.5,Iso,139.85000000000002,413.0,0.9998784827444267,5.951465721464292e-06
R050X050Y,CC(C)(c1ccc(OCC2CO2)cc1)c1ccc(OCC2CO2)cc1,OC(=O)CCCC(=O)O,OC(=O)c1cccc(C(=O)O)c1,0.5,0.5,Iso,139.85000000000002,413.0,0.9998898112002645,5.035041618010587e-06
R050X050Y,CC(C)(c1ccc(OCC2CO2)cc1)c1ccc(OCC2CO2)cc1,OC(=O)CCCC(=O)O,OC(=O)c1cccc(C(=O)O)c1,0.5,0.5,Iso,139.85000000000002,413.0,0.9998998957967388,4.624403279780758e-06
R050X050Y,CC(C)(c1ccc(OCC2CO2)cc1)c1ccc(OCC2CO2)cc1,OC(=O)CCCC(=O)O,OC(=O)c1cccc(C(=O)O)c1,0.5,0.5,Iso,139.85000000000002,413.0,0.9999,4.059220872430032e-06
R050X050Y,CC(C)(c1ccc(OCC2CO2)cc1)c1ccc(OCC2CO2)cc1,OC(=O)CCCC(=O)O,OC(=O)c1cccc(C(=O)O)c1,0.5,0.5,Iso,139.85000000000002,413.0,0.9999,3.76255761613804e-06
R050X050Y,CC(C)(c1ccc(OCC2CO2)cc1)c1ccc(OCC2CO2)cc1,OC(=O)CCCC(=O)O,OC(=O)c1cccc(C(=O)O)c1,0.5,0.5,Iso,139.85000000000002,413.0,0.9999,3.29973461826526e-06
R050X050Y,CC(C)(c1ccc(OCC2CO2)cc1)c1ccc(OCC2CO2)cc1,OC(=O)CCCC(=O)O,OC(=O)c1cccc(C(=O)O)c1,0.5,0.5,Iso,139.85000000000002,413.0,0.9999,3.0102334162462055e-06
R050X050Y,CC(C)(c1ccc(OCC2CO2)cc1)c1ccc(OCC2CO2)cc1,OC(=O)CCCC(=O)O,OC(=O)c1cccc(C(=O)O)c1,0.5,0.5,Iso,139.85000000000002,413.0,0.9999,2.7072557874920843e-06
R050X050Y,CC(C)(c1ccc(OCC2CO2)cc1)c1ccc(OCC2CO2)cc1,OC(=O)CCCC(=O)O,OC(=O)c1cccc(C(=O)O)c1,0.5,0.5,Iso,139.85000000000002,413.0,0.9999,2.4446220993567123e-06
R050X050Y,CC(C)(c1ccc(OCC2CO2)cc1)c1ccc(OCC2CO2)cc1,OC(=O)CCCC(=O)O,OC(=O)c1cccc(C(=O)O)c1,0.5,0.5,Iso,139.85000000000002,413.0,0.9999,2.208717427015036e-06
R050X050Y,CC(C)(c1ccc(OCC2CO2)cc1)c1ccc(OCC2CO2)cc1,OC(=O)CCCC(=O)O,OC(=O)c1cccc(C(=O)O)c1,0.5,0.5,Iso,139.85000000000002,413.0,0.9999,1.961778624436752e-06
R050X050Y,CC(C)(c1ccc(OCC2CO2)cc1)c1ccc(OCC2CO2)cc1,OC(=O)CCCC(=O)O,OC(=O)c1cccc(C(=O)O)c1,0.5,0.5,Iso,139.85000000000002,413.0,0.9999,1.7564277874396011e-06
R050X050Y,CC(C)(c1ccc(OCC2CO2)cc1)c1ccc(OCC2CO2)cc1,OC(=O)CCCC(=O)O,OC(=O)c1cccc(C(=O)O)c1,0.5,0.5,Iso,139.85000000000002,413.0,0.9999,1.6139074279755698e-06
R050X050Y,CC(C)(c1ccc(OCC2CO2)cc1)c1ccc(OCC2CO2)cc1,OC(=O)CCCC(=O)O,OC(=O)c1cccc(C(=O)O)c1,0.5,0.5,Iso,139.85000000000002,413.0,0.9999,1.5454869718398244e-06
R050X050Y,CC(C)(c1ccc(OCC2CO2)cc1)c1ccc(OCC2CO2)cc1,OC(=O)CCCC(=O)O,OC(=O)c1cccc(C(=O)O)c1,0.5,0.5,Iso,139.85000000000002,413.0,0.9999,1.3788546174153278e-06
R050X050Y,CC(C)(c1ccc(OCC2CO2)cc1)c1ccc(OCC2CO2)cc1,OC(=O)CCCC(=O)O,OC(=O)c1cccc(C(=O)O)c1,0.5,0.5,Iso,139.85000000000002,413.0,0.9999,1.2653847832580922e-06
R050X050Y,CC(C)(c1ccc(OCC2CO2)cc1)c1ccc(OCC2CO2)cc1,OC(=O)CCCC(=O)O,OC(=O)c1cccc(C(=O)O)c1,0.5,0.5,Iso,139.85000000000002,413.0,0.9999,1.1825939205067528e-06
R050X050Y,CC(C)(c1ccc(OCC2CO2)cc1)c1ccc(OCC2CO2)cc1,OC(=O)CCCC(=O)O,OC(=O)c1cccc(C(=O)O)c1,0.5,0.5,Iso,159.85000000000002,433.0,0.001,0.17337462365301493
R050X050Y,CC(C)(c1ccc(OCC2CO2)cc1)c1ccc(OCC2CO2)cc1,OC(=O)CCCC(=O)O,OC(=O)c1cccc(C(=O)O)c1,0.5,0.5,Iso,159.85000000000002,433.0,0.6407303139581287,0.1947980759416064
R050X050Y,CC(C)(c1ccc(OCC2CO2)cc1)c1ccc(OCC2CO2)cc1,OC(=O)CCCC(=O)O,OC(=O)c1cccc(C(=O)O)c1,0.5,0.5,Iso,159.85000000000002,433.0,0.8701106806589018,0.05822592281297133
R050X050Y,CC(C)(c1ccc(OCC2CO2)cc1)c1ccc(OCC2CO2)cc1,OC(=O)CCCC(=O)O,OC(=O)c1cccc(C(=O)O)c1,0.5,0.5,Iso,159.85000000000002,433.0,0.9456366218282942,0.0212954022656408
R050X050Y,CC(C)(c1ccc(OCC2CO2)cc1)c1ccc(OCC2CO2)cc1,OC(=O)CCCC(=O)O,OC(=O)c1cccc(C(=O)O)c1,0.5,0.5,Iso,159.85000000000002,433.0,0.9742851534279258,0.008940729721990165
R050X050Y,CC(C)(c1ccc(OCC2CO2)cc1)c1ccc(OCC2CO2)cc1,OC(=O)CCCC(=O)O,OC(=O)c1cccc(C(=O)O)c1,0.5,0.5,Iso,159.85000000000002,433.0,0.9866213891397929,0.004228773627078513
R050X050Y,CC(C)(c1ccc(OCC2CO2)cc1)c1ccc(OCC2CO2)cc1,OC(=O)CCCC(=O)O,OC(=O)c1cccc(C(=O)O)c1,0.5,0.5,Iso,159.85000000000002,433.0,0.9925000898077143,0.0019690332346053215
R050X050Y,CC(C)(c1ccc(OCC2CO2)cc1)c1ccc(OCC2CO2)cc1,OC(=O)CCCC(=O)O,OC(=O)c1cccc(C(=O)O)c1,0.5,0.5,Iso,159.85000000000002,433.0,0.9955371079085943,0.001079112208749886
R050X050Y,CC(C)(c1ccc(OCC2CO2)cc1)c1ccc(OCC2CO2)cc1,OC(=O)CCCC(=O)O,OC(=O)c1cccc(C(=O)O)c1,0.5,0.5,Iso,159.85000000000002,433.0,0.9972119125158444,0.0006369233958510834
R050X050Y,CC(C)(c1ccc(OCC2CO2)cc1)c1ccc(OCC2CO2)cc1,OC(=O)CCCC(=O)O,OC(=O)c1cccc(C(=O)O)c1,0.5,0.5,Iso,159.85000000000002,433.0,0.9981864451941719,0.00035105531452015565
R050X050Y,CC(C)(c1ccc(OCC2CO2)cc1)c1ccc(OCC2CO2)cc1,OC(=O)CCCC(=O)O,OC(=O)c1cccc(C(=O)O)c1,0.5,0.5,Iso,159.85000000000002,433.0,0.9987795226642054,0.00023098163679076606
R050X050Y,CC(C)(c1ccc(OCC2CO2)cc1)c1ccc(OCC2CO2)cc1,OC(=O)CCCC(=O)O,OC(=O)c1cccc(C(=O)O)c1,0.5,0.5,Iso,159.85000000000002,433.0,0.9991544420365017,0.00014575406785896243
R050X050Y,CC(C)(c1ccc(OCC2CO2)cc1)c1ccc(OCC2CO2)cc1,OC(=O)CCCC(=O)O,OC(=O)c1cccc(C(=O)O)c1,0.5,0.5,Iso,159.85000000000002,433.0,0.999399309433516,9.502687986656177e-05
R050X050Y,CC(C)(c1ccc(OCC2CO2)cc1)c1ccc(OCC2CO2)cc1,OC(=O)CCCC(=O)O,OC(=O)c1cccc(C(=O)O)c1,0.5,0.5,Iso,159.85000000000002,433.0,0.9995638261421598,6.677639678242237e-05
R050X050Y,CC(C)(c1ccc(OCC2CO2)cc1)c1ccc(OCC2CO2)cc1,OC(=O)CCCC(=O)O,OC(=O)c1cccc(C(=O)O)c1,0.5,0.5,Iso,159.85000000000002,433.0,0.999677129963673,4.7168856083882596e-05
R050X050Y,CC(C)(c1ccc(OCC2CO2)cc1)c1ccc(OCC2CO2)cc1,OC(=O)CCCC(=O)O,OC(=O)c1cccc(C(=O)O)c1,0.5,0.5,Iso,159.85000000000002,433.0,0.999756887717694,3.206789966840611e-05
R050X050Y,CC(C)(c1ccc(OCC2CO2)cc1)c1ccc(OCC2CO2)cc1,OC(=O)CCCC(=O)O,OC(=O)c1cccc(C(=O)O)c1,0.5,0.5,Iso,159.85000000000002,433.0,0.9998141334263155,2.416169460739888e-05
R050X050Y,CC(C)(c1ccc(OCC2CO2)cc1)c1ccc(OCC2CO2)cc1,OC(=O)CCCC(=O)O,OC(=O)c1cccc(C(=O)O)c1,0.5,0.5,Iso,159.85000000000002,433.0,0.9998559422684692,1.7687710913878684e-05
R050X050Y,CC(C)(c1ccc(OCC2CO2)cc1)c1ccc(OCC2CO2)cc1,OC(=O)CCCC(=O)O,OC(=O)c1cccc(C(=O)O)c1,0.5,0.5,Iso,159.85000000000002,433.0,0.9998869589068873,1.2664340290118789e-05
R050X050Y,CC(C)(c1ccc(OCC2CO2)cc1)c1ccc(OCC2CO2)cc1,OC(=O)CCCC(=O)O,OC(=O)c1cccc(C(=O)O)c1,0.5,0.5,Iso,159.85000000000002,433.0,0.9999,1.0431531593790735e-05
R050X050Y,CC(C)(c1ccc(OCC2CO2)cc1)c1ccc(OCC2CO2)cc1,OC(=O)CCCC(=O)O,OC(=O)c1cccc(C(=O)O)c1,0.5,0.5,Iso,159.85000000000002,433.0,0.9999,7.89516471535887e-06
R050X050Y,CC(C)(c1ccc(OCC2CO2)cc1)c1ccc(OCC2CO2)cc1,OC(=O)CCCC(=O)O,OC(=O)c1cccc(C(=O)O)c1,0.5,0.5,Iso,159.85000000000002,433.0,0.9999,5.777432965415312e-06
R050X050Y,CC(C)(c1ccc(OCC2CO2)cc1)c1ccc(OCC2CO2)cc1,OC(=O)CCCC(=O)O,OC(=O)c1cccc(C(=O)O)c1,0.5,0.5,Iso,159.85000000000002,433.0,0.9999,4.566168115297848e-06
R050X050Y,CC(C)(c1ccc(OCC2CO2)cc1)c1ccc(OCC2CO2)cc1,OC(=O)CCCC(=O)O,OC(=O)c1cccc(C(=O)O)c1,0.5,0.5,Iso,159.85000000000002,433.0,0.9999,3.762689693390405e-06
R050X050Y,CC(C)(c1ccc(OCC2CO2)cc1)c1ccc(OCC2CO2)cc1,OC(=O)CCCC(=O)O,OC(=O)c1cccc(C(=O)O)c1,0.5,0.5,Iso,159.85000000000002,433.0,0.9999,2.8919709431843213e-06
R050X050Y,CC(C)(c1ccc(OCC2CO2)cc1)c1ccc(OCC2CO2)cc1,OC(=O)CCCC(=O)O,OC(=O)c1cccc(C(=O)O)c1,0.5,0.5,Iso,159.85000000000002,433.0,0.9999,2.2320896145093218e-06
R050X050Y,CC(C)(c1ccc(OCC2CO2)cc1)c1ccc(OCC2CO2)cc1,OC(=O)CCCC(=O)O,OC(=O)c1cccc(C(=O)O)c1,0.5,0.5,Iso,159.85000000000002,433.0,0.9999,1.9760093369284834e-06
R050X050Y,CC(C)(c1ccc(OCC2CO2)cc1)c1ccc(OCC2CO2)cc1,OC(=O)CCCC(=O)O,OC(=O)c1cccc(C(=O)O)c1,0.5,0.5,Iso,159.85000000000002,433.0,0.9999,1.5649030736208689e-06
R050X050Y,CC(C)(c1ccc(OCC2CO2)cc1)c1ccc(OCC2CO2)cc1,OC(=O)CCCC(=O)O,OC(=O)c1cccc(C(=O)O)c1,0.5,0.5,Iso,159.85000000000002,433.0,0.9999,1.359709816290958e-06
R050X050Y,CC(C)(c1ccc(OCC2CO2)cc1)c1ccc(OCC2CO2)cc1,OC(=O)CCCC(=O)O,OC(=O)c1cccc(C(=O)O)c1,0.5,0.5,Iso,159.85000000000002,433.0,0.9999,1.075275111180256e-06
R050X050Y,CC(C)(c1ccc(OCC2CO2)cc1)c1ccc(OCC2CO2)cc1,OC(=O)CCCC(=O)O,OC(=O)c1cccc(C(=O)O)c1,0.5,0.5,Iso,159.85000000000002,433.0,0.9999,8.90218207165979e-07
R050X050Y,CC(C)(c1ccc(OCC2CO2)cc1)c1ccc(OCC2CO2)cc1,OC(=O)CCCC(=O)O,OC(=O)c1cccc(C(=O)O)c1,0.5,0.5,Iso,159.85000000000002,433.0,0.9999,8.043455515264662e-07
R050X050Y,CC(C)(c1ccc(OCC2CO2)cc1)c1ccc(OCC2CO2)cc1,OC(=O)CCCC(=O)O,OC(=O)c1cccc(C(=O)O)c1,0.5,0.5,Iso,159.85000000000002,433.0,0.9999,6.194636979607924e-07
R050X050Y,CC(C)(c1ccc(OCC2CO2)cc1)c1ccc(OCC2CO2)cc1,OC(=O)CCCC(=O)O,OC(=O)c1cccc(C(=O)O)c1,0.5,0.5,Iso,159.85000000000002,433.0,0.9999,5.11133094202512e-07
R050X050Y,CC(C)(c1ccc(OCC2CO2)cc1)c1ccc(OCC2CO2)cc1,OC(=O)CCCC(=O)O,OC(=O)c1cccc(C(=O)O)c1,0.5,0.5,Iso,159.85000000000002,433.0,0.9999,4.497212844150204e-07
R050X050Y,CC(C)(c1ccc(OCC2CO2)cc1)c1ccc(OCC2CO2)cc1,OC(=O)CCCC(=O)O,OC(=O)c1cccc(C(=O)O)c1,0.5,0.5,Iso,159.85000000000002,433.0,0.9999,3.937871610097848e-07
R050X050Y,CC(C)(c1ccc(OCC2CO2)cc1)c1ccc(OCC2CO2)cc1,OC(=O)CCCC(=O)O,OC(=O)c1cccc(C(=O)O)c1,0.5,0.5,Iso,159.85000000000002,433.0,0.9999,3.146261958168009e-07
R050X050Y,CC(C)(c1ccc(OCC2CO2)cc1)c1ccc(OCC2CO2)cc1,OC(=O)CCCC(=O)O,OC(=O)c1cccc(C(=O)O)c1,0.5,0.5,Iso,159.85000000000002,433.0,0.9999,2.725760358828453e-07
R050X050Y,CC(C)(c1ccc(OCC2CO2)cc1)c1ccc(OCC2CO2)cc1,OC(=O)CCCC(=O)O,OC(=O)c1cccc(C(=O)O)c1,0.5,0.5,Iso,159.85000000000002,433.0,0.9999,2.449988552847088e-07
R050X050Y,CC(C)(c1ccc(OCC2CO2)cc1)c1ccc(OCC2CO2)cc1,OC(=O)CCCC(=O)O,OC(=O)c1cccc(C(=O)O)c1,0.5,0.5,Iso,159.85000000000002,433.0,0.9999,1.8921193890604507e-07
R050X050Y,CC(C)(c1ccc(OCC2CO2)cc1)c1ccc(OCC2CO2)cc1,OC(=O)CCCC(=O)O,OC(=O)c1cccc(C(=O)O)c1,0.5,0.5,Iso,159.85000000000002,433.0,0.9999,1.7584675300034618e-07
R050X050Y,CC(C)(c1ccc(OCC2CO2)cc1)c1ccc(OCC2CO2)cc1,OC(=O)CCCC(=O)O,OC(=O)c1cccc(C(=O)O)c1,0.5,0.5,Iso,159.85000000000002,433.0,0.9999,1.6222602252761938e-07
R050X050Y,CC(C)(c1ccc(OCC2CO2)cc1)c1ccc(OCC2CO2)cc1,OC(=O)CCCC(=O)O,OC(=O)c1cccc(C(=O)O)c1,0.5,0.5,Iso,159.85000000000002,433.0,0.9999,1.3607324916372944e-07
R050X050Y,CC(C)(c1ccc(OCC2CO2)cc1)c1ccc(OCC2CO2)cc1,OC(=O)CCCC(=O)O,OC(=O)c1cccc(C(=O)O)c1,0.5,0.5,Iso,159.85000000000002,433.0,0.9999,1.1551728222477224e-07
R050X050Y,CC(C)(c1ccc(OCC2CO2)cc1)c1ccc(OCC2CO2)cc1,OC(=O)CCCC(=O)O,OC(=O)c1cccc(C(=O)O)c1,0.5,0.5,Iso,159.85000000000002,433.0,0.9999,1.1294703585341954e-07
R050X050Y,CC(C)(c1ccc(OCC2CO2)cc1)c1ccc(OCC2CO2)cc1,OC(=O)CCCC(=O)O,OC(=O)c1cccc(C(=O)O)c1,0.5,0.5,Iso,159.85000000000002,433.0,0.9999,9.015561586438955e-08
R050X050Y,CC(C)(c1ccc(OCC2CO2)cc1)c1ccc(OCC2CO2)cc1,OC(=O)CCCC(=O)O,OC(=O)c1cccc(C(=O)O)c1,0.5,0.5,Iso,159.85000000000002,433.0,0.9999,8.190466798668398e-08
R050X050Y,CC(C)(c1ccc(OCC2CO2)cc1)c1ccc(OCC2CO2)cc1,OC(=O)CCCC(=O)O,OC(=O)c1cccc(C(=O)O)c1,0.5,0.5,Iso,159.85000000000002,433.0,0.9999,7.29103045679035e-08
R050X050Y,CC(C)(c1ccc(OCC2CO2)cc1)c1ccc(OCC2CO2)cc1,OC(=O)CCCC(=O)O,OC(=O)c1cccc(C(=O)O)c1,0.5,0.5,Iso,159.85000000000002,433.0,0.9999,6.565724044295784e-08
R050X050Y,CC(C)(c1ccc(OCC2CO2)cc1)c1ccc(OCC2CO2)cc1,OC(=O)CCCC(=O)O,OC(=O)c1cccc(C(=O)O)c1,0.5,0.5,Iso,159.85000000000002,433.0,0.9999,5.766135321284351e-08
R050X050Y,CC(C)(c1ccc(OCC2CO2)cc1)c1ccc(OCC2CO2)cc1,OC(=O)CCCC(=O)O,OC(=O)c1cccc(C(=O)O)c1,0.5,0.5,Iso,159.85000000000002,433.0,0.9999,5.1898424036813755e-08
R050X050Y,CC(C)(c1ccc(OCC2CO2)cc1)c1ccc(OCC2CO2)cc1,OC(=O)CCCC(=O)O,OC(=O)c1cccc(C(=O)O)c1,0.5,0.5,Iso,159.85000000000002,433.0,0.9999,4.659792365691644e-08
R050X050Y,CC(C)(c1ccc(OCC2CO2)cc1)c1ccc(OCC2CO2)cc1,OC(=O)CCCC(=O)O,OC(=O)c1cccc(C(=O)O)c1,0.5,0.5,Iso,159.85000000000002,433.0,0.9999,4.157045034002736e-08
R050X050Y,CC(C)(c1ccc(OCC2CO2)cc1)c1ccc(OCC2CO2)cc1,OC(=O)CCCC(=O)O,OC(=O)c1cccc(C(=O)O)c1,0.5,0.5,Iso,159.85000000000002,433.0,0.9999,3.752182973655574e-08
R050X050Y,CC(C)(c1ccc(OCC2CO2)cc1)c1ccc(OCC2CO2)cc1,OC(=O)CCCC(=O)O,OC(=O)c1cccc(C(=O)O)c1,0.5,0.5,Iso,159.85000000000002,433.0,0.9999,3.125334267883044e-08
R050X050Y,CC(C)(c1ccc(OCC2CO2)cc1)c1ccc(OCC2CO2)cc1,OC(=O)CCCC(=O)O,OC(=O)c1cccc(C(=O)O)c1,0.5,0.5,Iso,159.85000000000002,433.0,0.9999,3.072857680529979e-08
R050X050Y,CC(C)(c1ccc(OCC2CO2)cc1)c1ccc(OCC2CO2)cc1,OC(=O)CCCC(=O)O,OC(=O)c1cccc(C(=O)O)c1,0.5,0.5,Iso,159.85000000000002,433.0,0.9999,2.622350047563002e-08
R050X050Y,CC(C)(c1ccc(OCC2CO2)cc1)c1ccc(OCC2CO2)cc1,OC(=O)CCCC(=O)O,OC(=O)c1cccc(C(=O)O)c1,0.5,0.5,Iso,159.85000000000002,433.0,0.9999,2.314703347123877e-08
R050X050Y,CC(C)(c1ccc(OCC2CO2)cc1)c1ccc(OCC2CO2)cc1,OC(=O)CCCC(=O)O,OC(=O)c1cccc(C(=O)O)c1,0.5,0.5,Iso,159.85000000000002,433.0,0.9999,2.3352662845389027e-08
R050X050Y,CC(C)(c1ccc(OCC2CO2)cc1)c1ccc(OCC2CO2)cc1,OC(=O)CCCC(=O)O,OC(=O)c1cccc(C(=O)O)c1,0.5,0.5,Iso,159.85000000000002,433.0,0.9999,1.955859757275484e-08
R070X030Y,CC(C)(c1ccc(OCC2CO2)cc1)c1ccc(OCC2CO2)cc1,OC(=O)CCCC(=O)O,OC(=O)c1cccc(C(=O)O)c1,0.7,0.3,Dyn,5.0,323.0,0.001,0.0004625752251285794
R070X030Y,CC(C)(c1ccc(OCC2CO2)cc1)c1ccc(OCC2CO2)cc1,OC(=O)CCCC(=O)O,OC(=O)c1cccc(C(=O)O)c1,0.7,0.3,Dyn,5.0,326.3898305084746,0.0013660428448127216,0.0006133817092214411
R070X030Y,CC(C)(c1ccc(OCC2CO2)cc1)c1ccc(OCC2CO2)cc1,OC(=O)CCCC(=O)O,OC(=O)c1cccc(C(=O)O)c1,0.7,0.3,Dyn,5.0,329.77966101694915,0.001864188388557891,0.0008349745938521361
R070X030Y,CC(C)(c1ccc(OCC2CO2)cc1)c1ccc(OCC2CO2)cc1,OC(=O)CCCC(=O)O,OC(=O)c1cccc(C(=O)O)c1,0.7,0.3,Dyn,5.0,333.1694915254237,0.002538356045914784,0.001167102569093049
R070X030Y,CC(C)(c1ccc(OCC2CO2)cc1)c1ccc(OCC2CO2)cc1,OC(=O)CCCC(=O)O,OC(=O)c1cccc(C(=O)O)c1,0.7,0.3,Dyn,5.0,336.5593220338983,0.003445584662727293,0.0014953465387096234
R070X030Y,CC(C)(c1ccc(OCC2CO2)cc1)c1ccc(OCC2CO2)cc1,OC(=O)CCCC(=O)O,OC(=O)c1cccc(C(=O)O)c1,0.7,0.3,Dyn,5.0,339.9491525423729,0.004659435530992924,0.002083028984570317
R070X030Y,CC(C)(c1ccc(OCC2CO2)cc1)c1ccc(OCC2CO2)cc1,OC(=O)CCCC(=O)O,OC(=O)c1cccc(C(=O)O)c1,0.7,0.3,Dyn,5.0,343.33898305084745,0.00627409611101968,0.0027637419347519548
R070X030Y,CC(C)(c1ccc(OCC2CO2)cc1)c1ccc(OCC2CO2)cc1,OC(=O)CCCC(=O)O,OC(=O)c1cccc(C(=O)O)c1,0.7,0.3,Dyn,5.0,346.728813559322,0.00840925272940168,0.003728974043046009
R070X030Y,CC(C)(c1ccc(OCC2CO2)cc1)c1ccc(OCC2CO2)cc1,OC(=O)CCCC(=O)O,OC(=O)c1cccc(C(=O)O)c1,0.7,0.3,Dyn,5.0,350.1186440677966,0.011215764885387912,0.004674633686931397
R070X030Y,CC(C)(c1ccc(OCC2CO2)cc1)c1ccc(OCC2CO2)cc1,OC(=O)CCCC(=O)O,OC(=O)c1cccc(C(=O)O)c1,0.7,0.3,Dyn,5.0,353.50847457627117,0.014882107331298652,0.0063436924147779634
R070X030Y,CC(C)(c1ccc(OCC2CO2)cc1)c1ccc(OCC2CO2)cc1,OC(=O)CCCC(=O)O,OC(=O)c1cccc(C(=O)O)c1,0.7,0.3,Dyn,5.0,356.89830508474574,0.01964143316625837,0.008370232793545486
R070X030Y,CC(C)(c1ccc(OCC2CO2)cc1)c1ccc(OCC2CO2)cc1,OC(=O)CCCC(=O)O,OC(=O)c1cccc(C(=O)O)c1,0.7,0.3,Dyn,5.0,360.2881355932203,0.02577893255129999,0.010717738028023375
R070X030Y,CC(C)(c1ccc(OCC2CO2)cc1)c1ccc(OCC2CO2)cc1,OC(=O)CCCC(=O)O,OC(=O)c1cccc(C(=O)O)c1,0.7,0.3,Dyn,5.0,363.6779661016949,0.03363889392906947,0.013286209676089159
R070X030Y,CC(C)(c1ccc(OCC2CO2)cc1)c1ccc(OCC2CO2)cc1,OC(=O)CCCC(=O)O,OC(=O)c1cccc(C(=O)O)c1,0.7,0.3,Dyn,5.0,367.06779661016947,0.04363049372381957,0.016758718570782823
R070X030Y,CC(C)(c1ccc(OCC2CO2)cc1)c1ccc(OCC2CO2)cc1,OC(=O)CCCC(=O)O,OC(=O)c1cccc(C(=O)O)c1,0.7,0.3,Dyn,5.0,370.45762711864404,0.056230830260984306,0.022544245856303893
R070X030Y,CC(C)(c1ccc(OCC2CO2)cc1)c1ccc(OCC2CO2)cc1,OC(=O)CCCC(=O)O,OC(=O)c1cccc(C(=O)O)c1,0.7,0.3,Dyn,5.0,373.8474576271186,0.07198308252420606,0.02757915451865185
R070X030Y,CC(C)(c1ccc(OCC2CO2)cc1)c1ccc(OCC2CO2)cc1,OC(=O)CCCC(=O)O,OC(=O)c1cccc(C(=O)O)c1,0.7,0.3,Dyn,5.0,377.2372881355932,0.09148696703139178,0.031112943277492377
R070X030Y,CC(C)(c1ccc(OCC2CO2)cc1)c1ccc(OCC2CO2)cc1,OC(=O)CCCC(=O)O,OC(=O)c1cccc(C(=O)O)c1,0.7,0.3,Dyn,5.0,380.62711864406776,0.11537802065126537,0.0398656876945295
R070X030Y,CC(C)(c1ccc(OCC2CO2)cc1)c1ccc(OCC2CO2)cc1,OC(=O)CCCC(=O)O,OC(=O)c1cccc(C(=O)O)c1,0.7,0.3,Dyn,5.0,384.01694915254234,0.14429191636013444,0.047492421534497294
R070X030Y,CC(C)(c1ccc(OCC2CO2)cc1)c1ccc(OCC2CO2)cc1,OC(=O)CCCC(=O)O,OC(=O)c1cccc(C(=O)O)c1,0.7,0.3,Dyn,5.0,387.4067796610169,0.17881044281950753,0.05541342519314113
R070X030Y,CC(C)(c1ccc(OCC2CO2)cc1)c1ccc(OCC2CO2)cc1,OC(=O)CCCC(=O)O,OC(=O)c1cccc(C(=O)O)c1,0.7,0.3,Dyn,5.0,390.7966101694915,0.21938751568218903,0.06476544509234054
R070X030Y,CC(C)(c1ccc(OCC2CO2)cc1)c1ccc(OCC2CO2)cc1,OC(=O)CCCC(=O)O,OC(=O)c1cccc(C(=O)O)c1,0.7,0.3,Dyn,5.0,394.1864406779661,0.26625723046247823,0.07485724174922331
R070X030Y,CC(C)(c1ccc(OCC2CO2)cc1)c1ccc(OCC2CO2)cc1,OC(=O)CCCC(=O)O,OC(=O)c1cccc(C(=O)O)c1,0.7,0.3,Dyn,5.0,397.5762711864407,0.3193318213130278,0.08499448098845738
R070X030Y,CC(C)(c1ccc(OCC2CO2)cc1)c1ccc(OCC2CO2)cc1,OC(=O)CCCC(=O)O,OC(=O)c1cccc(C(=O)O)c1,0.7,0.3,Dyn,5.0,400.96610169491527,0.3781050017922679,0.09106116020237481
R070X030Y,CC(C)(c1ccc(OCC2CO2)cc1)c1ccc(OCC2CO2)cc1,OC(=O)CCCC(=O)O,OC(=O)c1cccc(C(=O)O)c1,0.7,0.3,Dyn,5.0,404.35593220338984,0.44158372915518174,0.0974093009350213
R070X030Y,CC(C)(c1ccc(OCC2CO2)cc1)c1ccc(OCC2CO2)cc1,OC(=O)CCCC(=O)O,OC(=O)c1cccc(C(=O)O)c1,0.7,0.3,Dyn,5.0,407.74576271186436,0.5082756081223988,0.10400724250155753
R070X030Y,CC(C)(c1ccc(OCC2CO2)cc1)c1ccc(OCC2CO2)cc1,OC(=O)CCCC(=O)O,OC(=O)c1cccc(C(=O)O)c1,0.7,0.3,Dyn,5.0,411.135593220339,0.576255723379268,0.10111137272273263
R070X030Y,CC(C)(c1ccc(OCC2CO2)cc1)c1ccc(OCC2CO2)cc1,OC(=O)CCCC(=O)O,OC(=O)c1cccc(C(=O)O)c1,0.7,0.3,Dyn,5.0,414.52542372881356,0.6433226367238047,0.09871976214016841
R070X030Y,CC(C)(c1ccc(OCC2CO2)cc1)c1ccc(OCC2CO2)cc1,OC(=O)CCCC(=O)O,OC(=O)c1cccc(C(=O)O)c1,0.7,0.3,Dyn,5.0,417.91525423728814,0.7072296116486843,0.09358981401752818
R070X030Y,CC(C)(c1ccc(OCC2CO2)cc1)c1ccc(OCC2CO2)cc1,OC(=O)CCCC(=O)O,OC(=O)c1cccc(C(=O)O)c1,0.7,0.3,Dyn,5.0,421.3050847457627,0.7659507515490063,0.0859648070112935
R070X030Y,CC(C)(c1ccc(OCC2CO2)cc1)c1ccc(OCC2CO2)cc1,OC(=O)CCCC(=O)O,OC(=O)c1cccc(C(=O)O)c1,0.7,0.3,Dyn,5.0,424.6949152542373,0.8179239694587196,0.07375913832827517
R070X030Y,CC(C)(c1ccc(OCC2CO2)cc1)c1ccc(OCC2CO2)cc1,OC(=O)CCCC(=O)O,OC(=O)c1cccc(C(=O)O)c1,0.7,0.3,Dyn,5.0,428.08474576271186,0.8622136737072488,0.06012447275926314
R070X030Y,CC(C)(c1ccc(OCC2CO2)cc1)c1ccc(OCC2CO2)cc1,OC(=O)CCCC(=O)O,OC(=O)c1cccc(C(=O)O)c1,0.7,0.3,Dyn,5.0,431.47457627118644,0.8985579861806702,0.04815061405414241
R070X030Y,CC(C)(c1ccc(OCC2CO2)cc1)c1ccc(OCC2CO2)cc1,OC(=O)CCCC(=O)O,OC(=O)c1cccc(C(=O)O)c1,0.7,0.3,Dyn,5.0,434.864406779661,0.9272997650750073,0.03577276357085189
R070X030Y,CC(C)(c1ccc(OCC2CO2)cc1)c1ccc(OCC2CO2)cc1,OC(=O)CCCC(=O)O,OC(=O)c1cccc(C(=O)O)c1,0.7,0.3,Dyn,5.0,438.2542372881356,0.9492327982778846,0.028074115611269847
R070X030Y,CC(C)(c1ccc(OCC2CO2)cc1)c1ccc(OCC2CO2)cc1,OC(=O)CCCC(=O)O,OC(=O)c1cccc(C(=O)O)c1,0.7,0.3,Dyn,5.0,441.64406779661016,0.9654116355705545,0.01955197549705399
R070X030Y,CC(C)(c1ccc(OCC2CO2)cc1)c1ccc(OCC2CO2)cc1,OC(=O)CCCC(=O)O,OC(=O)c1cccc(C(=O)O)c1,0.7,0.3,Dyn,5.0,445.03389830508473,0.9769717457193744,0.01375364010455379
R070X030Y,CC(C)(c1ccc(OCC2CO2)cc1)c1ccc(OCC2CO2)cc1,OC(=O)CCCC(=O)O,OC(=O)c1cccc(C(=O)O)c1,0.7,0.3,Dyn,5.0,448.4237288135593,0.9849912549845913,0.009888149735025503
R070X030Y,CC(C)(c1ccc(OCC2CO2)cc1)c1ccc(OCC2CO2)cc1,OC(=O)CCCC(=O)O,OC(=O)c1cccc(C(=O)O)c1,0.7,0.3,Dyn,5.0,451.8135593220339,0.9904059398335567,0.006441094136976543
R070X030Y,CC(C)(c1ccc(OCC2CO2)cc1)c1ccc(OCC2CO2)cc1,OC(=O)CCCC(=O)O,OC(=O)c1cccc(C(=O)O)c1,0.7,0.3,Dyn,5.0,455.2033898305085,0.9939732116444491,0.004264228008442293
R070X030Y,CC(C)(c1ccc(OCC2CO2)cc1)c1ccc(OCC2CO2)cc1,OC(=O)CCCC(=O)O,OC(=O)c1cccc(C(=O)O)c1,0.7,0.3,Dyn,5.0,458.59322033898303,0.9962722032977347,0.0026299790889312783
R070X030Y,CC(C)(c1ccc(OCC2CO2)cc1)c1ccc(OCC2CO2)cc1,OC(=O)CCCC(=O)O,OC(=O)c1cccc(C(=O)O)c1,0.7,0.3,Dyn,5.0,461.9830508474576,0.9977251808364394,0.0017382799048813041
R070X030Y,CC(C)(c1ccc(OCC2CO2)cc1)c1ccc(OCC2CO2)cc1,OC(=O)CCCC(=O)O,OC(=O)c1cccc(C(=O)O)c1,0.7,0.3,Dyn,5.0,465.37288135593224,0.998627888697485,0.0010381638472503239
R070X030Y,CC(C)(c1ccc(OCC2CO2)cc1)c1ccc(OCC2CO2)cc1,OC(=O)CCCC(=O)O,OC(=O)c1cccc(C(=O)O)c1,0.7,0.3,Dyn,5.0,468.7627118644068,0.9991804767292988,0.0006506282033512813
R070X030Y,CC(C)(c1ccc(OCC2CO2)cc1)c1ccc(OCC2CO2)cc1,OC(=O)CCCC(=O)O,OC(=O)c1cccc(C(=O)O)c1,0.7,0.3,Dyn,5.0,472.1525423728814,0.9995144899996824,0.00038506588055120696
R070X030Y,CC(C)(c1ccc(OCC2CO2)cc1)c1ccc(OCC2CO2)cc1,OC(=O)CCCC(=O)O,OC(=O)c1cccc(C(=O)O)c1,0.7,0.3,Dyn,5.0,475.5423728813559,0.9997142517751642,0.0002257106078629235
R070X030Y,CC(C)(c1ccc(OCC2CO2)cc1)c1ccc(OCC2CO2)cc1,OC(=O)CCCC(=O)O,OC(=O)c1cccc(C(=O)O)c1,0.7,0.3,Dyn,5.0,478.93220338983053,0.9998326811003164,0.00013070466359947652
R070X030Y,CC(C)(c1ccc(OCC2CO2)cc1)c1ccc(OCC2CO2)cc1,OC(=O)CCCC(=O)O,OC(=O)c1cccc(C(=O)O)c1,0.7,0.3,Dyn,5.0,482.3220338983051,0.9999,8.018995019852137e-05
R070X030Y,CC(C)(c1ccc(OCC2CO2)cc1)c1ccc(OCC2CO2)cc1,OC(=O)CCCC(=O)O,OC(=O)c1cccc(C(=O)O)c1,0.7,0.3,Dyn,5.0,485.7118644067797,0.9999,9.184228203979361e-05
R070X030Y,CC(C)(c1ccc(OCC2CO2)cc1)c1ccc(OCC2CO2)cc1,OC(=O)CCCC(=O)O,OC(=O)c1cccc(C(=O)O)c1,0.7,0.3,Dyn,5.0,489.10169491525426,0.9999,0.00010218435776529071
R070X030Y,CC(C)(c1ccc(OCC2CO2)cc1)c1ccc(OCC2CO2)cc1,OC(=O)CCCC(=O)O,OC(=O)c1cccc(C(=O)O)c1,0.7,0.3,Dyn,5.0,492.4915254237288,0.9999,0.00010761345540256047
R070X030Y,CC(C)(c1ccc(OCC2CO2)cc1)c1ccc(OCC2CO2)cc1,OC(=O)CCCC(=O)O,OC(=O)c1cccc(C(=O)O)c1,0.7,0.3,Dyn,5.0,495.8813559322034,0.9999,0.00012811084399694613
R070X030Y,CC(C)(c1ccc(OCC2CO2)cc1)c1ccc(OCC2CO2)cc1,OC(=O)CCCC(=O)O,OC(=O)c1cccc(C(=O)O)c1,0.7,0.3,Dyn,5.0,499.271186440678,0.9999,0.00013730551072566432
R070X030Y,CC(C)(c1ccc(OCC2CO2)cc1)c1ccc(OCC2CO2)cc1,OC(=O)CCCC(=O)O,OC(=O)c1cccc(C(=O)O)c1,0.7,0.3,Dyn,5.0,502.66101694915255,0.9999,0.0001571870620305007
R070X030Y,CC(C)(c1ccc(OCC2CO2)cc1)c1ccc(OCC2CO2)cc1,OC(=O)CCCC(=O)O,OC(=O)c1cccc(C(=O)O)c1,0.7,0.3,Dyn,5.0,506.0508474576271,0.9999,0.00016655926577886874
R070X030Y,CC(C)(c1ccc(OCC2CO2)cc1)c1ccc(OCC2CO2)cc1,OC(=O)CCCC(=O)O,OC(=O)c1cccc(C(=O)O)c1,0.7,0.3,Dyn,5.0,509.4406779661017,0.9999,0.00019196324470431176
R070X030Y,CC(C)(c1ccc(OCC2CO2)cc1)c1ccc(OCC2CO2)cc1,OC(=O)CCCC(=O)O,OC(=O)c1cccc(C(=O)O)c1,0.7,0.3,Dyn,5.0,512.8305084745763,0.9999,0.00020329656042976336
R070X030Y,CC(C)(c1ccc(OCC2CO2)cc1)c1ccc(OCC2CO2)cc1,OC(=O)CCCC(=O)O,OC(=O)c1cccc(C(=O)O)c1,0.7,0.3,Dyn,5.0,516.2203389830509,0.9999,0.0002308831360876431
R070X030Y,CC(C)(c1ccc(OCC2CO2)cc1)c1ccc(OCC2CO2)cc1,OC(=O)CCCC(=O)O,OC(=O)c1cccc(C(=O)O)c1,0.7,0.3,Dyn,5.0,519.6101694915254,0.9999,0.0002513755407910784
R070X030Y,CC(C)(c1ccc(OCC2CO2)cc1)c1ccc(OCC2CO2)cc1,OC(=O)CCCC(=O)O,OC(=O)c1cccc(C(=O)O)c1,0.7,0.3,Dyn,5.0,523.0,0.9999,0.0002769803813648278
R070X030Y,CC(C)(c1ccc(OCC2CO2)cc1)c1ccc(OCC2CO2)cc1,OC(=O)CCCC(=O)O,OC(=O)c1cccc(C(=O)O)c1,0.7,0.3,Dyn,10.0,323.0,0.001,0.0004522720553683925
R070X030Y,CC(C)(c1ccc(OCC2CO2)cc1)c1ccc(OCC2CO2)cc1,OC(=O)CCCC(=O)O,OC(=O)c1cccc(C(=O)O)c1,0.7,0.3,Dyn,10.0,326.3898305084746,0.0011801957323451973,0.0006071616287039024
R070X030Y,CC(C)(c1ccc(OCC2CO2)cc1)c1ccc(OCC2CO2)cc1,OC(=O)CCCC(=O)O,OC(=O)c1cccc(C(=O)O)c1,0.7,0.3,Dyn,10.0,329.77966101694915,0.0014189096012462543,0.0007653104391719044
R070X030Y,CC(C)(c1ccc(OCC2CO2)cc1)c1ccc(OCC2CO2)cc1,OC(=O)CCCC(=O)O,OC(=O)c1cccc(C(=O)O)c1,0.7,0.3,Dyn,10.0,333.1694915254237,0.0017346411580091753,0.001095160219086147
R070X030Y,CC(C)(c1ccc(OCC2CO2)cc1)c1ccc(OCC2CO2)cc1,OC(=O)CCCC(=O)O,OC(=O)c1cccc(C(=O)O)c1,0.7,0.3,Dyn,10.0,336.5593220338983,0.002151453229825442,0.0014479079172357867
R070X030Y,CC(C)(c1ccc(OCC2CO2)cc1)c1ccc(OCC2CO2)cc1,OC(=O)CCCC(=O)O,OC(=O)c1cccc(C(=O)O)c1,0.7,0.3,Dyn,10.0,339.9491525423729,0.0027004692411989367,0.0018268600267953101
R070X030Y,CC(C)(c1ccc(OCC2CO2)cc1)c1ccc(OCC2CO2)cc1,OC(=O)CCCC(=O)O,OC(=O)c1cccc(C(=O)O)c1,0.7,0.3,Dyn,10.0,343.33898305084745,0.0034217034671508366,0.0023282977092793453
R070X030Y,CC(C)(c1ccc(OCC2CO2)cc1)c1ccc(OCC2CO2)cc1,OC(=O)CCCC(=O)O,OC(=O)c1cccc(C(=O)O)c1,0.7,0.3,Dyn,10.0,346.728813559322,0.00436627879951488,0.003114294866016341
R070X030Y,CC(C)(c1ccc(OCC2CO2)cc1)c1ccc(OCC2CO2)cc1,OC(=O)CCCC(=O)O,OC(=O)c1cccc(C(=O)O)c1,0.7,0.3,Dyn,10.0,350.1186440677966,0.005599088086229631,0.004255338381525328
R070X030Y,CC(C)(c1ccc(OCC2CO2)cc1)c1ccc(OCC2CO2)cc1,OC(=O)CCCC(=O)O,OC(=O)c1cccc(C(=O)O)c1,0.7,0.3,Dyn,10.0,353.50847457627117,0.007201950633819845,0.005470094028716252
R070X030Y,CC(C)(c1ccc(OCC2CO2)cc1)c1ccc(OCC2CO2)cc1,OC(=O)CCCC(=O)O,OC(=O)c1cccc(C(=O)O)c1,0.7,0.3,Dyn,10.0,356.89830508474574,0.009277302554924755,0.006875079343354733
R070X030Y,CC(C)(c1ccc(OCC2CO2)cc1)c1ccc(OCC2CO2)cc1,OC(=O)CCCC(=O)O,OC(=O)c1cccc(C(=O)O)c1,0.7,0.3,Dyn,10.0,360.2881355932203,0.011952434576622404,0.009162754556366118
R070X030Y,CC(C)(c1ccc(OCC2CO2)cc1)c1ccc(OCC2CO2)cc1,OC(=O)CCCC(=O)O,OC(=O)c1cccc(C(=O)O)c1,0.7,0.3,Dyn,10.0,363.6779661016949,0.015384245848006238,0.01106230191102123
R070X030Y,CC(C)(c1ccc(OCC2CO2)cc1)c1ccc(OCC2CO2)cc1,OC(=O)CCCC(=O)O,OC(=O)c1cccc(C(=O)O)c1,0.7,0.3,Dyn,10.0,367.06779661016947,0.019764408115618082,0.01427039630381914
R070X030Y,CC(C)(c1ccc(OCC2CO2)cc1)c1ccc(OCC2CO2)cc1,OC(=O)CCCC(=O)O,OC(=O)c1cccc(C(=O)O)c1,0.7,0.3,Dyn,10.0,370.45762711864404,0.025324724641071602,0.018666352339479286
R070X030Y,CC(C)(c1ccc(OCC2CO2)cc1)c1ccc(OCC2CO2)cc1,OC(=O)CCCC(=O)O,OC(=O)c1cccc(C(=O)O)c1,0.7,0.3,Dyn,10.0,373.8474576271186,0.03234230608192405,0.023093320181604985
R070X030Y,CC(C)(c1ccc(OCC2CO2)cc1)c1ccc(OCC2CO2)cc1,OC(=O)CCCC(=O)O,OC(=O)c1cccc(C(=O)O)c1,0.7,0.3,Dyn,10.0,377.2372881355932,0.04114395795006513,0.02844437296837253
R070X030Y,CC(C)(c1ccc(OCC2CO2)cc1)c1ccc(OCC2CO2)cc1,OC(=O)CCCC(=O)O,OC(=O)c1cccc(C(=O)O)c1,0.7,0.3,Dyn,10.0,380.62711864406776,0.052108878257676294,0.033239837986286616
R070X030Y,CC(C)(c1ccc(OCC2CO2)cc1)c1ccc(OCC2CO2)cc1,OC(=O)CCCC(=O)O,OC(=O)c1cccc(C(=O)O)c1,0.7,0.3,Dyn,10.0,384.01694915254234,0.06566839309446494,0.04517967632460639
R070X030Y,CC(C)(c1ccc(OCC2CO2)cc1)c1ccc(OCC2CO2)cc1,OC(=O)CCCC(=O)O,OC(=O)c1cccc(C(=O)O)c1,0.7,0.3,Dyn,10.0,387.4067796610169,0.08230103785227336,0.054623874505242045
R070X030Y,CC(C)(c1ccc(OCC2CO2)cc1)c1ccc(OCC2CO2)cc1,OC(=O)CCCC(=O)O,OC(=O)c1cccc(C(=O)O)c1,0.7,0.3,Dyn,10.0,390.7966101694915,0.1025208848518444,0.06203741674674506
R070X030Y,CC(C)(c1ccc(OCC2CO2)cc1)c1ccc(OCC2CO2)cc1,OC(=O)CCCC(=O)O,OC(=O)c1cccc(C(=O)O)c1,0.7,0.3,Dyn,10.0,394.1864406779661,0.12685673215202375,0.07978642048314247
R070X030Y,CC(C)(c1ccc(OCC2CO2)cc1)c1ccc(OCC2CO2)cc1,OC(=O)CCCC(=O)O,OC(=O)c1cccc(C(=O)O)c1,0.7,0.3,Dyn,10.0,397.5762711864407,0.1558198012558946,0.09269048692502081
R070X030Y,CC(C)(c1ccc(OCC2CO2)cc1)c1ccc(OCC2CO2)cc1,OC(=O)CCCC(=O)O,OC(=O)c1cccc(C(=O)O)c1,0.7,0.3,Dyn,10.0,400.96610169491527,0.18985822459220136,0.10916567703276966
R070X030Y,CC(C)(c1ccc(OCC2CO2)cc1)c1ccc(OCC2CO2)cc1,OC(=O)CCCC(=O)O,OC(=O)c1cccc(C(=O)O)c1,0.7,0.3,Dyn,10.0,404.35593220338984,0.22929812923546192,0.12803556761708118
R070X030Y,CC(C)(c1ccc(OCC2CO2)cc1)c1ccc(OCC2CO2)cc1,OC(=O)CCCC(=O)O,OC(=O)c1cccc(C(=O)O)c1,0.7,0.3,Dyn,10.0,407.74576271186436,0.27427383233660135,0.13766512929675068
R070X030Y,CC(C)(c1ccc(OCC2CO2)cc1)c1ccc(OCC2CO2)cc1,OC(=O)CCCC(=O)O,OC(=O)c1cccc(C(=O)O)c1,0.7,0.3,Dyn,10.0,411.135593220339,0.32465362581637813,0.15956849713278698
R070X030Y,CC(C)(c1ccc(OCC2CO2)cc1)c1ccc(OCC2CO2)cc1,OC(=O)CCCC(=O)O,OC(=O)c1cccc(C(=O)O)c1,0.7,0.3,Dyn,10.0,414.52542372881356,0.3799723022840639,0.17322375428053666
R070X030Y,CC(C)(c1ccc(OCC2CO2)cc1)c1ccc(OCC2CO2)cc1,OC(=O)CCCC(=O)O,OC(=O)c1cccc(C(=O)O)c1,0.7,0.3,Dyn,10.0,417.91525423728814,0.43938587444774274,0.18430892891051684
R070X030Y,CC(C)(c1ccc(OCC2CO2)cc1)c1ccc(OCC2CO2)cc1,OC(=O)CCCC(=O)O,OC(=O)c1cccc(C(=O)O)c1,0.7,0.3,Dyn,10.0,421.3050847457627,0.501665911301755,0.19563785640571393
R070X030Y,CC(C)(c1ccc(OCC2CO2)cc1)c1ccc(OCC2CO2)cc1,OC(=O)CCCC(=O)O,OC(=O)c1cccc(C(=O)O)c1,0.7,0.3,Dyn,10.0,424.6949152542373,0.5652482647485982,0.19147253533308414
R070X030Y,CC(C)(c1ccc(OCC2CO2)cc1)c1ccc(OCC2CO2)cc1,OC(=O)CCCC(=O)O,OC(=O)c1cccc(C(=O)O)c1,0.7,0.3,Dyn,10.0,428.08474576271186,0.6283423401979311,0.1804787433442694
R070X030Y,CC(C)(c1ccc(OCC2CO2)cc1)c1ccc(OCC2CO2)cc1,OC(=O)CCCC(=O)O,OC(=O)c1cccc(C(=O)O)c1,0.7,0.3,Dyn,10.0,431.47457627118644,0.6890929757509267,0.18338541677394357
R070X030Y,CC(C)(c1ccc(OCC2CO2)cc1)c1ccc(OCC2CO2)cc1,OC(=O)CCCC(=O)O,OC(=O)c1cccc(C(=O)O)c1,0.7,0.3,Dyn,10.0,434.864406779661,0.7457710424907646,0.15439263873073533
R070X030Y,CC(C)(c1ccc(OCC2CO2)cc1)c1ccc(OCC2CO2)cc1,OC(=O)CCCC(=O)O,OC(=O)c1cccc(C(=O)O)c1,0.7,0.3,Dyn,10.0,438.2542372881356,0.7969570871571617,0.13985059962212099
R070X030Y,CC(C)(c1ccc(OCC2CO2)cc1)c1ccc(OCC2CO2)cc1,OC(=O)CCCC(=O)O,OC(=O)c1cccc(C(=O)O)c1,0.7,0.3,Dyn,10.0,441.64406779661016,0.8416802004787681,0.11829876372533289
R070X030Y,CC(C)(c1ccc(OCC2CO2)cc1)c1ccc(OCC2CO2)cc1,OC(=O)CCCC(=O)O,OC(=O)c1cccc(C(=O)O)c1,0.7,0.3,Dyn,10.0,445.03389830508473,0.8794842300098227,0.10093376575377427
R070X030Y,CC(C)(c1ccc(OCC2CO2)cc1)c1ccc(OCC2CO2)cc1,OC(=O)CCCC(=O)O,OC(=O)c1cccc(C(=O)O)c1,0.7,0.3,Dyn,10.0,448.4237288135593,0.9104126575957133,0.08410870085480295
R070X030Y,CC(C)(c1ccc(OCC2CO2)cc1)c1ccc(OCC2CO2)cc1,OC(=O)CCCC(=O)O,OC(=O)c1cccc(C(=O)O)c1,0.7,0.3,Dyn,10.0,451.8135593220339,0.9349241295071892,0.06600138294175276
R070X030Y,CC(C)(c1ccc(OCC2CO2)cc1)c1ccc(OCC2CO2)cc1,OC(=O)CCCC(=O)O,OC(=O)c1cccc(C(=O)O)c1,0.7,0.3,Dyn,10.0,455.2033898305085,0.9537655596186193,0.04875250946395956
R070X030Y,CC(C)(c1ccc(OCC2CO2)cc1)c1ccc(OCC2CO2)cc1,OC(=O)CCCC(=O)O,OC(=O)c1cccc(C(=O)O)c1,0.7,0.3,Dyn,10.0,458.59322033898303,0.9678346389310327,0.03473700825159728
R070X030Y,CC(C)(c1ccc(OCC2CO2)cc1)c1ccc(OCC2CO2)cc1,OC(=O)CCCC(=O)O,OC(=O)c1cccc(C(=O)O)c1,0.7,0.3,Dyn,10.0,461.9830508474576,0.9780581666749113,0.024941992696883436
R070X030Y,CC(C)(c1ccc(OCC2CO2)cc1)c1ccc(OCC2CO2)cc1,OC(=O)CCCC(=O)O,OC(=O)c1cccc(C(=O)O)c1,0.7,0.3,Dyn,10.0,465.37288135593224,0.9853018989134869,0.017423755723659614
R070X030Y,CC(C)(c1ccc(OCC2CO2)cc1)c1ccc(OCC2CO2)cc1,OC(=O)CCCC(=O)O,OC(=O)c1cccc(C(=O)O)c1,0.7,0.3,Dyn,10.0,468.7627118644068,0.9903164821158605,0.012489763124376836
R070X030Y,CC(C)(c1ccc(OCC2CO2)cc1)c1ccc(OCC2CO2)cc1,OC(=O)CCCC(=O)O,OC(=O)c1cccc(C(=O)O)c1,0.7,0.3,Dyn,10.0,472.1525423728814,0.9937152713038091,0.007922537680983407
R070X030Y,CC(C)(c1ccc(OCC2CO2)cc1)c1ccc(OCC2CO2)cc1,OC(=O)CCCC(=O)O,OC(=O)c1cccc(C(=O)O)c1,0.7,0.3,Dyn,10.0,475.5423728813559,0.9959754031604822,0.005503876480789734
R070X030Y,CC(C)(c1ccc(OCC2CO2)cc1)c1ccc(OCC2CO2)cc1,OC(=O)CCCC(=O)O,OC(=O)c1cccc(C(=O)O)c1,0.7,0.3,Dyn,10.0,478.93220338983053,0.9974529701971218,0.003474535906503737
R070X030Y,CC(C)(c1ccc(OCC2CO2)cc1)c1ccc(OCC2CO2)cc1,OC(=O)CCCC(=O)O,OC(=O)c1cccc(C(=O)O)c1,0.7,0.3,Dyn,10.0,482.3220338983051,0.9984045113389818,0.00223480226939927
R070X030Y,CC(C)(c1ccc(OCC2CO2)cc1)c1ccc(OCC2CO2)cc1,OC(=O)CCCC(=O)O,OC(=O)c1cccc(C(=O)O)c1,0.7,0.3,Dyn,10.0,485.7118644067797,0.99900929580257,0.0014677678707947226
R070X030Y,CC(C)(c1ccc(OCC2CO2)cc1)c1ccc(OCC2CO2)cc1,OC(=O)CCCC(=O)O,OC(=O)c1cccc(C(=O)O)c1,0.7,0.3,Dyn,10.0,489.10169491525426,0.9993893451887071,0.0008650036293844073
R070X030Y,CC(C)(c1ccc(OCC2CO2)cc1)c1ccc(OCC2CO2)cc1,OC(=O)CCCC(=O)O,OC(=O)c1cccc(C(=O)O)c1,0.7,0.3,Dyn,10.0,492.4915254237288,0.9996258720447465,0.0005707160497223076
R070X030Y,CC(C)(c1ccc(OCC2CO2)cc1)c1ccc(OCC2CO2)cc1,OC(=O)CCCC(=O)O,OC(=O)c1cccc(C(=O)O)c1,0.7,0.3,Dyn,10.0,495.8813559322034,0.9997718904436642,0.00032017885054338503
R070X030Y,CC(C)(c1ccc(OCC2CO2)cc1)c1ccc(OCC2CO2)cc1,OC(=O)CCCC(=O)O,OC(=O)c1cccc(C(=O)O)c1,0.7,0.3,Dyn,10.0,499.271186440678,0.9998614357155445,0.00019932728283204138
R070X030Y,CC(C)(c1ccc(OCC2CO2)cc1)c1ccc(OCC2CO2)cc1,OC(=O)CCCC(=O)O,OC(=O)c1cccc(C(=O)O)c1,0.7,0.3,Dyn,10.0,502.66101694915255,0.9999,0.00014616899250706735
R070X030Y,CC(C)(c1ccc(OCC2CO2)cc1)c1ccc(OCC2CO2)cc1,OC(=O)CCCC(=O)O,OC(=O)c1cccc(C(=O)O)c1,0.7,0.3,Dyn,10.0,506.0508474576271,0.9999,0.00016630769240682055
R070X030Y,CC(C)(c1ccc(OCC2CO2)cc1)c1ccc(OCC2CO2)cc1,OC(=O)CCCC(=O)O,OC(=O)c1cccc(C(=O)O)c1,0.7,0.3,Dyn,10.0,509.4406779661017,0.9999,0.0001916526040574013
R070X030Y,CC(C)(c1ccc(OCC2CO2)cc1)c1ccc(OCC2CO2)cc1,OC(=O)CCCC(=O)O,OC(=O)c1cccc(C(=O)O)c1,0.7,0.3,Dyn,10.0,512.8305084745763,0.9999,0.00021288332780029076
R070X030Y,CC(C)(c1ccc(OCC2CO2)cc1)c1ccc(OCC2CO2)cc1,OC(=O)CCCC(=O)O,OC(=O)c1cccc(C(=O)O)c1,0.7,0.3,Dyn,10.0,516.2203389830509,0.9999,0.00023210727356644394
R070X030Y,CC(C)(c1ccc(OCC2CO2)cc1)c1ccc(OCC2CO2)cc1,OC(=O)CCCC(=O)O,OC(=O)c1cccc(C(=O)O)c1,0.7,0.3,Dyn,10.0,519.6101694915254,0.9999,0.0002556757219601767
R070X030Y,CC(C)(c1ccc(OCC2CO2)cc1)c1ccc(OCC2CO2)cc1,OC(=O)CCCC(=O)O,OC(=O)c1cccc(C(=O)O)c1,0.7,0.3,Dyn,10.0,523.0,0.9999,0.00026953992097371185
R070X030Y,CC(C)(c1ccc(OCC2CO2)cc1)c1ccc(OCC2CO2)cc1,OC(=O)CCCC(=O)O,OC(=O)c1cccc(C(=O)O)c1,0.7,0.3,Dyn,20.0,323.0,0.001,0.0004417785696234335
R070X030Y,CC(C)(c1ccc(OCC2CO2)cc1)c1ccc(OCC2CO2)cc1,OC(=O)CCCC(=O)O,OC(=O)c1cccc(C(=O)O)c1,0.7,0.3,Dyn,20.0,326.3898305084746,0.0010893570957279418,0.0006058177484604487
R070X030Y,CC(C)(c1ccc(OCC2CO2)cc1)c1ccc(OCC2CO2)cc1,OC(=O)CCCC(=O)O,OC(=O)c1cccc(C(=O)O)c1,0.7,0.3,Dyn,20.0,329.77966101694915,0.001205830723270318,0.0008134332214283841
R070X030Y,CC(C)(c1ccc(OCC2CO2)cc1)c1ccc(OCC2CO2)cc1,OC(=O)CCCC(=O)O,OC(=O)c1cccc(C(=O)O)c1,0.7,0.3,Dyn,20.0,333.1694915254237,0.001357379491481531,0.0010053776082183674
R070X030Y,CC(C)(c1ccc(OCC2CO2)cc1)c1ccc(OCC2CO2)cc1,OC(=O)CCCC(=O)O,OC(=O)c1cccc(C(=O)O)c1,0.7,0.3,Dyn,20.0,336.5593220338983,0.0015542633249365108,0.001269429425828123
R070X030Y,CC(C)(c1ccc(OCC2CO2)cc1)c1ccc(OCC2CO2)cc1,OC(=O)CCCC(=O)O,OC(=O)c1cccc(C(=O)O)c1,0.7,0.3,Dyn,20.0,339.9491525423729,0.001809682239689115,0.0016321494249254044
R070X030Y,CC(C)(c1ccc(OCC2CO2)cc1)c1ccc(OCC2CO2)cc1,OC(=O)CCCC(=O)O,OC(=O)c1cccc(C(=O)O)c1,0.7,0.3,Dyn,20.0,343.33898305084745,0.0021405671459455533,0.0021695259012308975
R070X030Y,CC(C)(c1ccc(OCC2CO2)cc1)c1ccc(OCC2CO2)cc1,OC(=O)CCCC(=O)O,OC(=O)c1cccc(C(=O)O)c1,0.7,0.3,Dyn,20.0,346.728813559322,0.002568549914513732,0.0029979949927941714
R070X030Y,CC(C)(c1ccc(OCC2CO2)cc1)c1ccc(OCC2CO2)cc1,OC(=O)CCCC(=O)O,OC(=O)c1cccc(C(=O)O)c1,0.7,0.3,Dyn,20.0,350.1186440677966,0.0031211421614978515,0.0036692843837817925
R070X030Y,CC(C)(c1ccc(OCC2CO2)cc1)c1ccc(OCC2CO2)cc1,OC(=O)CCCC(=O)O,OC(=O)c1cccc(C(=O)O)c1,0.7,0.3,Dyn,20.0,353.50847457627117,0.003833155033581929,0.004604357684783965
R070X030Y,CC(C)(c1ccc(OCC2CO2)cc1)c1ccc(OCC2CO2)cc1,OC(=O)CCCC(=O)O,OC(=O)c1cccc(C(=O)O)c1,0.7,0.3,Dyn,20.0,356.89830508474574,0.004748393409004915,0.005989582284074598
R070X030Y,CC(C)(c1ccc(OCC2CO2)cc1)c1ccc(OCC2CO2)cc1,OC(=O)CCCC(=O)O,OC(=O)c1cccc(C(=O)O)c1,0.7,0.3,Dyn,20.0,360.2881355932203,0.005921659096748863,0.007696846134875165
R070X030Y,CC(C)(c1ccc(OCC2CO2)cc1)c1ccc(OCC2CO2)cc1,OC(=O)CCCC(=O)O,OC(=O)c1cccc(C(=O)O)c1,0.7,0.3,Dyn,20.0,363.6779661016949,0.00742109600364175,0.010045106598860215
R070X030Y,CC(C)(c1ccc(OCC2CO2)cc1)c1ccc(OCC2CO2)cc1,OC(=O)CCCC(=O)O,OC(=O)c1cccc(C(=O)O)c1,0.7,0.3,Dyn,20.0,367.06779661016947,0.009330896800096179,0.012420310627501386
R070X030Y,CC(C)(c1ccc(OCC2CO2)cc1)c1ccc(OCC2CO2)cc1,OC(=O)CCCC(=O)O,OC(=O)c1cccc(C(=O)O)c1,0.7,0.3,Dyn,20.0,370.45762711864404,0.011754381015813607,0.01562082633782098
R070X030Y,CC(C)(c1ccc(OCC2CO2)cc1)c1ccc(OCC2CO2)cc1,OC(=O)CCCC(=O)O,OC(=O)c1cccc(C(=O)O)c1,0.7,0.3,Dyn,20.0,373.8474576271186,0.014817422761594218,0.020129619805129204
R070X030Y,CC(C)(c1ccc(OCC2CO2)cc1)c1ccc(OCC2CO2)cc1,OC(=O)CCCC(=O)O,OC(=O)c1cccc(C(=O)O)c1,0.7,0.3,Dyn,20.0,377.2372881355932,0.01867216331127307,0.025778416718637967
R070X030Y,CC(C)(c1ccc(OCC2CO2)cc1)c1ccc(OCC2CO2)cc1,OC(=O)CCCC(=O)O,OC(=O)c1cccc(C(=O)O)c1,0.7,0.3,Dyn,20.0,380.62711864406776,0.02350087707878519,0.03245351739380855
R070X030Y,CC(C)(c1ccc(OCC2CO2)cc1)c1ccc(OCC2CO2)cc1,OC(=O)CCCC(=O)O,OC(=O)c1cccc(C(=O)O)c1,0.7,0.3,Dyn,20.0,384.01694915254234,0.029519777585777358,0.040154402457643255
R070X030Y,CC(C)(c1ccc(OCC2CO2)cc1)c1ccc(OCC2CO2)cc1,OC(=O)CCCC(=O)O,OC(=O)c1cccc(C(=O)O)c1,0.7,0.3,Dyn,20.0,387.4067796610169,0.03698240921300671,0.04817502667165388
R070X030Y,CC(C)(c1ccc(OCC2CO2)cc1)c1ccc(OCC2CO2)cc1,OC(=O)CCCC(=O)O,OC(=O)c1cccc(C(=O)O)c1,0.7,0.3,Dyn,20.0,390.7966101694915,0.0461821198224912,0.056986582471542944
R070X030Y,CC(C)(c1ccc(OCC2CO2)cc1)c1ccc(OCC2CO2)cc1,OC(=O)CCCC(=O)O,OC(=O)c1cccc(C(=O)O)c1,0.7,0.3,Dyn,20.0,394.1864406779661,0.0574528955272249,0.07156611028809517
R070X030Y,CC(C)(c1ccc(OCC2CO2)cc1)c1ccc(OCC2CO2)cc1,OC(=O)CCCC(=O)O,OC(=O)c1cccc(C(=O)O)c1,0.7,0.3,Dyn,20.0,397.5762711864407,0.07116759586462086,0.08966903295409705
R070X030Y,CC(C)(c1ccc(OCC2CO2)cc1)c1ccc(OCC2CO2)cc1,OC(=O)CCCC(=O)O,OC(=O)c1cccc(C(=O)O)c1,0.7,0.3,Dyn,20.0,400.96610169491527,0.08773238092562463,0.10269635973543037
R070X030Y,CC(C)(c1ccc(OCC2CO2)cc1)c1ccc(OCC2CO2)cc1,OC(=O)CCCC(=O)O,OC(=O)c1cccc(C(=O)O)c1,0.7,0.3,Dyn,20.0,404.35593220338984,0.10757592072160439,0.12857333566142687
R070X030Y,CC(C)(c1ccc(OCC2CO2)cc1)c1ccc(OCC2CO2)cc1,OC(=O)CCCC(=O)O,OC(=O)c1cccc(C(=O)O)c1,0.7,0.3,Dyn,20.0,407.74576271186436,0.13113183077186918,0.1480945056535012
R070X030Y,CC(C)(c1ccc(OCC2CO2)cc1)c1ccc(OCC2CO2)cc1,OC(=O)CCCC(=O)O,OC(=O)c1cccc(C(=O)O)c1,0.7,0.3,Dyn,20.0,411.135593220339,0.15881297114296514,0.17315249726144002
R070X030Y,CC(C)(c1ccc(OCC2CO2)cc1)c1ccc(OCC2CO2)cc1,OC(=O)CCCC(=O)O,OC(=O)c1cccc(C(=O)O)c1,0.7,0.3,Dyn,20.0,414.52542372881356,0.19097668676109195,0.21039707273497446
R070X030Y,CC(C)(c1ccc(OCC2CO2)cc1)c1ccc(OCC2CO2)cc1,OC(=O)CCCC(=O)O,OC(=O)c1cccc(C(=O)O)c1,0.7,0.3,Dyn,20.0,417.91525423728814,0.2278811483402242,0.23354655993065168
R070X030Y,CC(C)(c1ccc(OCC2CO2)cc1)c1ccc(OCC2CO2)cc1,OC(=O)CCCC(=O)O,OC(=O)c1cccc(C(=O)O)c1,0.7,0.3,Dyn,20.0,421.3050847457627,0.2696347053007622,0.2712914870610979
R070X030Y,CC(C)(c1ccc(OCC2CO2)cc1)c1ccc(OCC2CO2)cc1,OC(=O)CCCC(=O)O,OC(=O)c1cccc(C(=O)O)c1,0.7,0.3,Dyn,20.0,424.6949152542373,0.3161425987248225,0.2797643549863332
R070X030Y,CC(C)(c1ccc(OCC2CO2)cc1)c1ccc(OCC2CO2)cc1,OC(=O)CCCC(=O)O,OC(=O)c1cccc(C(=O)O)c1,0.7,0.3,Dyn,20.0,428.08474576271186,0.36705801930883797,0.32289800104185373
R070X030Y,CC(C)(c1ccc(OCC2CO2)cc1)c1ccc(OCC2CO2)cc1,OC(=O)CCCC(=O)O,OC(=O)c1cccc(C(=O)O)c1,0.7,0.3,Dyn,20.0,431.47457627118644,0.42174723332632413,0.3411687790951215
R070X030Y,CC(C)(c1ccc(OCC2CO2)cc1)c1ccc(OCC2CO2)cc1,OC(=O)CCCC(=O)O,OC(=O)c1cccc(C(=O)O)c1,0.7,0.3,Dyn,20.0,434.864406779661,0.4792796264197165,0.31453119906550087
R070X030Y,CC(C)(c1ccc(OCC2CO2)cc1)c1ccc(OCC2CO2)cc1,OC(=O)CCCC(=O)O,OC(=O)c1cccc(C(=O)O)c1,0.7,0.3,Dyn,20.0,438.2542372881356,0.5384525705897697,0.35033249271756917
R070X030Y,CC(C)(c1ccc(OCC2CO2)cc1)c1ccc(OCC2CO2)cc1,OC(=O)CCCC(=O)O,OC(=O)c1cccc(C(=O)O)c1,0.7,0.3,Dyn,20.0,441.64406779661016,0.5978567125162242,0.3643163031607033
R070X030Y,CC(C)(c1ccc(OCC2CO2)cc1)c1ccc(OCC2CO2)cc1,OC(=O)CCCC(=O)O,OC(=O)c1cccc(C(=O)O)c1,0.7,0.3,Dyn,20.0,445.03389830508473,0.6559795640832596,0.3440162329895183
R070X030Y,CC(C)(c1ccc(OCC2CO2)cc1)c1ccc(OCC2CO2)cc1,OC(=O)CCCC(=O)O,OC(=O)c1cccc(C(=O)O)c1,0.7,0.3,Dyn,20.0,448.4237288135593,0.7113358518676515,0.31154393120385593
R070X030Y,CC(C)(c1ccc(OCC2CO2)cc1)c1ccc(OCC2CO2)cc1,OC(=O)CCCC(=O)O,OC(=O)c1cccc(C(=O)O)c1,0.7,0.3,Dyn,20.0,451.8135593220339,0.7626050139238754,0.28621216672103017
R070X030Y,CC(C)(c1ccc(OCC2CO2)cc1)c1ccc(OCC2CO2)cc1,OC(=O)CCCC(=O)O,OC(=O)c1cccc(C(=O)O)c1,0.7,0.3,Dyn,20.0,455.2033898305085,0.8087515230122921,0.24564900203630444
R070X030Y,CC(C)(c1ccc(OCC2CO2)cc1)c1ccc(OCC2CO2)cc1,OC(=O)CCCC(=O)O,OC(=O)c1cccc(C(=O)O)c1,0.7,0.3,Dyn,20.0,458.59322033898303,0.8491064958408444,0.22164381467004324
R070X030Y,CC(C)(c1ccc(OCC2CO2)cc1)c1ccc(OCC2CO2)cc1,OC(=O)CCCC(=O)O,OC(=O)c1cccc(C(=O)O)c1,0.7,0.3,Dyn,20.0,461.9830508474576,0.8833970429773697,0.17453075020253941
R070X030Y,CC(C)(c1ccc(OCC2CO2)cc1)c1ccc(OCC2CO2)cc1,OC(=O)CCCC(=O)O,OC(=O)c1cccc(C(=O)O)c1,0.7,0.3,Dyn,20.0,465.37288135593224,0.9117220643899615,0.14561504270834305
R070X030Y,CC(C)(c1ccc(OCC2CO2)cc1)c1ccc(OCC2CO2)cc1,OC(=O)CCCC(=O)O,OC(=O)c1cccc(C(=O)O)c1,0.7,0.3,Dyn,20.0,468.7627118644068,0.9344848755427995,0.12302267841221112
R070X030Y,CC(C)(c1ccc(OCC2CO2)cc1)c1ccc(OCC2CO2)cc1,OC(=O)CCCC(=O)O,OC(=O)c1cccc(C(=O)O)c1,0.7,0.3,Dyn,20.0,472.1525423728814,0.9523003847070826,0.09186428819286067
R070X030Y,CC(C)(c1ccc(OCC2CO2)cc1)c1ccc(OCC2CO2)cc1,OC(=O)CCCC(=O)O,OC(=O)c1cccc(C(=O)O)c1,0.7,0.3,Dyn,20.0,475.5423728813559,0.9658973758973887,0.06851746893878415
R070X030Y,CC(C)(c1ccc(OCC2CO2)cc1)c1ccc(OCC2CO2)cc1,OC(=O)CCCC(=O)O,OC(=O)c1cccc(C(=O)O)c1,0.7,0.3,Dyn,20.0,478.93220338983053,0.9760316731464084,0.050860014241234625
R070X030Y,CC(C)(c1ccc(OCC2CO2)cc1)c1ccc(OCC2CO2)cc1,OC(=O)CCCC(=O)O,OC(=O)c1cccc(C(=O)O)c1,0.7,0.3,Dyn,20.0,482.3220338983051,0.9834199223970933,0.03981516511658923
R070X030Y,CC(C)(c1ccc(OCC2CO2)cc1)c1ccc(OCC2CO2)cc1,OC(=O)CCCC(=O)O,OC(=O)c1cccc(C(=O)O)c1,0.7,0.3,Dyn,20.0,485.7118644067797,0.9886972623667922,0.026819992013903924
R070X030Y,CC(C)(c1ccc(OCC2CO2)cc1)c1ccc(OCC2CO2)cc1,OC(=O)CCCC(=O)O,OC(=O)c1cccc(C(=O)O)c1,0.7,0.3,Dyn,20.0,489.10169491525426,0.9923969280819677,0.017645935686996732
R070X030Y,CC(C)(c1ccc(OCC2CO2)cc1)c1ccc(OCC2CO2)cc1,OC(=O)CCCC(=O)O,OC(=O)c1cccc(C(=O)O)c1,0.7,0.3,Dyn,20.0,492.4915254237288,0.9949467744756855,0.012963437959877588
R070X030Y,CC(C)(c1ccc(OCC2CO2)cc1)c1ccc(OCC2CO2)cc1,OC(=O)CCCC(=O)O,OC(=O)c1cccc(C(=O)O)c1,0.7,0.3,Dyn,20.0,495.8813559322034,0.9966772641596459,0.008293340965914017
R070X030Y,CC(C)(c1ccc(OCC2CO2)cc1)c1ccc(OCC2CO2)cc1,OC(=O)CCCC(=O)O,OC(=O)c1cccc(C(=O)O)c1,0.7,0.3,Dyn,20.0,499.271186440678,0.9978356222864401,0.005651798044383236
R070X030Y,CC(C)(c1ccc(OCC2CO2)cc1)c1ccc(OCC2CO2)cc1,OC(=O)CCCC(=O)O,OC(=O)c1cccc(C(=O)O)c1,0.7,0.3,Dyn,20.0,502.66101694915255,0.9986016341968412,0.0035710441430591763
R070X030Y,CC(C)(c1ccc(OCC2CO2)cc1)c1ccc(OCC2CO2)cc1,OC(=O)CCCC(=O)O,OC(=O)c1cccc(C(=O)O)c1,0.7,0.3,Dyn,20.0,506.0508474576271,0.9991028430103418,0.0022997724870254892
R070X030Y,CC(C)(c1ccc(OCC2CO2)cc1)c1ccc(OCC2CO2)cc1,OC(=O)CCCC(=O)O,OC(=O)c1cccc(C(=O)O)c1,0.7,0.3,Dyn,20.0,509.4406779661017,0.9994277992700096,0.0015641717277122215
R070X030Y,CC(C)(c1ccc(OCC2CO2)cc1)c1ccc(OCC2CO2)cc1,OC(=O)CCCC(=O)O,OC(=O)c1cccc(C(=O)O)c1,0.7,0.3,Dyn,20.0,512.8305084745763,0.9996368441845233,0.0009562042188172173
R070X030Y,CC(C)(c1ccc(OCC2CO2)cc1)c1ccc(OCC2CO2)cc1,OC(=O)CCCC(=O)O,OC(=O)c1cccc(C(=O)O)c1,0.7,0.3,Dyn,20.0,516.2203389830509,0.9997704220556429,0.0006088141901124328
R070X030Y,CC(C)(c1ccc(OCC2CO2)cc1)c1ccc(OCC2CO2)cc1,OC(=O)CCCC(=O)O,OC(=O)c1cccc(C(=O)O)c1,0.7,0.3,Dyn,20.0,519.6101694915254,0.999855300916771,0.0004057937788104057
R070X030Y,CC(C)(c1ccc(OCC2CO2)cc1)c1ccc(OCC2CO2)cc1,OC(=O)CCCC(=O)O,OC(=O)c1cccc(C(=O)O)c1,0.7,0.3,Dyn,20.0,523.0,0.9999,0.000269634276245739
R070X030Y,CC(C)(c1ccc(OCC2CO2)cc1)c1ccc(OCC2CO2)cc1,OC(=O)CCCC(=O)O,OC(=O)c1cccc(C(=O)O)c1,0.7,0.3,Iso,119.85000000000002,393.0,0.001,0.0315522872961097
R070X030Y,CC(C)(c1ccc(OCC2CO2)cc1)c1ccc(OCC2CO2)cc1,OC(=O)CCCC(=O)O,OC(=O)c1cccc(C(=O)O)c1,0.7,0.3,Iso,119.85000000000002,393.0,0.1351113369844405,0.0751592418633291
R070X030Y,CC(C)(c1ccc(OCC2CO2)cc1)c1ccc(OCC2CO2)cc1,OC(=O)CCCC(=O)O,OC(=O)c1cccc(C(=O)O)c1,0.7,0.3,Iso,119.85000000000002,393.0,0.28167953454379907,0.06451553457027945
R070X030Y,CC(C)(c1ccc(OCC2CO2)cc1)c1ccc(OCC2CO2)cc1,OC(=O)CCCC(=O)O,OC(=O)c1cccc(C(=O)O)c1,0.7,0.3,Iso,119.85000000000002,393.0,0.4108877174909707,0.05695395480780907
R070X030Y,CC(C)(c1ccc(OCC2CO2)cc1)c1ccc(OCC2CO2)cc1,OC(=O)CCCC(=O)O,OC(=O)c1cccc(C(=O)O)c1,0.7,0.3,Iso,119.85000000000002,393.0,0.5187025827057632,0.04737371617406501
R070X030Y,CC(C)(c1ccc(OCC2CO2)cc1)c1ccc(OCC2CO2)cc1,OC(=O)CCCC(=O)O,OC(=O)c1cccc(C(=O)O)c1,0.7,0.3,Iso,119.85000000000002,393.0,0.6066129051164423,0.03723256529108444
R070X030Y,CC(C)(c1ccc(OCC2CO2)cc1)c1ccc(OCC2CO2)cc1,OC(=O)CCCC(=O)O,OC(=O)c1cccc(C(=O)O)c1,0.7,0.3,Iso,119.85000000000002,393.0,0.6775815112152112,0.03019507681325132
R070X030Y,CC(C)(c1ccc(OCC2CO2)cc1)c1ccc(OCC2CO2)cc1,OC(=O)CCCC(=O)O,OC(=O)c1cccc(C(=O)O)c1,0.7,0.3,Iso,119.85000000000002,393.0,0.7346813580709771,0.025631791540657353
R070X030Y,CC(C)(c1ccc(OCC2CO2)cc1)c1ccc(OCC2CO2)cc1,OC(=O)CCCC(=O)O,OC(=O)c1cccc(C(=O)O)c1,0.7,0.3,Iso,119.85000000000002,393.0,0.7806373869946198,0.020423328252297826
R070X030Y,CC(C)(c1ccc(OCC2CO2)cc1)c1ccc(OCC2CO2)cc1,OC(=O)CCCC(=O)O,OC(=O)c1cccc(C(=O)O)c1,0.7,0.3,Iso,119.85000000000002,393.0,0.8177151906470248,0.01589897467236605
R070X030Y,CC(C)(c1ccc(OCC2CO2)cc1)c1ccc(OCC2CO2)cc1,OC(=O)CCCC(=O)O,OC(=O)c1cccc(C(=O)O)c1,0.7,0.3,Iso,119.85000000000002,393.0,0.8477407721066896,0.013491031172597956
R070X030Y,CC(C)(c1ccc(OCC2CO2)cc1)c1ccc(OCC2CO2)cc1,OC(=O)CCCC(=O)O,OC(=O)c1cccc(C(=O)O)c1,0.7,0.3,Iso,119.85000000000002,393.0,0.8721630582428044,0.01132169876433586
R070X030Y,CC(C)(c1ccc(OCC2CO2)cc1)c1ccc(OCC2CO2)cc1,OC(=O)CCCC(=O)O,OC(=O)c1cccc(C(=O)O)c1,0.7,0.3,Iso,119.85000000000002,393.0,0.8921233483386363,0.008531147684842482
R070X030Y,CC(C)(c1ccc(OCC2CO2)cc1)c1ccc(OCC2CO2)cc1,OC(=O)CCCC(=O)O,OC(=O)c1cccc(C(=O)O)c1,0.7,0.3,Iso,119.85000000000002,393.0,0.9085182998641443,0.007320032535825386
R070X030Y,CC(C)(c1ccc(OCC2CO2)cc1)c1ccc(OCC2CO2)cc1,OC(=O)CCCC(=O)O,OC(=O)c1cccc(C(=O)O)c1,0.7,0.3,Iso,119.85000000000002,393.0,0.9220525691949927,0.006405896833883625
R070X030Y,CC(C)(c1ccc(OCC2CO2)cc1)c1ccc(OCC2CO2)cc1,OC(=O)CCCC(=O)O,OC(=O)c1cccc(C(=O)O)c1,0.7,0.3,Iso,119.85000000000002,393.0,0.9332810740883754,0.005122002615650486
R070X030Y,CC(C)(c1ccc(OCC2CO2)cc1)c1ccc(OCC2CO2)cc1,OC(=O)CCCC(=O)O,OC(=O)c1cccc(C(=O)O)c1,0.7,0.3,Iso,119.85000000000002,393.0,0.94264221140068,0.004306241297437384
R070X030Y,CC(C)(c1ccc(OCC2CO2)cc1)c1ccc(OCC2CO2)cc1,OC(=O)CCCC(=O)O,OC(=O)c1cccc(C(=O)O)c1,0.7,0.3,Iso,119.85000000000002,393.0,0.950483674899955,0.003508482336635462
R070X030Y,CC(C)(c1ccc(OCC2CO2)cc1)c1ccc(OCC2CO2)cc1,OC(=O)CCCC(=O)O,OC(=O)c1cccc(C(=O)O)c1,0.7,0.3,Iso,119.85000000000002,393.0,0.9570824135847567,0.0029058762992138533
R070X030Y,CC(C)(c1ccc(OCC2CO2)cc1)c1ccc(OCC2CO2)cc1,OC(=O)CCCC(=O)O,OC(=O)c1cccc(C(=O)O)c1,0.7,0.3,Iso,119.85000000000002,393.0,0.9626600319667226,0.0026085445162192895
R070X030Y,CC(C)(c1ccc(OCC2CO2)cc1)c1ccc(OCC2CO2)cc1,OC(=O)CCCC(=O)O,OC(=O)c1cccc(C(=O)O)c1,0.7,0.3,Iso,119.85000000000002,393.0,0.9673946782942935,0.0021875082711292474
R070X030Y,CC(C)(c1ccc(OCC2CO2)cc1)c1ccc(OCC2CO2)cc1,OC(=O)CCCC(=O)O,OC(=O)c1cccc(C(=O)O)c1,0.7,0.3,Iso,119.85000000000002,393.0,0.9714302390582378,0.0018295589782495439
R070X030Y,CC(C)(c1ccc(OCC2CO2)cc1)c1ccc(OCC2CO2)cc1,OC(=O)CCCC(=O)O,OC(=O)c1cccc(C(=O)O)c1,0.7,0.3,Iso,119.85000000000002,393.0,0.9748834705238941,0.0015491183297296597
R070X030Y,CC(C)(c1ccc(OCC2CO2)cc1)c1ccc(OCC2CO2)cc1,OC(=O)CCCC(=O)O,OC(=O)c1cccc(C(=O)O)c1,0.7,0.3,Iso,119.85000000000002,393.0,0.9778495495268618,0.001281067468360553
R070X030Y,CC(C)(c1ccc(OCC2CO2)cc1)c1ccc(OCC2CO2)cc1,OC(=O)CCCC(=O)O,OC(=O)c1cccc(C(=O)O)c1,0.7,0.3,Iso,119.85000000000002,393.0,0.9804064107998112,0.0011729854366388018
R070X030Y,CC(C)(c1ccc(OCC2CO2)cc1)c1ccc(OCC2CO2)cc1,OC(=O)CCCC(=O)O,OC(=O)c1cccc(C(=O)O)c1,0.7,0.3,Iso,119.85000000000002,393.0,0.9826181502105421,0.0009906795559497794
R070X030Y,CC(C)(c1ccc(OCC2CO2)cc1)c1ccc(OCC2CO2)cc1,OC(=O)CCCC(=O)O,OC(=O)c1cccc(C(=O)O)c1,0.7,0.3,Iso,119.85000000000002,393.0,0.9845377065663445,0.0008759956979051926
R070X030Y,CC(C)(c1ccc(OCC2CO2)cc1)c1ccc(OCC2CO2)cc1,OC(=O)CCCC(=O)O,OC(=O)c1cccc(C(=O)O)c1,0.7,0.3,Iso,119.85000000000002,393.0,0.9862089841458771,0.0007823708662035748
R070X030Y,CC(C)(c1ccc(OCC2CO2)cc1)c1ccc(OCC2CO2)cc1,OC(=O)CCCC(=O)O,OC(=O)c1cccc(C(=O)O)c1,0.7,0.3,Iso,119.85000000000002,393.0,0.9876685399424839,0.0006872935053660098
R070X030Y,CC(C)(c1ccc(OCC2CO2)cc1)c1ccc(OCC2CO2)cc1,OC(=O)CCCC(=O)O,OC(=O)c1cccc(C(=O)O)c1,0.7,0.3,Iso,119.85000000000002,393.0,0.9889469307170554,0.0006010774971860111
R070X030Y,CC(C)(c1ccc(OCC2CO2)cc1)c1ccc(OCC2CO2)cc1,OC(=O)CCCC(=O)O,OC(=O)c1cccc(C(=O)O)c1,0.7,0.3,Iso,119.85000000000002,393.0,0.9900697930640459,0.0005525366900110344
R070X030Y,CC(C)(c1ccc(OCC2CO2)cc1)c1ccc(OCC2CO2)cc1,OC(=O)CCCC(=O)O,OC(=O)c1cccc(C(=O)O)c1,0.7,0.3,Iso,119.85000000000002,393.0,0.9910587130552098,0.000472355684772277
R070X030Y,CC(C)(c1ccc(OCC2CO2)cc1)c1ccc(OCC2CO2)cc1,OC(=O)CCCC(=O)O,OC(=O)c1cccc(C(=O)O)c1,0.7,0.3,Iso,119.85000000000002,393.0,0.9919319293428154,0.0003944913401539411
R070X030Y,CC(C)(c1ccc(OCC2CO2)cc1)c1ccc(OCC2CO2)cc1,OC(=O)CCCC(=O)O,OC(=O)c1cccc(C(=O)O)c1,0.7,0.3,Iso,119.85000000000002,393.0,0.9927049039028912,0.0003488632221891238
R070X030Y,CC(C)(c1ccc(OCC2CO2)cc1)c1ccc(OCC2CO2)cc1,OC(=O)CCCC(=O)O,OC(=O)c1cccc(C(=O)O)c1,0.7,0.3,Iso,119.85000000000002,393.0,0.9933907871514291,0.0003399170540056396
R070X030Y,CC(C)(c1ccc(OCC2CO2)cc1)c1ccc(OCC2CO2)cc1,OC(=O)CCCC(=O)O,OC(=O)c1cccc(C(=O)O)c1,0.7,0.3,Iso,119.85000000000002,393.0,0.9940007984270474,0.00027727367076186833
R070X030Y,CC(C)(c1ccc(OCC2CO2)cc1)c1ccc(OCC2CO2)cc1,OC(=O)CCCC(=O)O,OC(=O)c1cccc(C(=O)O)c1,0.7,0.3,Iso,119.85000000000002,393.0,0.9945445383932782,0.00025211342983177265
R070X030Y,CC(C)(c1ccc(OCC2CO2)cc1)c1ccc(OCC2CO2)cc1,OC(=O)CCCC(=O)O,OC(=O)c1cccc(C(=O)O)c1,0.7,0.3,Iso,119.85000000000002,393.0,0.9950302464647728,0.00023756167252594982
R070X030Y,CC(C)(c1ccc(OCC2CO2)cc1)c1ccc(OCC2CO2)cc1,OC(=O)CCCC(=O)O,OC(=O)c1cccc(C(=O)O)c1,0.7,0.3,Iso,119.85000000000002,393.0,0.995465013672316,0.00021268548601414858
R070X030Y,CC(C)(c1ccc(OCC2CO2)cc1)c1ccc(OCC2CO2)cc1,OC(=O)CCCC(=O)O,OC(=O)c1cccc(C(=O)O)c1,0.7,0.3,Iso,119.85000000000002,393.0,0.9958549592761129,0.00018130527861726713
R070X030Y,CC(C)(c1ccc(OCC2CO2)cc1)c1ccc(OCC2CO2)cc1,OC(=O)CCCC(=O)O,OC(=O)c1cccc(C(=O)O)c1,0.7,0.3,Iso,119.85000000000002,393.0,0.9962053777821225,0.00016453641945752515
R070X030Y,CC(C)(c1ccc(OCC2CO2)cc1)c1ccc(OCC2CO2)cc1,OC(=O)CCCC(=O)O,OC(=O)c1cccc(C(=O)O)c1,0.7,0.3,Iso,119.85000000000002,393.0,0.9965208617107608,0.00013998089908587766
R070X030Y,CC(C)(c1ccc(OCC2CO2)cc1)c1ccc(OCC2CO2)cc1,OC(=O)CCCC(=O)O,OC(=O)c1cccc(C(=O)O)c1,0.7,0.3,Iso,119.85000000000002,393.0,0.9968054044334772,0.00012926221393771802
R070X030Y,CC(C)(c1ccc(OCC2CO2)cc1)c1ccc(OCC2CO2)cc1,OC(=O)CCCC(=O)O,OC(=O)c1cccc(C(=O)O)c1,0.7,0.3,Iso,119.85000000000002,393.0,0.9970624865709614,0.00011884603652195551
R070X030Y,CC(C)(c1ccc(OCC2CO2)cc1)c1ccc(OCC2CO2)cc1,OC(=O)CCCC(=O)O,OC(=O)c1cccc(C(=O)O)c1,0.7,0.3,Iso,119.85000000000002,393.0,0.9972951487911815,0.0001088210116627938
R070X030Y,CC(C)(c1ccc(OCC2CO2)cc1)c1ccc(OCC2CO2)cc1,OC(=O)CCCC(=O)O,OC(=O)c1cccc(C(=O)O)c1,0.7,0.3,Iso,119.85000000000002,393.0,0.9975060533206404,9.77832638798604e-05
R070X030Y,CC(C)(c1ccc(OCC2CO2)cc1)c1ccc(OCC2CO2)cc1,OC(=O)CCCC(=O)O,OC(=O)c1cccc(C(=O)O)c1,0.7,0.3,Iso,119.85000000000002,393.0,0.9976975360605698,9.012824795721103e-05
R070X030Y,CC(C)(c1ccc(OCC2CO2)cc1)c1ccc(OCC2CO2)cc1,OC(=O)CCCC(=O)O,OC(=O)c1cccc(C(=O)O)c1,0.7,0.3,Iso,119.85000000000002,393.0,0.9978716508599214,8.701309393377228e-05
R070X030Y,CC(C)(c1ccc(OCC2CO2)cc1)c1ccc(OCC2CO2)cc1,OC(=O)CCCC(=O)O,OC(=O)c1cccc(C(=O)O)c1,0.7,0.3,Iso,119.85000000000002,393.0,0.9980302072221143,7.543829920200072e-05
R070X030Y,CC(C)(c1ccc(OCC2CO2)cc1)c1ccc(OCC2CO2)cc1,OC(=O)CCCC(=O)O,OC(=O)c1cccc(C(=O)O)c1,0.7,0.3,Iso,119.85000000000002,393.0,0.9981748024994606,6.852789399724203e-05
R070X030Y,CC(C)(c1ccc(OCC2CO2)cc1)c1ccc(OCC2CO2)cc1,OC(=O)CCCC(=O)O,OC(=O)c1cccc(C(=O)O)c1,0.7,0.3,Iso,119.85000000000002,393.0,0.9983068494476437,6.205291124312441e-05
R070X030Y,CC(C)(c1ccc(OCC2CO2)cc1)c1ccc(OCC2CO2)cc1,OC(=O)CCCC(=O)O,OC(=O)c1cccc(C(=O)O)c1,0.7,0.3,Iso,119.85000000000002,393.0,0.9984275998644122,5.648648526148473e-05
R070X030Y,CC(C)(c1ccc(OCC2CO2)cc1)c1ccc(OCC2CO2)cc1,OC(=O)CCCC(=O)O,OC(=O)c1cccc(C(=O)O)c1,0.7,0.3,Iso,119.85000000000002,393.0,0.9985381649152724,5.394810758666607e-05
R070X030Y,CC(C)(c1ccc(OCC2CO2)cc1)c1ccc(OCC2CO2)cc1,OC(=O)CCCC(=O)O,OC(=O)c1cccc(C(=O)O)c1,0.7,0.3,Iso,119.85000000000002,393.0,0.9986395326492844,4.6307166727442415e-05
R070X030Y,CC(C)(c1ccc(OCC2CO2)cc1)c1ccc(OCC2CO2)cc1,OC(=O)CCCC(=O)O,OC(=O)c1cccc(C(=O)O)c1,0.7,0.3,Iso,119.85000000000002,393.0,0.9987325831259711,4.367228139615913e-05
R070X030Y,CC(C)(c1ccc(OCC2CO2)cc1)c1ccc(OCC2CO2)cc1,OC(=O)CCCC(=O)O,OC(=O)c1cccc(C(=O)O)c1,0.7,0.3,Iso,119.85000000000002,393.0,0.9988181015065484,3.8987829445877926e-05
R070X030Y,CC(C)(c1ccc(OCC2CO2)cc1)c1ccc(OCC2CO2)cc1,OC(=O)CCCC(=O)O,OC(=O)c1cccc(C(=O)O)c1,0.7,0.3,Iso,119.85000000000002,393.0,0.9988967894065323,3.721178128044649e-05
R070X030Y,CC(C)(c1ccc(OCC2CO2)cc1)c1ccc(OCC2CO2)cc1,OC(=O)CCCC(=O)O,OC(=O)c1cccc(C(=O)O)c1,0.7,0.3,Iso,119.85000000000002,393.0,0.9989692747601691,3.433073375928797e-05
R070X030Y,CC(C)(c1ccc(OCC2CO2)cc1)c1ccc(OCC2CO2)cc1,OC(=O)CCCC(=O)O,OC(=O)c1cccc(C(=O)O)c1,0.7,0.3,Iso,119.85000000000002,393.0,0.9990361204083221,3.243599995352318e-05
R070X030Y,CC(C)(c1ccc(OCC2CO2)cc1)c1ccc(OCC2CO2)cc1,OC(=O)CCCC(=O)O,OC(=O)c1cccc(C(=O)O)c1,0.7,0.3,Iso,119.85000000000002,393.0,0.9990978315890694,3.0203039665358836e-05
R070X030Y,CC(C)(c1ccc(OCC2CO2)cc1)c1ccc(OCC2CO2)cc1,OC(=O)CCCC(=O)O,OC(=O)c1cccc(C(=O)O)c1,0.7,0.3,Iso,139.85000000000002,413.0,0.001,0.08729781416627681
R070X030Y,CC(C)(c1ccc(OCC2CO2)cc1)c1ccc(OCC2CO2)cc1,OC(=O)CCCC(=O)O,OC(=O)c1cccc(C(=O)O)c1,0.7,0.3,Iso,139.85000000000002,413.0,0.36139882223039727,0.17040435664627582
R070X030Y,CC(C)(c1ccc(OCC2CO2)cc1)c1ccc(OCC2CO2)cc1,OC(=O)CCCC(=O)O,OC(=O)c1cccc(C(=O)O)c1,0.7,0.3,Iso,139.85000000000002,413.0,0.6216515014884304,0.10124367838038818
R070X030Y,CC(C)(c1ccc(OCC2CO2)cc1)c1ccc(OCC2CO2)cc1,OC(=O)CCCC(=O)O,OC(=O)c1cccc(C(=O)O)c1,0.7,0.3,Iso,139.85000000000002,413.0,0.7718732785137429,0.05551109734620239
R070X030Y,CC(C)(c1ccc(OCC2CO2)cc1)c1ccc(OCC2CO2)cc1,OC(=O)CCCC(=O)O,OC(=O)c1cccc(C(=O)O)c1,0.7,0.3,Iso,139.85000000000002,413.0,0.857842701874584,0.03219671418702562
R070X030Y,CC(C)(c1ccc(OCC2CO2)cc1)c1ccc(OCC2CO2)cc1,OC(=O)CCCC(=O)O,OC(=O)c1cccc(C(=O)O)c1,0.7,0.3,Iso,139.85000000000002,413.0,0.9083172154023634,0.017921435675265017
R070X030Y,CC(C)(c1ccc(OCC2CO2)cc1)c1ccc(OCC2CO2)cc1,OC(=O)CCCC(=O)O,OC(=O)c1cccc(C(=O)O)c1,0.7,0.3,Iso,139.85000000000002,413.0,0.9389487349657867,0.011870917815485636
R070X030Y,CC(C)(c1ccc(OCC2CO2)cc1)c1ccc(OCC2CO2)cc1,OC(=O)CCCC(=O)O,OC(=O)c1cccc(C(=O)O)c1,0.7,0.3,Iso,139.85000000000002,413.0,0.9581624291925569,0.007500170183681752
R070X030Y,CC(C)(c1ccc(OCC2CO2)cc1)c1ccc(OCC2CO2)cc1,OC(=O)CCCC(=O)O,OC(=O)c1cccc(C(=O)O)c1,0.7,0.3,Iso,139.85000000000002,413.0,0.9705898491531116,0.004677328981212303
R070X030Y,CC(C)(c1ccc(OCC2CO2)cc1)c1ccc(OCC2CO2)cc1,OC(=O)CCCC(=O)O,OC(=O)c1cccc(C(=O)O)c1,0.7,0.3,Iso,139.85000000000002,413.0,0.9788543899573914,0.003278843893405726
R070X030Y,CC(C)(c1ccc(OCC2CO2)cc1)c1ccc(OCC2CO2)cc1,OC(=O)CCCC(=O)O,OC(=O)c1cccc(C(=O)O)c1,0.7,0.3,Iso,139.85000000000002,413.0,0.9844892870930129,0.0023586784158182686
R070X030Y,CC(C)(c1ccc(OCC2CO2)cc1)c1ccc(OCC2CO2)cc1,OC(=O)CCCC(=O)O,OC(=O)c1cccc(C(=O)O)c1,0.7,0.3,Iso,139.85000000000002,413.0,0.9884180342627917,0.0015561438329089032
R070X030Y,CC(C)(c1ccc(OCC2CO2)cc1)c1ccc(OCC2CO2)cc1,OC(=O)CCCC(=O)O,OC(=O)c1cccc(C(=O)O)c1,0.7,0.3,Iso,139.85000000000002,413.0,0.991212665417613,0.0012060337460754285
R070X030Y,CC(C)(c1ccc(OCC2CO2)cc1)c1ccc(OCC2CO2)cc1,OC(=O)CCCC(=O)O,OC(=O)c1cccc(C(=O)O)c1,0.7,0.3,Iso,139.85000000000002,413.0,0.9932367309709075,0.0008604220164467434
R070X030Y,CC(C)(c1ccc(OCC2CO2)cc1)c1ccc(OCC2CO2)cc1,OC(=O)CCCC(=O)O,OC(=O)c1cccc(C(=O)O)c1,0.7,0.3,Iso,139.85000000000002,413.0,0.9947267595794432,0.0006251996402224164
R070X030Y,CC(C)(c1ccc(OCC2CO2)cc1)c1ccc(OCC2CO2)cc1,OC(=O)CCCC(=O)O,OC(=O)c1cccc(C(=O)O)c1,0.7,0.3,Iso,139.85000000000002,413.0,0.9958399593512517,0.0004717019571600356
R070X030Y,CC(C)(c1ccc(OCC2CO2)cc1)c1ccc(OCC2CO2)cc1,OC(=O)CCCC(=O)O,OC(=O)c1cccc(C(=O)O)c1,0.7,0.3,Iso,139.85000000000002,413.0,0.9966828724394964,0.0003700649036159759
R070X030Y,CC(C)(c1ccc(OCC2CO2)cc1)c1ccc(OCC2CO2)cc1,OC(=O)CCCC(=O)O,OC(=O)c1cccc(C(=O)O)c1,0.7,0.3,Iso,139.85000000000002,413.0,0.9973289998756544,0.0002664933778871845
R070X030Y,CC(C)(c1ccc(OCC2CO2)cc1)c1ccc(OCC2CO2)cc1,OC(=O)CCCC(=O)O,OC(=O)c1cccc(C(=O)O)c1,0.7,0.3,Iso,139.85000000000002,413.0,0.9978298812921865,0.0002303404669505717
R070X030Y,CC(C)(c1ccc(OCC2CO2)cc1)c1ccc(OCC2CO2)cc1,OC(=O)CCCC(=O)O,OC(=O)c1cccc(C(=O)O)c1,0.7,0.3,Iso,139.85000000000002,413.0,0.9982222016224312,0.000166704674924193
R070X030Y,CC(C)(c1ccc(OCC2CO2)cc1)c1ccc(OCC2CO2)cc1,OC(=O)CCCC(=O)O,OC(=O)c1cccc(C(=O)O)c1,0.7,0.3,Iso,139.85000000000002,413.0,0.9985324348313965,0.0001326403406628742
R070X030Y,CC(C)(c1ccc(OCC2CO2)cc1)c1ccc(OCC2CO2)cc1,OC(=O)CCCC(=O)O,OC(=O)c1cccc(C(=O)O)c1,0.7,0.3,Iso,139.85000000000002,413.0,0.9987799307507408,0.0001127587429322384
R070X030Y,CC(C)(c1ccc(OCC2CO2)cc1)c1ccc(OCC2CO2)cc1,OC(=O)CCCC(=O)O,OC(=O)c1cccc(C(=O)O)c1,0.7,0.3,Iso,139.85000000000002,413.0,0.9989789998263479,8.992707756086651e-05
R070X030Y,CC(C)(c1ccc(OCC2CO2)cc1)c1ccc(OCC2CO2)cc1,OC(=O)CCCC(=O)O,OC(=O)c1cccc(C(=O)O)c1,0.7,0.3,Iso,139.85000000000002,413.0,0.9991403419716137,7.430633171928862e-05
R070X030Y,CC(C)(c1ccc(OCC2CO2)cc1)c1ccc(OCC2CO2)cc1,OC(=O)CCCC(=O)O,OC(=O)c1cccc(C(=O)O)c1,0.7,0.3,Iso,139.85000000000002,413.0,0.9992720393748533,6.0375618831125046e-05
R070X030Y,CC(C)(c1ccc(OCC2CO2)cc1)c1ccc(OCC2CO2)cc1,OC(=O)CCCC(=O)O,OC(=O)c1cccc(C(=O)O)c1,0.7,0.3,Iso,139.85000000000002,413.0,0.9993802551791686,4.880410176340445e-05
R070X030Y,CC(C)(c1ccc(OCC2CO2)cc1)c1ccc(OCC2CO2)cc1,OC(=O)CCCC(=O)O,OC(=O)c1cccc(C(=O)O)c1,0.7,0.3,Iso,139.85000000000002,413.0,0.9994697310575644,3.849216917997333e-05
R070X030Y,CC(C)(c1ccc(OCC2CO2)cc1)c1ccc(OCC2CO2)cc1,OC(=O)CCCC(=O)O,OC(=O)c1cccc(C(=O)O)c1,0.7,0.3,Iso,139.85000000000002,413.0,0.9995441455337494,3.291003739798002e-05
R070X030Y,CC(C)(c1ccc(OCC2CO2)cc1)c1ccc(OCC2CO2)cc1,OC(=O)CCCC(=O)O,OC(=O)c1cccc(C(=O)O)c1,0.7,0.3,Iso,139.85000000000002,413.0,0.999606374726294,2.81595776982117e-05
R070X030Y,CC(C)(c1ccc(OCC2CO2)cc1)c1ccc(OCC2CO2)cc1,OC(=O)CCCC(=O)O,OC(=O)c1cccc(C(=O)O)c1,0.7,0.3,Iso,139.85000000000002,413.0,0.9996586839548872,2.357868018579785e-05
R070X030Y,CC(C)(c1ccc(OCC2CO2)cc1)c1ccc(OCC2CO2)cc1,OC(=O)CCCC(=O)O,OC(=O)c1cccc(C(=O)O)c1,0.7,0.3,Iso,139.85000000000002,413.0,0.9997028698438857,1.874533483076413e-05
R070X030Y,CC(C)(c1ccc(OCC2CO2)cc1)c1ccc(OCC2CO2)cc1,OC(=O)CCCC(=O)O,OC(=O)c1cccc(C(=O)O)c1,0.7,0.3,Iso,139.85000000000002,413.0,0.9997403666310917,1.7522595860124072e-05
R070X030Y,CC(C)(c1ccc(OCC2CO2)cc1)c1ccc(OCC2CO2)cc1,OC(=O)CCCC(=O)O,OC(=O)c1cccc(C(=O)O)c1,0.7,0.3,Iso,139.85000000000002,413.0,0.9997723263522763,1.5266405433733643e-05
R070X030Y,CC(C)(c1ccc(OCC2CO2)cc1)c1ccc(OCC2CO2)cc1,OC(=O)CCCC(=O)O,OC(=O)c1cccc(C(=O)O)c1,0.7,0.3,Iso,139.85000000000002,413.0,0.9997996797913006,1.2993211041370388e-05
R070X030Y,CC(C)(c1ccc(OCC2CO2)cc1)c1ccc(OCC2CO2)cc1,OC(=O)CCCC(=O)O,OC(=O)c1cccc(C(=O)O)c1,0.7,0.3,Iso,139.85000000000002,413.0,0.9998231831505544,1.0388289120319334e-05
R070X030Y,CC(C)(c1ccc(OCC2CO2)cc1)c1ccc(OCC2CO2)cc1,OC(=O)CCCC(=O)O,OC(=O)c1cccc(C(=O)O)c1,0.7,0.3,Iso,139.85000000000002,413.0,0.9998434540364256,9.380003707869816e-06
R070X030Y,CC(C)(c1ccc(OCC2CO2)cc1)c1ccc(OCC2CO2)cc1,OC(=O)CCCC(=O)O,OC(=O)c1cccc(C(=O)O)c1,0.7,0.3,Iso,139.85000000000002,413.0,0.9998609993897196,7.515990179965909e-06
R070X030Y,CC(C)(c1ccc(OCC2CO2)cc1)c1ccc(OCC2CO2)cc1,OC(=O)CCCC(=O)O,OC(=O)c1cccc(C(=O)O)c1,0.7,0.3,Iso,139.85000000000002,413.0,0.9998762373004539,7.338170495504086e-06
R070X030Y,CC(C)(c1ccc(OCC2CO2)cc1)c1ccc(OCC2CO2)cc1,OC(=O)CCCC(=O)O,OC(=O)c1cccc(C(=O)O)c1,0.7,0.3,Iso,139.85000000000002,413.0,0.9998895141480938,5.740314890084409e-06
R070X030Y,CC(C)(c1ccc(OCC2CO2)cc1)c1ccc(OCC2CO2)cc1,OC(=O)CCCC(=O)O,OC(=O)c1cccc(C(=O)O)c1,0.7,0.3,Iso,139.85000000000002,413.0,0.9999,5.400942770060633e-06
R070X030Y,CC(C)(c1ccc(OCC2CO2)cc1)c1ccc(OCC2CO2)cc1,OC(=O)CCCC(=O)O,OC(=O)c1cccc(C(=O)O)c1,0.7,0.3,Iso,139.85000000000002,413.0,0.9999,4.847035454673003e-06
R070X030Y,CC(C)(c1ccc(OCC2CO2)cc1)c1ccc(OCC2CO2)cc1,OC(=O)CCCC(=O)O,OC(=O)c1cccc(C(=O)O)c1,0.7,0.3,Iso,139.85000000000002,413.0,0.9999,4.282814378115074e-06
R070X030Y,CC(C)(c1ccc(OCC2CO2)cc1)c1ccc(OCC2CO2)cc1,OC(=O)CCCC(=O)O,OC(=O)c1cccc(C(=O)O)c1,0.7,0.3,Iso,139.85000000000002,413.0,0.9999,3.6767839313717635e-06
R070X030Y,CC(C)(c1ccc(OCC2CO2)cc1)c1ccc(OCC2CO2)cc1,OC(=O)CCCC(=O)O,OC(=O)c1cccc(C(=O)O)c1,0.7,0.3,Iso,139.85000000000002,413.0,0.9999,3.0826050547316224e-06
R070X030Y,CC(C)(c1ccc(OCC2CO2)cc1)c1ccc(OCC2CO2)cc1,OC(=O)CCCC(=O)O,OC(=O)c1cccc(C(=O)O)c1,0.7,0.3,Iso,139.85000000000002,413.0,0.9999,2.8479586085628164e-06
R070X030Y,CC(C)(c1ccc(OCC2CO2)cc1)c1ccc(OCC2CO2)cc1,OC(=O)CCCC(=O)O,OC(=O)c1cccc(C(=O)O)c1,0.7,0.3,Iso,139.85000000000002,413.0,0.9999,2.519506883919765e-06
R070X030Y,CC(C)(c1ccc(OCC2CO2)cc1)c1ccc(OCC2CO2)cc1,OC(=O)CCCC(=O)O,OC(=O)c1cccc(C(=O)O)c1,0.7,0.3,Iso,139.85000000000002,413.0,0.9999,2.2884965471396673e-06
R070X030Y,CC(C)(c1ccc(OCC2CO2)cc1)c1ccc(OCC2CO2)cc1,OC(=O)CCCC(=O)O,OC(=O)c1cccc(C(=O)O)c1,0.7,0.3,Iso,139.85000000000002,413.0,0.9999,2.0813940659264343e-06
R070X030Y,CC(C)(c1ccc(OCC2CO2)cc1)c1ccc(OCC2CO2)cc1,OC(=O)CCCC(=O)O,OC(=O)c1cccc(C(=O)O)c1,0.7,0.3,Iso,139.85000000000002,413.0,0.9999,1.845084448699934e-06
R070X030Y,CC(C)(c1ccc(OCC2CO2)cc1)c1ccc(OCC2CO2)cc1,OC(=O)CCCC(=O)O,OC(=O)c1cccc(C(=O)O)c1,0.7,0.3,Iso,139.85000000000002,413.0,0.9999,1.725645510900274e-06
R070X030Y,CC(C)(c1ccc(OCC2CO2)cc1)c1ccc(OCC2CO2)cc1,OC(=O)CCCC(=O)O,OC(=O)c1cccc(C(=O)O)c1,0.7,0.3,Iso,139.85000000000002,413.0,0.9999,1.486634474717748e-06
R070X030Y,CC(C)(c1ccc(OCC2CO2)cc1)c1ccc(OCC2CO2)cc1,OC(=O)CCCC(=O)O,OC(=O)c1cccc(C(=O)O)c1,0.7,0.3,Iso,139.85000000000002,413.0,0.9999,1.2969311127178363e-06
R070X030Y,CC(C)(c1ccc(OCC2CO2)cc1)c1ccc(OCC2CO2)cc1,OC(=O)CCCC(=O)O,OC(=O)c1cccc(C(=O)O)c1,0.7,0.3,Iso,139.85000000000002,413.0,0.9999,1.2412792972145874e-06
R070X030Y,CC(C)(c1ccc(OCC2CO2)cc1)c1ccc(OCC2CO2)cc1,OC(=O)CCCC(=O)O,OC(=O)c1cccc(C(=O)O)c1,0.7,0.3,Iso,139.85000000000002,413.0,0.9999,1.0590128222632958e-06
R070X030Y,CC(C)(c1ccc(OCC2CO2)cc1)c1ccc(OCC2CO2)cc1,OC(=O)CCCC(=O)O,OC(=O)c1cccc(C(=O)O)c1,0.7,0.3,Iso,139.85000000000002,413.0,0.9999,9.756474801043243e-07
R070X030Y,CC(C)(c1ccc(OCC2CO2)cc1)c1ccc(OCC2CO2)cc1,OC(=O)CCCC(=O)O,OC(=O)c1cccc(C(=O)O)c1,0.7,0.3,Iso,139.85000000000002,413.0,0.9999,8.81683683891103e-07
R070X030Y,CC(C)(c1ccc(OCC2CO2)cc1)c1ccc(OCC2CO2)cc1,OC(=O)CCCC(=O)O,OC(=O)c1cccc(C(=O)O)c1,0.7,0.3,Iso,139.85000000000002,413.0,0.9999,7.413505211562557e-07
R070X030Y,CC(C)(c1ccc(OCC2CO2)cc1)c1ccc(OCC2CO2)cc1,OC(=O)CCCC(=O)O,OC(=O)c1cccc(C(=O)O)c1,0.7,0.3,Iso,139.85000000000002,413.0,0.9999,7.298809727378805e-07
R070X030Y,CC(C)(c1ccc(OCC2CO2)cc1)c1ccc(OCC2CO2)cc1,OC(=O)CCCC(=O)O,OC(=O)c1cccc(C(=O)O)c1,0.7,0.3,Iso,139.85000000000002,413.0,0.9999,6.648767111711966e-07
R070X030Y,CC(C)(c1ccc(OCC2CO2)cc1)c1ccc(OCC2CO2)cc1,OC(=O)CCCC(=O)O,OC(=O)c1cccc(C(=O)O)c1,0.7,0.3,Iso,139.85000000000002,413.0,0.9999,5.973056956027134e-07
R070X030Y,CC(C)(c1ccc(OCC2CO2)cc1)c1ccc(OCC2CO2)cc1,OC(=O)CCCC(=O)O,OC(=O)c1cccc(C(=O)O)c1,0.7,0.3,Iso,159.85000000000002,433.0,0.001,0.20269052311694352
R070X030Y,CC(C)(c1ccc(OCC2CO2)cc1)c1ccc(OCC2CO2)cc1,OC(=O)CCCC(=O)O,OC(=O)c1cccc(C(=O)O)c1,0.7,0.3,Iso,159.85000000000002,433.0,0.688589811493504,0.17853567311366264
R070X030Y,CC(C)(c1ccc(OCC2CO2)cc1)c1ccc(OCC2CO2)cc1,OC(=O)CCCC(=O)O,OC(=O)c1cccc(C(=O)O)c1,0.7,0.3,Iso,159.85000000000002,433.0,0.8982814240127471,0.0512666142470179
R070X030Y,CC(C)(c1ccc(OCC2CO2)cc1)c1ccc(OCC2CO2)cc1,OC(=O)CCCC(=O)O,OC(=O)c1cccc(C(=O)O)c1,0.7,0.3,Iso,159.85000000000002,433.0,0.9601524947170947,0.017591424263687438
R070X030Y,CC(C)(c1ccc(OCC2CO2)cc1)c1ccc(OCC2CO2)cc1,OC(=O)CCCC(=O)O,OC(=O)c1cccc(C(=O)O)c1,0.7,0.3,Iso,159.85000000000002,433.0,0.9820013280379233,0.006480286116756364
R070X030Y,CC(C)(c1ccc(OCC2CO2)cc1)c1ccc(OCC2CO2)cc1,OC(=O)CCCC(=O)O,OC(=O)c1cccc(C(=O)O)c1,0.7,0.3,Iso,159.85000000000002,433.0,0.9909493567064281,0.002815583276949565
R070X030Y,CC(C)(c1ccc(OCC2CO2)cc1)c1ccc(OCC2CO2)cc1,OC(=O)CCCC(=O)O,OC(=O)c1cccc(C(=O)O)c1,0.7,0.3,Iso,159.85000000000002,433.0,0.9950575528101715,0.001359905632777564
R070X030Y,CC(C)(c1ccc(OCC2CO2)cc1)c1ccc(OCC2CO2)cc1,OC(=O)CCCC(=O)O,OC(=O)c1cccc(C(=O)O)c1,0.7,0.3,Iso,159.85000000000002,433.0,0.9971195607124376,0.0007688051380105551
R070X030Y,CC(C)(c1ccc(OCC2CO2)cc1)c1ccc(OCC2CO2)cc1,OC(=O)CCCC(=O)O,OC(=O)c1cccc(C(=O)O)c1,0.7,0.3,Iso,159.85000000000002,433.0,0.998230771997721,0.00038758073009151334
R070X030Y,CC(C)(c1ccc(OCC2CO2)cc1)c1ccc(OCC2CO2)cc1,OC(=O)CCCC(=O)O,OC(=O)c1cccc(C(=O)O)c1,0.7,0.3,Iso,159.85000000000002,433.0,0.9988652749733773,0.00024313357450270399
R070X030Y,CC(C)(c1ccc(OCC2CO2)cc1)c1ccc(OCC2CO2)cc1,OC(=O)CCCC(=O)O,OC(=O)c1cccc(C(=O)O)c1,0.7,0.3,Iso,159.85000000000002,433.0,0.9992453849465267,0.00014583432000554177
R070X030Y,CC(C)(c1ccc(OCC2CO2)cc1)c1ccc(OCC2CO2)cc1,OC(=O)CCCC(=O)O,OC(=O)c1cccc(C(=O)O)c1,0.7,0.3,Iso,159.85000000000002,433.0,0.9994824882272684,9.776886549733988e-05
R070X030Y,CC(C)(c1ccc(OCC2CO2)cc1)c1ccc(OCC2CO2)cc1,OC(=O)CCCC(=O)O,OC(=O)c1cccc(C(=O)O)c1,0.7,0.3,Iso,159.85000000000002,433.0,0.9996355795408097,6.307560649920569e-05
R070X030Y,CC(C)(c1ccc(OCC2CO2)cc1)c1ccc(OCC2CO2)cc1,OC(=O)CCCC(=O)O,OC(=O)c1cccc(C(=O)O)c1,0.7,0.3,Iso,159.85000000000002,433.0,0.9997374162794247,4.084744406620281e-05
R070X030Y,CC(C)(c1ccc(OCC2CO2)cc1)c1ccc(OCC2CO2)cc1,OC(=O)CCCC(=O)O,OC(=O)c1cccc(C(=O)O)c1,0.7,0.3,Iso,159.85000000000002,433.0,0.9998069422093043,2.7006666390225935e-05
R070X030Y,CC(C)(c1ccc(OCC2CO2)cc1)c1ccc(OCC2CO2)cc1,OC(=O)CCCC(=O)O,OC(=O)c1cccc(C(=O)O)c1,0.7,0.3,Iso,159.85000000000002,433.0,0.9998555071114251,2.0858167591209833e-05
R070X030Y,CC(C)(c1ccc(OCC2CO2)cc1)c1ccc(OCC2CO2)cc1,OC(=O)CCCC(=O)O,OC(=O)c1cccc(C(=O)O)c1,0.7,0.3,Iso,159.85000000000002,433.0,0.999890125501243,1.5028157845728381e-05
R070X030Y,CC(C)(c1ccc(OCC2CO2)cc1)c1ccc(OCC2CO2)cc1,OC(=O)CCCC(=O)O,OC(=O)c1cccc(C(=O)O)c1,0.7,0.3,Iso,159.85000000000002,433.0,0.9999,1.019436212673469e-05
R070X030Y,CC(C)(c1ccc(OCC2CO2)cc1)c1ccc(OCC2CO2)cc1,OC(=O)CCCC(=O)O,OC(=O)c1cccc(C(=O)O)c1,0.7,0.3,Iso,159.85000000000002,433.0,0.9999,8.016211202165834e-06
R070X030Y,CC(C)(c1ccc(OCC2CO2)cc1)c1ccc(OCC2CO2)cc1,OC(=O)CCCC(=O)O,OC(=O)c1cccc(C(=O)O)c1,0.7,0.3,Iso,159.85000000000002,433.0,0.9999,5.770650813559485e-06
R070X030Y,CC(C)(c1ccc(OCC2CO2)cc1)c1ccc(OCC2CO2)cc1,OC(=O)CCCC(=O)O,OC(=O)c1cccc(C(=O)O)c1,0.7,0.3,Iso,159.85000000000002,433.0,0.9999,4.410413262058809e-06
R070X030Y,CC(C)(c1ccc(OCC2CO2)cc1)c1ccc(OCC2CO2)cc1,OC(=O)CCCC(=O)O,OC(=O)c1cccc(C(=O)O)c1,0.7,0.3,Iso,159.85000000000002,433.0,0.9999,3.320335494501838e-06
R070X030Y,CC(C)(c1ccc(OCC2CO2)cc1)c1ccc(OCC2CO2)cc1,OC(=O)CCCC(=O)O,OC(=O)c1cccc(C(=O)O)c1,0.7,0.3,Iso,159.85000000000002,433.0,0.9999,2.8005289770692654e-06
R070X030Y,CC(C)(c1ccc(OCC2CO2)cc1)c1ccc(OCC2CO2)cc1,OC(=O)CCCC(=O)O,OC(=O)c1cccc(C(=O)O)c1,0.7,0.3,Iso,159.85000000000002,433.0,0.9999,2.1657274066201445e-06
R070X030Y,CC(C)(c1ccc(OCC2CO2)cc1)c1ccc(OCC2CO2)cc1,OC(=O)CCCC(=O)O,OC(=O)c1cccc(C(=O)O)c1,0.7,0.3,Iso,159.85000000000002,433.0,0.9999,1.734776644721036e-06
R070X030Y,CC(C)(c1ccc(OCC2CO2)cc1)c1ccc(OCC2CO2)cc1,OC(=O)CCCC(=O)O,OC(=O)c1cccc(C(=O)O)c1,0.7,0.3,Iso,159.85000000000002,433.0,0.9999,1.4314461399998294e-06
R070X030Y,CC(C)(c1ccc(OCC2CO2)cc1)c1ccc(OCC2CO2)cc1,OC(=O)CCCC(=O)O,OC(=O)c1cccc(C(=O)O)c1,0.7,0.3,Iso,159.85000000000002,433.0,0.9999,1.1315236165431317e-06
R070X030Y,CC(C)(c1ccc(OCC2CO2)cc1)c1ccc(OCC2CO2)cc1,OC(=O)CCCC(=O)O,OC(=O)c1cccc(C(=O)O)c1,0.7,0.3,Iso,159.85000000000002,433.0,0.9999,9.19448367556268e-07
R070X030Y,CC(C)(c1ccc(OCC2CO2)cc1)c1ccc(OCC2CO2)cc1,OC(=O)CCCC(=O)O,OC(=O)c1cccc(C(=O)O)c1,0.7,0.3,Iso,159.85000000000002,433.0,0.9999,7.577284464021712e-07
R070X030Y,CC(C)(c1ccc(OCC2CO2)cc1)c1ccc(OCC2CO2)cc1,OC(=O)CCCC(=O)O,OC(=O)c1cccc(C(=O)O)c1,0.7,0.3,Iso,159.85000000000002,433.0,0.9999,5.921076263092131e-07
R070X030Y,CC(C)(c1ccc(OCC2CO2)cc1)c1ccc(OCC2CO2)cc1,OC(=O)CCCC(=O)O,OC(=O)c1cccc(C(=O)O)c1,0.7,0.3,Iso,159.85000000000002,433.0,0.9999,5.073057639541217e-07
R070X030Y,CC(C)(c1ccc(OCC2CO2)cc1)c1ccc(OCC2CO2)cc1,OC(=O)CCCC(=O)O,OC(=O)c1cccc(C(=O)O)c1,0.7,0.3,Iso,159.85000000000002,433.0,0.9999,4.0866024837070747e-07
R070X030Y,CC(C)(c1ccc(OCC2CO2)cc1)c1ccc(OCC2CO2)cc1,OC(=O)CCCC(=O)O,OC(=O)c1cccc(C(=O)O)c1,0.7,0.3,Iso,159.85000000000002,433.0,0.9999,3.4627574240105714e-07
R070X030Y,CC(C)(c1ccc(OCC2CO2)cc1)c1ccc(OCC2CO2)cc1,OC(=O)CCCC(=O)O,OC(=O)c1cccc(C(=O)O)c1,0.7,0.3,Iso,159.85000000000002,433.0,0.9999,2.9936816437589143e-07
R070X030Y,CC(C)(c1ccc(OCC2CO2)cc1)c1ccc(OCC2CO2)cc1,OC(=O)CCCC(=O)O,OC(=O)c1cccc(C(=O)O)c1,0.7,0.3,Iso,159.85000000000002,433.0,0.9999,2.62516573453972e-07
R070X030Y,CC(C)(c1ccc(OCC2CO2)cc1)c1ccc(OCC2CO2)cc1,OC(=O)CCCC(=O)O,OC(=O)c1cccc(C(=O)O)c1,0.7,0.3,Iso,159.85000000000002,433.0,0.9999,2.2994340943945545e-07
R070X030Y,CC(C)(c1ccc(OCC2CO2)cc1)c1ccc(OCC2CO2)cc1,OC(=O)CCCC(=O)O,OC(=O)c1cccc(C(=O)O)c1,0.7,0.3,Iso,159.85000000000002,433.0,0.9999,1.79108825051652e-07
R070X030Y,CC(C)(c1ccc(OCC2CO2)cc1)c1ccc(OCC2CO2)cc1,OC(=O)CCCC(=O)O,OC(=O)c1cccc(C(=O)O)c1,0.7,0.3,Iso,159.85000000000002,433.0,0.9999,1.5972369919528993e-07
R070X030Y,CC(C)(c1ccc(OCC2CO2)cc1)c1ccc(OCC2CO2)cc1,OC(=O)CCCC(=O)O,OC(=O)c1cccc(C(=O)O)c1,0.7,0.3,Iso,159.85000000000002,433.0,0.9999,1.366050263714566e-07
R070X030Y,CC(C)(c1ccc(OCC2CO2)cc1)c1ccc(OCC2CO2)cc1,OC(=O)CCCC(=O)O,OC(=O)c1cccc(C(=O)O)c1,0.7,0.3,Iso,159.85000000000002,433.0,0.9999,1.2024042749801764e-07
R070X030Y,CC(C)(c1ccc(OCC2CO2)cc1)c1ccc(OCC2CO2)cc1,OC(=O)CCCC(=O)O,OC(=O)c1cccc(C(=O)O)c1,0.7,0.3,Iso,159.85000000000002,433.0,0.9999,1.0449503154034855e-07
R070X030Y,CC(C)(c1ccc(OCC2CO2)cc1)c1ccc(OCC2CO2)cc1,OC(=O)CCCC(=O)O,OC(=O)c1cccc(C(=O)O)c1,0.7,0.3,Iso,159.85000000000002,433.0,0.9999,9.03718153973001e-08
R070X030Y,CC(C)(c1ccc(OCC2CO2)cc1)c1ccc(OCC2CO2)cc1,OC(=O)CCCC(=O)O,OC(=O)c1cccc(C(=O)O)c1,0.7,0.3,Iso,159.85000000000002,433.0,0.9999,7.5800754521694e-08
R070X030Y,CC(C)(c1ccc(OCC2CO2)cc1)c1ccc(OCC2CO2)cc1,OC(=O)CCCC(=O)O,OC(=O)c1cccc(C(=O)O)c1,0.7,0.3,Iso,159.85000000000002,433.0,0.9999,6.918287034146362e-08
R070X030Y,CC(C)(c1ccc(OCC2CO2)cc1)c1ccc(OCC2CO2)cc1,OC(=O)CCCC(=O)O,OC(=O)c1cccc(C(=O)O)c1,0.7,0.3,Iso,159.85000000000002,433.0,0.9999,6.16637374763365e-08
R070X030Y,CC(C)(c1ccc(OCC2CO2)cc1)c1ccc(OCC2CO2)cc1,OC(=O)CCCC(=O)O,OC(=O)c1cccc(C(=O)O)c1,0.7,0.3,Iso,159.85000000000002,433.0,0.9999,5.2080835714362764e-08
R070X030Y,CC(C)(c1ccc(OCC2CO2)cc1)c1ccc(OCC2CO2)cc1,OC(=O)CCCC(=O)O,OC(=O)c1cccc(C(=O)O)c1,0.7,0.3,Iso,159.85000000000002,433.0,0.9999,4.9483563596460754e-08
R070X030Y,CC(C)(c1ccc(OCC2CO2)cc1)c1ccc(OCC2CO2)cc1,OC(=O)CCCC(=O)O,OC(=O)c1cccc(C(=O)O)c1,0.7,0.3,Iso,159.85000000000002,433.0,0.9999,4.106321663477314e-08
R070X030Y,CC(C)(c1ccc(OCC2CO2)cc1)c1ccc(OCC2CO2)cc1,OC(=O)CCCC(=O)O,OC(=O)c1cccc(C(=O)O)c1,0.7,0.3,Iso,159.85000000000002,433.0,0.9999,3.600309988912653e-08
R070X030Y,CC(C)(c1ccc(OCC2CO2)cc1)c1ccc(OCC2CO2)cc1,OC(=O)CCCC(=O)O,OC(=O)c1cccc(C(=O)O)c1,0.7,0.3,Iso,159.85000000000002,433.0,0.9999,3.293724126011348e-08
R070X030Y,CC(C)(c1ccc(OCC2CO2)cc1)c1ccc(OCC2CO2)cc1,OC(=O)CCCC(=O)O,OC(=O)c1cccc(C(=O)O)c1,0.7,0.3,Iso,159.85000000000002,433.0,0.9999,2.8880944544059596e-08
R070X030Y,CC(C)(c1ccc(OCC2CO2)cc1)c1ccc(OCC2CO2)cc1,OC(=O)CCCC(=O)O,OC(=O)c1cccc(C(=O)O)c1,0.7,0.3,Iso,159.85000000000002,433.0,0.9999,2.4938262847822616e-08
R070X030Y,CC(C)(c1ccc(OCC2CO2)cc1)c1ccc(OCC2CO2)cc1,OC(=O)CCCC(=O)O,OC(=O)c1cccc(C(=O)O)c1,0.7,0.3,Iso,159.85000000000002,433.0,0.9999,2.3264258958802702e-08
R070X030Y,CC(C)(c1ccc(OCC2CO2)cc1)c1ccc(OCC2CO2)cc1,OC(=O)CCCC(=O)O,OC(=O)c1cccc(C(=O)O)c1,0.7,0.3,Iso,159.85000000000002,433.0,0.9999,2.1886825654642674e-08
R070X030Y,CC(C)(c1ccc(OCC2CO2)cc1)c1ccc(OCC2CO2)cc1,OC(=O)CCCC(=O)O,OC(=O)c1cccc(C(=O)O)c1,0.7,0.3,Iso,159.85000000000002,433.0,0.9999,1.9901916087466238e-08
R070X030Y,CC(C)(c1ccc(OCC2CO2)cc1)c1ccc(OCC2CO2)cc1,OC(=O)CCCC(=O)O,OC(=O)c1cccc(C(=O)O)c1,0.7,0.3,Iso,159.85000000000002,433.0,0.9999,1.6618749601125734e-08
R070X030Y,CC(C)(c1ccc(OCC2CO2)cc1)c1ccc(OCC2CO2)cc1,OC(=O)CCCC(=O)O,OC(=O)c1cccc(C(=O)O)c1,0.7,0.3,Iso,159.85000000000002,433.0,0.9999,1.5666074523430677e-08
R070X030Y,CC(C)(c1ccc(OCC2CO2)cc1)c1ccc(OCC2CO2)cc1,OC(=O)CCCC(=O)O,OC(=O)c1cccc(C(=O)O)c1,0.7,0.3,Iso,159.85000000000002,433.0,0.9999,1.3838019509749077e-08
R070X030Y,CC(C)(c1ccc(OCC2CO2)cc1)c1ccc(OCC2CO2)cc1,OC(=O)CCCC(=O)O,OC(=O)c1cccc(C(=O)O)c1,0.7,0.3,Iso,159.85000000000002,433.0,0.9999,1.2583204712320703e-08
R070X030Y,CC(C)(c1ccc(OCC2CO2)cc1)c1ccc(OCC2CO2)cc1,OC(=O)CCCC(=O)O,OC(=O)c1cccc(C(=O)O)c1,0.7,0.3,Iso,159.85000000000002,433.0,0.9999,1.1742967735538898e-08
R100X000Y,CC(C)(c1ccc(OCC2CO2)cc1)c1ccc(OCC2CO2)cc1,OC(=O)CCCC(=O)O,OC(=O)c1cccc(C(=O)O)c1,1.0,0.0,Dyn,5.0,323.0,0.001,0.0007136429786322545
R100X000Y,CC(C)(c1ccc(OCC2CO2)cc1)c1ccc(OCC2CO2)cc1,OC(=O)CCCC(=O)O,OC(=O)c1cccc(C(=O)O)c1,1.0,0.0,Dyn,5.0,326.3898305084746,0.0015590353801037539,0.000970378351603171
R100X000Y,CC(C)(c1ccc(OCC2CO2)cc1)c1ccc(OCC2CO2)cc1,OC(=O)CCCC(=O)O,OC(=O)c1cccc(C(=O)O)c1,1.0,0.0,Dyn,5.0,329.77966101694915,0.0023292273942337027,0.0012856649539604048
R100X000Y,CC(C)(c1ccc(OCC2CO2)cc1)c1ccc(OCC2CO2)cc1,OC(=O)CCCC(=O)O,OC(=O)c1cccc(C(=O)O)c1,1.0,0.0,Dyn,5.0,333.1694915254237,0.003377468189144702,0.0017304208799456952
R100X000Y,CC(C)(c1ccc(OCC2CO2)cc1)c1ccc(OCC2CO2)cc1,OC(=O)CCCC(=O)O,OC(=O)c1cccc(C(=O)O)c1,1.0,0.0,Dyn,5.0,336.5593220338983,0.0047896626322667364,0.002397314666463953
R100X000Y,CC(C)(c1ccc(OCC2CO2)cc1)c1ccc(OCC2CO2)cc1,OC(=O)CCCC(=O)O,OC(=O)c1cccc(C(=O)O)c1,1.0,0.0,Dyn,5.0,339.9491525423729,0.006675188579636076,0.003225183448865206
R100X000Y,CC(C)(c1ccc(OCC2CO2)cc1)c1ccc(OCC2CO2)cc1,OC(=O)CCCC(=O)O,OC(=O)c1cccc(C(=O)O)c1,1.0,0.0,Dyn,5.0,343.33898305084745,0.009172135624412455,0.004277748883260996
R100X000Y,CC(C)(c1ccc(OCC2CO2)cc1)c1ccc(OCC2CO2)cc1,OC(=O)CCCC(=O)O,OC(=O)c1cccc(C(=O)O)c1,1.0,0.0,Dyn,5.0,346.728813559322,0.012453301277437856,0.0056472152546932445
R100X000Y,CC(C)(c1ccc(OCC2CO2)cc1)c1ccc(OCC2CO2)cc1,OC(=O)CCCC(=O)O,OC(=O)c1cccc(C(=O)O)c1,1.0,0.0,Dyn,5.0,350.1186440677966,0.016732835278111,0.007381963684742722
R100X000Y,CC(C)(c1ccc(OCC2CO2)cc1)c1ccc(OCC2CO2)cc1,OC(=O)CCCC(=O)O,OC(=O)c1cccc(C(=O)O)c1,1.0,0.0,Dyn,5.0,353.50847457627117,0.02227327621034735,0.00858414187799477
R100X000Y,CC(C)(c1ccc(OCC2CO2)cc1)c1ccc(OCC2CO2)cc1,OC(=O)CCCC(=O)O,OC(=O)c1cccc(C(=O)O)c1,1.0,0.0,Dyn,5.0,356.89830508474574,0.029392500347025077,0.012164777422910188
R100X000Y,CC(C)(c1ccc(OCC2CO2)cc1)c1ccc(OCC2CO2)cc1,OC(=O)CCCC(=O)O,OC(=O)c1cccc(C(=O)O)c1,1.0,0.0,Dyn,5.0,360.2881355932203,0.03846977977098565,0.014570770439232163
R100X000Y,CC(C)(c1ccc(OCC2CO2)cc1)c1ccc(OCC2CO2)cc1,OC(=O)CCCC(=O)O,OC(=O)c1cccc(C(=O)O)c1,1.0,0.0,Dyn,5.0,363.6779661016949,0.0499497070895694,0.019581068674498277
R100X000Y,CC(C)(c1ccc(OCC2CO2)cc1)c1ccc(OCC2CO2)cc1,OC(=O)CCCC(=O)O,OC(=O)c1cccc(C(=O)O)c1,1.0,0.0,Dyn,5.0,367.06779661016947,0.06434218496666873,0.023889078737340697
R100X000Y,CC(C)(c1ccc(OCC2CO2)cc1)c1ccc(OCC2CO2)cc1,OC(=O)CCCC(=O)O,OC(=O)c1cccc(C(=O)O)c1,1.0,0.0,Dyn,5.0,370.45762711864404,0.08221603226325519,0.029781651399097164
R100X000Y,CC(C)(c1ccc(OCC2CO2)cc1)c1ccc(OCC2CO2)cc1,OC(=O)CCCC(=O)O,OC(=O)c1cccc(C(=O)O)c1,1.0,0.0,Dyn,5.0,373.8474576271186,0.10418312084936121,0.0351493824788612
R100X000Y,CC(C)(c1ccc(OCC2CO2)cc1)c1ccc(OCC2CO2)cc1,OC(=O)CCCC(=O)O,OC(=O)c1cccc(C(=O)O)c1,1.0,0.0,Dyn,5.0,377.2372881355932,0.13086952705105637,0.04350940064270902
R100X000Y,CC(C)(c1ccc(OCC2CO2)cc1)c1ccc(OCC2CO2)cc1,OC(=O)CCCC(=O)O,OC(=O)c1cccc(C(=O)O)c1,1.0,0.0,Dyn,5.0,380.62711864406776,0.1628702935328243,0.04850535043421824
R100X000Y,CC(C)(c1ccc(OCC2CO2)cc1)c1ccc(OCC2CO2)cc1,OC(=O)CCCC(=O)O,OC(=O)c1cccc(C(=O)O)c1,1.0,0.0,Dyn,5.0,384.01694915254234,0.20068553295148212,0.0622328391574808
R100X000Y,CC(C)(c1ccc(OCC2CO2)cc1)c1ccc(OCC2CO2)cc1,OC(=O)CCCC(=O)O,OC(=O)c1cccc(C(=O)O)c1,1.0,0.0,Dyn,5.0,387.4067796610169,0.24463831135255942,0.06873352088607802
R100X000Y,CC(C)(c1ccc(OCC2CO2)cc1)c1ccc(OCC2CO2)cc1,OC(=O)CCCC(=O)O,OC(=O)c1cccc(C(=O)O)c1,1.0,0.0,Dyn,5.0,390.7966101694915,0.2947794455965752,0.07232675949690741
R100X000Y,CC(C)(c1ccc(OCC2CO2)cc1)c1ccc(OCC2CO2)cc1,OC(=O)CCCC(=O)O,OC(=O)c1cccc(C(=O)O)c1,1.0,0.0,Dyn,5.0,394.1864406779661,0.35079092372566234,0.0893876117691392
R100X000Y,CC(C)(c1ccc(OCC2CO2)cc1)c1ccc(OCC2CO2)cc1,OC(=O)CCCC(=O)O,OC(=O)c1cccc(C(=O)O)c1,1.0,0.0,Dyn,5.0,397.5762711864407,0.4119069702502858,0.09805141764307243
R100X000Y,CC(C)(c1ccc(OCC2CO2)cc1)c1ccc(OCC2CO2)cc1,OC(=O)CCCC(=O)O,OC(=O)c1cccc(C(=O)O)c1,1.0,0.0,Dyn,5.0,400.96610169491527,0.4768773063592755,0.09531249144542957
R100X000Y,CC(C)(c1ccc(OCC2CO2)cc1)c1ccc(OCC2CO2)cc1,OC(=O)CCCC(=O)O,OC(=O)c1cccc(C(=O)O)c1,1.0,0.0,Dyn,5.0,404.35593220338984,0.5439972215200858,0.10323449057859377
R100X000Y,CC(C)(c1ccc(OCC2CO2)cc1)c1ccc(OCC2CO2)cc1,OC(=O)CCCC(=O)O,OC(=O)c1cccc(C(=O)O)c1,1.0,0.0,Dyn,5.0,407.74576271186436,0.6112202241229229,0.09594361725679922
R100X000Y,CC(C)(c1ccc(OCC2CO2)cc1)c1ccc(OCC2CO2)cc1,OC(=O)CCCC(=O)O,OC(=O)c1cccc(C(=O)O)c1,1.0,0.0,Dyn,5.0,411.135593220339,0.6763503961549533,0.08710512031821445
R100X000Y,CC(C)(c1ccc(OCC2CO2)cc1)c1ccc(OCC2CO2)cc1,OC(=O)CCCC(=O)O,OC(=O)c1cccc(C(=O)O)c1,1.0,0.0,Dyn,5.0,414.52542372881356,0.737287150335794,0.08494467065744192
R100X000Y,CC(C)(c1ccc(OCC2CO2)cc1)c1ccc(OCC2CO2)cc1,OC(=O)CCCC(=O)O,OC(=O)c1cccc(C(=O)O)c1,1.0,0.0,Dyn,5.0,417.91525423728814,0.79227384073351,0.07678659819568671
R100X000Y,CC(C)(c1ccc(OCC2CO2)cc1)c1ccc(OCC2CO2)cc1,OC(=O)CCCC(=O)O,OC(=O)c1cccc(C(=O)O)c1,1.0,0.0,Dyn,5.0,421.3050847457627,0.8400940486684152,0.06514563670436622
R100X000Y,CC(C)(c1ccc(OCC2CO2)cc1)c1ccc(OCC2CO2)cc1,OC(=O)CCCC(=O)O,OC(=O)c1cccc(C(=O)O)c1,1.0,0.0,Dyn,5.0,424.6949152542373,0.8801711667642332,0.053522725625237196
R100X000Y,CC(C)(c1ccc(OCC2CO2)cc1)c1ccc(OCC2CO2)cc1,OC(=O)CCCC(=O)O,OC(=O)c1cccc(C(=O)O)c1,1.0,0.0,Dyn,5.0,428.08474576271186,0.9125547845218875,0.04269428009937253
R100X000Y,CC(C)(c1ccc(OCC2CO2)cc1)c1ccc(OCC2CO2)cc1,OC(=O)CCCC(=O)O,OC(=O)c1cccc(C(=O)O)c1,1.0,0.0,Dyn,5.0,431.47457627118644,0.9378097573234929,0.0326233816918923
R100X000Y,CC(C)(c1ccc(OCC2CO2)cc1)c1ccc(OCC2CO2)cc1,OC(=O)CCCC(=O)O,OC(=O)c1cccc(C(=O)O)c1,1.0,0.0,Dyn,5.0,434.864406779661,0.9568473584004074,0.023861139201098683
R100X000Y,CC(C)(c1ccc(OCC2CO2)cc1)c1ccc(OCC2CO2)cc1,OC(=O)CCCC(=O)O,OC(=O)c1cccc(C(=O)O)c1,1.0,0.0,Dyn,5.0,438.2542372881356,0.9707447600350622,0.016939547152426276
R100X000Y,CC(C)(c1ccc(OCC2CO2)cc1)c1ccc(OCC2CO2)cc1,OC(=O)CCCC(=O)O,OC(=O)c1cccc(C(=O)O)c1,1.0,0.0,Dyn,5.0,441.64406779661016,0.9805903532405903,0.011942802396607341
R100X000Y,CC(C)(c1ccc(OCC2CO2)cc1)c1ccc(OCC2CO2)cc1,OC(=O)CCCC(=O)O,OC(=O)c1cccc(C(=O)O)c1,1.0,0.0,Dyn,5.0,445.03389830508473,0.9873752995528245,0.00809612682430983
R100X000Y,CC(C)(c1ccc(OCC2CO2)cc1)c1ccc(OCC2CO2)cc1,OC(=O)CCCC(=O)O,OC(=O)c1cccc(C(=O)O)c1,1.0,0.0,Dyn,5.0,448.4237288135593,0.9919346174533112,0.005380423098433694
R100X000Y,CC(C)(c1ccc(OCC2CO2)cc1)c1ccc(OCC2CO2)cc1,OC(=O)CCCC(=O)O,OC(=O)c1cccc(C(=O)O)c1,1.0,0.0,Dyn,5.0,451.8135593220339,0.9949294314396555,0.003409849877164763
R100X000Y,CC(C)(c1ccc(OCC2CO2)cc1)c1ccc(OCC2CO2)cc1,OC(=O)CCCC(=O)O,OC(=O)c1cccc(C(=O)O)c1,1.0,0.0,Dyn,5.0,455.2033898305085,0.9968570247779073,0.0022106043727087125
R100X000Y,CC(C)(c1ccc(OCC2CO2)cc1)c1ccc(OCC2CO2)cc1,OC(=O)CCCC(=O)O,OC(=O)c1cccc(C(=O)O)c1,1.0,0.0,Dyn,5.0,458.59322033898303,0.9980756477555703,0.0014116888724508918
R100X000Y,CC(C)(c1ccc(OCC2CO2)cc1)c1ccc(OCC2CO2)cc1,OC(=O)CCCC(=O)O,OC(=O)c1cccc(C(=O)O)c1,1.0,0.0,Dyn,5.0,461.9830508474576,0.9988340938631777,0.0008778564098912972
R100X000Y,CC(C)(c1ccc(OCC2CO2)cc1)c1ccc(OCC2CO2)cc1,OC(=O)CCCC(=O)O,OC(=O)c1cccc(C(=O)O)c1,1.0,0.0,Dyn,5.0,465.37288135593224,0.9992998126811373,0.000529595359562981
R100X000Y,CC(C)(c1ccc(OCC2CO2)cc1)c1ccc(OCC2CO2)cc1,OC(=O)CCCC(=O)O,OC(=O)c1cccc(C(=O)O)c1,1.0,0.0,Dyn,5.0,468.7627118644068,0.9995825294797609,0.0003185876256189745
R100X000Y,CC(C)(c1ccc(OCC2CO2)cc1)c1ccc(OCC2CO2)cc1,OC(=O)CCCC(=O)O,OC(=O)c1cccc(C(=O)O)c1,1.0,0.0,Dyn,5.0,472.1525423728814,0.9997525222330489,0.00019482975650162901
R100X000Y,CC(C)(c1ccc(OCC2CO2)cc1)c1ccc(OCC2CO2)cc1,OC(=O)CCCC(=O)O,OC(=O)c1cccc(C(=O)O)c1,1.0,0.0,Dyn,5.0,475.5423728813559,0.9998539406797357,0.00011677296394825965
R100X000Y,CC(C)(c1ccc(OCC2CO2)cc1)c1ccc(OCC2CO2)cc1,OC(=O)CCCC(=O)O,OC(=O)c1cccc(C(=O)O)c1,1.0,0.0,Dyn,5.0,478.93220338983053,0.9999,8.249332425044908e-05
R100X000Y,CC(C)(c1ccc(OCC2CO2)cc1)c1ccc(OCC2CO2)cc1,OC(=O)CCCC(=O)O,OC(=O)c1cccc(C(=O)O)c1,1.0,0.0,Dyn,5.0,482.3220338983051,0.9999,8.545824589824834e-05
R100X000Y,CC(C)(c1ccc(OCC2CO2)cc1)c1ccc(OCC2CO2)cc1,OC(=O)CCCC(=O)O,OC(=O)c1cccc(C(=O)O)c1,1.0,0.0,Dyn,5.0,485.7118644067797,0.9999,9.909733939337449e-05
R100X000Y,CC(C)(c1ccc(OCC2CO2)cc1)c1ccc(OCC2CO2)cc1,OC(=O)CCCC(=O)O,OC(=O)c1cccc(C(=O)O)c1,1.0,0.0,Dyn,5.0,489.10169491525426,0.9999,0.00011411622446010479
R100X000Y,CC(C)(c1ccc(OCC2CO2)cc1)c1ccc(OCC2CO2)cc1,OC(=O)CCCC(=O)O,OC(=O)c1cccc(C(=O)O)c1,1.0,0.0,Dyn,5.0,492.4915254237288,0.9999,0.00012603471230193336
R100X000Y,CC(C)(c1ccc(OCC2CO2)cc1)c1ccc(OCC2CO2)cc1,OC(=O)CCCC(=O)O,OC(=O)c1cccc(C(=O)O)c1,1.0,0.0,Dyn,5.0,495.8813559322034,0.9999,0.0001404586432665436
R100X000Y,CC(C)(c1ccc(OCC2CO2)cc1)c1ccc(OCC2CO2)cc1,OC(=O)CCCC(=O)O,OC(=O)c1cccc(C(=O)O)c1,1.0,0.0,Dyn,5.0,499.271186440678,0.9999,0.0001538864391642298
R100X000Y,CC(C)(c1ccc(OCC2CO2)cc1)c1ccc(OCC2CO2)cc1,OC(=O)CCCC(=O)O,OC(=O)c1cccc(C(=O)O)c1,1.0,0.0,Dyn,5.0,502.66101694915255,0.9999,0.00016428724588169735
R100X000Y,CC(C)(c1ccc(OCC2CO2)cc1)c1ccc(OCC2CO2)cc1,OC(=O)CCCC(=O)O,OC(=O)c1cccc(C(=O)O)c1,1.0,0.0,Dyn,5.0,506.0508474576271,0.9999,0.0001930509983199911
R100X000Y,CC(C)(c1ccc(OCC2CO2)cc1)c1ccc(OCC2CO2)cc1,OC(=O)CCCC(=O)O,OC(=O)c1cccc(C(=O)O)c1,1.0,0.0,Dyn,5.0,509.4406779661017,0.9999,0.00019702817033032704
R100X000Y,CC(C)(c1ccc(OCC2CO2)cc1)c1ccc(OCC2CO2)cc1,OC(=O)CCCC(=O)O,OC(=O)c1cccc(C(=O)O)c1,1.0,0.0,Dyn,5.0,512.8305084745763,0.9999,0.00023296602019482195
R100X000Y,CC(C)(c1ccc(OCC2CO2)cc1)c1ccc(OCC2CO2)cc1,OC(=O)CCCC(=O)O,OC(=O)c1cccc(C(=O)O)c1,1.0,0.0,Dyn,5.0,516.2203389830509,0.9999,0.00024882398361304113
R100X000Y,CC(C)(c1ccc(OCC2CO2)cc1)c1ccc(OCC2CO2)cc1,OC(=O)CCCC(=O)O,OC(=O)c1cccc(C(=O)O)c1,1.0,0.0,Dyn,5.0,519.6101694915254,0.9999,0.00026146341578617673
R100X000Y,CC(C)(c1ccc(OCC2CO2)cc1)c1ccc(OCC2CO2)cc1,OC(=O)CCCC(=O)O,OC(=O)c1cccc(C(=O)O)c1,1.0,0.0,Dyn,5.0,523.0,0.9999,0.0002966474959379581
R100X000Y,CC(C)(c1ccc(OCC2CO2)cc1)c1ccc(OCC2CO2)cc1,OC(=O)CCCC(=O)O,OC(=O)c1cccc(C(=O)O)c1,1.0,0.0,Dyn,10.0,323.0,0.001,0.000720984536220301
R100X000Y,CC(C)(c1ccc(OCC2CO2)cc1)c1ccc(OCC2CO2)cc1,OC(=O)CCCC(=O)O,OC(=O)c1cccc(C(=O)O)c1,1.0,0.0,Dyn,10.0,326.3898305084746,0.0012733959916537718,0.0009115304197187885
R100X000Y,CC(C)(c1ccc(OCC2CO2)cc1)c1ccc(OCC2CO2)cc1,OC(=O)CCCC(=O)O,OC(=O)c1cccc(C(=O)O)c1,1.0,0.0,Dyn,10.0,329.77966101694915,0.001637387182184668,0.0011887295968500385
R100X000Y,CC(C)(c1ccc(OCC2CO2)cc1)c1ccc(OCC2CO2)cc1,OC(=O)CCCC(=O)O,OC(=O)c1cccc(C(=O)O)c1,1.0,0.0,Dyn,10.0,333.1694915254237,0.0021203921094724177,0.0016199125631294355
R100X000Y,CC(C)(c1ccc(OCC2CO2)cc1)c1ccc(OCC2CO2)cc1,OC(=O)CCCC(=O)O,OC(=O)c1cccc(C(=O)O)c1,1.0,0.0,Dyn,10.0,336.5593220338983,0.0027589573792165573,0.002103385402008584
R100X000Y,CC(C)(c1ccc(OCC2CO2)cc1)c1ccc(OCC2CO2)cc1,OC(=O)CCCC(=O)O,OC(=O)c1cccc(C(=O)O)c1,1.0,0.0,Dyn,10.0,339.9491525423729,0.0035997809420283628,0.002727248582540932
R100X000Y,CC(C)(c1ccc(OCC2CO2)cc1)c1ccc(OCC2CO2)cc1,OC(=O)CCCC(=O)O,OC(=O)c1cccc(C(=O)O)c1,1.0,0.0,Dyn,10.0,343.33898305084745,0.004702144287145417,0.0037556322842746946
R100X000Y,CC(C)(c1ccc(OCC2CO2)cc1)c1ccc(OCC2CO2)cc1,OC(=O)CCCC(=O)O,OC(=O)c1cccc(C(=O)O)c1,1.0,0.0,Dyn,10.0,346.728813559322,0.006140802994745599,0.004942531305992523
R100X000Y,CC(C)(c1ccc(OCC2CO2)cc1)c1ccc(OCC2CO2)cc1,OC(=O)CCCC(=O)O,OC(=O)c1cccc(C(=O)O)c1,1.0,0.0,Dyn,10.0,350.1186440677966,0.00800937569665225,0.0061511106269851535
R100X000Y,CC(C)(c1ccc(OCC2CO2)cc1)c1ccc(OCC2CO2)cc1,OC(=O)CCCC(=O)O,OC(=O)c1cccc(C(=O)O)c1,1.0,0.0,Dyn,10.0,353.50847457627117,0.010424250820338186,0.008190140269837238
R100X000Y,CC(C)(c1ccc(OCC2CO2)cc1)c1ccc(OCC2CO2)cc1,OC(=O)CCCC(=O)O,OC(=O)c1cccc(C(=O)O)c1,1.0,0.0,Dyn,10.0,356.89830508474574,0.013528993114077643,0.01022051335452489
R100X000Y,CC(C)(c1ccc(OCC2CO2)cc1)c1ccc(OCC2CO2)cc1,OC(=O)CCCC(=O)O,OC(=O)c1cccc(C(=O)O)c1,1.0,0.0,Dyn,10.0,360.2881355932203,0.017499173122578603,0.013148343098772707
R100X000Y,CC(C)(c1ccc(OCC2CO2)cc1)c1ccc(OCC2CO2)cc1,OC(=O)CCCC(=O)O,OC(=O)c1cccc(C(=O)O)c1,1.0,0.0,Dyn,10.0,363.6779661016949,0.022547450893653367,0.016783993828548022
R100X000Y,CC(C)(c1ccc(OCC2CO2)cc1)c1ccc(OCC2CO2)cc1,OC(=O)CCCC(=O)O,OC(=O)c1cccc(C(=O)O)c1,1.0,0.0,Dyn,10.0,367.06779661016947,0.028928608088393173,0.022018876593536428
R100X000Y,CC(C)(c1ccc(OCC2CO2)cc1)c1ccc(OCC2CO2)cc1,OC(=O)CCCC(=O)O,OC(=O)c1cccc(C(=O)O)c1,1.0,0.0,Dyn,10.0,370.45762711864404,0.036944034718426,0.026790693719629725
R100X000Y,CC(C)(c1ccc(OCC2CO2)cc1)c1ccc(OCC2CO2)cc1,OC(=O)CCCC(=O)O,OC(=O)c1cccc(C(=O)O)c1,1.0,0.0,Dyn,10.0,373.8474576271186,0.0469449222420214,0.03183050729599479
R100X000Y,CC(C)(c1ccc(OCC2CO2)cc1)c1ccc(OCC2CO2)cc1,OC(=O)CCCC(=O)O,OC(=O)c1cccc(C(=O)O)c1,1.0,0.0,Dyn,10.0,377.2372881355932,0.05933309294330561,0.04112424685618211
R100X000Y,CC(C)(c1ccc(OCC2CO2)cc1)c1ccc(OCC2CO2)cc1,OC(=O)CCCC(=O)O,OC(=O)c1cccc(C(=O)O)c1,1.0,0.0,Dyn,10.0,380.62711864406776,0.07455802321507841,0.049241581602054676
R100X000Y,CC(C)(c1ccc(OCC2CO2)cc1)c1ccc(OCC2CO2)cc1,OC(=O)CCCC(=O)O,OC(=O)c1cccc(C(=O)O)c1,1.0,0.0,Dyn,10.0,384.01694915254234,0.09310822993356689,0.05928706639752878
R100X000Y,CC(C)(c1ccc(OCC2CO2)cc1)c1ccc(OCC2CO2)cc1,OC(=O)CCCC(=O)O,OC(=O)c1cccc(C(=O)O)c1,1.0,0.0,Dyn,10.0,387.4067796610169,0.11549487462965484,0.0703852097493836
R100X000Y,CC(C)(c1ccc(OCC2CO2)cc1)c1ccc(OCC2CO2)cc1,OC(=O)CCCC(=O)O,OC(=O)c1cccc(C(=O)O)c1,1.0,0.0,Dyn,10.0,390.7966101694915,0.14222535251099303,0.08566933399150437
R100X000Y,CC(C)(c1ccc(OCC2CO2)cc1)c1ccc(OCC2CO2)cc1,OC(=O)CCCC(=O)O,OC(=O)c1cccc(C(=O)O)c1,1.0,0.0,Dyn,10.0,394.1864406779661,0.17376497805460642,0.1003516496099389
R100X000Y,CC(C)(c1ccc(OCC2CO2)cc1)c1ccc(OCC2CO2)cc1,OC(=O)CCCC(=O)O,OC(=O)c1cccc(C(=O)O)c1,1.0,0.0,Dyn,10.0,397.5762711864407,0.21048594188996064,0.1148282487120297
R100X000Y,CC(C)(c1ccc(OCC2CO2)cc1)c1ccc(OCC2CO2)cc1,OC(=O)CCCC(=O)O,OC(=O)c1cccc(C(=O)O)c1,1.0,0.0,Dyn,10.0,400.96610169491527,0.2526047899860018,0.12674955309277983
R100X000Y,CC(C)(c1ccc(OCC2CO2)cc1)c1ccc(OCC2CO2)cc1,OC(=O)CCCC(=O)O,OC(=O)c1cccc(C(=O)O)c1,1.0,0.0,Dyn,10.0,404.35593220338984,0.30011284648277764,0.14030824845106823
R100X000Y,CC(C)(c1ccc(OCC2CO2)cc1)c1ccc(OCC2CO2)cc1,OC(=O)CCCC(=O)O,OC(=O)c1cccc(C(=O)O)c1,1.0,0.0,Dyn,10.0,407.74576271186436,0.3527081060462552,0.16273452589498466
R100X000Y,CC(C)(c1ccc(OCC2CO2)cc1)c1ccc(OCC2CO2)cc1,OC(=O)CCCC(=O)O,OC(=O)c1cccc(C(=O)O)c1,1.0,0.0,Dyn,10.0,411.135593220339,0.40974139965362816,0.17481136053097102
R100X000Y,CC(C)(c1ccc(OCC2CO2)cc1)c1ccc(OCC2CO2)cc1,OC(=O)CCCC(=O)O,OC(=O)c1cccc(C(=O)O)c1,1.0,0.0,Dyn,10.0,414.52542372881356,0.4701925248530753,0.19402922303150977
R100X000Y,CC(C)(c1ccc(OCC2CO2)cc1)c1ccc(OCC2CO2)cc1,OC(=O)CCCC(=O)O,OC(=O)c1cccc(C(=O)O)c1,1.0,0.0,Dyn,10.0,417.91525423728814,0.5326916907857147,0.18483225126228292
R100X000Y,CC(C)(c1ccc(OCC2CO2)cc1)c1ccc(OCC2CO2)cc1,OC(=O)CCCC(=O)O,OC(=O)c1cccc(C(=O)O)c1,1.0,0.0,Dyn,10.0,421.3050847457627,0.5955962405851768,0.1900738587696163
R100X000Y,CC(C)(c1ccc(OCC2CO2)cc1)c1ccc(OCC2CO2)cc1,OC(=O)CCCC(=O)O,OC(=O)c1cccc(C(=O)O)c1,1.0,0.0,Dyn,10.0,424.6949152542373,0.6571217501174141,0.18407721183312134
R100X000Y,CC(C)(c1ccc(OCC2CO2)cc1)c1ccc(OCC2CO2)cc1,OC(=O)CCCC(=O)O,OC(=O)c1cccc(C(=O)O)c1,1.0,0.0,Dyn,10.0,428.08474576271186,0.715512349542479,0.16572682078098896
R100X000Y,CC(C)(c1ccc(OCC2CO2)cc1)c1ccc(OCC2CO2)cc1,OC(=O)CCCC(=O)O,OC(=O)c1cccc(C(=O)O)c1,1.0,0.0,Dyn,10.0,431.47457627118644,0.7692218058131979,0.15061576836885687
R100X000Y,CC(C)(c1ccc(OCC2CO2)cc1)c1ccc(OCC2CO2)cc1,OC(=O)CCCC(=O)O,OC(=O)c1cccc(C(=O)O)c1,1.0,0.0,Dyn,10.0,434.864406779661,0.8170701007715446,0.12998531372970412
R100X000Y,CC(C)(c1ccc(OCC2CO2)cc1)c1ccc(OCC2CO2)cc1,OC(=O)CCCC(=O)O,OC(=O)c1cccc(C(=O)O)c1,1.0,0.0,Dyn,10.0,438.2542372881356,0.8583439799505069,0.11767679716842659
R100X000Y,CC(C)(c1ccc(OCC2CO2)cc1)c1ccc(OCC2CO2)cc1,OC(=O)CCCC(=O)O,OC(=O)c1cccc(C(=O)O)c1,1.0,0.0,Dyn,10.0,441.64406779661016,0.892823592354071,0.08766470732712982
R100X000Y,CC(C)(c1ccc(OCC2CO2)cc1)c1ccc(OCC2CO2)cc1,OC(=O)CCCC(=O)O,OC(=O)c1cccc(C(=O)O)c1,1.0,0.0,Dyn,10.0,445.03389830508473,0.9207363113049476,0.07306691462803536
R100X000Y,CC(C)(c1ccc(OCC2CO2)cc1)c1ccc(OCC2CO2)cc1,OC(=O)CCCC(=O)O,OC(=O)c1cccc(C(=O)O)c1,1.0,0.0,Dyn,10.0,448.4237288135593,0.9426562305839834,0.058919272496905546
R100X000Y,CC(C)(c1ccc(OCC2CO2)cc1)c1ccc(OCC2CO2)cc1,OC(=O)CCCC(=O)O,OC(=O)c1cccc(C(=O)O)c1,1.0,0.0,Dyn,10.0,451.8135593220339,0.9593771588376612,0.04238754319595041
R100X000Y,CC(C)(c1ccc(OCC2CO2)cc1)c1ccc(OCC2CO2)cc1,OC(=O)CCCC(=O)O,OC(=O)c1cccc(C(=O)O)c1,1.0,0.0,Dyn,10.0,455.2033898305085,0.9717869642865831,0.03059512792977733
R100X000Y,CC(C)(c1ccc(OCC2CO2)cc1)c1ccc(OCC2CO2)cc1,OC(=O)CCCC(=O)O,OC(=O)c1cccc(C(=O)O)c1,1.0,0.0,Dyn,10.0,458.59322033898303,0.9807640020821139,0.022385489404216453
R100X000Y,CC(C)(c1ccc(OCC2CO2)cc1)c1ccc(OCC2CO2)cc1,OC(=O)CCCC(=O)O,OC(=O)c1cccc(C(=O)O)c1,1.0,0.0,Dyn,10.0,461.9830508474576,0.9871056280488713,0.01576438227027665
R100X000Y,CC(C)(c1ccc(OCC2CO2)cc1)c1ccc(OCC2CO2)cc1,OC(=O)CCCC(=O)O,OC(=O)c1cccc(C(=O)O)c1,1.0,0.0,Dyn,10.0,465.37288135593224,0.9914892303016484,0.010792628318165907
R100X000Y,CC(C)(c1ccc(OCC2CO2)cc1)c1ccc(OCC2CO2)cc1,OC(=O)CCCC(=O)O,OC(=O)c1cccc(C(=O)O)c1,1.0,0.0,Dyn,10.0,468.7627118644068,0.9944601792819457,0.007182382745059251
R100X000Y,CC(C)(c1ccc(OCC2CO2)cc1)c1ccc(OCC2CO2)cc1,OC(=O)CCCC(=O)O,OC(=O)c1cccc(C(=O)O)c1,1.0,0.0,Dyn,10.0,472.1525423728814,0.9964383362391421,0.004806664425766802
R100X000Y,CC(C)(c1ccc(OCC2CO2)cc1)c1ccc(OCC2CO2)cc1,OC(=O)CCCC(=O)O,OC(=O)c1cccc(C(=O)O)c1,1.0,0.0,Dyn,10.0,475.5423728813559,0.9977348419948331,0.003143934841255097
R100X000Y,CC(C)(c1ccc(OCC2CO2)cc1)c1ccc(OCC2CO2)cc1,OC(=O)CCCC(=O)O,OC(=O)c1cccc(C(=O)O)c1,1.0,0.0,Dyn,10.0,478.93220338983053,0.9985728475868917,0.0018974994809801435
R100X000Y,CC(C)(c1ccc(OCC2CO2)cc1)c1ccc(OCC2CO2)cc1,OC(=O)CCCC(=O)O,OC(=O)c1cccc(C(=O)O)c1,1.0,0.0,Dyn,10.0,482.3220338983051,0.9991079766019308,0.0012318139350045235
R100X000Y,CC(C)(c1ccc(OCC2CO2)cc1)c1ccc(OCC2CO2)cc1,OC(=O)CCCC(=O)O,OC(=O)c1cccc(C(=O)O)c1,1.0,0.0,Dyn,10.0,485.7118644067797,0.9994461560409724,0.0008039051967518888
R100X000Y,CC(C)(c1ccc(OCC2CO2)cc1)c1ccc(OCC2CO2)cc1,OC(=O)CCCC(=O)O,OC(=O)c1cccc(C(=O)O)c1,1.0,0.0,Dyn,10.0,489.10169491525426,0.9996579894017207,0.000495859934584134
R100X000Y,CC(C)(c1ccc(OCC2CO2)cc1)c1ccc(OCC2CO2)cc1,OC(=O)CCCC(=O)O,OC(=O)c1cccc(C(=O)O)c1,1.0,0.0,Dyn,10.0,492.4915254237288,0.9997897054915411,0.0003049502530728553
R100X000Y,CC(C)(c1ccc(OCC2CO2)cc1)c1ccc(OCC2CO2)cc1,OC(=O)CCCC(=O)O,OC(=O)c1cccc(C(=O)O)c1,1.0,0.0,Dyn,10.0,495.8813559322034,0.9998711147349163,0.0001904077317339443
R100X000Y,CC(C)(c1ccc(OCC2CO2)cc1)c1ccc(OCC2CO2)cc1,OC(=O)CCCC(=O)O,OC(=O)c1cccc(C(=O)O)c1,1.0,0.0,Dyn,10.0,499.271186440678,0.9999,0.0001568034040020126
R100X000Y,CC(C)(c1ccc(OCC2CO2)cc1)c1ccc(OCC2CO2)cc1,OC(=O)CCCC(=O)O,OC(=O)c1cccc(C(=O)O)c1,1.0,0.0,Dyn,10.0,502.66101694915255,0.9999,0.00016426443238716547
R100X000Y,CC(C)(c1ccc(OCC2CO2)cc1)c1ccc(OCC2CO2)cc1,OC(=O)CCCC(=O)O,OC(=O)c1cccc(C(=O)O)c1,1.0,0.0,Dyn,10.0,506.0508474576271,0.9999,0.0001793664993969801
R100X000Y,CC(C)(c1ccc(OCC2CO2)cc1)c1ccc(OCC2CO2)cc1,OC(=O)CCCC(=O)O,OC(=O)c1cccc(C(=O)O)c1,1.0,0.0,Dyn,10.0,509.4406779661017,0.9999,0.000198297010174745
R100X000Y,CC(C)(c1ccc(OCC2CO2)cc1)c1ccc(OCC2CO2)cc1,OC(=O)CCCC(=O)O,OC(=O)c1cccc(C(=O)O)c1,1.0,0.0,Dyn,10.0,512.8305084745763,0.9999,0.0002388915805245452
R100X000Y,CC(C)(c1ccc(OCC2CO2)cc1)c1ccc(OCC2CO2)cc1,OC(=O)CCCC(=O)O,OC(=O)c1cccc(C(=O)O)c1,1.0,0.0,Dyn,10.0,516.2203389830509,0.9999,0.00024107136747165503
R100X000Y,CC(C)(c1ccc(OCC2CO2)cc1)c1ccc(OCC2CO2)cc1,OC(=O)CCCC(=O)O,OC(=O)c1cccc(C(=O)O)c1,1.0,0.0,Dyn,10.0,519.6101694915254,0.9999,0.0002716235649872009
R100X000Y,CC(C)(c1ccc(OCC2CO2)cc1)c1ccc(OCC2CO2)cc1,OC(=O)CCCC(=O)O,OC(=O)c1cccc(C(=O)O)c1,1.0,0.0,Dyn,10.0,523.0,0.9999,0.00029854498241304954
R100X000Y,CC(C)(c1ccc(OCC2CO2)cc1)c1ccc(OCC2CO2)cc1,OC(=O)CCCC(=O)O,OC(=O)c1cccc(C(=O)O)c1,1.0,0.0,Dyn,20.0,323.0,0.001,0.0007173794850305249
R100X000Y,CC(C)(c1ccc(OCC2CO2)cc1)c1ccc(OCC2CO2)cc1,OC(=O)CCCC(=O)O,OC(=O)c1cccc(C(=O)O)c1,1.0,0.0,Dyn,20.0,326.3898305084746,0.0011350604287622347,0.0008596644569169964
R100X000Y,CC(C)(c1ccc(OCC2CO2)cc1)c1ccc(OCC2CO2)cc1,OC(=O)CCCC(=O)O,OC(=O)c1cccc(C(=O)O)c1,1.0,0.0,Dyn,20.0,329.77966101694915,0.0013109558607448553,0.0011789497132413996
R100X000Y,CC(C)(c1ccc(OCC2CO2)cc1)c1ccc(OCC2CO2)cc1,OC(=O)CCCC(=O)O,OC(=O)c1cccc(C(=O)O)c1,1.0,0.0,Dyn,20.0,333.1694915254237,0.0015396929205515547,0.0015897109456339204
R100X000Y,CC(C)(c1ccc(OCC2CO2)cc1)c1ccc(OCC2CO2)cc1,OC(=O)CCCC(=O)O,OC(=O)c1cccc(C(=O)O)c1,1.0,0.0,Dyn,20.0,336.5593220338983,0.001836687898906753,0.0020565467234332866
R100X000Y,CC(C)(c1ccc(OCC2CO2)cc1)c1ccc(OCC2CO2)cc1,OC(=O)CCCC(=O)O,OC(=O)c1cccc(C(=O)O)c1,1.0,0.0,Dyn,20.0,339.9491525423729,0.0022216508318696326,0.002608752628008199
R100X000Y,CC(C)(c1ccc(OCC2CO2)cc1)c1ccc(OCC2CO2)cc1,OC(=O)CCCC(=O)O,OC(=O)c1cccc(C(=O)O)c1,1.0,0.0,Dyn,20.0,343.33898305084745,0.0027196581605492395,0.003304359369997966
R100X000Y,CC(C)(c1ccc(OCC2CO2)cc1)c1ccc(OCC2CO2)cc1,OC(=O)CCCC(=O)O,OC(=O)c1cccc(C(=O)O)c1,1.0,0.0,Dyn,20.0,346.728813559322,0.003362443559022155,0.004519921416765971
R100X000Y,CC(C)(c1ccc(OCC2CO2)cc1)c1ccc(OCC2CO2)cc1,OC(=O)CCCC(=O)O,OC(=O)c1cccc(C(=O)O)c1,1.0,0.0,Dyn,20.0,350.1186440677966,0.0041899395253640155,0.005242976818184515
R100X000Y,CC(C)(c1ccc(OCC2CO2)cc1)c1ccc(OCC2CO2)cc1,OC(=O)CCCC(=O)O,OC(=O)c1cccc(C(=O)O)c1,1.0,0.0,Dyn,20.0,353.50847457627117,0.00525210199725277,0.007282715293520424
R100X000Y,CC(C)(c1ccc(OCC2CO2)cc1)c1ccc(OCC2CO2)cc1,OC(=O)CCCC(=O)O,OC(=O)c1cccc(C(=O)O)c1,1.0,0.0,Dyn,20.0,356.89830508474574,0.006611047739183571,0.009174000460665343
R100X000Y,CC(C)(c1ccc(OCC2CO2)cc1)c1ccc(OCC2CO2)cc1,OC(=O)CCCC(=O)O,OC(=O)c1cccc(C(=O)O)c1,1.0,0.0,Dyn,20.0,360.2881355932203,0.008343526185509795,0.01170322751976493
R100X000Y,CC(C)(c1ccc(OCC2CO2)cc1)c1ccc(OCC2CO2)cc1,OC(=O)CCCC(=O)O,OC(=O)c1cccc(C(=O)O)c1,1.0,0.0,Dyn,20.0,363.6779661016949,0.010543740808989068,0.014691986899456166
R100X000Y,CC(C)(c1ccc(OCC2CO2)cc1)c1ccc(OCC2CO2)cc1,OC(=O)CCCC(=O)O,OC(=O)c1cccc(C(=O)O)c1,1.0,0.0,Dyn,20.0,367.06779661016947,0.013326502031704573,0.01851024658233351
R100X000Y,CC(C)(c1ccc(OCC2CO2)cc1)c1ccc(OCC2CO2)cc1,OC(=O)CCCC(=O)O,OC(=O)c1cccc(C(=O)O)c1,1.0,0.0,Dyn,20.0,370.45762711864404,0.01683066920696854,0.02376103481287712
R100X000Y,CC(C)(c1ccc(OCC2CO2)cc1)c1ccc(OCC2CO2)cc1,OC(=O)CCCC(=O)O,OC(=O)c1cccc(C(=O)O)c1,1.0,0.0,Dyn,20.0,373.8474576271186,0.02122278085049218,0.02790569744513261
R100X000Y,CC(C)(c1ccc(OCC2CO2)cc1)c1ccc(OCC2CO2)cc1,OC(=O)CCCC(=O)O,OC(=O)c1cccc(C(=O)O)c1,1.0,0.0,Dyn,20.0,377.2372881355932,0.02670069622489132,0.03461736265576454
R100X000Y,CC(C)(c1ccc(OCC2CO2)cc1)c1ccc(OCC2CO2)cc1,OC(=O)CCCC(=O)O,OC(=O)c1cccc(C(=O)O)c1,1.0,0.0,Dyn,20.0,380.62711864406776,0.03349696510664601,0.04471589425773953
R100X000Y,CC(C)(c1ccc(OCC2CO2)cc1)c1ccc(OCC2CO2)cc1,OC(=O)CCCC(=O)O,OC(=O)c1cccc(C(=O)O)c1,1.0,0.0,Dyn,20.0,384.01694915254234,0.041881510890562246,0.054827861889123516
R100X000Y,CC(C)(c1ccc(OCC2CO2)cc1)c1ccc(OCC2CO2)cc1,OC(=O)CCCC(=O)O,OC(=O)c1cccc(C(=O)O)c1,1.0,0.0,Dyn,20.0,387.4067796610169,0.05216302771657411,0.06724960797706651
R100X000Y,CC(C)(c1ccc(OCC2CO2)cc1)c1ccc(OCC2CO2)cc1,OC(=O)CCCC(=O)O,OC(=O)c1cccc(C(=O)O)c1,1.0,0.0,Dyn,20.0,390.7966101694915,0.06468829218386102,0.08512939210151213
R100X000Y,CC(C)(c1ccc(OCC2CO2)cc1)c1ccc(OCC2CO2)cc1,OC(=O)CCCC(=O)O,OC(=O)c1cccc(C(=O)O)c1,1.0,0.0,Dyn,20.0,394.1864406779661,0.0798383596905456,0.0962181721812734
R100X000Y,CC(C)(c1ccc(OCC2CO2)cc1)c1ccc(OCC2CO2)cc1,OC(=O)CCCC(=O)O,OC(=O)c1cccc(C(=O)O)c1,1.0,0.0,Dyn,20.0,397.5762711864407,0.0980203957307297,0.11968055427037852
R100X000Y,CC(C)(c1ccc(OCC2CO2)cc1)c1ccc(OCC2CO2)cc1,OC(=O)CCCC(=O)O,OC(=O)c1cccc(C(=O)O)c1,1.0,0.0,Dyn,20.0,400.96610169491527,0.11965375490968218,0.14023666938018162
R100X000Y,CC(C)(c1ccc(OCC2CO2)cc1)c1ccc(OCC2CO2)cc1,OC(=O)CCCC(=O)O,OC(=O)c1cccc(C(=O)O)c1,1.0,0.0,Dyn,20.0,404.35593220338984,0.145148977997478,0.17411831255548693
R100X000Y,CC(C)(c1ccc(OCC2CO2)cc1)c1ccc(OCC2CO2)cc1,OC(=O)CCCC(=O)O,OC(=O)c1cccc(C(=O)O)c1,1.0,0.0,Dyn,20.0,407.74576271186436,0.17487860797629326,0.18059954047634946
R100X000Y,CC(C)(c1ccc(OCC2CO2)cc1)c1ccc(OCC2CO2)cc1,OC(=O)CCCC(=O)O,OC(=O)c1cccc(C(=O)O)c1,1.0,0.0,Dyn,20.0,411.135593220339,0.2091395822183992,0.2123907460506281
R100X000Y,CC(C)(c1ccc(OCC2CO2)cc1)c1ccc(OCC2CO2)cc1,OC(=O)CCCC(=O)O,OC(=O)c1cccc(C(=O)O)c1,1.0,0.0,Dyn,20.0,414.52542372881356,0.2481081671631616,0.24056996571415767
R100X000Y,CC(C)(c1ccc(OCC2CO2)cc1)c1ccc(OCC2CO2)cc1,OC(=O)CCCC(=O)O,OC(=O)c1cccc(C(=O)O)c1,1.0,0.0,Dyn,20.0,417.91525423728814,0.2917903536643122,0.2820815049206111
R100X000Y,CC(C)(c1ccc(OCC2CO2)cc1)c1ccc(OCC2CO2)cc1,OC(=O)CCCC(=O)O,OC(=O)c1cccc(C(=O)O)c1,1.0,0.0,Dyn,20.0,421.3050847457627,0.3399730755076438,0.2894625358075373
R100X000Y,CC(C)(c1ccc(OCC2CO2)cc1)c1ccc(OCC2CO2)cc1,OC(=O)CCCC(=O)O,OC(=O)c1cccc(C(=O)O)c1,1.0,0.0,Dyn,20.0,424.6949152542373,0.39218411282636445,0.33443289733227805
R100X000Y,CC(C)(c1ccc(OCC2CO2)cc1)c1ccc(OCC2CO2)cc1,OC(=O)CCCC(=O)O,OC(=O)c1cccc(C(=O)O)c1,1.0,0.0,Dyn,20.0,428.08474576271186,0.4476702498787717,0.3512021411821852
R100X000Y,CC(C)(c1ccc(OCC2CO2)cc1)c1ccc(OCC2CO2)cc1,OC(=O)CCCC(=O)O,OC(=O)c1cccc(C(=O)O)c1,1.0,0.0,Dyn,20.0,431.47457627118644,0.5054035429679016,0.353826001816644
R100X000Y,CC(C)(c1ccc(OCC2CO2)cc1)c1ccc(OCC2CO2)cc1,OC(=O)CCCC(=O)O,OC(=O)c1cccc(C(=O)O)c1,1.0,0.0,Dyn,20.0,434.864406779661,0.5641229865546326,0.3511644271320318
R100X000Y,CC(C)(c1ccc(OCC2CO2)cc1)c1ccc(OCC2CO2)cc1,OC(=O)CCCC(=O)O,OC(=O)c1cccc(C(=O)O)c1,1.0,0.0,Dyn,20.0,438.2542372881356,0.6224135432999994,0.32390289516074217
R100X000Y,CC(C)(c1ccc(OCC2CO2)cc1)c1ccc(OCC2CO2)cc1,OC(=O)CCCC(=O)O,OC(=O)c1cccc(C(=O)O)c1,1.0,0.0,Dyn,20.0,441.64406779661016,0.6788166655047287,0.326200864256826
R100X000Y,CC(C)(c1ccc(OCC2CO2)cc1)c1ccc(OCC2CO2)cc1,OC(=O)CCCC(=O)O,OC(=O)c1cccc(C(=O)O)c1,1.0,0.0,Dyn,20.0,445.03389830508473,0.7319579368702163,0.2885428548790858
R100X000Y,CC(C)(c1ccc(OCC2CO2)cc1)c1ccc(OCC2CO2)cc1,OC(=O)CCCC(=O)O,OC(=O)c1cccc(C(=O)O)c1,1.0,0.0,Dyn,20.0,448.4237288135593,0.7806712743519334,0.2695204822945409
R100X000Y,CC(C)(c1ccc(OCC2CO2)cc1)c1ccc(OCC2CO2)cc1,OC(=O)CCCC(=O)O,OC(=O)c1cccc(C(=O)O)c1,1.0,0.0,Dyn,20.0,451.8135593220339,0.824098123025519,0.2409237560102654
R100X000Y,CC(C)(c1ccc(OCC2CO2)cc1)c1ccc(OCC2CO2)cc1,OC(=O)CCCC(=O)O,OC(=O)c1cccc(C(=O)O)c1,1.0,0.0,Dyn,20.0,455.2033898305085,0.8617443119013967,0.2027465732659439
R100X000Y,CC(C)(c1ccc(OCC2CO2)cc1)c1ccc(OCC2CO2)cc1,OC(=O)CCCC(=O)O,OC(=O)c1cccc(C(=O)O)c1,1.0,0.0,Dyn,20.0,458.59322033898303,0.8934870512241107,0.17498757273285226
R100X000Y,CC(C)(c1ccc(OCC2CO2)cc1)c1ccc(OCC2CO2)cc1,OC(=O)CCCC(=O)O,OC(=O)c1cccc(C(=O)O)c1,1.0,0.0,Dyn,20.0,461.9830508474576,0.9195353386960765,0.13717183732659957
R100X000Y,CC(C)(c1ccc(OCC2CO2)cc1)c1ccc(OCC2CO2)cc1,OC(=O)CCCC(=O)O,OC(=O)c1cccc(C(=O)O)c1,1.0,0.0,Dyn,20.0,465.37288135593224,0.9403564371922303,0.10357392963694538
R100X000Y,CC(C)(c1ccc(OCC2CO2)cc1)c1ccc(OCC2CO2)cc1,OC(=O)CCCC(=O)O,OC(=O)c1cccc(C(=O)O)c1,1.0,0.0,Dyn,20.0,468.7627118644068,0.9565859280168527,0.08094071863169272
R100X000Y,CC(C)(c1ccc(OCC2CO2)cc1)c1ccc(OCC2CO2)cc1,OC(=O)CCCC(=O)O,OC(=O)c1cccc(C(=O)O)c1,1.0,0.0,Dyn,20.0,472.1525423728814,0.9689382259617445,0.06046612694478652
R100X000Y,CC(C)(c1ccc(OCC2CO2)cc1)c1ccc(OCC2CO2)cc1,OC(=O)CCCC(=O)O,OC(=O)c1cccc(C(=O)O)c1,1.0,0.0,Dyn,20.0,475.5423728813559,0.9781312021793055,0.04582762095064569
R100X000Y,CC(C)(c1ccc(OCC2CO2)cc1)c1ccc(OCC2CO2)cc1,OC(=O)CCCC(=O)O,OC(=O)c1cccc(C(=O)O)c1,1.0,0.0,Dyn,20.0,478.93220338983053,0.984831640312612,0.03462268688488195
R100X000Y,CC(C)(c1ccc(OCC2CO2)cc1)c1ccc(OCC2CO2)cc1,OC(=O)CCCC(=O)O,OC(=O)c1cccc(C(=O)O)c1,1.0,0.0,Dyn,20.0,482.3220338983051,0.9896222580904184,0.023993174084822367
R100X000Y,CC(C)(c1ccc(OCC2CO2)cc1)c1ccc(OCC2CO2)cc1,OC(=O)CCCC(=O)O,OC(=O)c1cccc(C(=O)O)c1,1.0,0.0,Dyn,20.0,485.7118644067797,0.9929876699284537,0.016627166373611148
R100X000Y,CC(C)(c1ccc(OCC2CO2)cc1)c1ccc(OCC2CO2)cc1,OC(=O)CCCC(=O)O,OC(=O)c1cccc(C(=O)O)c1,1.0,0.0,Dyn,20.0,489.10169491525426,0.9953144791998126,0.010855010076519555
R100X000Y,CC(C)(c1ccc(OCC2CO2)cc1)c1ccc(OCC2CO2)cc1,OC(=O)CCCC(=O)O,OC(=O)c1cccc(C(=O)O)c1,1.0,0.0,Dyn,20.0,492.4915254237288,0.9969003029239433,0.008183104282990343
R100X000Y,CC(C)(c1ccc(OCC2CO2)cc1)c1ccc(OCC2CO2)cc1,OC(=O)CCCC(=O)O,OC(=O)c1cccc(C(=O)O)c1,1.0,0.0,Dyn,20.0,495.8813559322034,0.9979672812522207,0.005103724164161042
R100X000Y,CC(C)(c1ccc(OCC2CO2)cc1)c1ccc(OCC2CO2)cc1,OC(=O)CCCC(=O)O,OC(=O)c1cccc(C(=O)O)c1,1.0,0.0,Dyn,20.0,499.271186440678,0.9986770388614312,0.0036243174322729698
R100X000Y,CC(C)(c1ccc(OCC2CO2)cc1)c1ccc(OCC2CO2)cc1,OC(=O)CCCC(=O)O,OC(=O)c1cccc(C(=O)O)c1,1.0,0.0,Dyn,20.0,502.66101694915255,0.999144506781147,0.0021575773134195806
R100X000Y,CC(C)(c1ccc(OCC2CO2)cc1)c1ccc(OCC2CO2)cc1,OC(=O)CCCC(=O)O,OC(=O)c1cccc(C(=O)O)c1,1.0,0.0,Dyn,20.0,506.0508474576271,0.9994497753652654,0.0014162266826707277
R100X000Y,CC(C)(c1ccc(OCC2CO2)cc1)c1ccc(OCC2CO2)cc1,OC(=O)CCCC(=O)O,OC(=O)c1cccc(C(=O)O)c1,1.0,0.0,Dyn,20.0,509.4406779661017,0.9996476824949986,0.0010034368915124848
R100X000Y,CC(C)(c1ccc(OCC2CO2)cc1)c1ccc(OCC2CO2)cc1,OC(=O)CCCC(=O)O,OC(=O)c1cccc(C(=O)O)c1,1.0,0.0,Dyn,20.0,512.8305084745763,0.9997752105915498,0.0005787487318056011
R100X000Y,CC(C)(c1ccc(OCC2CO2)cc1)c1ccc(OCC2CO2)cc1,OC(=O)CCCC(=O)O,OC(=O)c1cccc(C(=O)O)c1,1.0,0.0,Dyn,20.0,516.2203389830509,0.9998569707034652,0.0003872732489902798
R100X000Y,CC(C)(c1ccc(OCC2CO2)cc1)c1ccc(OCC2CO2)cc1,OC(=O)CCCC(=O)O,OC(=O)c1cccc(C(=O)O)c1,1.0,0.0,Dyn,20.0,519.6101694915254,0.9999,0.00027077322667993684
R100X000Y,CC(C)(c1ccc(OCC2CO2)cc1)c1ccc(OCC2CO2)cc1,OC(=O)CCCC(=O)O,OC(=O)c1cccc(C(=O)O)c1,1.0,0.0,Dyn,20.0,523.0,0.9999,0.00029288951671502353
R100X000Y,CC(C)(c1ccc(OCC2CO2)cc1)c1ccc(OCC2CO2)cc1,OC(=O)CCCC(=O)O,OC(=O)c1cccc(C(=O)O)c1,1.0,0.0,Iso,119.85000000000002,393.0,0.001,0.04526357322465402
R100X000Y,CC(C)(c1ccc(OCC2CO2)cc1)c1ccc(OCC2CO2)cc1,OC(=O)CCCC(=O)O,OC(=O)c1cccc(C(=O)O)c1,1.0,0.0,Iso,119.85000000000002,393.0,0.17864163301627423,0.09194754471209189
R100X000Y,CC(C)(c1ccc(OCC2CO2)cc1)c1ccc(OCC2CO2)cc1,OC(=O)CCCC(=O)O,OC(=O)c1cccc(C(=O)O)c1,1.0,0.0,Iso,119.85000000000002,393.0,0.35915764157039093,0.08311597625463826
R100X000Y,CC(C)(c1ccc(OCC2CO2)cc1)c1ccc(OCC2CO2)cc1,OC(=O)CCCC(=O)O,OC(=O)c1cccc(C(=O)O)c1,1.0,0.0,Iso,119.85000000000002,393.0,0.505823301451665,0.06555432196257577
R100X000Y,CC(C)(c1ccc(OCC2CO2)cc1)c1ccc(OCC2CO2)cc1,OC(=O)CCCC(=O)O,OC(=O)c1cccc(C(=O)O)c1,1.0,0.0,Iso,119.85000000000002,393.0,0.618979139578176,0.046889438914320056
R100X000Y,CC(C)(c1ccc(OCC2CO2)cc1)c1ccc(OCC2CO2)cc1,OC(=O)CCCC(=O)O,OC(=O)c1cccc(C(=O)O)c1,1.0,0.0,Iso,119.85000000000002,393.0,0.7047769541687767,0.034461074651555935
R100X000Y,CC(C)(c1ccc(OCC2CO2)cc1)c1ccc(OCC2CO2)cc1,OC(=O)CCCC(=O)O,OC(=O)c1cccc(C(=O)O)c1,1.0,0.0,Iso,119.85000000000002,393.0,0.7695878275071906,0.02614592315231693
R100X000Y,CC(C)(c1ccc(OCC2CO2)cc1)c1ccc(OCC2CO2)cc1,OC(=O)CCCC(=O)O,OC(=O)c1cccc(C(=O)O)c1,1.0,0.0,Iso,119.85000000000002,393.0,0.8186763931015675,0.020474400966864873
R100X000Y,CC(C)(c1ccc(OCC2CO2)cc1)c1ccc(OCC2CO2)cc1,OC(=O)CCCC(=O)O,OC(=O)c1cccc(C(=O)O)c1,1.0,0.0,Iso,119.85000000000002,393.0,0.8560755787149158,0.01614891643199405
R100X000Y,CC(C)(c1ccc(OCC2CO2)cc1)c1ccc(OCC2CO2)cc1,OC(=O)CCCC(=O)O,OC(=O)c1cccc(C(=O)O)c1,1.0,0.0,Iso,119.85000000000002,393.0,0.8847817785880974,0.01248904930190443
R100X000Y,CC(C)(c1ccc(OCC2CO2)cc1)c1ccc(OCC2CO2)cc1,OC(=O)CCCC(=O)O,OC(=O)c1cccc(C(=O)O)c1,1.0,0.0,Iso,119.85000000000002,393.0,0.9069955884890808,0.0095552797583715
R100X000Y,CC(C)(c1ccc(OCC2CO2)cc1)c1ccc(OCC2CO2)cc1,OC(=O)CCCC(=O)O,OC(=O)c1cccc(C(=O)O)c1,1.0,0.0,Iso,119.85000000000002,393.0,0.924329398598439,0.007507441821748329
R100X000Y,CC(C)(c1ccc(OCC2CO2)cc1)c1ccc(OCC2CO2)cc1,OC(=O)CCCC(=O)O,OC(=O)c1cccc(C(=O)O)c1,1.0,0.0,Iso,119.85000000000002,393.0,0.9379676495491576,0.006124582392431583
R100X000Y,CC(C)(c1ccc(OCC2CO2)cc1)c1ccc(OCC2CO2)cc1,OC(=O)CCCC(=O)O,OC(=O)c1cccc(C(=O)O)c1,1.0,0.0,Iso,119.85000000000002,393.0,0.9487849773044627,0.004848341387530258
R100X000Y,CC(C)(c1ccc(OCC2CO2)cc1)c1ccc(OCC2CO2)cc1,OC(=O)CCCC(=O)O,OC(=O)c1cccc(C(=O)O)c1,1.0,0.0,Iso,119.85000000000002,393.0,0.9574315696784879,0.003846111406918983
R100X000Y,CC(C)(c1ccc(OCC2CO2)cc1)c1ccc(OCC2CO2)cc1,OC(=O)CCCC(=O)O,OC(=O)c1cccc(C(=O)O)c1,1.0,0.0,Iso,119.85000000000002,393.0,0.9643943582551561,0.0030168109788127804
R100X000Y,CC(C)(c1ccc(OCC2CO2)cc1)c1ccc(OCC2CO2)cc1,OC(=O)CCCC(=O)O,OC(=O)c1cccc(C(=O)O)c1,1.0,0.0,Iso,119.85000000000002,393.0,0.9700408388220101,0.0025597431656563573
R100X000Y,CC(C)(c1ccc(OCC2CO2)cc1)c1ccc(OCC2CO2)cc1,OC(=O)CCCC(=O)O,OC(=O)c1cccc(C(=O)O)c1,1.0,0.0,Iso,119.85000000000002,393.0,0.974650535439367,0.002060037946669127
R100X000Y,CC(C)(c1ccc(OCC2CO2)cc1)c1ccc(OCC2CO2)cc1,OC(=O)CCCC(=O)O,OC(=O)c1cccc(C(=O)O)c1,1.0,0.0,Iso,119.85000000000002,393.0,0.9784377017889581,0.0016507248129324417
R100X000Y,CC(C)(c1ccc(OCC2CO2)cc1)c1ccc(OCC2CO2)cc1,OC(=O)CCCC(=O)O,OC(=O)c1cccc(C(=O)O)c1,1.0,0.0,Iso,119.85000000000002,393.0,0.9815678001729696,0.0013755709288326126
R100X000Y,CC(C)(c1ccc(OCC2CO2)cc1)c1ccc(OCC2CO2)cc1,OC(=O)CCCC(=O)O,OC(=O)c1cccc(C(=O)O)c1,1.0,0.0,Iso,119.85000000000002,393.0,0.984169545061159,0.0012098022725722355
R100X000Y,CC(C)(c1ccc(OCC2CO2)cc1)c1ccc(OCC2CO2)cc1,OC(=O)CCCC(=O)O,OC(=O)c1cccc(C(=O)O)c1,1.0,0.0,Iso,119.85000000000002,393.0,0.9863437679851299,0.0010317927239767795
R100X000Y,CC(C)(c1ccc(OCC2CO2)cc1)c1ccc(OCC2CO2)cc1,OC(=O)CCCC(=O)O,OC(=O)c1cccc(C(=O)O)c1,1.0,0.0,Iso,119.85000000000002,393.0,0.9881699902337432,0.0008101769265002127
R100X000Y,CC(C)(c1ccc(OCC2CO2)cc1)c1ccc(OCC2CO2)cc1,OC(=O)CCCC(=O)O,OC(=O)c1cccc(C(=O)O)c1,1.0,0.0,Iso,119.85000000000002,393.0,0.9897113314572261,0.0006530791121642334
R100X000Y,CC(C)(c1ccc(OCC2CO2)cc1)c1ccc(OCC2CO2)cc1,OC(=O)CCCC(=O)O,OC(=O)c1cccc(C(=O)O)c1,1.0,0.0,Iso,119.85000000000002,393.0,0.9910182017498291,0.0006023213934400996
R100X000Y,CC(C)(c1ccc(OCC2CO2)cc1)c1ccc(OCC2CO2)cc1,OC(=O)CCCC(=O)O,OC(=O)c1cccc(C(=O)O)c1,1.0,0.0,Iso,119.85000000000002,393.0,0.9921310981392715,0.0004914379622443838
R100X000Y,CC(C)(c1ccc(OCC2CO2)cc1)c1ccc(OCC2CO2)cc1,OC(=O)CCCC(=O)O,OC(=O)c1cccc(C(=O)O)c1,1.0,0.0,Iso,119.85000000000002,393.0,0.9930827371279625,0.0004423309713629062
R100X000Y,CC(C)(c1ccc(OCC2CO2)cc1)c1ccc(OCC2CO2)cc1,OC(=O)CCCC(=O)O,OC(=O)c1cccc(C(=O)O)c1,1.0,0.0,Iso,119.85000000000002,393.0,0.9938996916212641,0.0003680895768197667
R100X000Y,CC(C)(c1ccc(OCC2CO2)cc1)c1ccc(OCC2CO2)cc1,OC(=O)CCCC(=O)O,OC(=O)c1cccc(C(=O)O)c1,1.0,0.0,Iso,119.85000000000002,393.0,0.9946036554037049,0.0003428921335322676
R100X000Y,CC(C)(c1ccc(OCC2CO2)cc1)c1ccc(OCC2CO2)cc1,OC(=O)CCCC(=O)O,OC(=O)c1cccc(C(=O)O)c1,1.0,0.0,Iso,119.85000000000002,393.0,0.9952124258820825,0.0002793643225451206
R100X000Y,CC(C)(c1ccc(OCC2CO2)cc1)c1ccc(OCC2CO2)cc1,OC(=O)CCCC(=O)O,OC(=O)c1cccc(C(=O)O)c1,1.0,0.0,Iso,119.85000000000002,393.0,0.9957406723623011,0.0002485618440493534
R100X000Y,CC(C)(c1ccc(OCC2CO2)cc1)c1ccc(OCC2CO2)cc1,OC(=O)CCCC(=O)O,OC(=O)c1cccc(C(=O)O)c1,1.0,0.0,Iso,119.85000000000002,393.0,0.996200540061619,0.00020332867163297465
R100X000Y,CC(C)(c1ccc(OCC2CO2)cc1)c1ccc(OCC2CO2)cc1,OC(=O)CCCC(=O)O,OC(=O)c1cccc(C(=O)O)c1,1.0,0.0,Iso,119.85000000000002,393.0,0.9966021275594782,0.00016895206264135452
R100X000Y,CC(C)(c1ccc(OCC2CO2)cc1)c1ccc(OCC2CO2)cc1,OC(=O)CCCC(=O)O,OC(=O)c1cccc(C(=O)O)c1,1.0,0.0,Iso,119.85000000000002,393.0,0.9969538661774392,0.00016254860972311034
R100X000Y,CC(C)(c1ccc(OCC2CO2)cc1)c1ccc(OCC2CO2)cc1,OC(=O)CCCC(=O)O,OC(=O)c1cccc(C(=O)O)c1,1.0,0.0,Iso,119.85000000000002,393.0,0.9972628229454981,0.0001435209019835501
R100X000Y,CC(C)(c1ccc(OCC2CO2)cc1)c1ccc(OCC2CO2)cc1,OC(=O)CCCC(=O)O,OC(=O)c1cccc(C(=O)O)c1,1.0,0.0,Iso,119.85000000000002,393.0,0.9975349437126527,0.00012830771661163614
R100X000Y,CC(C)(c1ccc(OCC2CO2)cc1)c1ccc(OCC2CO2)cc1,OC(=O)CCCC(=O)O,OC(=O)c1cccc(C(=O)O)c1,1.0,0.0,Iso,119.85000000000002,393.0,0.9977752491314523,0.0001092090284655745
R100X000Y,CC(C)(c1ccc(OCC2CO2)cc1)c1ccc(OCC2CO2)cc1,OC(=O)CCCC(=O)O,OC(=O)c1cccc(C(=O)O)c1,1.0,0.0,Iso,119.85000000000002,393.0,0.9979879933558634,9.46248260605644e-05
R100X000Y,CC(C)(c1ccc(OCC2CO2)cc1)c1ccc(OCC2CO2)cc1,OC(=O)CCCC(=O)O,OC(=O)c1cccc(C(=O)O)c1,1.0,0.0,Iso,119.85000000000002,393.0,0.9981767930972242,8.326563395950872e-05
R100X000Y,CC(C)(c1ccc(OCC2CO2)cc1)c1ccc(OCC2CO2)cc1,OC(=O)CCCC(=O)O,OC(=O)c1cccc(C(=O)O)c1,1.0,0.0,Iso,119.85000000000002,393.0,0.998344733007756,7.918386283085455e-05
R100X000Y,CC(C)(c1ccc(OCC2CO2)cc1)c1ccc(OCC2CO2)cc1,OC(=O)CCCC(=O)O,OC(=O)c1cccc(C(=O)O)c1,1.0,0.0,Iso,119.85000000000002,393.0,0.9984944520755199,7.099884141354474e-05
R100X000Y,CC(C)(c1ccc(OCC2CO2)cc1)c1ccc(OCC2CO2)cc1,OC(=O)CCCC(=O)O,OC(=O)c1cccc(C(=O)O)c1,1.0,0.0,Iso,119.85000000000002,393.0,0.9986282147231418,6.054152812580257e-05
R100X000Y,CC(C)(c1ccc(OCC2CO2)cc1)c1ccc(OCC2CO2)cc1,OC(=O)CCCC(=O)O,OC(=O)c1cccc(C(=O)O)c1,1.0,0.0,Iso,119.85000000000002,393.0,0.9987479695341452,5.483862995158511e-05
R100X000Y,CC(C)(c1ccc(OCC2CO2)cc1)c1ccc(OCC2CO2)cc1,OC(=O)CCCC(=O)O,OC(=O)c1cccc(C(=O)O)c1,1.0,0.0,Iso,119.85000000000002,393.0,0.998855397932235,4.8942490160524074e-05
R100X000Y,CC(C)(c1ccc(OCC2CO2)cc1)c1ccc(OCC2CO2)cc1,OC(=O)CCCC(=O)O,OC(=O)c1cccc(C(=O)O)c1,1.0,0.0,Iso,119.85000000000002,393.0,0.9989519546706971,4.245569945435085e-05
R100X000Y,CC(C)(c1ccc(OCC2CO2)cc1)c1ccc(OCC2CO2)cc1,OC(=O)CCCC(=O)O,OC(=O)c1cccc(C(=O)O)c1,1.0,0.0,Iso,119.85000000000002,393.0,0.9990389016211835,4.0814827660637135e-05
R100X000Y,CC(C)(c1ccc(OCC2CO2)cc1)c1ccc(OCC2CO2)cc1,OC(=O)CCCC(=O)O,OC(=O)c1cccc(C(=O)O)c1,1.0,0.0,Iso,119.85000000000002,393.0,0.9991173360608236,3.756270292229411e-05
R100X000Y,CC(C)(c1ccc(OCC2CO2)cc1)c1ccc(OCC2CO2)cc1,OC(=O)CCCC(=O)O,OC(=O)c1cccc(C(=O)O)c1,1.0,0.0,Iso,119.85000000000002,393.0,0.9991882144265372,3.291044996856752e-05
R100X000Y,CC(C)(c1ccc(OCC2CO2)cc1)c1ccc(OCC2CO2)cc1,OC(=O)CCCC(=O)O,OC(=O)c1cccc(C(=O)O)c1,1.0,0.0,Iso,119.85000000000002,393.0,0.9992523723223833,2.8735076324479043e-05
R100X000Y,CC(C)(c1ccc(OCC2CO2)cc1)c1ccc(OCC2CO2)cc1,OC(=O)CCCC(=O)O,OC(=O)c1cccc(C(=O)O)c1,1.0,0.0,Iso,119.85000000000002,393.0,0.9993105414195802,2.7074096568523928e-05
R100X000Y,CC(C)(c1ccc(OCC2CO2)cc1)c1ccc(OCC2CO2)cc1,OC(=O)CCCC(=O)O,OC(=O)c1cccc(C(=O)O)c1,1.0,0.0,Iso,119.85000000000002,393.0,0.9993633637716253,2.5765184552708275e-05
R100X000Y,CC(C)(c1ccc(OCC2CO2)cc1)c1ccc(OCC2CO2)cc1,OC(=O)CCCC(=O)O,OC(=O)c1cccc(C(=O)O)c1,1.0,0.0,Iso,119.85000000000002,393.0,0.9994114039726258,2.396769607828407e-05
R100X000Y,CC(C)(c1ccc(OCC2CO2)cc1)c1ccc(OCC2CO2)cc1,OC(=O)CCCC(=O)O,OC(=O)c1cccc(C(=O)O)c1,1.0,0.0,Iso,119.85000000000002,393.0,0.9994551595108051,2.0699771304031772e-05
R100X000Y,CC(C)(c1ccc(OCC2CO2)cc1)c1ccc(OCC2CO2)cc1,OC(=O)CCCC(=O)O,OC(=O)c1cccc(C(=O)O)c1,1.0,0.0,Iso,119.85000000000002,393.0,0.9994950696074377,1.829910346840543e-05
R100X000Y,CC(C)(c1ccc(OCC2CO2)cc1)c1ccc(OCC2CO2)cc1,OC(=O)CCCC(=O)O,OC(=O)c1cccc(C(=O)O)c1,1.0,0.0,Iso,119.85000000000002,393.0,0.9995315227813116,1.6110627567466018e-05
R100X000Y,CC(C)(c1ccc(OCC2CO2)cc1)c1ccc(OCC2CO2)cc1,OC(=O)CCCC(=O)O,OC(=O)c1cccc(C(=O)O)c1,1.0,0.0,Iso,119.85000000000002,393.0,0.9995648633378982,1.4951657236965878e-05
R100X000Y,CC(C)(c1ccc(OCC2CO2)cc1)c1ccc(OCC2CO2)cc1,OC(=O)CCCC(=O)O,OC(=O)c1cccc(C(=O)O)c1,1.0,0.0,Iso,119.85000000000002,393.0,0.9995953969489487,1.4329835019484118e-05
R100X000Y,CC(C)(c1ccc(OCC2CO2)cc1)c1ccc(OCC2CO2)cc1,OC(=O)CCCC(=O)O,OC(=O)c1cccc(C(=O)O)c1,1.0,0.0,Iso,119.85000000000002,393.0,0.999623395460773,1.327282746756142e-05
R100X000Y,CC(C)(c1ccc(OCC2CO2)cc1)c1ccc(OCC2CO2)cc1,OC(=O)CCCC(=O)O,OC(=O)c1cccc(C(=O)O)c1,1.0,0.0,Iso,119.85000000000002,393.0,0.999649101046846,1.2204553399886224e-05
R100X000Y,CC(C)(c1ccc(OCC2CO2)cc1)c1ccc(OCC2CO2)cc1,OC(=O)CCCC(=O)O,OC(=O)c1cccc(C(=O)O)c1,1.0,0.0,Iso,119.85000000000002,393.0,0.9996727298017419,1.1051557610098145e-05
R100X000Y,CC(C)(c1ccc(OCC2CO2)cc1)c1ccc(OCC2CO2)cc1,OC(=O)CCCC(=O)O,OC(=O)c1cccc(C(=O)O)c1,1.0,0.0,Iso,139.85000000000002,413.0,0.001,0.1016143001484926
R100X000Y,CC(C)(c1ccc(OCC2CO2)cc1)c1ccc(OCC2CO2)cc1,OC(=O)CCCC(=O)O,OC(=O)c1cccc(C(=O)O)c1,1.0,0.0,Iso,139.85000000000002,413.0,0.43791604109961135,0.17181486187991327
R100X000Y,CC(C)(c1ccc(OCC2CO2)cc1)c1ccc(OCC2CO2)cc1,OC(=O)CCCC(=O)O,OC(=O)c1cccc(C(=O)O)c1,1.0,0.0,Iso,139.85000000000002,413.0,0.7057458781239482,0.09165877720128848
R100X000Y,CC(C)(c1ccc(OCC2CO2)cc1)c1ccc(OCC2CO2)cc1,OC(=O)CCCC(=O)O,OC(=O)c1cccc(C(=O)O)c1,1.0,0.0,Iso,139.85000000000002,413.0,0.8393570548676489,0.044566360809481606
R100X000Y,CC(C)(c1ccc(OCC2CO2)cc1)c1ccc(OCC2CO2)cc1,OC(=O)CCCC(=O)O,OC(=O)c1cccc(C(=O)O)c1,1.0,0.0,Iso,139.85000000000002,413.0,0.9075047096588347,0.02486861662434588
R100X000Y,CC(C)(c1ccc(OCC2CO2)cc1)c1ccc(OCC2CO2)cc1,OC(=O)CCCC(=O)O,OC(=O)c1cccc(C(=O)O)c1,1.0,0.0,Iso,139.85000000000002,413.0,0.9440350515608308,0.012621839972944604
R100X000Y,CC(C)(c1ccc(OCC2CO2)cc1)c1ccc(OCC2CO2)cc1,OC(=O)CCCC(=O)O,OC(=O)c1cccc(C(=O)O)c1,1.0,0.0,Iso,139.85000000000002,413.0,0.9646384459851749,0.008028150136426934
R100X000Y,CC(C)(c1ccc(OCC2CO2)cc1)c1ccc(OCC2CO2)cc1,OC(=O)CCCC(=O)O,OC(=O)c1cccc(C(=O)O)c1,1.0,0.0,Iso,139.85000000000002,413.0,0.9768077608639787,0.004525469821809976
R100X000Y,CC(C)(c1ccc(OCC2CO2)cc1)c1ccc(OCC2CO2)cc1,OC(=O)CCCC(=O)O,OC(=O)c1cccc(C(=O)O)c1,1.0,0.0,Iso,139.85000000000002,413.0,0.9842930247203758,0.002916732196325686
R100X000Y,CC(C)(c1ccc(OCC2CO2)cc1)c1ccc(OCC2CO2)cc1,OC(=O)CCCC(=O)O,OC(=O)c1cccc(C(=O)O)c1,1.0,0.0,Iso,139.85000000000002,413.0,0.9890629427475112,0.0018909749029478603
R100X000Y,CC(C)(c1ccc(OCC2CO2)cc1)c1ccc(OCC2CO2)cc1,OC(=O)CCCC(=O)O,OC(=O)c1cccc(C(=O)O)c1,1.0,0.0,Iso,139.85000000000002,413.0,0.9921978935055152,0.0012403131285921242
R100X000Y,CC(C)(c1ccc(OCC2CO2)cc1)c1ccc(OCC2CO2)cc1,OC(=O)CCCC(=O)O,OC(=O)c1cccc(C(=O)O)c1,1.0,0.0,Iso,139.85000000000002,413.0,0.9943148885546153,0.0008057410471663699
R100X000Y,CC(C)(c1ccc(OCC2CO2)cc1)c1ccc(OCC2CO2)cc1,OC(=O)CCCC(=O)O,OC(=O)c1cccc(C(=O)O)c1,1.0,0.0,Iso,139.85000000000002,413.0,0.9957790633773036,0.0005913648790903305
R100X000Y,CC(C)(c1ccc(OCC2CO2)cc1)c1ccc(OCC2CO2)cc1,OC(=O)CCCC(=O)O,OC(=O)c1cccc(C(=O)O)c1,1.0,0.0,Iso,139.85000000000002,413.0,0.9968134494223061,0.000447886209961621
R100X000Y,CC(C)(c1ccc(OCC2CO2)cc1)c1ccc(OCC2CO2)cc1,OC(=O)CCCC(=O)O,OC(=O)c1cccc(C(=O)O)c1,1.0,0.0,Iso,139.85000000000002,413.0,0.9975581826533769,0.0002992894214000646
R100X000Y,CC(C)(c1ccc(OCC2CO2)cc1)c1ccc(OCC2CO2)cc1,OC(=O)CCCC(=O)O,OC(=O)c1cccc(C(=O)O)c1,1.0,0.0,Iso,139.85000000000002,413.0,0.9981035706097986,0.0002171374585594777
R100X000Y,CC(C)(c1ccc(OCC2CO2)cc1)c1ccc(OCC2CO2)cc1,OC(=O)CCCC(=O)O,OC(=O)c1cccc(C(=O)O)c1,1.0,0.0,Iso,139.85000000000002,413.0,0.9985091498927098,0.00017107859774902445
R100X000Y,CC(C)(c1ccc(OCC2CO2)cc1)c1ccc(OCC2CO2)cc1,OC(=O)CCCC(=O)O,OC(=O)c1cccc(C(=O)O)c1,1.0,0.0,Iso,139.85000000000002,413.0,0.9988149863477115,0.0001291293801842331
R100X000Y,CC(C)(c1ccc(OCC2CO2)cc1)c1ccc(OCC2CO2)cc1,OC(=O)CCCC(=O)O,OC(=O)c1cccc(C(=O)O)c1,1.0,0.0,Iso,139.85000000000002,413.0,0.9990485504567015,9.657577574472094e-05
R100X000Y,CC(C)(c1ccc(OCC2CO2)cc1)c1ccc(OCC2CO2)cc1,OC(=O)CCCC(=O)O,OC(=O)c1cccc(C(=O)O)c1,1.0,0.0,Iso,139.85000000000002,413.0,0.9992289996972917,7.630443249894362e-05
R100X000Y,CC(C)(c1ccc(OCC2CO2)cc1)c1ccc(OCC2CO2)cc1,OC(=O)CCCC(=O)O,OC(=O)c1cccc(C(=O)O)c1,1.0,0.0,Iso,139.85000000000002,413.0,0.9993699034216111,6.039355145263568e-05
R100X000Y,CC(C)(c1ccc(OCC2CO2)cc1)c1ccc(OCC2CO2)cc1,OC(=O)CCCC(=O)O,OC(=O)c1cccc(C(=O)O)c1,1.0,0.0,Iso,139.85000000000002,413.0,0.9994810109351373,4.795169951127635e-05
R100X000Y,CC(C)(c1ccc(OCC2CO2)cc1)c1ccc(OCC2CO2)cc1,OC(=O)CCCC(=O)O,OC(=O)c1cccc(C(=O)O)c1,1.0,0.0,Iso,139.85000000000002,413.0,0.9995694195183695,3.899577572255322e-05
R100X000Y,CC(C)(c1ccc(OCC2CO2)cc1)c1ccc(OCC2CO2)cc1,OC(=O)CCCC(=O)O,OC(=O)c1cccc(C(=O)O)c1,1.0,0.0,Iso,139.85000000000002,413.0,0.9996403589019722,3.193002488387313e-05
R100X000Y,CC(C)(c1ccc(OCC2CO2)cc1)c1ccc(OCC2CO2)cc1,OC(=O)CCCC(=O)O,OC(=O)c1cccc(C(=O)O)c1,1.0,0.0,Iso,139.85000000000002,413.0,0.9996977262489184,2.5677199309449904e-05
R100X000Y,CC(C)(c1ccc(OCC2CO2)cc1)c1ccc(OCC2CO2)cc1,OC(=O)CCCC(=O)O,OC(=O)c1cccc(C(=O)O)c1,1.0,0.0,Iso,139.85000000000002,413.0,0.9997444561898525,2.096276763309641e-05
R100X000Y,CC(C)(c1ccc(OCC2CO2)cc1)c1ccc(OCC2CO2)cc1,OC(=O)CCCC(=O)O,OC(=O)c1cccc(C(=O)O)c1,1.0,0.0,Iso,139.85000000000002,413.0,0.999782780154006,1.7935070134135028e-05
R100X000Y,CC(C)(c1ccc(OCC2CO2)cc1)c1ccc(OCC2CO2)cc1,OC(=O)CCCC(=O)O,OC(=O)c1cccc(C(=O)O)c1,1.0,0.0,Iso,139.85000000000002,413.0,0.9998144103532877,1.4600899137974513e-05
R100X000Y,CC(C)(c1ccc(OCC2CO2)cc1)c1ccc(OCC2CO2)cc1,OC(=O)CCCC(=O)O,OC(=O)c1cccc(C(=O)O)c1,1.0,0.0,Iso,139.85000000000002,413.0,0.9998406718108115,1.074285186688135e-05
R100X000Y,CC(C)(c1ccc(OCC2CO2)cc1)c1ccc(OCC2CO2)cc1,OC(=O)CCCC(=O)O,OC(=O)c1cccc(C(=O)O)c1,1.0,0.0,Iso,139.85000000000002,413.0,0.9998625981237697,9.748139112866121e-06
R100X000Y,CC(C)(c1ccc(OCC2CO2)cc1)c1ccc(OCC2CO2)cc1,OC(=O)CCCC(=O)O,OC(=O)c1cccc(C(=O)O)c1,1.0,0.0,Iso,139.85000000000002,413.0,0.9998810016216871,7.901372481768095e-06
R100X000Y,CC(C)(c1ccc(OCC2CO2)cc1)c1ccc(OCC2CO2)cc1,OC(=O)CCCC(=O)O,OC(=O)c1cccc(C(=O)O)c1,1.0,0.0,Iso,139.85000000000002,413.0,0.9998965252522841,6.8680261262439136e-06
R100X000Y,CC(C)(c1ccc(OCC2CO2)cc1)c1ccc(OCC2CO2)cc1,OC(=O)CCCC(=O)O,OC(=O)c1cccc(C(=O)O)c1,1.0,0.0,Iso,139.85000000000002,413.0,0.9999,6.095045080867826e-06
R100X000Y,CC(C)(c1ccc(OCC2CO2)cc1)c1ccc(OCC2CO2)cc1,OC(=O)CCCC(=O)O,OC(=O)c1cccc(C(=O)O)c1,1.0,0.0,Iso,139.85000000000002,413.0,0.9999,5.0516377078668854e-06
R100X000Y,CC(C)(c1ccc(OCC2CO2)cc1)c1ccc(OCC2CO2)cc1,OC(=O)CCCC(=O)O,OC(=O)c1cccc(C(=O)O)c1,1.0,0.0,Iso,139.85000000000002,413.0,0.9999,4.2977285441374325e-06
R100X000Y,CC(C)(c1ccc(OCC2CO2)cc1)c1ccc(OCC2CO2)cc1,OC(=O)CCCC(=O)O,OC(=O)c1cccc(C(=O)O)c1,1.0,0.0,Iso,139.85000000000002,413.0,0.9999,3.891971735725718e-06
R100X000Y,CC(C)(c1ccc(OCC2CO2)cc1)c1ccc(OCC2CO2)cc1,OC(=O)CCCC(=O)O,OC(=O)c1cccc(C(=O)O)c1,1.0,0.0,Iso,139.85000000000002,413.0,0.9999,3.0859203574310415e-06
R100X000Y,CC(C)(c1ccc(OCC2CO2)cc1)c1ccc(OCC2CO2)cc1,OC(=O)CCCC(=O)O,OC(=O)c1cccc(C(=O)O)c1,1.0,0.0,Iso,139.85000000000002,413.0,0.9999,2.7914523361013964e-06
R100X000Y,CC(C)(c1ccc(OCC2CO2)cc1)c1ccc(OCC2CO2)cc1,OC(=O)CCCC(=O)O,OC(=O)c1cccc(C(=O)O)c1,1.0,0.0,Iso,139.85000000000002,413.0,0.9999,2.4730070567860072e-06
R100X000Y,CC(C)(c1ccc(OCC2CO2)cc1)c1ccc(OCC2CO2)cc1,OC(=O)CCCC(=O)O,OC(=O)c1cccc(C(=O)O)c1,1.0,0.0,Iso,139.85000000000002,413.0,0.9999,2.122851181402034e-06
R100X000Y,CC(C)(c1ccc(OCC2CO2)cc1)c1ccc(OCC2CO2)cc1,OC(=O)CCCC(=O)O,OC(=O)c1cccc(C(=O)O)c1,1.0,0.0,Iso,139.85000000000002,413.0,0.9999,1.7905200205410633e-06
R100X000Y,CC(C)(c1ccc(OCC2CO2)cc1)c1ccc(OCC2CO2)cc1,OC(=O)CCCC(=O)O,OC(=O)c1cccc(C(=O)O)c1,1.0,0.0,Iso,139.85000000000002,413.0,0.9999,1.6262385868773089e-06
R100X000Y,CC(C)(c1ccc(OCC2CO2)cc1)c1ccc(OCC2CO2)cc1,OC(=O)CCCC(=O)O,OC(=O)c1cccc(C(=O)O)c1,1.0,0.0,Iso,139.85000000000002,413.0,0.9999,1.4660990441227456e-06
R100X000Y,CC(C)(c1ccc(OCC2CO2)cc1)c1ccc(OCC2CO2)cc1,OC(=O)CCCC(=O)O,OC(=O)c1cccc(C(=O)O)c1,1.0,0.0,Iso,139.85000000000002,413.0,0.9999,1.2760071208495217e-06
R100X000Y,CC(C)(c1ccc(OCC2CO2)cc1)c1ccc(OCC2CO2)cc1,OC(=O)CCCC(=O)O,OC(=O)c1cccc(C(=O)O)c1,1.0,0.0,Iso,139.85000000000002,413.0,0.9999,1.1269813073292527e-06
R100X000Y,CC(C)(c1ccc(OCC2CO2)cc1)c1ccc(OCC2CO2)cc1,OC(=O)CCCC(=O)O,OC(=O)c1cccc(C(=O)O)c1,1.0,0.0,Iso,139.85000000000002,413.0,0.9999,9.98692369032604e-07
R100X000Y,CC(C)(c1ccc(OCC2CO2)cc1)c1ccc(OCC2CO2)cc1,OC(=O)CCCC(=O)O,OC(=O)c1cccc(C(=O)O)c1,1.0,0.0,Iso,139.85000000000002,413.0,0.9999,8.828371031895853e-07
R100X000Y,CC(C)(c1ccc(OCC2CO2)cc1)c1ccc(OCC2CO2)cc1,OC(=O)CCCC(=O)O,OC(=O)c1cccc(C(=O)O)c1,1.0,0.0,Iso,139.85000000000002,413.0,0.9999,7.538959224053229e-07
R100X000Y,CC(C)(c1ccc(OCC2CO2)cc1)c1ccc(OCC2CO2)cc1,OC(=O)CCCC(=O)O,OC(=O)c1cccc(C(=O)O)c1,1.0,0.0,Iso,139.85000000000002,413.0,0.9999,6.92420125960774e-07
R100X000Y,CC(C)(c1ccc(OCC2CO2)cc1)c1ccc(OCC2CO2)cc1,OC(=O)CCCC(=O)O,OC(=O)c1cccc(C(=O)O)c1,1.0,0.0,Iso,139.85000000000002,413.0,0.9999,6.331908621685135e-07
R100X000Y,CC(C)(c1ccc(OCC2CO2)cc1)c1ccc(OCC2CO2)cc1,OC(=O)CCCC(=O)O,OC(=O)c1cccc(C(=O)O)c1,1.0,0.0,Iso,139.85000000000002,413.0,0.9999,5.079048999250243e-07
R100X000Y,CC(C)(c1ccc(OCC2CO2)cc1)c1ccc(OCC2CO2)cc1,OC(=O)CCCC(=O)O,OC(=O)c1cccc(C(=O)O)c1,1.0,0.0,Iso,139.85000000000002,413.0,0.9999,5.145382202688146e-07
R100X000Y,CC(C)(c1ccc(OCC2CO2)cc1)c1ccc(OCC2CO2)cc1,OC(=O)CCCC(=O)O,OC(=O)c1cccc(C(=O)O)c1,1.0,0.0,Iso,139.85000000000002,413.0,0.9999,4.5723476134133044e-07
R100X000Y,CC(C)(c1ccc(OCC2CO2)cc1)c1ccc(OCC2CO2)cc1,OC(=O)CCCC(=O)O,OC(=O)c1cccc(C(=O)O)c1,1.0,0.0,Iso,139.85000000000002,413.0,0.9999,3.9473110261349084e-07
R100X000Y,CC(C)(c1ccc(OCC2CO2)cc1)c1ccc(OCC2CO2)cc1,OC(=O)CCCC(=O)O,OC(=O)c1cccc(C(=O)O)c1,1.0,0.0,Iso,139.85000000000002,413.0,0.9999,3.601565183337669e-07
R100X000Y,CC(C)(c1ccc(OCC2CO2)cc1)c1ccc(OCC2CO2)cc1,OC(=O)CCCC(=O)O,OC(=O)c1cccc(C(=O)O)c1,1.0,0.0,Iso,139.85000000000002,413.0,0.9999,3.311827710325854e-07
R100X000Y,CC(C)(c1ccc(OCC2CO2)cc1)c1ccc(OCC2CO2)cc1,OC(=O)CCCC(=O)O,OC(=O)c1cccc(C(=O)O)c1,1.0,0.0,Iso,139.85000000000002,413.0,0.9999,3.056386800497927e-07
R100X000Y,CC(C)(c1ccc(OCC2CO2)cc1)c1ccc(OCC2CO2)cc1,OC(=O)CCCC(=O)O,OC(=O)c1cccc(C(=O)O)c1,1.0,0.0,Iso,139.85000000000002,413.0,0.9999,2.708765858555115e-07
R100X000Y,CC(C)(c1ccc(OCC2CO2)cc1)c1ccc(OCC2CO2)cc1,OC(=O)CCCC(=O)O,OC(=O)c1cccc(C(=O)O)c1,1.0,0.0,Iso,139.85000000000002,413.0,0.9999,2.5769500156061025e-07
R100X000Y,CC(C)(c1ccc(OCC2CO2)cc1)c1ccc(OCC2CO2)cc1,OC(=O)CCCC(=O)O,OC(=O)c1cccc(C(=O)O)c1,1.0,0.0,Iso,139.85000000000002,413.0,0.9999,2.2943044910309926e-07
R100X000Y,CC(C)(c1ccc(OCC2CO2)cc1)c1ccc(OCC2CO2)cc1,OC(=O)CCCC(=O)O,OC(=O)c1cccc(C(=O)O)c1,1.0,0.0,Iso,159.85000000000002,433.0,0.001,0.23954028491724508
R100X000Y,CC(C)(c1ccc(OCC2CO2)cc1)c1ccc(OCC2CO2)cc1,OC(=O)CCCC(=O)O,OC(=O)c1cccc(C(=O)O)c1,1.0,0.0,Iso,159.85000000000002,433.0,0.7563271608811236,0.16749344582345352
R100X000Y,CC(C)(c1ccc(OCC2CO2)cc1)c1ccc(OCC2CO2)cc1,OC(=O)CCCC(=O)O,OC(=O)c1cccc(C(=O)O)c1,1.0,0.0,Iso,159.85000000000002,433.0,0.9321283958790731,0.0384721133121672
R100X000Y,CC(C)(c1ccc(OCC2CO2)cc1)c1ccc(OCC2CO2)cc1,OC(=O)CCCC(=O)O,OC(=O)c1cccc(C(=O)O)c1,1.0,0.0,Iso,159.85000000000002,433.0,0.9759202413975253,0.011363794343990308
R100X000Y,CC(C)(c1ccc(OCC2CO2)cc1)c1ccc(OCC2CO2)cc1,OC(=O)CCCC(=O)O,OC(=O)c1cccc(C(=O)O)c1,1.0,0.0,Iso,159.85000000000002,433.0,0.9898316801760914,0.004044385346722183
R100X000Y,CC(C)(c1ccc(OCC2CO2)cc1)c1ccc(OCC2CO2)cc1,OC(=O)CCCC(=O)O,OC(=O)c1cccc(C(=O)O)c1,1.0,0.0,Iso,159.85000000000002,433.0,0.9951305971929243,0.0016351010278447668
R100X000Y,CC(C)(c1ccc(OCC2CO2)cc1)c1ccc(OCC2CO2)cc1,OC(=O)CCCC(=O)O,OC(=O)c1cccc(C(=O)O)c1,1.0,0.0,Iso,159.85000000000002,433.0,0.997437780701384,0.0007626621739989211
R100X000Y,CC(C)(c1ccc(OCC2CO2)cc1)c1ccc(OCC2CO2)cc1,OC(=O)CCCC(=O)O,OC(=O)c1cccc(C(=O)O)c1,1.0,0.0,Iso,159.85000000000002,433.0,0.9985497267689863,0.0003833188976755603
R100X000Y,CC(C)(c1ccc(OCC2CO2)cc1)c1ccc(OCC2CO2)cc1,OC(=O)CCCC(=O)O,OC(=O)c1cccc(C(=O)O)c1,1.0,0.0,Iso,159.85000000000002,433.0,0.999129981316846,0.00021291899074906098
R100X000Y,CC(C)(c1ccc(OCC2CO2)cc1)c1ccc(OCC2CO2)cc1,OC(=O)CCCC(=O)O,OC(=O)c1cccc(C(=O)O)c1,1.0,0.0,Iso,159.85000000000002,433.0,0.9994527559797314,0.00011561274788530294
R100X000Y,CC(C)(c1ccc(OCC2CO2)cc1)c1ccc(OCC2CO2)cc1,OC(=O)CCCC(=O)O,OC(=O)c1cccc(C(=O)O)c1,1.0,0.0,Iso,159.85000000000002,433.0,0.9996419705945916,7.290211176114633e-05
R100X000Y,CC(C)(c1ccc(OCC2CO2)cc1)c1ccc(OCC2CO2)cc1,OC(=O)CCCC(=O)O,OC(=O)c1cccc(C(=O)O)c1,1.0,0.0,Iso,159.85000000000002,433.0,0.9997578584326751,4.22982675330865e-05
R100X000Y,CC(C)(c1ccc(OCC2CO2)cc1)c1ccc(OCC2CO2)cc1,OC(=O)CCCC(=O)O,OC(=O)c1cccc(C(=O)O)c1,1.0,0.0,Iso,159.85000000000002,433.0,0.9998315227290518,2.937466842135202e-05
R100X000Y,CC(C)(c1ccc(OCC2CO2)cc1)c1ccc(OCC2CO2)cc1,OC(=O)CCCC(=O)O,OC(=O)c1cccc(C(=O)O)c1,1.0,0.0,Iso,159.85000000000002,433.0,0.9998798657306892,1.9463847305356936e-05
R100X000Y,CC(C)(c1ccc(OCC2CO2)cc1)c1ccc(OCC2CO2)cc1,OC(=O)CCCC(=O)O,OC(=O)c1cccc(C(=O)O)c1,1.0,0.0,Iso,159.85000000000002,433.0,0.9999,1.3207824222533112e-05
R100X000Y,CC(C)(c1ccc(OCC2CO2)cc1)c1ccc(OCC2CO2)cc1,OC(=O)CCCC(=O)O,OC(=O)c1cccc(C(=O)O)c1,1.0,0.0,Iso,159.85000000000002,433.0,0.9999,8.64748941868668e-06
R100X000Y,CC(C)(c1ccc(OCC2CO2)cc1)c1ccc(OCC2CO2)cc1,OC(=O)CCCC(=O)O,OC(=O)c1cccc(C(=O)O)c1,1.0,0.0,Iso,159.85000000000002,433.0,0.9999,6.903168848593151e-06
R100X000Y,CC(C)(c1ccc(OCC2CO2)cc1)c1ccc(OCC2CO2)cc1,OC(=O)CCCC(=O)O,OC(=O)c1cccc(C(=O)O)c1,1.0,0.0,Iso,159.85000000000002,433.0,0.9999,4.919805615973487e-06
R100X000Y,CC(C)(c1ccc(OCC2CO2)cc1)c1ccc(OCC2CO2)cc1,OC(=O)CCCC(=O)O,OC(=O)c1cccc(C(=O)O)c1,1.0,0.0,Iso,159.85000000000002,433.0,0.9999,3.5402724702500514e-06
R100X000Y,CC(C)(c1ccc(OCC2CO2)cc1)c1ccc(OCC2CO2)cc1,OC(=O)CCCC(=O)O,OC(=O)c1cccc(C(=O)O)c1,1.0,0.0,Iso,159.85000000000002,433.0,0.9999,2.6871062755147018e-06
R100X000Y,CC(C)(c1ccc(OCC2CO2)cc1)c1ccc(OCC2CO2)cc1,OC(=O)CCCC(=O)O,OC(=O)c1cccc(C(=O)O)c1,1.0,0.0,Iso,159.85000000000002,433.0,0.9999,1.955837614165341e-06
R100X000Y,CC(C)(c1ccc(OCC2CO2)cc1)c1ccc(OCC2CO2)cc1,OC(=O)CCCC(=O)O,OC(=O)c1cccc(C(=O)O)c1,1.0,0.0,Iso,159.85000000000002,433.0,0.9999,1.5704313865686426e-06
R100X000Y,CC(C)(c1ccc(OCC2CO2)cc1)c1ccc(OCC2CO2)cc1,OC(=O)CCCC(=O)O,OC(=O)c1cccc(C(=O)O)c1,1.0,0.0,Iso,159.85000000000002,433.0,0.9999,1.2581021334140107e-06
R100X000Y,CC(C)(c1ccc(OCC2CO2)cc1)c1ccc(OCC2CO2)cc1,OC(=O)CCCC(=O)O,OC(=O)c1cccc(C(=O)O)c1,1.0,0.0,Iso,159.85000000000002,433.0,0.9999,9.101223630356493e-07
R100X000Y,CC(C)(c1ccc(OCC2CO2)cc1)c1ccc(OCC2CO2)cc1,OC(=O)CCCC(=O)O,OC(=O)c1cccc(C(=O)O)c1,1.0,0.0,Iso,159.85000000000002,433.0,0.9999,8.080117121136344e-07
R100X000Y,CC(C)(c1ccc(OCC2CO2)cc1)c1ccc(OCC2CO2)cc1,OC(=O)CCCC(=O)O,OC(=O)c1cccc(C(=O)O)c1,1.0,0.0,Iso,159.85000000000002,433.0,0.9999,5.897583570619431e-07
R100X000Y,CC(C)(c1ccc(OCC2CO2)cc1)c1ccc(OCC2CO2)cc1,OC(=O)CCCC(=O)O,OC(=O)c1cccc(C(=O)O)c1,1.0,0.0,Iso,159.85000000000002,433.0,0.9999,4.934908454538996e-07
R100X000Y,CC(C)(c1ccc(OCC2CO2)cc1)c1ccc(OCC2CO2)cc1,OC(=O)CCCC(=O)O,OC(=O)c1cccc(C(=O)O)c1,1.0,0.0,Iso,159.85000000000002,433.0,0.9999,3.8125499375342073e-07
R100X000Y,CC(C)(c1ccc(OCC2CO2)cc1)c1ccc(OCC2CO2)cc1,OC(=O)CCCC(=O)O,OC(=O)c1cccc(C(=O)O)c1,1.0,0.0,Iso,159.85000000000002,433.0,0.9999,3.233658923617331e-07
R100X000Y,CC(C)(c1ccc(OCC2CO2)cc1)c1ccc(OCC2CO2)cc1,OC(=O)CCCC(=O)O,OC(=O)c1cccc(C(=O)O)c1,1.0,0.0,Iso,159.85000000000002,433.0,0.9999,2.529753027502558e-07
R100X000Y,CC(C)(c1ccc(OCC2CO2)cc1)c1ccc(OCC2CO2)cc1,OC(=O)CCCC(=O)O,OC(=O)c1cccc(C(=O)O)c1,1.0,0.0,Iso,159.85000000000002,433.0,0.9999,2.134797382987821e-07
R100X000Y,CC(C)(c1ccc(OCC2CO2)cc1)c1ccc(OCC2CO2)cc1,OC(=O)CCCC(=O)O,OC(=O)c1cccc(C(=O)O)c1,1.0,0.0,Iso,159.85000000000002,433.0,0.9999,1.8012232031902154e-07
R100X000Y,CC(C)(c1ccc(OCC2CO2)cc1)c1ccc(OCC2CO2)cc1,OC(=O)CCCC(=O)O,OC(=O)c1cccc(C(=O)O)c1,1.0,0.0,Iso,159.85000000000002,433.0,0.9999,1.4886947647997303e-07
R100X000Y,CC(C)(c1ccc(OCC2CO2)cc1)c1ccc(OCC2CO2)cc1,OC(=O)CCCC(=O)O,OC(=O)c1cccc(C(=O)O)c1,1.0,0.0,Iso,159.85000000000002,433.0,0.9999,1.268746823313175e-07
R100X000Y,CC(C)(c1ccc(OCC2CO2)cc1)c1ccc(OCC2CO2)cc1,OC(=O)CCCC(=O)O,OC(=O)c1cccc(C(=O)O)c1,1.0,0.0,Iso,159.85000000000002,433.0,0.9999,1.1123834753785484e-07
R100X000Y,CC(C)(c1ccc(OCC2CO2)cc1)c1ccc(OCC2CO2)cc1,OC(=O)CCCC(=O)O,OC(=O)c1cccc(C(=O)O)c1,1.0,0.0,Iso,159.85000000000002,433.0,0.9999,8.829262845733602e-08
R100X000Y,CC(C)(c1ccc(OCC2CO2)cc1)c1ccc(OCC2CO2)cc1,OC(=O)CCCC(=O)O,OC(=O)c1cccc(C(=O)O)c1,1.0,0.0,Iso,159.85000000000002,433.0,0.9999,7.552110792477397e-08
R100X000Y,CC(C)(c1ccc(OCC2CO2)cc1)c1ccc(OCC2CO2)cc1,OC(=O)CCCC(=O)O,OC(=O)c1cccc(C(=O)O)c1,1.0,0.0,Iso,159.85000000000002,433.0,0.9999,6.719978705185353e-08
R100X000Y,CC(C)(c1ccc(OCC2CO2)cc1)c1ccc(OCC2CO2)cc1,OC(=O)CCCC(=O)O,OC(=O)c1cccc(C(=O)O)c1,1.0,0.0,Iso,159.85000000000002,433.0,0.9999,5.673503202348424e-08
R100X000Y,CC(C)(c1ccc(OCC2CO2)cc1)c1ccc(OCC2CO2)cc1,OC(=O)CCCC(=O)O,OC(=O)c1cccc(C(=O)O)c1,1.0,0.0,Iso,159.85000000000002,433.0,0.9999,4.83172007882915e-08
R100X000Y,CC(C)(c1ccc(OCC2CO2)cc1)c1ccc(OCC2CO2)cc1,OC(=O)CCCC(=O)O,OC(=O)c1cccc(C(=O)O)c1,1.0,0.0,Iso,159.85000000000002,433.0,0.9999,4.332529058471866e-08
R100X000Y,CC(C)(c1ccc(OCC2CO2)cc1)c1ccc(OCC2CO2)cc1,OC(=O)CCCC(=O)O,OC(=O)c1cccc(C(=O)O)c1,1.0,0.0,Iso,159.85000000000002,433.0,0.9999,3.687315199500854e-08
R100X000Y,CC(C)(c1ccc(OCC2CO2)cc1)c1ccc(OCC2CO2)cc1,OC(=O)CCCC(=O)O,OC(=O)c1cccc(C(=O)O)c1,1.0,0.0,Iso,159.85000000000002,433.0,0.9999,3.3035147541816835e-08
R100X000Y,CC(C)(c1ccc(OCC2CO2)cc1)c1ccc(OCC2CO2)cc1,OC(=O)CCCC(=O)O,OC(=O)c1cccc(C(=O)O)c1,1.0,0.0,Iso,159.85000000000002,433.0,0.9999,2.8570735448120137e-08
R100X000Y,CC(C)(c1ccc(OCC2CO2)cc1)c1ccc(OCC2CO2)cc1,OC(=O)CCCC(=O)O,OC(=O)c1cccc(C(=O)O)c1,1.0,0.0,Iso,159.85000000000002,433.0,0.9999,2.494031547598787e-08
R100X000Y,CC(C)(c1ccc(OCC2CO2)cc1)c1ccc(OCC2CO2)cc1,OC(=O)CCCC(=O)O,OC(=O)c1cccc(C(=O)O)c1,1.0,0.0,Iso,159.85000000000002,433.0,0.9999,2.2026704909579515e-08
R100X000Y,CC(C)(c1ccc(OCC2CO2)cc1)c1ccc(OCC2CO2)cc1,OC(=O)CCCC(=O)O,OC(=O)c1cccc(C(=O)O)c1,1.0,0.0,Iso,159.85000000000002,433.0,0.9999,2.0065227954643316e-08
R100X000Y,CC(C)(c1ccc(OCC2CO2)cc1)c1ccc(OCC2CO2)cc1,OC(=O)CCCC(=O)O,OC(=O)c1cccc(C(=O)O)c1,1.0,0.0,Iso,159.85000000000002,433.0,0.9999,1.789354862091681e-08
R100X000Y,CC(C)(c1ccc(OCC2CO2)cc1)c1ccc(OCC2CO2)cc1,OC(=O)CCCC(=O)O,OC(=O)c1cccc(C(=O)O)c1,1.0,0.0,Iso,159.85000000000002,433.0,0.9999,1.5187402022678015e-08
R100X000Y,CC(C)(c1ccc(OCC2CO2)cc1)c1ccc(OCC2CO2)cc1,OC(=O)CCCC(=O)O,OC(=O)c1cccc(C(=O)O)c1,1.0,0.0,Iso,159.85000000000002,433.0,0.9999,1.314108753116374e-08
R100X000Y,CC(C)(c1ccc(OCC2CO2)cc1)c1ccc(OCC2CO2)cc1,OC(=O)CCCC(=O)O,OC(=O)c1cccc(C(=O)O)c1,1.0,0.0,Iso,159.85000000000002,433.0,0.9999,1.1529131889101496e-08
R100X000Y,CC(C)(c1ccc(OCC2CO2)cc1)c1ccc(OCC2CO2)cc1,OC(=O)CCCC(=O)O,OC(=O)c1cccc(C(=O)O)c1,1.0,0.0,Iso,159.85000000000002,433.0,0.9999,1.0056890689900428e-08
R100X000Y,CC(C)(c1ccc(OCC2CO2)cc1)c1ccc(OCC2CO2)cc1,OC(=O)CCCC(=O)O,OC(=O)c1cccc(C(=O)O)c1,1.0,0.0,Iso,159.85000000000002,433.0,0.9999,9.30129228527381e-09
R100X000Y,CC(C)(c1ccc(OCC2CO2)cc1)c1ccc(OCC2CO2)cc1,OC(=O)CCCC(=O)O,OC(=O)c1cccc(C(=O)O)c1,1.0,0.0,Iso,159.85000000000002,433.0,0.9999,8.420393143856557e-09
R100X000Y,CC(C)(c1ccc(OCC2CO2)cc1)c1ccc(OCC2CO2)cc1,OC(=O)CCCC(=O)O,OC(=O)c1cccc(C(=O)O)c1,1.0,0.0,Iso,159.85000000000002,433.0,0.9999,7.747992016027918e-09
R100X000Y,CC(C)(c1ccc(OCC2CO2)cc1)c1ccc(OCC2CO2)cc1,OC(=O)CCCC(=O)O,OC(=O)c1cccc(C(=O)O)c1,1.0,0.0,Iso,159.85000000000002,433.0,0.9999,6.5882459521206055e-09
R100X000Y,CC(C)(c1ccc(OCC2CO2)cc1)c1ccc(OCC2CO2)cc1,OC(=O)CCCC(=O)O,OC(=O)c1cccc(C(=O)O)c1,1.0,0.0,Iso,159.85000000000002,433.0,0.9999,6.563526987690496e-09
R100X000Y,CC(C)(c1ccc(OCC2CO2)cc1)c1ccc(OCC2CO2)cc1,OC(=O)CCCC(=O)O,OC(=O)c1cccc(C(=O)O)c1,1.0,0.0,Iso,159.85000000000002,433.0,0.9999,5.864284749799103e-09
R100X000Y,CC(C)(c1ccc(OCC2CO2)cc1)c1ccc(OCC2CO2)cc1,OC(=O)CCCC(=O)O,OC(=O)c1cccc(C(=O)O)c1,1.0,0.0,Iso,159.85000000000002,433.0,0.9999,5.332361630538768e-09
R100X000Y,CC(C)(c1ccc(OCC2CO2)cc1)c1ccc(OCC2CO2)cc1,OC(=O)CCCC(=O)O,OC(=O)c1cccc(C(=O)O)c1,1.0,0.0,Iso,159.85000000000002,433.0,0.9999,4.585559287655111e-09
