Sample_ID,Ratio_X1,Ratio_Y1,SMILES_E1,SMILES_X1,SMILES_Y1,Condition_Type,Condition_Val,Time_min,Temp_K,Alpha,Rate_1_min
E1_X70_Y30,0.7,0.3,C1C(O1)CN(CC2CO2)C3=CC=C(C=C3)OCC4CO4,C1=CC(=CC(=C1)S(=O)(=O)C2=CC=CC(=C2)N)N,C1=CC(=CC=C1N)S(=O)(=O)C2=CC=C(C=C2)N,Dyn,1.0,4.388471300906005,380.571824101351,0.0285872958309528,0.00224409942362736
E1_X70_Y30,0.7,0.3,C1C(O1)CN(CC2CO2)C3=CC=C(C=C3)OCC4CO4,C1=CC(=CC(=C1)S(=O)(=O)C2=CC=CC(=C2)N)N,C1=CC(=CC=C1N)S(=O)(=O)C2=CC=C(C=C2)N,Iso,160.0,24.70132141462941,433.241648705461,0.696006337979202,0.0122637351341127
E1_X20_Y80,0.2,0.8,C1C(O1)CN(CC2CO2)C3=CC=C(C=C3)OCC4CO4,C1=CC(=CC(=C1)S(=O)(=O)C2=CC=CC(=C2)N)N,C1=CC(=CC=C1N)S(=O)(=O)C2=CC=C(C=C2)N,Iso,160.0,24.411339900526606,433.25048147121197,0.607629016141898,0.0165515794602492
E1_X20_Y80,0.2,0.8,C1C(O1)CN(CC2CO2)C3=CC=C(C=C3)OCC4CO4,C1=CC(=CC(=C1)S(=O)(=O)C2=CC=CC(=C2)N)N,C1=CC(=CC=C1N)S(=O)(=O)C2=CC=C(C=C2)N,Iso,160.0,15.257087437829112,433.26073060247796,0.411970447672459,0.0262598948506185
E1_X70_Y30,0.7,0.3,C1C(O1)CN(CC2CO2)C3=CC=C(C=C3)OCC4CO4,C1=CC(=CC(=C1)S(=O)(=O)C2=CC=CC(=C2)N)N,C1=CC(=CC=C1N)S(=O)(=O)C2=CC=C(C=C2)N,Iso,160.0,13.473448044343307,433.25685009504997,0.47764765572334,0.0285583839361027
E1_X70_Y30,0.7,0.3,C1C(O1)CN(CC2CO2)C3=CC=C(C=C3)OCC4CO4,C1=CC(=CC(=C1)S(=O)(=O)C2=CC=CC(=C2)N)N,C1=CC(=CC=C1N)S(=O)(=O)C2=CC=C(C=C2)N,Iso,180.0,12.618289685123681,453.236598305236,0.754304200950029,0.0215633240757075
E1_X100_Y0,1.0,0.0,C1C(O1)CN(CC2CO2)C3=CC=C(C=C3)OCC4CO4,C1=CC(=CC(=C1)S(=O)(=O)C2=CC=CC(=C2)N)N,C1=CC(=CC=C1N)S(=O)(=O)C2=CC=C(C=C2)N,Iso,180.0,15.175275419323059,453.253725756609,0.86263025574808,0.0122450861099029
E1_X0_Y100,0.0,1.0,C1C(O1)CN(CC2CO2)C3=CC=C(C=C3)OCC4CO4,C1=CC(=CC(=C1)S(=O)(=O)C2=CC=CC(=C2)N)N,C1=CC(=CC=C1N)S(=O)(=O)C2=CC=C(C=C2)N,Iso,180.0,23.705084445052897,453.24725277527097,0.842075679098247,0.008035807288487
E1_X70_Y30,0.7,0.3,C1C(O1)CN(CC2CO2)C3=CC=C(C=C3)OCC4CO4,C1=CC(=CC(=C1)S(=O)(=O)C2=CC=CC(=C2)N)N,C1=CC(=CC=C1N)S(=O)(=O)C2=CC=C(C=C2)N,Iso,180.0,27.760237307271684,453.218000041395,0.875972618730438,0.00160230882606184
E1_X100_Y0,1.0,0.0,C1C(O1)CN(CC2CO2)C3=CC=C(C=C3)OCC4CO4,C1=CC(=CC(=C1)S(=O)(=O)C2=CC=CC(=C2)N)N,C1=CC(=CC=C1N)S(=O)(=O)C2=CC=C(C=C2)N,Iso,160.0,44.612143780560615,433.25409161479797,0.834807677508883,0.000633981676270668
E1_X20_Y80,0.2,0.8,C1C(O1)CN(CC2CO2)C3=CC=C(C=C3)OCC4CO4,C1=CC(=CC(=C1)S(=O)(=O)C2=CC=CC(=C2)N)N,C1=CC(=CC=C1N)S(=O)(=O)C2=CC=C(C=C2)N,Iso,180.0,40.83771710848322,453.214169901431,0.884247816678692,0.000191737808685587
E1_X0_Y100,0.0,1.0,C1C(O1)CN(CC2CO2)C3=CC=C(C=C3)OCC4CO4,C1=CC(=CC(=C1)S(=O)(=O)C2=CC=CC(=C2)N)N,C1=CC(=CC=C1N)S(=O)(=O)C2=CC=C(C=C2)N,Iso,160.0,10.074640000000011,433.280073935456,0.214921217888009,0.0239545495625845
E1_X0_Y100,0.0,1.0,C1C(O1)CN(CC2CO2)C3=CC=C(C=C3)OCC4CO4,C1=CC(=CC(=C1)S(=O)(=O)C2=CC=CC(=C2)N)N,C1=CC(=CC=C1N)S(=O)(=O)C2=CC=C(C=C2)N,Iso,160.0,70.52248000000131,433.252712404117,0.831160634359296,0.00100436614791671
E1_X0_Y100,0.0,1.0,C1C(O1)CN(CC2CO2)C3=CC=C(C=C3)OCC4CO4,C1=CC(=CC(=C1)S(=O)(=O)C2=CC=CC(=C2)N)N,C1=CC(=CC=C1N)S(=O)(=O)C2=CC=C(C=C2)N,Iso,180.0,53.1142048346965,453.24098494983696,0.891990774299201,0.0
E1_X90_Y10,0.9,0.1,C1C(O1)CN(CC2CO2)C3=CC=C(C=C3)OCC4CO4,C1=CC(=CC(=C1)S(=O)(=O)C2=CC=CC(=C2)N)N,C1=CC(=CC=C1N)S(=O)(=O)C2=CC=C(C=C2)N,Dyn,1.0,83.89770721394899,467.752100076172,0.940581351856939,0.00214539939413343
E1_X0_Y100,0.0,1.0,C1C(O1)CN(CC2CO2)C3=CC=C(C=C3)OCC4CO4,C1=CC(=CC(=C1)S(=O)(=O)C2=CC=CC(=C2)N)N,C1=CC(=CC=C1N)S(=O)(=O)C2=CC=C(C=C2)N,Iso,180.0,22.2235166672371,453.250173392136,0.828766899976548,0.0100683019872105
E1_X0_Y100,0.0,1.0,C1C(O1)CN(CC2CO2)C3=CC=C(C=C3)OCC4CO4,C1=CC(=CC(=C1)S(=O)(=O)C2=CC=CC(=C2)N)N,C1=CC(=CC=C1N)S(=O)(=O)C2=CC=C(C=C2)N,Dyn,1.0,9.103663992153997,409.812096164134,0.0505981888941098,0.00472183635353822
E1_X50_Y50,0.5,0.5,C1C(O1)CN(CC2CO2)C3=CC=C(C=C3)OCC4CO4,C1=CC(=CC(=C1)S(=O)(=O)C2=CC=CC(=C2)N)N,C1=CC(=CC=C1N)S(=O)(=O)C2=CC=C(C=C2)N,Dyn,1.0,50.55799240156799,434.48923191431896,0.665331921394348,0.0213923659812255
E1_X50_Y50,0.5,0.5,C1C(O1)CN(CC2CO2)C3=CC=C(C=C3)OCC4CO4,C1=CC(=CC(=C1)S(=O)(=O)C2=CC=CC(=C2)N)N,C1=CC(=CC=C1N)S(=O)(=O)C2=CC=C(C=C2)N,Iso,160.0,22.16179526715814,433.271021250382,0.667698941581733,0.0170403230485541
E1_X40_Y60,0.4,0.6,C1C(O1)CN(CC2CO2)C3=CC=C(C=C3)OCC4CO4,C1=CC(=CC(=C1)S(=O)(=O)C2=CC=CC(=C2)N)N,C1=CC(=CC=C1N)S(=O)(=O)C2=CC=C(C=C2)N,Dyn,1.0,84.97813445993702,469.45470260075695,0.915785159838241,0.00192950780835398
E1_X100_Y0,1.0,0.0,C1C(O1)CN(CC2CO2)C3=CC=C(C=C3)OCC4CO4,C1=CC(=CC(=C1)S(=O)(=O)C2=CC=CC(=C2)N)N,C1=CC(=CC=C1N)S(=O)(=O)C2=CC=C(C=C2)N,Iso,160.0,23.075246783048513,433.266495792205,0.738557564058795,0.0117354955671724
E1_X100_Y0,1.0,0.0,C1C(O1)CN(CC2CO2)C3=CC=C(C=C3)OCC4CO4,C1=CC(=CC(=C1)S(=O)(=O)C2=CC=CC(=C2)N)N,C1=CC(=CC=C1N)S(=O)(=O)C2=CC=C(C=C2)N,Iso,160.0,50.76554292270701,433.254219320573,0.837181742225953,0.000130288775690378
E1_X0_Y100,0.0,1.0,C1C(O1)CN(CC2CO2)C3=CC=C(C=C3)OCC4CO4,C1=CC(=CC(=C1)S(=O)(=O)C2=CC=CC(=C2)N)N,C1=CC(=CC=C1N)S(=O)(=O)C2=CC=C(C=C2)N,Iso,160.0,55.410520000000815,433.255978101629,0.804922424312236,0.00302282915673158
E1_X90_Y10,0.9,0.1,C1C(O1)CN(CC2CO2)C3=CC=C(C=C3)OCC4CO4,C1=CC(=CC(=C1)S(=O)(=O)C2=CC=CC(=C2)N)N,C1=CC(=CC=C1N)S(=O)(=O)C2=CC=C(C=C2)N,Iso,180.0,38.14669837747884,453.21600002284,0.891766070394032,0.000541272474931521
E1_X50_Y50,0.5,0.5,C1C(O1)CN(CC2CO2)C3=CC=C(C=C3)OCC4CO4,C1=CC(=CC(=C1)S(=O)(=O)C2=CC=CC(=C2)N)N,C1=CC(=CC=C1N)S(=O)(=O)C2=CC=C(C=C2)N,Iso,180.0,22.609248351409917,453.244370741048,0.880227650181396,0.00252662775329136
E1_X100_Y0,1.0,0.0,C1C(O1)CN(CC2CO2)C3=CC=C(C=C3)OCC4CO4,C1=CC(=CC(=C1)S(=O)(=O)C2=CC=CC(=C2)N)N,C1=CC(=CC=C1N)S(=O)(=O)C2=CC=C(C=C2)N,Dyn,1.0,92.955839976803,465.552908524648,0.953224607341421,0.00168436838320032
E1_X20_Y80,0.2,0.8,C1C(O1)CN(CC2CO2)C3=CC=C(C=C3)OCC4CO4,C1=CC(=CC(=C1)S(=O)(=O)C2=CC=CC(=C2)N)N,C1=CC(=CC=C1N)S(=O)(=O)C2=CC=C(C=C2)N,Iso,180.0,29.16979793463082,453.21527235655196,0.876360508863158,0.00152771006142325
E1_X90_Y10,0.9,0.1,C1C(O1)CN(CC2CO2)C3=CC=C(C=C3)OCC4CO4,C1=CC(=CC(=C1)S(=O)(=O)C2=CC=CC(=C2)N)N,C1=CC(=CC=C1N)S(=O)(=O)C2=CC=C(C=C2)N,Iso,160.0,31.33319894403723,433.238999981044,0.766084460782732,0.00609935332957132
E1_X90_Y10,0.9,0.1,C1C(O1)CN(CC2CO2)C3=CC=C(C=C3)OCC4CO4,C1=CC(=CC(=C1)S(=O)(=O)C2=CC=CC(=C2)N)N,C1=CC(=CC=C1N)S(=O)(=O)C2=CC=C(C=C2)N,Iso,180.0,36.73385769683144,453.21612105211295,0.890982693271378,0.000577135410630816
E1_X20_Y80,0.2,0.8,C1C(O1)CN(CC2CO2)C3=CC=C(C=C3)OCC4CO4,C1=CC(=CC(=C1)S(=O)(=O)C2=CC=CC(=C2)N)N,C1=CC(=CC=C1N)S(=O)(=O)C2=CC=C(C=C2)N,Iso,180.0,27.71130803789932,453.21642173586395,0.873831392621976,0.00197762393047847
E1_X40_Y60,0.4,0.6,C1C(O1)CN(CC2CO2)C3=CC=C(C=C3)OCC4CO4,C1=CC(=CC(=C1)S(=O)(=O)C2=CC=CC(=C2)N)N,C1=CC(=CC=C1N)S(=O)(=O)C2=CC=C(C=C2)N,Iso,180.0,13.441049457367331,453.23590879773496,0.745634126322497,0.0228182928877234
E1_X20_Y80,0.2,0.8,C1C(O1)CN(CC2CO2)C3=CC=C(C=C3)OCC4CO4,C1=CC(=CC(=C1)S(=O)(=O)C2=CC=CC(=C2)N)N,C1=CC(=CC=C1N)S(=O)(=O)C2=CC=C(C=C2)N,Iso,180.0,35.00375752155702,453.21559434094695,0.882133122902294,0.000585157743017101
E1_X20_Y80,0.2,0.8,C1C(O1)CN(CC2CO2)C3=CC=C(C=C3)OCC4CO4,C1=CC(=CC(=C1)S(=O)(=O)C2=CC=CC(=C2)N)N,C1=CC(=CC=C1N)S(=O)(=O)C2=CC=C(C=C2)N,Dyn,1.0,18.643548697335007,407.35783509900097,0.0898124706735018,0.00663834012237654
E1_X90_Y10,0.9,0.1,C1C(O1)CN(CC2CO2)C3=CC=C(C=C3)OCC4CO4,C1=CC(=CC(=C1)S(=O)(=O)C2=CC=CC(=C2)N)N,C1=CC(=CC=C1N)S(=O)(=O)C2=CC=C(C=C2)N,Dyn,1.0,71.912320469099,455.77772703694995,0.906973873255923,0.0039893940456687
E1_X100_Y0,1.0,0.0,C1C(O1)CN(CC2CO2)C3=CC=C(C=C3)OCC4CO4,C1=CC(=CC(=C1)S(=O)(=O)C2=CC=CC(=C2)N)N,C1=CC(=CC=C1N)S(=O)(=O)C2=CC=C(C=C2)N,Iso,160.0,24.61359656858511,433.26467520924996,0.755321931056568,0.0101407731329574
E1_X70_Y30,0.7,0.3,C1C(O1)CN(CC2CO2)C3=CC=C(C=C3)OCC4CO4,C1=CC(=CC(=C1)S(=O)(=O)C2=CC=CC(=C2)N)N,C1=CC(=CC=C1N)S(=O)(=O)C2=CC=C(C=C2)N,Iso,160.0,29.192470762743607,433.238000052224,0.742048760236467,0.00853356558456786
E1_X40_Y60,0.4,0.6,C1C(O1)CN(CC2CO2)C3=CC=C(C=C3)OCC4CO4,C1=CC(=CC(=C1)S(=O)(=O)C2=CC=CC(=C2)N)N,C1=CC(=CC=C1N)S(=O)(=O)C2=CC=C(C=C2)N,Iso,180.0,14.93449939707483,453.231932849028,0.776315389529436,0.0185746464144932
E1_X90_Y10,0.9,0.1,C1C(O1)CN(CC2CO2)C3=CC=C(C=C3)OCC4CO4,C1=CC(=CC(=C1)S(=O)(=O)C2=CC=CC(=C2)N)N,C1=CC(=CC=C1N)S(=O)(=O)C2=CC=C(C=C2)N,Iso,180.0,25.431132251652038,453.21733683356,0.877830062515973,0.00218713416580746
E1_X20_Y80,0.2,0.8,C1C(O1)CN(CC2CO2)C3=CC=C(C=C3)OCC4CO4,C1=CC(=CC(=C1)S(=O)(=O)C2=CC=CC(=C2)N)N,C1=CC(=CC=C1N)S(=O)(=O)C2=CC=C(C=C2)N,Dyn,1.0,4.660887174334022,393.37787291022,0.0300347194606717,0.00259605488132013
E1_X90_Y10,0.9,0.1,C1C(O1)CN(CC2CO2)C3=CC=C(C=C3)OCC4CO4,C1=CC(=CC(=C1)S(=O)(=O)C2=CC=CC(=C2)N)N,C1=CC(=CC=C1N)S(=O)(=O)C2=CC=C(C=C2)N,Iso,180.0,7.064203403236839,453.26582562262297,0.594762931155301,0.0487446966436024
E1_X50_Y50,0.5,0.5,C1C(O1)CN(CC2CO2)C3=CC=C(C=C3)OCC4CO4,C1=CC(=CC(=C1)S(=O)(=O)C2=CC=CC(=C2)N)N,C1=CC(=CC=C1N)S(=O)(=O)C2=CC=C(C=C2)N,Dyn,1.0,105.32915083660001,489.20970433537195,0.968263805787891,0.00188056236335348
E1_X0_Y100,0.0,1.0,C1C(O1)CN(CC2CO2)C3=CC=C(C=C3)OCC4CO4,C1=CC(=CC(=C1)S(=O)(=O)C2=CC=CC(=C2)N)N,C1=CC(=CC=C1N)S(=O)(=O)C2=CC=C(C=C2)N,Iso,160.0,30.223920000000206,433.266865911668,0.625009249567891,0.0132394149617169
E1_X0_Y100,0.0,1.0,C1C(O1)CN(CC2CO2)C3=CC=C(C=C3)OCC4CO4,C1=CC(=CC(=C1)S(=O)(=O)C2=CC=CC(=C2)N)N,C1=CC(=CC=C1N)S(=O)(=O)C2=CC=C(C=C2)N,Iso,180.0,37.0391944453951,453.24131266824395,0.88452186842718,0.00101774819470235
E1_X90_Y10,0.9,0.1,C1C(O1)CN(CC2CO2)C3=CC=C(C=C3)OCC4CO4,C1=CC(=CC(=C1)S(=O)(=O)C2=CC=CC(=C2)N)N,C1=CC(=CC=C1N)S(=O)(=O)C2=CC=C(C=C2)N,Iso,180.0,19.77976952906274,453.220704584023,0.856927493407537,0.00612191190777392
E1_X40_Y60,0.4,0.6,C1C(O1)CN(CC2CO2)C3=CC=C(C=C3)OCC4CO4,C1=CC(=CC(=C1)S(=O)(=O)C2=CC=CC(=C2)N)N,C1=CC(=CC=C1N)S(=O)(=O)C2=CC=C(C=C2)N,Iso,160.0,51.17792067410887,433.22471823922,0.818188062860468,0.000924981109892716
E1_X20_Y80,0.2,0.8,C1C(O1)CN(CC2CO2)C3=CC=C(C=C3)OCC4CO4,C1=CC(=CC(=C1)S(=O)(=O)C2=CC=CC(=C2)N)N,C1=CC(=CC=C1N)S(=O)(=O)C2=CC=C(C=C2)N,Iso,160.0,3.0514174875658107,433.25719296461,0.0821516833781073,0.0225289267344646
E1_X20_Y80,0.2,0.8,C1C(O1)CN(CC2CO2)C3=CC=C(C=C3)OCC4CO4,C1=CC(=CC(=C1)S(=O)(=O)C2=CC=CC(=C2)N)N,C1=CC(=CC=C1N)S(=O)(=O)C2=CC=C(C=C2)N,Iso,180.0,33.54526762482552,453.21507141474194,0.881158042470172,0.000747275688172867
E1_X70_Y30,0.7,0.3,C1C(O1)CN(CC2CO2)C3=CC=C(C=C3)OCC4CO4,C1=CC(=CC(=C1)S(=O)(=O)C2=CC=CC(=C2)N)N,C1=CC(=CC=C1N)S(=O)(=O)C2=CC=C(C=C2)N,Iso,180.0,10.09463174809898,453.24623545617294,0.688612556339373,0.0313268552184791
E1_X0_Y100,0.0,1.0,C1C(O1)CN(CC2CO2)C3=CC=C(C=C3)OCC4CO4,C1=CC(=CC(=C1)S(=O)(=O)C2=CC=CC(=C2)N)N,C1=CC(=CC=C1N)S(=O)(=O)C2=CC=C(C=C2)N,Iso,180.0,25.1866522228687,453.24623122771,0.852507965619926,0.00621147627702194
E1_X40_Y60,0.4,0.6,C1C(O1)CN(CC2CO2)C3=CC=C(C=C3)OCC4CO4,C1=CC(=CC(=C1)S(=O)(=O)C2=CC=CC(=C2)N)N,C1=CC(=CC=C1N)S(=O)(=O)C2=CC=C(C=C2)N,Iso,180.0,28.37554885444233,453.21533688932396,0.871984922073895,0.00171641247861956
E1_X90_Y10,0.9,0.1,C1C(O1)CN(CC2CO2)C3=CC=C(C=C3)OCC4CO4,C1=CC(=CC(=C1)S(=O)(=O)C2=CC=CC(=C2)N)N,C1=CC(=CC=C1N)S(=O)(=O)C2=CC=C(C=C2)N,Dyn,1.0,79.902578298999,463.761309601647,0.931472253364488,0.00246891815875108
E1_X40_Y60,0.4,0.6,C1C(O1)CN(CC2CO2)C3=CC=C(C=C3)OCC4CO4,C1=CC(=CC(=C1)S(=O)(=O)C2=CC=CC(=C2)N)N,C1=CC(=CC=C1N)S(=O)(=O)C2=CC=C(C=C2)N,Dyn,1.0,62.615467496796015,447.115919235905,0.810083607143256,0.0112219566141409
E1_X0_Y100,0.0,1.0,C1C(O1)CN(CC2CO2)C3=CC=C(C=C3)OCC4CO4,C1=CC(=CC(=C1)S(=O)(=O)C2=CC=CC(=C2)N)N,C1=CC(=CC=C1N)S(=O)(=O)C2=CC=C(C=C2)N,Dyn,1.0,45.518319960772004,446.225991624509,0.644527876655791,0.0208139978840195
E1_X20_Y80,0.2,0.8,C1C(O1)CN(CC2CO2)C3=CC=C(C=C3)OCC4CO4,C1=CC(=CC(=C1)S(=O)(=O)C2=CC=CC(=C2)N)N,C1=CC(=CC=C1N)S(=O)(=O)C2=CC=C(C=C2)N,Iso,180.0,32.08677772809392,453.21569984481,0.879919596097357,0.000972771264457271
E1_X90_Y10,0.9,0.1,C1C(O1)CN(CC2CO2)C3=CC=C(C=C3)OCC4CO4,C1=CC(=CC(=C1)S(=O)(=O)C2=CC=CC(=C2)N)N,C1=CC(=CC=C1N)S(=O)(=O)C2=CC=C(C=C2)N,Iso,180.0,8.47704408388414,453.25434462153,0.655726776493418,0.0383350449030465
E1_X40_Y60,0.4,0.6,C1C(O1)CN(CC2CO2)C3=CC=C(C=C3)OCC4CO4,C1=CC(=CC(=C1)S(=O)(=O)C2=CC=CC(=C2)N)N,C1=CC(=CC=C1N)S(=O)(=O)C2=CC=C(C=C2)N,Iso,160.0,35.60203177329317,433.229378554783,0.77605892067436,0.0061993613084021
E1_X100_Y0,1.0,0.0,C1C(O1)CN(CC2CO2)C3=CC=C(C=C3)OCC4CO4,C1=CC(=CC(=C1)S(=O)(=O)C2=CC=CC(=C2)N)N,C1=CC(=CC=C1N)S(=O)(=O)C2=CC=C(C=C2)N,Iso,160.0,29.22864592519481,433.259763429582,0.79317709388062,0.00653259545037122
E1_X50_Y50,0.5,0.5,C1C(O1)CN(CC2CO2)C3=CC=C(C=C3)OCC4CO4,C1=CC(=CC(=C1)S(=O)(=O)C2=CC=CC(=C2)N)N,C1=CC(=CC=C1N)S(=O)(=O)C2=CC=C(C=C2)N,Iso,180.0,19.52616903076312,453.246914093694,0.868869527756656,0.00533435545856215
E1_X20_Y80,0.2,0.8,C1C(O1)CN(CC2CO2)C3=CC=C(C=C3)OCC4CO4,C1=CC(=CC(=C1)S(=O)(=O)C2=CC=CC(=C2)N)N,C1=CC(=CC=C1N)S(=O)(=O)C2=CC=C(C=C2)N,Iso,160.0,9.154252462697512,433.26326313896897,0.241039577542929,0.0284251884905742
E1_X0_Y100,0.0,1.0,C1C(O1)CN(CC2CO2)C3=CC=C(C=C3)OCC4CO4,C1=CC(=CC(=C1)S(=O)(=O)C2=CC=CC(=C2)N)N,C1=CC(=CC=C1N)S(=O)(=O)C2=CC=C(C=C2)N,Iso,160.0,7.555980000000011,433.277967366728,0.156444127535794,0.0222794530736802
E1_X90_Y10,0.9,0.1,C1C(O1)CN(CC2CO2)C3=CC=C(C=C3)OCC4CO4,C1=CC(=CC(=C1)S(=O)(=O)C2=CC=CC(=C2)N)N,C1=CC(=CC=C1N)S(=O)(=O)C2=CC=C(C=C2)N,Iso,160.0,33.57128458289693,433.237471473867,0.778065432666318,0.00468075207914653
E1_X70_Y30,0.7,0.3,C1C(O1)CN(CC2CO2)C3=CC=C(C=C3)OCC4CO4,C1=CC(=CC(=C1)S(=O)(=O)C2=CC=CC(=C2)N)N,C1=CC(=CC=C1N)S(=O)(=O)C2=CC=C(C=C2)N,Iso,160.0,17.96459739245771,433.25001572241797,0.587409725476013,0.0207115812791284
E1_X20_Y80,0.2,0.8,C1C(O1)CN(CC2CO2)C3=CC=C(C=C3)OCC4CO4,C1=CC(=CC(=C1)S(=O)(=O)C2=CC=CC(=C2)N)N,C1=CC(=CC=C1N)S(=O)(=O)C2=CC=C(C=C2)N,Dyn,1.0,55.93064609200502,444.63230857002,0.738019791572429,0.0166771002901284
E1_X70_Y30,0.7,0.3,C1C(O1)CN(CC2CO2)C3=CC=C(C=C3)OCC4CO4,C1=CC(=CC(=C1)S(=O)(=O)C2=CC=CC(=C2)N)N,C1=CC(=CC=C1N)S(=O)(=O)C2=CC=C(C=C2)N,Iso,180.0,5.04731587404948,453.28202098637996,0.451019764079715,0.0670710584830637
E1_X90_Y10,0.9,0.1,C1C(O1)CN(CC2CO2)C3=CC=C(C=C3)OCC4CO4,C1=CC(=CC(=C1)S(=O)(=O)C2=CC=CC(=C2)N)N,C1=CC(=CC=C1N)S(=O)(=O)C2=CC=C(C=C2)N,Iso,160.0,53.71405533263453,433.232767487505,0.812802061713617,0.000505019281289498
E1_X40_Y60,0.4,0.6,C1C(O1)CN(CC2CO2)C3=CC=C(C=C3)OCC4CO4,C1=CC(=CC(=C1)S(=O)(=O)C2=CC=CC(=C2)N)N,C1=CC(=CC=C1N)S(=O)(=O)C2=CC=C(C=C2)N,Iso,160.0,11.125634929154268,433.253315163333,0.347770878883574,0.0319205670555987
E1_X0_Y100,0.0,1.0,C1C(O1)CN(CC2CO2)C3=CC=C(C=C3)OCC4CO4,C1=CC(=CC(=C1)S(=O)(=O)C2=CC=CC(=C2)N)N,C1=CC(=CC=C1N)S(=O)(=O)C2=CC=C(C=C2)N,Iso,160.0,73.0411400000013,433.253999863078,0.833396069483493,0.000780107425058898
E1_X20_Y80,0.2,0.8,C1C(O1)CN(CC2CO2)C3=CC=C(C=C3)OCC4CO4,C1=CC(=CC(=C1)S(=O)(=O)C2=CC=CC(=C2)N)N,C1=CC(=CC=C1N)S(=O)(=O)C2=CC=C(C=C2)N,Dyn,1.0,74.57419478934102,463.24921458185395,0.896547638651164,0.00250902401534724
E1_X70_Y30,0.7,0.3,C1C(O1)CN(CC2CO2)C3=CC=C(C=C3)OCC4CO4,C1=CC(=CC(=C1)S(=O)(=O)C2=CC=CC(=C2)N)N,C1=CC(=CC=C1N)S(=O)(=O)C2=CC=C(C=C2)N,Iso,180.0,37.85486905537028,453.21741008171693,0.884727739478425,0.000387799714769238
E1_X20_Y80,0.2,0.8,C1C(O1)CN(CC2CO2)C3=CC=C(C=C3)OCC4CO4,C1=CC(=CC(=C1)S(=O)(=O)C2=CC=CC(=C2)N)N,C1=CC(=CC=C1N)S(=O)(=O)C2=CC=C(C=C2)N,Iso,160.0,85.43968965184261,433.23288381820197,0.823402470099914,0.0002364673204737
E1_X40_Y60,0.4,0.6,C1C(O1)CN(CC2CO2)C3=CC=C(C=C3)OCC4CO4,C1=CC(=CC(=C1)S(=O)(=O)C2=CC=CC(=C2)N)N,C1=CC(=CC=C1N)S(=O)(=O)C2=CC=C(C=C2)N,Dyn,1.0,22.36266696314101,406.88653499136194,0.121375259931165,0.00878425227983888
E1_X0_Y100,0.0,1.0,C1C(O1)CN(CC2CO2)C3=CC=C(C=C3)OCC4CO4,C1=CC(=CC(=C1)S(=O)(=O)C2=CC=CC(=C2)N)N,C1=CC(=CC=C1N)S(=O)(=O)C2=CC=C(C=C2)N,Dyn,1.0,109.24396790585303,509.90223081030297,0.976569646399206,0.00146607649487313
E1_X0_Y100,0.0,1.0,C1C(O1)CN(CC2CO2)C3=CC=C(C=C3)OCC4CO4,C1=CC(=CC(=C1)S(=O)(=O)C2=CC=CC(=C2)N)N,C1=CC(=CC=C1N)S(=O)(=O)C2=CC=C(C=C2)N,Iso,180.0,31.1129233341319,453.242528066638,0.875307110073537,0.00229612711804149
E1_X100_Y0,1.0,0.0,C1C(O1)CN(CC2CO2)C3=CC=C(C=C3)OCC4CO4,C1=CC(=CC(=C1)S(=O)(=O)C2=CC=CC(=C2)N)N,C1=CC(=CC=C1N)S(=O)(=O)C2=CC=C(C=C2)N,Iso,180.0,9.755534198136159,453.27046505618,0.760061374574056,0.0284106292611479
E1_X90_Y10,0.9,0.1,C1C(O1)CN(CC2CO2)C3=CC=C(C=C3)OCC4CO4,C1=CC(=CC(=C1)S(=O)(=O)C2=CC=CC(=C2)N)N,C1=CC(=CC=C1N)S(=O)(=O)C2=CC=C(C=C2)N,Dyn,1.0,27.965902404649995,411.87305531052596,0.209065072537652,0.0152936579094817
E1_X20_Y80,0.2,0.8,C1C(O1)CN(CC2CO2)C3=CC=C(C=C3)OCC4CO4,C1=CC(=CC(=C1)S(=O)(=O)C2=CC=CC(=C2)N)N,C1=CC(=CC=C1N)S(=O)(=O)C2=CC=C(C=C2)N,Iso,160.0,39.66842733835611,433.239000037449,0.767519817273285,0.00557206066983016
E1_X90_Y10,0.9,0.1,C1C(O1)CN(CC2CO2)C3=CC=C(C=C3)OCC4CO4,C1=CC(=CC(=C1)S(=O)(=O)C2=CC=CC(=C2)N)N,C1=CC(=CC=C1N)S(=O)(=O)C2=CC=C(C=C2)N,Iso,160.0,62.66639788807413,433.232685959862,0.815877628936226,0.000243216979648631
E1_X0_Y100,0.0,1.0,C1C(O1)CN(CC2CO2)C3=CC=C(C=C3)OCC4CO4,C1=CC(=CC(=C1)S(=O)(=O)C2=CC=CC(=C2)N)N,C1=CC(=CC=C1N)S(=O)(=O)C2=CC=C(C=C2)N,Iso,180.0,13.3341100003423,453.265130047179,0.678008736019982,0.0256591495023701
E1_X50_Y50,0.5,0.5,C1C(O1)CN(CC2CO2)C3=CC=C(C=C3)OCC4CO4,C1=CC(=CC(=C1)S(=O)(=O)C2=CC=CC(=C2)N)N,C1=CC(=CC=C1N)S(=O)(=O)C2=CC=C(C=C2)N,Dyn,1.0,4.213166033464006,388.151726414618,0.0289328686697817,0.00245911038019585
E1_X70_Y30,0.7,0.3,C1C(O1)CN(CC2CO2)C3=CC=C(C=C3)OCC4CO4,C1=CC(=CC(=C1)S(=O)(=O)C2=CC=CC(=C2)N)N,C1=CC(=CC=C1N)S(=O)(=O)C2=CC=C(C=C2)N,Iso,180.0,8.832802779586679,453.25318316591495,0.645193359862197,0.0379659193440332
E1_X50_Y50,0.5,0.5,C1C(O1)CN(CC2CO2)C3=CC=C(C=C3)OCC4CO4,C1=CC(=CC(=C1)S(=O)(=O)C2=CC=CC(=C2)N)N,C1=CC(=CC=C1N)S(=O)(=O)C2=CC=C(C=C2)N,Dyn,1.0,54.77115843503199,438.69692571863595,0.747627750098464,0.0177135433088117
E1_X0_Y100,0.0,1.0,C1C(O1)CN(CC2CO2)C3=CC=C(C=C3)OCC4CO4,C1=CC(=CC(=C1)S(=O)(=O)C2=CC=CC(=C2)N)N,C1=CC(=CC=C1N)S(=O)(=O)C2=CC=C(C=C2)N,Iso,160.0,92.18295600000201,433.25211818050695,0.842142999448183,0.000274462239169908
E1_X50_Y50,0.5,0.5,C1C(O1)CN(CC2CO2)C3=CC=C(C=C3)OCC4CO4,C1=CC(=CC(=C1)S(=O)(=O)C2=CC=CC(=C2)N)N,C1=CC(=CC=C1N)S(=O)(=O)C2=CC=C(C=C2)N,Iso,160.0,28.20592124911034,433.264854902984,0.749167821404795,0.0103720409485232
E1_X50_Y50,0.5,0.5,C1C(O1)CN(CC2CO2)C3=CC=C(C=C3)OCC4CO4,C1=CC(=CC(=C1)S(=O)(=O)C2=CC=CC(=C2)N)N,C1=CC(=CC=C1N)S(=O)(=O)C2=CC=C(C=C2)N,Iso,160.0,42.30888187366554,433.254716633081,0.82194725387356,0.00165637618440519
E1_X20_Y80,0.2,0.8,C1C(O1)CN(CC2CO2)C3=CC=C(C=C3)OCC4CO4,C1=CC(=CC(=C1)S(=O)(=O)C2=CC=CC(=C2)N)N,C1=CC(=CC=C1N)S(=O)(=O)C2=CC=C(C=C2)N,Iso,160.0,6.10283497513171,433.26200000507697,0.15695274599767,0.0262276739878275
E1_X90_Y10,0.9,0.1,C1C(O1)CN(CC2CO2)C3=CC=C(C=C3)OCC4CO4,C1=CC(=CC(=C1)S(=O)(=O)C2=CC=CC(=C2)N)N,C1=CC(=CC=C1N)S(=O)(=O)C2=CC=C(C=C2)N,Iso,180.0,0.0,453.418600859648,0.0685614355465157,0.0731847851937257
E1_X70_Y30,0.7,0.3,C1C(O1)CN(CC2CO2)C3=CC=C(C=C3)OCC4CO4,C1=CC(=CC(=C1)S(=O)(=O)C2=CC=CC(=C2)N)N,C1=CC(=CC=C1N)S(=O)(=O)C2=CC=C(C=C2)N,Dyn,1.0,17.553885203620993,393.73175049138695,0.0727643818669241,0.00479120267319753
E1_X90_Y10,0.9,0.1,C1C(O1)CN(CC2CO2)C3=CC=C(C=C3)OCC4CO4,C1=CC(=CC(=C1)S(=O)(=O)C2=CC=CC(=C2)N)N,C1=CC(=CC=C1N)S(=O)(=O)C2=CC=C(C=C2)N,Dyn,1.0,91.887965043849,475.738885832291,0.956441173895388,0.00190984807047839
E1_X100_Y0,1.0,0.0,C1C(O1)CN(CC2CO2)C3=CC=C(C=C3)OCC4CO4,C1=CC(=CC(=C1)S(=O)(=O)C2=CC=CC(=C2)N)N,C1=CC(=CC=C1N)S(=O)(=O)C2=CC=C(C=C2)N,Iso,180.0,27.098706105934255,453.24385824760697,0.921467850037942,0.00150927614562126
E1_X40_Y60,0.4,0.6,C1C(O1)CN(CC2CO2)C3=CC=C(C=C3)OCC4CO4,C1=CC(=CC(=C1)S(=O)(=O)C2=CC=CC(=C2)N)N,C1=CC(=CC=C1N)S(=O)(=O)C2=CC=C(C=C2)N,Iso,180.0,37.33624849268733,453.215517744066,0.881414865346458,0.00065171606122885
E1_X20_Y80,0.2,0.8,C1C(O1)CN(CC2CO2)C3=CC=C(C=C3)OCC4CO4,C1=CC(=CC(=C1)S(=O)(=O)C2=CC=CC(=C2)N)N,C1=CC(=CC=C1N)S(=O)(=O)C2=CC=C(C=C2)N,Iso,180.0,18.960368657510017,453.225806052267,0.824835586737039,0.0121635744283151
E1_X40_Y60,0.4,0.6,C1C(O1)CN(CC2CO2)C3=CC=C(C=C3)OCC4CO4,C1=CC(=CC(=C1)S(=O)(=O)C2=CC=CC(=C2)N)N,C1=CC(=CC=C1N)S(=O)(=O)C2=CC=C(C=C2)N,Iso,160.0,13.35076191498507,433.25315137531896,0.416344752998078,0.0296336339071174
E1_X0_Y100,0.0,1.0,C1C(O1)CN(CC2CO2)C3=CC=C(C=C3)OCC4CO4,C1=CC(=CC(=C1)S(=O)(=O)C2=CC=CC(=C2)N)N,C1=CC(=CC=C1N)S(=O)(=O)C2=CC=C(C=C2)N,Iso,160.0,5.03732000000001,433.27534264991993,0.103005002500284,0.0199795955090307
E1_X90_Y10,0.9,0.1,C1C(O1)CN(CC2CO2)C3=CC=C(C=C3)OCC4CO4,C1=CC(=CC(=C1)S(=O)(=O)C2=CC=CC(=C2)N)N,C1=CC(=CC=C1N)S(=O)(=O)C2=CC=C(C=C2)N,Iso,160.0,13.428513833158831,433.26800000795197,0.497723509120972,0.0293565983606221
E1_X100_Y0,1.0,0.0,C1C(O1)CN(CC2CO2)C3=CC=C(C=C3)OCC4CO4,C1=CC(=CC(=C1)S(=O)(=O)C2=CC=CC(=C2)N)N,C1=CC(=CC=C1N)S(=O)(=O)C2=CC=C(C=C2)N,Dyn,1.0,54.92845089538399,427.57126681357795,0.57139644209382,0.0257907325328638
E1_X20_Y80,0.2,0.8,C1C(O1)CN(CC2CO2)C3=CC=C(C=C3)OCC4CO4,C1=CC(=CC(=C1)S(=O)(=O)C2=CC=CC(=C2)N)N,C1=CC(=CC=C1N)S(=O)(=O)C2=CC=C(C=C2)N,Iso,160.0,33.56559236322431,433.242671713278,0.722989267486845,0.00917599642218682
E1_X40_Y60,0.4,0.6,C1C(O1)CN(CC2CO2)C3=CC=C(C=C3)OCC4CO4,C1=CC(=CC(=C1)S(=O)(=O)C2=CC=CC(=C2)N)N,C1=CC(=CC=C1N)S(=O)(=O)C2=CC=C(C=C2)N,Dyn,1.0,111.81333481570701,496.271489249326,0.966772104994296,0.00226551879610535
E1_X40_Y60,0.4,0.6,C1C(O1)CN(CC2CO2)C3=CC=C(C=C3)OCC4CO4,C1=CC(=CC(=C1)S(=O)(=O)C2=CC=CC(=C2)N)N,C1=CC(=CC=C1N)S(=O)(=O)C2=CC=C(C=C2)N,Dyn,1.0,31.30773374839802,415.83245014613794,0.227272042338185,0.0151447300857417
E1_X50_Y50,0.5,0.5,C1C(O1)CN(CC2CO2)C3=CC=C(C=C3)OCC4CO4,C1=CC(=CC(=C1)S(=O)(=O)C2=CC=CC(=C2)N)N,C1=CC(=CC=C1N)S(=O)(=O)C2=CC=C(C=C2)N,Iso,180.0,2.0553862137645194,453.324313719949,0.228180847418947,0.0784266413473159
E1_X40_Y60,0.4,0.6,C1C(O1)CN(CC2CO2)C3=CC=C(C=C3)OCC4CO4,C1=CC(=CC(=C1)S(=O)(=O)C2=CC=CC(=C2)N)N,C1=CC(=CC=C1N)S(=O)(=O)C2=CC=C(C=C2)N,Dyn,1.0,17.890133570513,402.414198847746,0.0873292247952266,0.00647451331714733
E1_X20_Y80,0.2,0.8,C1C(O1)CN(CC2CO2)C3=CC=C(C=C3)OCC4CO4,C1=CC(=CC(=C1)S(=O)(=O)C2=CC=CC(=C2)N)N,C1=CC(=CC=C1N)S(=O)(=O)C2=CC=C(C=C2)N,Dyn,1.0,107.20040500967701,495.851947119615,0.949799710911929,0.00196204497872302
E1_X70_Y30,0.7,0.3,C1C(O1)CN(CC2CO2)C3=CC=C(C=C3)OCC4CO4,C1=CC(=CC(=C1)S(=O)(=O)C2=CC=CC(=C2)N)N,C1=CC(=CC=C1N)S(=O)(=O)C2=CC=C(C=C2)N,Iso,180.0,36.593040086857975,453.21694739922395,0.884164656751272,0.000490067629520163
E1_X50_Y50,0.5,0.5,C1C(O1)CN(CC2CO2)C3=CC=C(C=C3)OCC4CO4,C1=CC(=CC(=C1)S(=O)(=O)C2=CC=CC(=C2)N)N,C1=CC(=CC=C1N)S(=O)(=O)C2=CC=C(C=C2)N,Iso,180.0,6.1661586412936185,453.303000000167,0.531259729871332,0.0603719638448241
E1_X40_Y60,0.4,0.6,C1C(O1)CN(CC2CO2)C3=CC=C(C=C3)OCC4CO4,C1=CC(=CC(=C1)S(=O)(=O)C2=CC=CC(=C2)N)N,C1=CC(=CC=C1N)S(=O)(=O)C2=CC=C(C=C2)N,Dyn,1.0,76.033067674681,460.51576279575295,0.894562248179751,0.00305722345021074
E1_X20_Y80,0.2,0.8,C1C(O1)CN(CC2CO2)C3=CC=C(C=C3)OCC4CO4,C1=CC(=CC(=C1)S(=O)(=O)C2=CC=CC(=C2)N)N,C1=CC(=CC=C1N)S(=O)(=O)C2=CC=C(C=C2)N,Iso,160.0,73.23401970157991,433.23283049957297,0.820525873071956,0.000280121093230615
E1_X0_Y100,0.0,1.0,C1C(O1)CN(CC2CO2)C3=CC=C(C=C3)OCC4CO4,C1=CC(=CC(=C1)S(=O)(=O)C2=CC=CC(=C2)N)N,C1=CC(=CC=C1N)S(=O)(=O)C2=CC=C(C=C2)N,Iso,180.0,29.6313555563161,453.243243860774,0.871536936116127,0.00287029982761073
E1_X40_Y60,0.4,0.6,C1C(O1)CN(CC2CO2)C3=CC=C(C=C3)OCC4CO4,C1=CC(=CC(=C1)S(=O)(=O)C2=CC=CC(=C2)N)N,C1=CC(=CC=C1N)S(=O)(=O)C2=CC=C(C=C2)N,Iso,180.0,22.40174909561233,453.21793722804694,0.855333781124297,0.0045493542459919
E1_X100_Y0,1.0,0.0,C1C(O1)CN(CC2CO2)C3=CC=C(C=C3)OCC4CO4,C1=CC(=CC(=C1)S(=O)(=O)C2=CC=CC(=C2)N)N,C1=CC(=CC=C1N)S(=O)(=O)C2=CC=C(C=C2)N,Dyn,1.0,88.730574523312,461.33055184227,0.945427623525008,0.00207778314819642
E1_X50_Y50,0.5,0.5,C1C(O1)CN(CC2CO2)C3=CC=C(C=C3)OCC4CO4,C1=CC(=CC(=C1)S(=O)(=O)C2=CC=CC(=C2)N)N,C1=CC(=CC=C1N)S(=O)(=O)C2=CC=C(C=C2)N,Iso,180.0,28.775406992703516,453.24323223943395,0.889211084922614,0.000803110310042679
E1_X20_Y80,0.2,0.8,C1C(O1)CN(CC2CO2)C3=CC=C(C=C3)OCC4CO4,C1=CC(=CC(=C1)S(=O)(=O)C2=CC=CC(=C2)N)N,C1=CC(=CC=C1N)S(=O)(=O)C2=CC=C(C=C2)N,Iso,160.0,61.02834975131711,433.23348811441997,0.815097589097915,0.000626933834572042
E1_X0_Y100,0.0,1.0,C1C(O1)CN(CC2CO2)C3=CC=C(C=C3)OCC4CO4,C1=CC(=CC(=C1)S(=O)(=O)C2=CC=CC(=C2)N)N,C1=CC(=CC=C1N)S(=O)(=O)C2=CC=C(C=C2)N,Iso,180.0,2.9631355556317,453.29400608280696,0.240788836365661,0.0555872595335397
E1_X100_Y0,1.0,0.0,C1C(O1)CN(CC2CO2)C3=CC=C(C=C3)OCC4CO4,C1=CC(=CC(=C1)S(=O)(=O)C2=CC=CC(=C2)N)N,C1=CC(=CC=C1N)S(=O)(=O)C2=CC=C(C=C2)N,Iso,180.0,6.50368946542406,453.293167285898,0.636274469116299,0.0506241499963457
E1_X0_Y100,0.0,1.0,C1C(O1)CN(CC2CO2)C3=CC=C(C=C3)OCC4CO4,C1=CC(=CC(=C1)S(=O)(=O)C2=CC=CC(=C2)N)N,C1=CC(=CC=C1N)S(=O)(=O)C2=CC=C(C=C2)N,Iso,180.0,16.297245555973902,453.259070329089,0.743876963619952,0.0192342869928954
E1_X50_Y50,0.5,0.5,C1C(O1)CN(CC2CO2)C3=CC=C(C=C3)OCC4CO4,C1=CC(=CC(=C1)S(=O)(=O)C2=CC=CC(=C2)N)N,C1=CC(=CC=C1N)S(=O)(=O)C2=CC=C(C=C2)N,Dyn,1.0,109.54231687006401,493.420602727748,0.97682452390588,0.00217575827315525
E1_X90_Y10,0.9,0.1,C1C(O1)CN(CC2CO2)C3=CC=C(C=C3)OCC4CO4,C1=CC(=CC(=C1)S(=O)(=O)C2=CC=CC(=C2)N)N,C1=CC(=CC=C1N)S(=O)(=O)C2=CC=C(C=C2)N,Iso,160.0,42.52362713833593,433.234010489376,0.802775220808997,0.0014953096644559
E1_X100_Y0,1.0,0.0,C1C(O1)CN(CC2CO2)C3=CC=C(C=C3)OCC4CO4,C1=CC(=CC(=C1)S(=O)(=O)C2=CC=CC(=C2)N)N,C1=CC(=CC=C1N)S(=O)(=O)C2=CC=C(C=C2)N,Iso,160.0,3.07669957107311,433.294274079734,0.157711174143592,0.036769842325022
E1_X90_Y10,0.9,0.1,C1C(O1)CN(CC2CO2)C3=CC=C(C=C3)OCC4CO4,C1=CC(=CC(=C1)S(=O)(=O)C2=CC=CC(=C2)N)N,C1=CC(=CC=C1N)S(=O)(=O)C2=CC=C(C=C2)N,Iso,160.0,44.76171277719563,433.23311627025896,0.805712087993315,0.001170453750872
E1_X40_Y60,0.4,0.6,C1C(O1)CN(CC2CO2)C3=CC=C(C=C3)OCC4CO4,C1=CC(=CC(=C1)S(=O)(=O)C2=CC=CC(=C2)N)N,C1=CC(=CC=C1N)S(=O)(=O)C2=CC=C(C=C2)N,Iso,160.0,33.376904787462365,433.231831424431,0.760672143887328,0.00765155393914996
E1_X90_Y10,0.9,0.1,C1C(O1)CN(CC2CO2)C3=CC=C(C=C3)OCC4CO4,C1=CC(=CC(=C1)S(=O)(=O)C2=CC=CC(=C2)N)N,C1=CC(=CC=C1N)S(=O)(=O)C2=CC=C(C=C2)N,Iso,160.0,35.80937022175673,433.23753214428797,0.787160810181019,0.00352246308235138
E1_X20_Y80,0.2,0.8,C1C(O1)CN(CC2CO2)C3=CC=C(C=C3)OCC4CO4,C1=CC(=CC(=C1)S(=O)(=O)C2=CC=CC(=C2)N)N,C1=CC(=CC=C1N)S(=O)(=O)C2=CC=C(C=C2)N,Iso,160.0,12.205669950263312,433.263471323098,0.328256482439679,0.0283979953826867
E1_X100_Y0,1.0,0.0,C1C(O1)CN(CC2CO2)C3=CC=C(C=C3)OCC4CO4,C1=CC(=CC(=C1)S(=O)(=O)C2=CC=CC(=C2)N)N,C1=CC(=CC=C1N)S(=O)(=O)C2=CC=C(C=C2)N,Iso,160.0,36.92039485287771,433.25601850281,0.824892803816142,0.00219183741642297
E1_X90_Y10,0.9,0.1,C1C(O1)CN(CC2CO2)C3=CC=C(C=C3)OCC4CO4,C1=CC(=CC(=C1)S(=O)(=O)C2=CC=CC(=C2)N)N,C1=CC(=CC=C1N)S(=O)(=O)C2=CC=C(C=C2)N,Iso,160.0,20.142770749738432,433.25138850604094,0.648150014639801,0.0165788442522579
E1_X20_Y80,0.2,0.8,C1C(O1)CN(CC2CO2)C3=CC=C(C=C3)OCC4CO4,C1=CC(=CC(=C1)S(=O)(=O)C2=CC=CC(=C2)N)N,C1=CC(=CC=C1N)S(=O)(=O)C2=CC=C(C=C2)N,Iso,160.0,64.07976723888281,433.233104177045,0.816836935497509,0.000516233816523399
E1_X50_Y50,0.5,0.5,C1C(O1)CN(CC2CO2)C3=CC=C(C=C3)OCC4CO4,C1=CC(=CC(=C1)S(=O)(=O)C2=CC=CC(=C2)N)N,C1=CC(=CC=C1N)S(=O)(=O)C2=CC=C(C=C2)N,Iso,160.0,56.411842498220736,433.25302062000094,0.833250667533897,0.000304129822940391
E1_X20_Y80,0.2,0.8,C1C(O1)CN(CC2CO2)C3=CC=C(C=C3)OCC4CO4,C1=CC(=CC(=C1)S(=O)(=O)C2=CC=CC(=C2)N)N,C1=CC(=CC=C1N)S(=O)(=O)C2=CC=C(C=C2)N,Dyn,1.0,37.28709739467001,426.006042495525,0.33402478530214,0.0208477694161857
E1_X70_Y30,0.7,0.3,C1C(O1)CN(CC2CO2)C3=CC=C(C=C3)OCC4CO4,C1=CC(=CC(=C1)S(=O)(=O)C2=CC=CC(=C2)N)N,C1=CC(=CC=C1N)S(=O)(=O)C2=CC=C(C=C2)N,Iso,180.0,11.35646071661128,453.241999996486,0.724516294080213,0.0259523314414041
E1_X70_Y30,0.7,0.3,C1C(O1)CN(CC2CO2)C3=CC=C(C=C3)OCC4CO4,C1=CC(=CC(=C1)S(=O)(=O)C2=CC=CC(=C2)N)N,C1=CC(=CC=C1N)S(=O)(=O)C2=CC=C(C=C2)N,Dyn,1.0,100.93483992081501,477.056214181286,0.951886521234278,0.00153897569374313
E1_X0_Y100,0.0,1.0,C1C(O1)CN(CC2CO2)C3=CC=C(C=C3)OCC4CO4,C1=CC(=CC(=C1)S(=O)(=O)C2=CC=CC(=C2)N)N,C1=CC(=CC=C1N)S(=O)(=O)C2=CC=C(C=C2)N,Dyn,1.0,27.310991976462986,428.02499588687294,0.236210102969385,0.0178292819434273
E1_X100_Y0,1.0,0.0,C1C(O1)CN(CC2CO2)C3=CC=C(C=C3)OCC4CO4,C1=CC(=CC(=C1)S(=O)(=O)C2=CC=CC(=C2)N)N,C1=CC(=CC=C1N)S(=O)(=O)C2=CC=C(C=C2)N,Dyn,1.0,67.604247255857,440.226835666811,0.817743856644316,0.0129366955171052
E1_X100_Y0,1.0,0.0,C1C(O1)CN(CC2CO2)C3=CC=C(C=C3)OCC4CO4,C1=CC(=CC(=C1)S(=O)(=O)C2=CC=CC(=C2)N)N,C1=CC(=CC=C1N)S(=O)(=O)C2=CC=C(C=C2)N,Dyn,1.0,109.856901790767,482.44677919316297,0.979791213067032,0.00177122052665678
E1_X70_Y30,0.7,0.3,C1C(O1)CN(CC2CO2)C3=CC=C(C=C3)OCC4CO4,C1=CC(=CC(=C1)S(=O)(=O)C2=CC=CC(=C2)N)N,C1=CC(=CC=C1N)S(=O)(=O)C2=CC=C(C=C2)N,Iso,160.0,6.7367240221717095,433.26422978907897,0.250150774068543,0.0367060186169797
E1_X70_Y30,0.7,0.3,C1C(O1)CN(CC2CO2)C3=CC=C(C=C3)OCC4CO4,C1=CC(=CC(=C1)S(=O)(=O)C2=CC=CC(=C2)N)N,C1=CC(=CC=C1N)S(=O)(=O)C2=CC=C(C=C2)N,Iso,160.0,49.402642829257616,433.231000007282,0.814060036635704,0.000959245537607034
E1_X70_Y30,0.7,0.3,C1C(O1)CN(CC2CO2)C3=CC=C(C=C3)OCC4CO4,C1=CC(=CC(=C1)S(=O)(=O)C2=CC=CC(=C2)N)N,C1=CC(=CC=C1N)S(=O)(=O)C2=CC=C(C=C2)N,Iso,160.0,44.91149348114341,433.23100461673596,0.808592840591573,0.00154177876382379
E1_X90_Y10,0.9,0.1,C1C(O1)CN(CC2CO2)C3=CC=C(C=C3)OCC4CO4,C1=CC(=CC(=C1)S(=O)(=O)C2=CC=CC(=C2)N)N,C1=CC(=CC=C1N)S(=O)(=O)C2=CC=C(C=C2)N,Iso,160.0,8.952342555439131,433.27899819567597,0.344820153014602,0.0383256787934347
E1_X50_Y50,0.5,0.5,C1C(O1)CN(CC2CO2)C3=CC=C(C=C3)OCC4CO4,C1=CC(=CC(=C1)S(=O)(=O)C2=CC=CC(=C2)N)N,C1=CC(=CC=C1N)S(=O)(=O)C2=CC=C(C=C2)N,Iso,180.0,13.36001038946952,453.263000000005,0.795629329222477,0.0200607287276489
E1_X40_Y60,0.4,0.6,C1C(O1)CN(CC2CO2)C3=CC=C(C=C3)OCC4CO4,C1=CC(=CC(=C1)S(=O)(=O)C2=CC=CC(=C2)N)N,C1=CC(=CC=C1N)S(=O)(=O)C2=CC=C(C=C2)N,Iso,160.0,20.02614287247747,433.24412699487397,0.583456474448216,0.0204816498908821
E1_X50_Y50,0.5,0.5,C1C(O1)CN(CC2CO2)C3=CC=C(C=C3)OCC4CO4,C1=CC(=CC(=C1)S(=O)(=O)C2=CC=CC(=C2)N)N,C1=CC(=CC=C1N)S(=O)(=O)C2=CC=C(C=C2)N,Iso,180.0,0.0,453.444267949861,0.0796638289188413,0.0653714056833818
E1_X50_Y50,0.5,0.5,C1C(O1)CN(CC2CO2)C3=CC=C(C=C3)OCC4CO4,C1=CC(=CC(=C1)S(=O)(=O)C2=CC=CC(=C2)N)N,C1=CC(=CC=C1N)S(=O)(=O)C2=CC=C(C=C2)N,Iso,160.0,30.220629909761136,433.26320905209695,0.768256511912875,0.00866211921879501
E1_X40_Y60,0.4,0.6,C1C(O1)CN(CC2CO2)C3=CC=C(C=C3)OCC4CO4,C1=CC(=CC(=C1)S(=O)(=O)C2=CC=CC(=C2)N)N,C1=CC(=CC=C1N)S(=O)(=O)C2=CC=C(C=C2)N,Dyn,1.0,102.86826803045003,487.33229897769,0.948077419868629,0.00188838033211119
E1_X90_Y10,0.9,0.1,C1C(O1)CN(CC2CO2)C3=CC=C(C=C3)OCC4CO4,C1=CC(=CC(=C1)S(=O)(=O)C2=CC=CC(=C2)N)N,C1=CC(=CC=C1N)S(=O)(=O)C2=CC=C(C=C2)N,Dyn,1.0,87.892836128899,471.744704518338,0.948719210595448,0.00197180571867552
E1_X100_Y0,1.0,0.0,C1C(O1)CN(CC2CO2)C3=CC=C(C=C3)OCC4CO4,C1=CC(=CC(=C1)S(=O)(=O)C2=CC=CC(=C2)N)N,C1=CC(=CC=C1N)S(=O)(=O)C2=CC=C(C=C2)N,Iso,180.0,31.976473205002456,453.243248288087,0.927156457082363,0.000877615144569887
E1_X70_Y30,0.7,0.3,C1C(O1)CN(CC2CO2)C3=CC=C(C=C3)OCC4CO4,C1=CC(=CC(=C1)S(=O)(=O)C2=CC=CC(=C2)N)N,C1=CC(=CC=C1N)S(=O)(=O)C2=CC=C(C=C2)N,Dyn,1.0,118.48872512443499,494.59866387297996,0.984564032225452,0.00224058206076252
E1_X0_Y100,0.0,1.0,C1C(O1)CN(CC2CO2)C3=CC=C(C=C3)OCC4CO4,C1=CC(=CC(=C1)S(=O)(=O)C2=CC=CC(=C2)N)N,C1=CC(=CC=C1N)S(=O)(=O)C2=CC=C(C=C2)N,Iso,160.0,37.77990000000041,433.261004550316,0.707072597933788,0.0088036656231637
E1_X0_Y100,0.0,1.0,C1C(O1)CN(CC2CO2)C3=CC=C(C=C3)OCC4CO4,C1=CC(=CC(=C1)S(=O)(=O)C2=CC=CC(=C2)N)N,C1=CC(=CC=C1N)S(=O)(=O)C2=CC=C(C=C2)N,Iso,180.0,17.7788133337897,453.25632501820894,0.770259237762735,0.0165660775467947
E1_X90_Y10,0.9,0.1,C1C(O1)CN(CC2CO2)C3=CC=C(C=C3)OCC4CO4,C1=CC(=CC(=C1)S(=O)(=O)C2=CC=CC(=C2)N)N,C1=CC(=CC=C1N)S(=O)(=O)C2=CC=C(C=C2)N,Dyn,1.0,19.975644574749992,403.87948185561,0.114093611405161,0.00875349770947602
E1_X0_Y100,0.0,1.0,C1C(O1)CN(CC2CO2)C3=CC=C(C=C3)OCC4CO4,C1=CC(=CC(=C1)S(=O)(=O)C2=CC=CC(=C2)N)N,C1=CC(=CC=C1N)S(=O)(=O)C2=CC=C(C=C2)N,Iso,180.0,7.407838889079102,453.283268612068,0.473475182702485,0.0454084004414053
E1_X0_Y100,0.0,1.0,C1C(O1)CN(CC2CO2)C3=CC=C(C=C3)OCC4CO4,C1=CC(=CC(=C1)S(=O)(=O)C2=CC=CC(=C2)N)N,C1=CC(=CC=C1N)S(=O)(=O)C2=CC=C(C=C2)N,Dyn,1.0,50.070151956849,450.773026871654,0.73192282418957,0.0176372316189028
E1_X40_Y60,0.4,0.6,C1C(O1)CN(CC2CO2)C3=CC=C(C=C3)OCC4CO4,C1=CC(=CC(=C1)S(=O)(=O)C2=CC=CC(=C2)N)N,C1=CC(=CC=C1N)S(=O)(=O)C2=CC=C(C=C2)N,Iso,180.0,10.454149577952329,453.24724781730595,0.661644027738013,0.0343752705565714
E1_X20_Y80,0.2,0.8,C1C(O1)CN(CC2CO2)C3=CC=C(C=C3)OCC4CO4,C1=CC(=CC(=C1)S(=O)(=O)C2=CC=CC(=C2)N)N,C1=CC(=CC=C1N)S(=O)(=O)C2=CC=C(C=C2)N,Iso,180.0,10.20942927712082,453.251677021108,0.622579661881342,0.0382690352016396
E1_X90_Y10,0.9,0.1,C1C(O1)CN(CC2CO2)C3=CC=C(C=C3)OCC4CO4,C1=CC(=CC(=C1)S(=O)(=O)C2=CC=CC(=C2)N)N,C1=CC(=CC=C1N)S(=O)(=O)C2=CC=C(C=C2)N,Dyn,1.0,47.94154697939999,431.84284364531095,0.640479448733616,0.0203974097950101
E1_X20_Y80,0.2,0.8,C1C(O1)CN(CC2CO2)C3=CC=C(C=C3)OCC4CO4,C1=CC(=CC(=C1)S(=O)(=O)C2=CC=CC(=C2)N)N,C1=CC(=CC=C1N)S(=O)(=O)C2=CC=C(C=C2)N,Dyn,1.0,88.556856312342,477.221122020286,0.920109049007311,0.00146192503235736
E1_X0_Y100,0.0,1.0,C1C(O1)CN(CC2CO2)C3=CC=C(C=C3)OCC4CO4,C1=CC(=CC(=C1)S(=O)(=O)C2=CC=CC(=C2)N)N,C1=CC(=CC=C1N)S(=O)(=O)C2=CC=C(C=C2)N,Iso,180.0,32.5944911119477,453.24199997952894,0.87835294823521,0.00184400486081616
E1_X50_Y50,0.5,0.5,C1C(O1)CN(CC2CO2)C3=CC=C(C=C3)OCC4CO4,C1=CC(=CC(=C1)S(=O)(=O)C2=CC=CC(=C2)N)N,C1=CC(=CC=C1N)S(=O)(=O)C2=CC=C(C=C2)N,Iso,180.0,29.80310009958572,453.24237758929297,0.889956879429432,0.000637978513490585
E1_X50_Y50,0.5,0.5,C1C(O1)CN(CC2CO2)C3=CC=C(C=C3)OCC4CO4,C1=CC(=CC(=C1)S(=O)(=O)C2=CC=CC(=C2)N)N,C1=CC(=CC=C1N)S(=O)(=O)C2=CC=C(C=C2)N,Dyn,1.0,29.492162234248013,413.430388238237,0.205309125441204,0.0148365213741921
E1_X0_Y100,0.0,1.0,C1C(O1)CN(CC2CO2)C3=CC=C(C=C3)OCC4CO4,C1=CC(=CC(=C1)S(=O)(=O)C2=CC=CC(=C2)N)N,C1=CC(=CC=C1N)S(=O)(=O)C2=CC=C(C=C2)N,Iso,180.0,26.6682200006845,453.24437289934497,0.860540844415414,0.00478794545862566
E1_X0_Y100,0.0,1.0,C1C(O1)CN(CC2CO2)C3=CC=C(C=C3)OCC4CO4,C1=CC(=CC(=C1)S(=O)(=O)C2=CC=CC(=C2)N)N,C1=CC(=CC=C1N)S(=O)(=O)C2=CC=C(C=C2)N,Dyn,1.0,104.692135909776,505.35188806538997,0.969737627290754,0.00151321514959161
E1_X50_Y50,0.5,0.5,C1C(O1)CN(CC2CO2)C3=CC=C(C=C3)OCC4CO4,C1=CC(=CC(=C1)S(=O)(=O)C2=CC=CC(=C2)N)N,C1=CC(=CC=C1N)S(=O)(=O)C2=CC=C(C=C2)N,Iso,160.0,12.088251963904439,433.28863415642996,0.417803805695057,0.0331205125648896
E1_X40_Y60,0.4,0.6,C1C(O1)CN(CC2CO2)C3=CC=C(C=C3)OCC4CO4,C1=CC(=CC(=C1)S(=O)(=O)C2=CC=CC(=C2)N)N,C1=CC(=CC=C1N)S(=O)(=O)C2=CC=C(C=C2)N,Iso,160.0,22.25126985830827,433.242296966048,0.625774656170658,0.0176904077692911
E1_X100_Y0,1.0,0.0,C1C(O1)CN(CC2CO2)C3=CC=C(C=C3)OCC4CO4,C1=CC(=CC(=C1)S(=O)(=O)C2=CC=CC(=C2)N)N,C1=CC(=CC=C1N)S(=O)(=O)C2=CC=C(C=C2)N,Iso,180.0,17.34317190779786,453.24974145308397,0.884778370481241,0.00838350244836972
E1_X90_Y10,0.9,0.1,C1C(O1)CN(CC2CO2)C3=CC=C(C=C3)OCC4CO4,C1=CC(=CC(=C1)S(=O)(=O)C2=CC=CC(=C2)N)N,C1=CC(=CC=C1N)S(=O)(=O)C2=CC=C(C=C2)N,Iso,180.0,31.08249497424174,453.21601290334195,0.886475232538076,0.0010627363830477
E1_X40_Y60,0.4,0.6,C1C(O1)CN(CC2CO2)C3=CC=C(C=C3)OCC4CO4,C1=CC(=CC(=C1)S(=O)(=O)C2=CC=CC(=C2)N)N,C1=CC(=CC=C1N)S(=O)(=O)C2=CC=C(C=C2)N,Iso,180.0,16.42794933678233,453.22762253834696,0.801240847324041,0.01505034203632
E1_X20_Y80,0.2,0.8,C1C(O1)CN(CC2CO2)C3=CC=C(C=C3)OCC4CO4,C1=CC(=CC(=C1)S(=O)(=O)C2=CC=CC(=C2)N)N,C1=CC(=CC=C1N)S(=O)(=O)C2=CC=C(C=C2)N,Iso,160.0,18.308504925394914,433.257791819163,0.487281463306125,0.0231035736173948
E1_X100_Y0,1.0,0.0,C1C(O1)CN(CC2CO2)C3=CC=C(C=C3)OCC4CO4,C1=CC(=CC(=C1)S(=O)(=O)C2=CC=CC(=C2)N)N,C1=CC(=CC=C1N)S(=O)(=O)C2=CC=C(C=C2)N,Iso,160.0,32.30534549626801,433.257721300321,0.809963051420394,0.00448411889266181
E1_X90_Y10,0.9,0.1,C1C(O1)CN(CC2CO2)C3=CC=C(C=C3)OCC4CO4,C1=CC(=CC(=C1)S(=O)(=O)C2=CC=CC(=C2)N)N,C1=CC(=CC=C1N)S(=O)(=O)C2=CC=C(C=C2)N,Dyn,1.0,107.868480703649,491.70794514149,0.989330522369771,0.00205676944138063
E1_X90_Y10,0.9,0.1,C1C(O1)CN(CC2CO2)C3=CC=C(C=C3)OCC4CO4,C1=CC(=CC(=C1)S(=O)(=O)C2=CC=CC(=C2)N)N,C1=CC(=CC=C1N)S(=O)(=O)C2=CC=C(C=C2)N,Dyn,1.0,35.95616023455,419.86761122623597,0.363362726505953,0.0227373558407276
E1_X100_Y0,1.0,0.0,C1C(O1)CN(CC2CO2)C3=CC=C(C=C3)OCC4CO4,C1=CC(=CC(=C1)S(=O)(=O)C2=CC=CC(=C2)N)N,C1=CC(=CC=C1N)S(=O)(=O)C2=CC=C(C=C2)N,Iso,180.0,29.26660259440896,453.24298386953296,0.924409183003363,0.00120659417696615
E1_X0_Y100,0.0,1.0,C1C(O1)CN(CC2CO2)C3=CC=C(C=C3)OCC4CO4,C1=CC(=CC(=C1)S(=O)(=O)C2=CC=CC(=C2)N)N,C1=CC(=CC=C1N)S(=O)(=O)C2=CC=C(C=C2)N,Dyn,1.0,40.966487964695006,441.67933631596696,0.543768136096444,0.0233738381723017
E1_X50_Y50,0.5,0.5,C1C(O1)CN(CC2CO2)C3=CC=C(C=C3)OCC4CO4,C1=CC(=CC(=C1)S(=O)(=O)C2=CC=CC(=C2)N)N,C1=CC(=CC=C1N)S(=O)(=O)C2=CC=C(C=C2)N,Iso,160.0,46.338299194967036,433.254207968518,0.827164416253967,0.000982535733375924
E1_X20_Y80,0.2,0.8,C1C(O1)CN(CC2CO2)C3=CC=C(C=C3)OCC4CO4,C1=CC(=CC(=C1)S(=O)(=O)C2=CC=CC(=C2)N)N,C1=CC(=CC=C1N)S(=O)(=O)C2=CC=C(C=C2)N,Iso,180.0,1.4584898967315407,453.273559902434,0.128754454741516,0.0580070157108453
E1_X50_Y50,0.5,0.5,C1C(O1)CN(CC2CO2)C3=CC=C(C=C3)OCC4CO4,C1=CC(=CC(=C1)S(=O)(=O)C2=CC=CC(=C2)N)N,C1=CC(=CC=C1N)S(=O)(=O)C2=CC=C(C=C2)N,Iso,160.0,48.35300785561774,433.25381841754097,0.828970549347812,0.000799527786426112
E1_X90_Y10,0.9,0.1,C1C(O1)CN(CC2CO2)C3=CC=C(C=C3)OCC4CO4,C1=CC(=CC(=C1)S(=O)(=O)C2=CC=CC(=C2)N)N,C1=CC(=CC=C1N)S(=O)(=O)C2=CC=C(C=C2)N,Iso,180.0,22.60545089035734,453.219003692791,0.870007558414128,0.00349833319528188
E1_X40_Y60,0.4,0.6,C1C(O1)CN(CC2CO2)C3=CC=C(C=C3)OCC4CO4,C1=CC(=CC(=C1)S(=O)(=O)C2=CC=CC(=C2)N)N,C1=CC(=CC=C1N)S(=O)(=O)C2=CC=C(C=C2)N,Dyn,1.0,4.472533392628009,389.00001859109796,0.0298656595455037,0.00261697991999557
E1_X0_Y100,0.0,1.0,C1C(O1)CN(CC2CO2)C3=CC=C(C=C3)OCC4CO4,C1=CC(=CC(=C1)S(=O)(=O)C2=CC=CC(=C2)N)N,C1=CC(=CC=C1N)S(=O)(=O)C2=CC=C(C=C2)N,Iso,180.0,34.0760588897635,453.241573301121,0.880823028836282,0.00153157484238835
E1_X40_Y60,0.4,0.6,C1C(O1)CN(CC2CO2)C3=CC=C(C=C3)OCC4CO4,C1=CC(=CC(=C1)S(=O)(=O)C2=CC=CC(=C2)N)N,C1=CC(=CC=C1N)S(=O)(=O)C2=CC=C(C=C2)N,Dyn,1.0,107.340801423079,491.802322631758,0.956920044323433,0.00208003498462191
E1_X40_Y60,0.4,0.6,C1C(O1)CN(CC2CO2)C3=CC=C(C=C3)OCC4CO4,C1=CC(=CC(=C1)S(=O)(=O)C2=CC=CC(=C2)N)N,C1=CC(=CC=C1N)S(=O)(=O)C2=CC=C(C=C2)N,Iso,160.0,37.82715875912397,433.227990965265,0.788235301720932,0.00476924540492617
E1_X40_Y60,0.4,0.6,C1C(O1)CN(CC2CO2)C3=CC=C(C=C3)OCC4CO4,C1=CC(=CC(=C1)S(=O)(=O)C2=CC=CC(=C2)N)N,C1=CC(=CC=C1N)S(=O)(=O)C2=CC=C(C=C2)N,Iso,160.0,55.62817464577047,433.22540310831397,0.821198867877486,0.000489386592350893
E1_X50_Y50,0.5,0.5,C1C(O1)CN(CC2CO2)C3=CC=C(C=C3)OCC4CO4,C1=CC(=CC(=C1)S(=O)(=O)C2=CC=CC(=C2)N)N,C1=CC(=CC=C1N)S(=O)(=O)C2=CC=C(C=C2)N,Iso,160.0,38.27946455236404,433.256750302958,0.812910264083028,0.00298071392868319
E1_X90_Y10,0.9,0.1,C1C(O1)CN(CC2CO2)C3=CC=C(C=C3)OCC4CO4,C1=CC(=CC(=C1)S(=O)(=O)C2=CC=CC(=C2)N)N,C1=CC(=CC=C1N)S(=O)(=O)C2=CC=C(C=C2)N,Iso,180.0,16.95408816776804,453.225006498054,0.834059121743644,0.0103738114274009
E1_X20_Y80,0.2,0.8,C1C(O1)CN(CC2CO2)C3=CC=C(C=C3)OCC4CO4,C1=CC(=CC(=C1)S(=O)(=O)C2=CC=CC(=C2)N)N,C1=CC(=CC=C1N)S(=O)(=O)C2=CC=C(C=C2)N,Iso,180.0,14.58489896731542,453.235597972821,0.751464220703043,0.0221752117012715
E1_X70_Y30,0.7,0.3,C1C(O1)CN(CC2CO2)C3=CC=C(C=C3)OCC4CO4,C1=CC(=CC(=C1)S(=O)(=O)C2=CC=CC(=C2)N)N,C1=CC(=CC=C1N)S(=O)(=O)C2=CC=C(C=C2)N,Iso,180.0,1.26182896851238,453.299169603035,0.160235147088045,0.0763259062448704
E1_X40_Y60,0.4,0.6,C1C(O1)CN(CC2CO2)C3=CC=C(C=C3)OCC4CO4,C1=CC(=CC(=C1)S(=O)(=O)C2=CC=CC(=C2)N)N,C1=CC(=CC=C1N)S(=O)(=O)C2=CC=C(C=C2)N,Iso,160.0,8.90050794332347,433.25400000998,0.275568592746687,0.032776099845292
E1_X100_Y0,1.0,0.0,C1C(O1)CN(CC2CO2)C3=CC=C(C=C3)OCC4CO4,C1=CC(=CC(=C1)S(=O)(=O)C2=CC=CC(=C2)N)N,C1=CC(=CC=C1N)S(=O)(=O)C2=CC=C(C=C2)N,Iso,180.0,4.33579297694936,453.31987436152895,0.502725348309709,0.0744738051988433
E1_X0_Y100,0.0,1.0,C1C(O1)CN(CC2CO2)C3=CC=C(C=C3)OCC4CO4,C1=CC(=CC(=C1)S(=O)(=O)C2=CC=CC(=C2)N)N,C1=CC(=CC=C1N)S(=O)(=O)C2=CC=C(C=C2)N,Iso,180.0,20.7419488894213,453.252136994918,0.812408228371946,0.0121135010636181
E1_X100_Y0,1.0,0.0,C1C(O1)CN(CC2CO2)C3=CC=C(C=C3)OCC4CO4,C1=CC(=CC(=C1)S(=O)(=O)C2=CC=CC(=C2)N)N,C1=CC(=CC=C1N)S(=O)(=O)C2=CC=C(C=C2)N,Dyn,1.0,16.901061813965,389.53484711078397,0.0287629704242609,0.00330190074345851
E1_X40_Y60,0.4,0.6,C1C(O1)CN(CC2CO2)C3=CC=C(C=C3)OCC4CO4,C1=CC(=CC(=C1)S(=O)(=O)C2=CC=CC(=C2)N)N,C1=CC(=CC=C1N)S(=O)(=O)C2=CC=C(C=C2)N,Iso,160.0,57.85330163160146,433.224000091264,0.822095026214505,0.000359138302804576
E1_X0_Y100,0.0,1.0,C1C(O1)CN(CC2CO2)C3=CC=C(C=C3)OCC4CO4,C1=CC(=CC(=C1)S(=O)(=O)C2=CC=CC(=C2)N)N,C1=CC(=CC=C1N)S(=O)(=O)C2=CC=C(C=C2)N,Iso,180.0,10.3709744447107,453.272982061279,0.59040143842631,0.0341515779982636
E1_X0_Y100,0.0,1.0,C1C(O1)CN(CC2CO2)C3=CC=C(C=C3)OCC4CO4,C1=CC(=CC(=C1)S(=O)(=O)C2=CC=CC(=C2)N)N,C1=CC(=CC=C1N)S(=O)(=O)C2=CC=C(C=C2)N,Dyn,1.0,68.27747994115799,468.957827367323,0.91380259702406,0.00320669064073221
E1_X50_Y50,0.5,0.5,C1C(O1)CN(CC2CO2)C3=CC=C(C=C3)OCC4CO4,C1=CC(=CC(=C1)S(=O)(=O)C2=CC=CC(=C2)N)N,C1=CC(=CC=C1N)S(=O)(=O)C2=CC=C(C=C2)N,Dyn,1.0,101.115984803136,484.99963345535997,0.960816311411856,0.00165746966779298
E1_X20_Y80,0.2,0.8,C1C(O1)CN(CC2CO2)C3=CC=C(C=C3)OCC4CO4,C1=CC(=CC(=C1)S(=O)(=O)C2=CC=CC(=C2)N)N,C1=CC(=CC=C1N)S(=O)(=O)C2=CC=C(C=C2)N,Dyn,1.0,111.861292184011,500.50991792445296,0.959390984067366,0.00211595373213852
E1_X0_Y100,0.0,1.0,C1C(O1)CN(CC2CO2)C3=CC=C(C=C3)OCC4CO4,C1=CC(=CC(=C1)S(=O)(=O)C2=CC=CC(=C2)N)N,C1=CC(=CC=C1N)S(=O)(=O)C2=CC=C(C=C2)N,Iso,180.0,42.9654655566583,453.24101240326,0.888885975943883,0.000546029214430599
E1_X70_Y30,0.7,0.3,C1C(O1)CN(CC2CO2)C3=CC=C(C=C3)OCC4CO4,C1=CC(=CC(=C1)S(=O)(=O)C2=CC=CC(=C2)N)N,C1=CC(=CC=C1N)S(=O)(=O)C2=CC=C(C=C2)N,Iso,180.0,21.45109246470998,453.219999979425,0.858564385258404,0.00473057651235891
E1_X100_Y0,1.0,0.0,C1C(O1)CN(CC2CO2)C3=CC=C(C=C3)OCC4CO4,C1=CC(=CC(=C1)S(=O)(=O)C2=CC=CC(=C2)N)N,C1=CC(=CC=C1N)S(=O)(=O)C2=CC=C(C=C2)N,Iso,160.0,1.5383497855365107,433.288923812847,0.104498073352796,0.032166390748734
E1_X50_Y50,0.5,0.5,C1C(O1)CN(CC2CO2)C3=CC=C(C=C3)OCC4CO4,C1=CC(=CC(=C1)S(=O)(=O)C2=CC=CC(=C2)N)N,C1=CC(=CC=C1N)S(=O)(=O)C2=CC=C(C=C2)N,Iso,180.0,1.0276931068822694,453.324912404119,0.150291781528079,0.0723217048645914
E1_X50_Y50,0.5,0.5,C1C(O1)CN(CC2CO2)C3=CC=C(C=C3)OCC4CO4,C1=CC(=CC(=C1)S(=O)(=O)C2=CC=CC(=C2)N)N,C1=CC(=CC=C1N)S(=O)(=O)C2=CC=C(C=C2)N,Iso,180.0,26.720020778938917,453.244000038481,0.887273115284384,0.00111411402233144
E1_X0_Y100,0.0,1.0,C1C(O1)CN(CC2CO2)C3=CC=C(C=C3)OCC4CO4,C1=CC(=CC(=C1)S(=O)(=O)C2=CC=CC(=C2)N)N,C1=CC(=CC=C1N)S(=O)(=O)C2=CC=C(C=C2)N,Iso,160.0,15.111960000000012,433.280008947518,0.337947285601952,0.0241872558672825
E1_X0_Y100,0.0,1.0,C1C(O1)CN(CC2CO2)C3=CC=C(C=C3)OCC4CO4,C1=CC(=CC(=C1)S(=O)(=O)C2=CC=CC(=C2)N)N,C1=CC(=CC=C1N)S(=O)(=O)C2=CC=C(C=C2)N,Dyn,1.0,0.0,400.7098597489,0.0196480782609039,0.0023125810903802
E1_X90_Y10,0.9,0.1,C1C(O1)CN(CC2CO2)C3=CC=C(C=C3)OCC4CO4,C1=CC(=CC(=C1)S(=O)(=O)C2=CC=CC(=C2)N)N,C1=CC(=CC=C1N)S(=O)(=O)C2=CC=C(C=C2)N,Iso,180.0,32.49533565488914,453.216000055012,0.887863009370091,0.0009201655610163
E1_X40_Y60,0.4,0.6,C1C(O1)CN(CC2CO2)C3=CC=C(C=C3)OCC4CO4,C1=CC(=CC(=C1)S(=O)(=O)C2=CC=CC(=C2)N)N,C1=CC(=CC=C1N)S(=O)(=O)C2=CC=C(C=C2)N,Iso,180.0,11.947599517659828,453.240564842548,0.707914430403264,0.0280448018120683
E1_X50_Y50,0.5,0.5,C1C(O1)CN(CC2CO2)C3=CC=C(C=C3)OCC4CO4,C1=CC(=CC(=C1)S(=O)(=O)C2=CC=CC(=C2)N)N,C1=CC(=CC=C1N)S(=O)(=O)C2=CC=C(C=C2)N,Dyn,1.0,75.836988602352,459.735665982009,0.921374315707861,0.00220569929028591
E1_X50_Y50,0.5,0.5,C1C(O1)CN(CC2CO2)C3=CC=C(C=C3)OCC4CO4,C1=CC(=CC(=C1)S(=O)(=O)C2=CC=CC(=C2)N)N,C1=CC(=CC=C1N)S(=O)(=O)C2=CC=C(C=C2)N,Dyn,1.0,16.852664133855995,400.787812509756,0.0797225833550059,0.0060677974929706
E1_X70_Y30,0.7,0.3,C1C(O1)CN(CC2CO2)C3=CC=C(C=C3)OCC4CO4,C1=CC(=CC(=C1)S(=O)(=O)C2=CC=CC(=C2)N)N,C1=CC(=CC=C1N)S(=O)(=O)C2=CC=C(C=C2)N,Dyn,1.0,26.33082780543002,402.50689698092594,0.129364576391489,0.00834939453000902
E1_X90_Y10,0.9,0.1,C1C(O1)CN(CC2CO2)C3=CC=C(C=C3)OCC4CO4,C1=CC(=CC(=C1)S(=O)(=O)C2=CC=CC(=C2)N)N,C1=CC(=CC=C1N)S(=O)(=O)C2=CC=C(C=C2)N,Iso,160.0,40.28554149947613,433.234725113545,0.798970210551478,0.00195256737377577
E1_X0_Y100,0.0,1.0,C1C(O1)CN(CC2CO2)C3=CC=C(C=C3)OCC4CO4,C1=CC(=CC(=C1)S(=O)(=O)C2=CC=CC(=C2)N)N,C1=CC(=CC=C1N)S(=O)(=O)C2=CC=C(C=C2)N,Dyn,1.0,100.140303913699,500.803035999731,0.962976265850784,0.00145992545883344
E1_X70_Y30,0.7,0.3,C1C(O1)CN(CC2CO2)C3=CC=C(C=C3)OCC4CO4,C1=CC(=CC(=C1)S(=O)(=O)C2=CC=CC(=C2)N)N,C1=CC(=CC=C1N)S(=O)(=O)C2=CC=C(C=C2)N,Iso,160.0,11.227873370286108,433.260727088303,0.408989290286404,0.032647894568081
E1_X100_Y0,1.0,0.0,C1C(O1)CN(CC2CO2)C3=CC=C(C=C3)OCC4CO4,C1=CC(=CC(=C1)S(=O)(=O)C2=CC=CC(=C2)N)N,C1=CC(=CC=C1N)S(=O)(=O)C2=CC=C(C=C2)N,Iso,160.0,0.0,433.285393459179,0.058460671167569,0.0275651479808767
E1_X0_Y100,0.0,1.0,C1C(O1)CN(CC2CO2)C3=CC=C(C=C3)OCC4CO4,C1=CC(=CC(=C1)S(=O)(=O)C2=CC=CC(=C2)N)N,C1=CC(=CC=C1N)S(=O)(=O)C2=CC=C(C=C2)N,Iso,180.0,47.4101688901057,453.24084533501997,0.890766261918775,0.000332388045193342
E1_X20_Y80,0.2,0.8,C1C(O1)CN(CC2CO2)C3=CC=C(C=C3)OCC4CO4,C1=CC(=CC(=C1)S(=O)(=O)C2=CC=CC(=C2)N)N,C1=CC(=CC=C1N)S(=O)(=O)C2=CC=C(C=C2)N,Dyn,1.0,9.32177434866702,398.037618036273,0.0440954383123557,0.00350048842557624
E1_X20_Y80,0.2,0.8,C1C(O1)CN(CC2CO2)C3=CC=C(C=C3)OCC4CO4,C1=CC(=CC(=C1)S(=O)(=O)C2=CC=CC(=C2)N)N,C1=CC(=CC=C1N)S(=O)(=O)C2=CC=C(C=C2)N,Iso,180.0,16.043388864046918,453.232075259735,0.780831594543666,0.0183314986048616
E1_X70_Y30,0.7,0.3,C1C(O1)CN(CC2CO2)C3=CC=C(C=C3)OCC4CO4,C1=CC(=CC(=C1)S(=O)(=O)C2=CC=CC(=C2)N)N,C1=CC(=CC=C1N)S(=O)(=O)C2=CC=C(C=C2)N,Iso,160.0,56.13936685142891,433.230435861426,0.819010695681032,0.00059466007187481
E1_X0_Y100,0.0,1.0,C1C(O1)CN(CC2CO2)C3=CC=C(C=C3)OCC4CO4,C1=CC(=CC(=C1)S(=O)(=O)C2=CC=CC(=C2)N)N,C1=CC(=CC=C1N)S(=O)(=O)C2=CC=C(C=C2)N,Dyn,1.0,81.93297592939001,482.60371154136897,0.939061631988575,0.00125075866316153
E1_X40_Y60,0.4,0.6,C1C(O1)CN(CC2CO2)C3=CC=C(C=C3)OCC4CO4,C1=CC(=CC(=C1)S(=O)(=O)C2=CC=CC(=C2)N)N,C1=CC(=CC=C1N)S(=O)(=O)C2=CC=C(C=C2)N,Iso,180.0,23.89519903531983,453.217171228956,0.86114861685535,0.00338410036191799
E1_X50_Y50,0.5,0.5,C1C(O1)CN(CC2CO2)C3=CC=C(C=C3)OCC4CO4,C1=CC(=CC(=C1)S(=O)(=O)C2=CC=CC(=C2)N)N,C1=CC(=CC=C1N)S(=O)(=O)C2=CC=C(C=C2)N,Iso,160.0,8.058834642602939,433.29208166824094,0.276604258482699,0.0358838828191682
E1_X100_Y0,1.0,0.0,C1C(O1)CN(CC2CO2)C3=CC=C(C=C3)OCC4CO4,C1=CC(=CC(=C1)S(=O)(=O)C2=CC=CC(=C2)N)N,C1=CC(=CC=C1N)S(=O)(=O)C2=CC=C(C=C2)N,Iso,160.0,43.07379399502401,433.253999958853,0.833696365347598,0.00082118708165881
E1_X70_Y30,0.7,0.3,C1C(O1)CN(CC2CO2)C3=CC=C(C=C3)OCC4CO4,C1=CC(=CC(=C1)S(=O)(=O)C2=CC=CC(=C2)N)N,C1=CC(=CC=C1N)S(=O)(=O)C2=CC=C(C=C2)N,Dyn,1.0,8.776942601811001,384.957802567655,0.0397614118336306,0.00285335784992826
E1_X40_Y60,0.4,0.6,C1C(O1)CN(CC2CO2)C3=CC=C(C=C3)OCC4CO4,C1=CC(=CC(=C1)S(=O)(=O)C2=CC=CC(=C2)N)N,C1=CC(=CC=C1N)S(=O)(=O)C2=CC=C(C=C2)N,Iso,160.0,6.675380957492569,433.25285256789897,0.203256912675378,0.0318573754192962
E1_X90_Y10,0.9,0.1,C1C(O1)CN(CC2CO2)C3=CC=C(C=C3)OCC4CO4,C1=CC(=CC(=C1)S(=O)(=O)C2=CC=CC(=C2)N)N,C1=CC(=CC=C1N)S(=O)(=O)C2=CC=C(C=C2)N,Iso,160.0,58.19022661035423,433.23284270104796,0.814640008701697,0.00034069740149415
E1_X70_Y30,0.7,0.3,C1C(O1)CN(CC2CO2)C3=CC=C(C=C3)OCC4CO4,C1=CC(=CC(=C1)S(=O)(=O)C2=CC=CC(=C2)N)N,C1=CC(=CC=C1N)S(=O)(=O)C2=CC=C(C=C2)N,Iso,180.0,35.33121111834568,453.217816203635,0.883474756005846,0.000593900104539233
E1_X40_Y60,0.4,0.6,C1C(O1)CN(CC2CO2)C3=CC=C(C=C3)OCC4CO4,C1=CC(=CC(=C1)S(=O)(=O)C2=CC=CC(=C2)N)N,C1=CC(=CC=C1N)S(=O)(=O)C2=CC=C(C=C2)N,Dyn,1.0,35.780267141026,420.30681758017397,0.303610212582688,0.0187916749335028
E1_X20_Y80,0.2,0.8,C1C(O1)CN(CC2CO2)C3=CC=C(C=C3)OCC4CO4,C1=CC(=CC(=C1)S(=O)(=O)C2=CC=CC(=C2)N)N,C1=CC(=CC=C1N)S(=O)(=O)C2=CC=C(C=C2)N,Iso,180.0,39.37922721175162,453.215268246247,0.883925880842128,0.000261630147165786
E1_X50_Y50,0.5,0.5,C1C(O1)CN(CC2CO2)C3=CC=C(C=C3)OCC4CO4,C1=CC(=CC(=C1)S(=O)(=O)C2=CC=CC(=C2)N)N,C1=CC(=CC=C1N)S(=O)(=O)C2=CC=C(C=C2)N,Dyn,1.0,46.34482636810401,430.2822261056,0.569394276836289,0.0240249155909238
E1_X50_Y50,0.5,0.5,C1C(O1)CN(CC2CO2)C3=CC=C(C=C3)OCC4CO4,C1=CC(=CC(=C1)S(=O)(=O)C2=CC=CC(=C2)N)N,C1=CC(=CC=C1N)S(=O)(=O)C2=CC=C(C=C2)N,Iso,180.0,21.58155524452762,453.24470414648,0.877320751174873,0.0031835446923583
E1_X100_Y0,1.0,0.0,C1C(O1)CN(CC2CO2)C3=CC=C(C=C3)OCC4CO4,C1=CC(=CC(=C1)S(=O)(=O)C2=CC=CC(=C2)N)N,C1=CC(=CC=C1N)S(=O)(=O)C2=CC=C(C=C2)N,Iso,180.0,19.511068396272563,453.24795533684994,0.899391573680377,0.00539394038889665
E1_X0_Y100,0.0,1.0,C1C(O1)CN(CC2CO2)C3=CC=C(C=C3)OCC4CO4,C1=CC(=CC(=C1)S(=O)(=O)C2=CC=CC(=C2)N)N,C1=CC(=CC=C1N)S(=O)(=O)C2=CC=C(C=C2)N,Iso,160.0,68.00382000000121,433.253389268938,0.828552681661584,0.00105926404324021
E1_X40_Y60,0.4,0.6,C1C(O1)CN(CC2CO2)C3=CC=C(C=C3)OCC4CO4,C1=CC(=CC(=C1)S(=O)(=O)C2=CC=CC(=C2)N)N,C1=CC(=CC=C1N)S(=O)(=O)C2=CC=C(C=C2)N,Dyn,1.0,98.39573463782202,482.86333110928797,0.939814364659918,0.00178453773440067
E1_X0_Y100,0.0,1.0,C1C(O1)CN(CC2CO2)C3=CC=C(C=C3)OCC4CO4,C1=CC(=CC(=C1)S(=O)(=O)C2=CC=CC(=C2)N)N,C1=CC(=CC=C1N)S(=O)(=O)C2=CC=C(C=C2)N,Iso,160.0,47.85454000000061,433.257185769603,0.774687448756891,0.00502729849211475
E1_X100_Y0,1.0,0.0,C1C(O1)CN(CC2CO2)C3=CC=C(C=C3)OCC4CO4,C1=CC(=CC(=C1)S(=O)(=O)C2=CC=CC(=C2)N)N,C1=CC(=CC=C1N)S(=O)(=O)C2=CC=C(C=C2)N,Dyn,1.0,21.126327267456006,393.75912133047996,0.044797996768612,0.00430150402959777
E1_X40_Y60,0.4,0.6,C1C(O1)CN(CC2CO2)C3=CC=C(C=C3)OCC4CO4,C1=CC(=CC(=C1)S(=O)(=O)C2=CC=CC(=C2)N)N,C1=CC(=CC=C1N)S(=O)(=O)C2=CC=C(C=C2)N,Dyn,1.0,89.450667852565,473.92350426998894,0.92402761554355,0.00182064081869239
E1_X50_Y50,0.5,0.5,C1C(O1)CN(CC2CO2)C3=CC=C(C=C3)OCC4CO4,C1=CC(=CC(=C1)S(=O)(=O)C2=CC=CC(=C2)N)N,C1=CC(=CC=C1N)S(=O)(=O)C2=CC=C(C=C2)N,Iso,180.0,5.138465534411319,453.31196772066596,0.464951889054765,0.0689044204566073
E1_X100_Y0,1.0,0.0,C1C(O1)CN(CC2CO2)C3=CC=C(C=C3)OCC4CO4,C1=CC(=CC(=C1)S(=O)(=O)C2=CC=CC(=C2)N)N,C1=CC(=CC=C1N)S(=O)(=O)C2=CC=C(C=C2)N,Dyn,1.0,84.505309069821,457.107579333713,0.935631632753963,0.00274791189604396
E1_X40_Y60,0.4,0.6,C1C(O1)CN(CC2CO2)C3=CC=C(C=C3)OCC4CO4,C1=CC(=CC(=C1)S(=O)(=O)C2=CC=CC(=C2)N)N,C1=CC(=CC=C1N)S(=O)(=O)C2=CC=C(C=C2)N,Iso,160.0,2.225126985830869,433.24182030191594,0.0730334579246614,0.0259432779991377
E1_X20_Y80,0.2,0.8,C1C(O1)CN(CC2CO2)C3=CC=C(C=C3)OCC4CO4,C1=CC(=CC(=C1)S(=O)(=O)C2=CC=CC(=C2)N)N,C1=CC(=CC=C1N)S(=O)(=O)C2=CC=C(C=C2)N,Dyn,1.0,69.913307615007,458.59339069610894,0.881494101857726,0.00433121043020498
E1_X90_Y10,0.9,0.1,C1C(O1)CN(CC2CO2)C3=CC=C(C=C3)OCC4CO4,C1=CC(=CC(=C1)S(=O)(=O)C2=CC=CC(=C2)N)N,C1=CC(=CC=C1N)S(=O)(=O)C2=CC=C(C=C2)N,Iso,180.0,42.38522041942114,453.21599989380996,0.893545115186499,0.000361886266721245
E1_X70_Y30,0.7,0.3,C1C(O1)CN(CC2CO2)C3=CC=C(C=C3)OCC4CO4,C1=CC(=CC(=C1)S(=O)(=O)C2=CC=CC(=C2)N)N,C1=CC(=CC=C1N)S(=O)(=O)C2=CC=C(C=C2)N,Iso,180.0,15.14194762214828,453.230714686257,0.799748417162444,0.0150218329120196
E1_X90_Y10,0.9,0.1,C1C(O1)CN(CC2CO2)C3=CC=C(C=C3)OCC4CO4,C1=CC(=CC(=C1)S(=O)(=O)C2=CC=CC(=C2)N)N,C1=CC(=CC=C1N)S(=O)(=O)C2=CC=C(C=C2)N,Iso,180.0,1.4128406806473688,453.30962379084497,0.179983663504246,0.084331985009475
E1_X50_Y50,0.5,0.5,C1C(O1)CN(CC2CO2)C3=CC=C(C=C3)OCC4CO4,C1=CC(=CC(=C1)S(=O)(=O)C2=CC=CC(=C2)N)N,C1=CC(=CC=C1N)S(=O)(=O)C2=CC=C(C=C2)N,Dyn,1.0,33.70532826771199,417.645906693485,0.276889094468003,0.0190049947455547
E1_X50_Y50,0.5,0.5,C1C(O1)CN(CC2CO2)C3=CC=C(C=C3)OCC4CO4,C1=CC(=CC(=C1)S(=O)(=O)C2=CC=CC(=C2)N)N,C1=CC(=CC=C1N)S(=O)(=O)C2=CC=C(C=C2)N,Iso,160.0,60.44125981952224,433.253688252835,0.834201645162863,0.000147772608219952
E1_X0_Y100,0.0,1.0,C1C(O1)CN(CC2CO2)C3=CC=C(C=C3)OCC4CO4,C1=CC(=CC(=C1)S(=O)(=O)C2=CC=CC(=C2)N)N,C1=CC(=CC=C1N)S(=O)(=O)C2=CC=C(C=C2)N,Dyn,1.0,31.862823972540014,432.57904156537495,0.327881910161296,0.0220861926725413
E1_X50_Y50,0.5,0.5,C1C(O1)CN(CC2CO2)C3=CC=C(C=C3)OCC4CO4,C1=CC(=CC(=C1)S(=O)(=O)C2=CC=CC(=C2)N)N,C1=CC(=CC=C1N)S(=O)(=O)C2=CC=C(C=C2)N,Iso,180.0,4.110772427529019,453.321298396501,0.390384298982514,0.0760825631831491
E1_X50_Y50,0.5,0.5,C1C(O1)CN(CC2CO2)C3=CC=C(C=C3)OCC4CO4,C1=CC(=CC(=C1)S(=O)(=O)C2=CC=CC(=C2)N)N,C1=CC(=CC=C1N)S(=O)(=O)C2=CC=C(C=C2)N,Iso,180.0,15.41539660323402,453.25564528372695,0.830570462600552,0.0142505104681958
E1_X40_Y60,0.4,0.6,C1C(O1)CN(CC2CO2)C3=CC=C(C=C3)OCC4CO4,C1=CC(=CC(=C1)S(=O)(=O)C2=CC=CC(=C2)N)N,C1=CC(=CC=C1N)S(=O)(=O)C2=CC=C(C=C2)N,Iso,180.0,5.973799758829831,453.274802706963,0.451968014320657,0.0613110511659736
E1_X20_Y80,0.2,0.8,C1C(O1)CN(CC2CO2)C3=CC=C(C=C3)OCC4CO4,C1=CC(=CC(=C1)S(=O)(=O)C2=CC=CC(=C2)N)N,C1=CC(=CC=C1N)S(=O)(=O)C2=CC=C(C=C2)N,Iso,160.0,82.38827216427691,433.232700139715,0.822732923379396,0.000208656489164407
E1_X40_Y60,0.4,0.6,C1C(O1)CN(CC2CO2)C3=CC=C(C=C3)OCC4CO4,C1=CC(=CC(=C1)S(=O)(=O)C2=CC=CC(=C2)N)N,C1=CC(=CC=C1N)S(=O)(=O)C2=CC=C(C=C2)N,Dyn,1.0,49.19786731891102,433.717533995936,0.590391876196238,0.0210785003780872
E1_X70_Y30,0.7,0.3,C1C(O1)CN(CC2CO2)C3=CC=C(C=C3)OCC4CO4,C1=CC(=CC(=C1)S(=O)(=O)C2=CC=CC(=C2)N)N,C1=CC(=CC=C1N)S(=O)(=O)C2=CC=C(C=C2)N,Iso,180.0,7.570973811074279,453.260997035752,0.592454400742528,0.046172947146165
E1_X0_Y100,0.0,1.0,C1C(O1)CN(CC2CO2)C3=CC=C(C=C3)OCC4CO4,C1=CC(=CC(=C1)S(=O)(=O)C2=CC=CC(=C2)N)N,C1=CC(=CC=C1N)S(=O)(=O)C2=CC=C(C=C2)N,Iso,180.0,11.852542222526502,453.26868868330496,0.637331485810954,0.029548782773085
E1_X90_Y10,0.9,0.1,C1C(O1)CN(CC2CO2)C3=CC=C(C=C3)OCC4CO4,C1=CC(=CC(=C1)S(=O)(=O)C2=CC=CC(=C2)N)N,C1=CC(=CC=C1N)S(=O)(=O)C2=CC=C(C=C2)N,Iso,180.0,40.97237973877364,453.21599688331094,0.893024934572576,0.000390372273821121
E1_X50_Y50,0.5,0.5,C1C(O1)CN(CC2CO2)C3=CC=C(C=C3)OCC4CO4,C1=CC(=CC(=C1)S(=O)(=O)C2=CC=CC(=C2)N)N,C1=CC(=CC=C1N)S(=O)(=O)C2=CC=C(C=C2)N,Iso,180.0,24.664634565174417,453.243457675254,0.884434726906041,0.0016703372179393
E1_X40_Y60,0.4,0.6,C1C(O1)CN(CC2CO2)C3=CC=C(C=C3)OCC4CO4,C1=CC(=CC(=C1)S(=O)(=O)C2=CC=CC(=C2)N)N,C1=CC(=CC=C1N)S(=O)(=O)C2=CC=C(C=C2)N,Iso,160.0,15.57588890081587,433.250131671832,0.478930659795775,0.0266732016356335
E1_X70_Y30,0.7,0.3,C1C(O1)CN(CC2CO2)C3=CC=C(C=C3)OCC4CO4,C1=CC(=CC(=C1)S(=O)(=O)C2=CC=CC(=C2)N)N,C1=CC(=CC=C1N)S(=O)(=O)C2=CC=C(C=C2)N,Iso,160.0,51.64821750331471,433.230999971213,0.816007265507728,0.000770279553542038
E1_X20_Y80,0.2,0.8,C1C(O1)CN(CC2CO2)C3=CC=C(C=C3)OCC4CO4,C1=CC(=CC(=C1)S(=O)(=O)C2=CC=CC(=C2)N)N,C1=CC(=CC=C1N)S(=O)(=O)C2=CC=C(C=C2)N,Iso,180.0,17.501878760778517,453.229472677815,0.805052903029626,0.0150749934945559
E1_X40_Y60,0.4,0.6,C1C(O1)CN(CC2CO2)C3=CC=C(C=C3)OCC4CO4,C1=CC(=CC(=C1)S(=O)(=O)C2=CC=CC(=C2)N)N,C1=CC(=CC=C1N)S(=O)(=O)C2=CC=C(C=C2)N,Dyn,1.0,44.72533392628202,429.249524776056,0.493008046067691,0.0221980916006349
E1_X100_Y0,1.0,0.0,C1C(O1)CN(CC2CO2)C3=CC=C(C=C3)OCC4CO4,C1=CC(=CC(=C1)S(=O)(=O)C2=CC=CC(=C2)N)N,C1=CC(=CC=C1N)S(=O)(=O)C2=CC=C(C=C2)N,Iso,180.0,0.0,453.34758766605694,0.120203318342866,0.0813236932233835
E1_X100_Y0,1.0,0.0,C1C(O1)CN(CC2CO2)C3=CC=C(C=C3)OCC4CO4,C1=CC(=CC(=C1)S(=O)(=O)C2=CC=CC(=C2)N)N,C1=CC(=CC=C1N)S(=O)(=O)C2=CC=C(C=C2)N,Iso,160.0,12.30679828429241,433.288255055478,0.519026219386071,0.0322117258140671
E1_X70_Y30,0.7,0.3,C1C(O1)CN(CC2CO2)C3=CC=C(C=C3)OCC4CO4,C1=CC(=CC(=C1)S(=O)(=O)C2=CC=CC(=C2)N)N,C1=CC(=CC=C1N)S(=O)(=O)C2=CC=C(C=C2)N,Dyn,1.0,83.380954717195,459.51539226528894,0.919823129256902,0.00273510066821702
E1_X70_Y30,0.7,0.3,C1C(O1)CN(CC2CO2)C3=CC=C(C=C3)OCC4CO4,C1=CC(=CC(=C1)S(=O)(=O)C2=CC=CC(=C2)N)N,C1=CC(=CC=C1N)S(=O)(=O)C2=CC=C(C=C2)N,Iso,180.0,0.0,453.511123674964,0.0684722889448191,0.0701807403572052
E1_X20_Y80,0.2,0.8,C1C(O1)CN(CC2CO2)C3=CC=C(C=C3)OCC4CO4,C1=CC(=CC(=C1)S(=O)(=O)C2=CC=CC(=C2)N)N,C1=CC(=CC=C1N)S(=O)(=O)C2=CC=C(C=C2)N,Dyn,1.0,23.304435871669,412.01810834551895,0.126535039952592,0.00919960275104562
E1_X70_Y30,0.7,0.3,C1C(O1)CN(CC2CO2)C3=CC=C(C=C3)OCC4CO4,C1=CC(=CC(=C1)S(=O)(=O)C2=CC=CC(=C2)N)N,C1=CC(=CC=C1N)S(=O)(=O)C2=CC=C(C=C2)N,Dyn,1.0,70.21554081448001,446.36568189200096,0.850921079735717,0.00913839386706015
E1_X40_Y60,0.4,0.6,C1C(O1)CN(CC2CO2)C3=CC=C(C=C3)OCC4CO4,C1=CC(=CC(=C1)S(=O)(=O)C2=CC=CC(=C2)N)N,C1=CC(=CC=C1N)S(=O)(=O)C2=CC=C(C=C2)N,Iso,160.0,46.727666702447266,433.225233163138,0.813075907825947,0.0015163782431826
E1_X90_Y10,0.9,0.1,C1C(O1)CN(CC2CO2)C3=CC=C(C=C3)OCC4CO4,C1=CC(=CC(=C1)S(=O)(=O)C2=CC=CC(=C2)N)N,C1=CC(=CC=C1N)S(=O)(=O)C2=CC=C(C=C2)N,Iso,180.0,29.66965429359434,453.21682685356996,0.884858837902744,0.00124182436519966
E1_X90_Y10,0.9,0.1,C1C(O1)CN(CC2CO2)C3=CC=C(C=C3)OCC4CO4,C1=CC(=CC(=C1)S(=O)(=O)C2=CC=CC(=C2)N)N,C1=CC(=CC=C1N)S(=O)(=O)C2=CC=C(C=C2)N,Iso,160.0,22.380856388598232,433.24869558250697,0.681751632362766,0.0136301307601347
E1_X70_Y30,0.7,0.3,C1C(O1)CN(CC2CO2)C3=CC=C(C=C3)OCC4CO4,C1=CC(=CC(=C1)S(=O)(=O)C2=CC=CC(=C2)N)N,C1=CC(=CC=C1N)S(=O)(=O)C2=CC=C(C=C2)N,Iso,160.0,42.665918807086314,433.23204505929994,0.804724729122671,0.00193004552672107
E1_X100_Y0,1.0,0.0,C1C(O1)CN(CC2CO2)C3=CC=C(C=C3)OCC4CO4,C1=CC(=CC(=C1)S(=O)(=O)C2=CC=CC(=C2)N)N,C1=CC(=CC=C1N)S(=O)(=O)C2=CC=C(C=C2)N,Iso,160.0,38.45874463841431,433.25575121329894,0.827929929753082,0.00178844794718996
E1_X0_Y100,0.0,1.0,C1C(O1)CN(CC2CO2)C3=CC=C(C=C3)OCC4CO4,C1=CC(=CC(=C1)S(=O)(=O)C2=CC=CC(=C2)N)N,C1=CC(=CC=C1N)S(=O)(=O)C2=CC=C(C=C2)N,Dyn,1.0,86.48480792546701,487.15299972929995,0.94461081811394,0.00124131516393108
E1_X100_Y0,1.0,0.0,C1C(O1)CN(CC2CO2)C3=CC=C(C=C3)OCC4CO4,C1=CC(=CC(=C1)S(=O)(=O)C2=CC=CC(=C2)N)N,C1=CC(=CC=C1N)S(=O)(=O)C2=CC=C(C=C2)N,Iso,180.0,24.93080961745946,453.24350231224093,0.91761517300179,0.00204102710926605
E1_X70_Y30,0.7,0.3,C1C(O1)CN(CC2CO2)C3=CC=C(C=C3)OCC4CO4,C1=CC(=CC(=C1)S(=O)(=O)C2=CC=CC(=C2)N)N,C1=CC(=CC=C1N)S(=O)(=O)C2=CC=C(C=C2)N,Iso,160.0,35.92919478491491,433.234255307065,0.784849516858441,0.00437033208906074
E1_X70_Y30,0.7,0.3,C1C(O1)CN(CC2CO2)C3=CC=C(C=C3)OCC4CO4,C1=CC(=CC(=C1)S(=O)(=O)C2=CC=CC(=C2)N)N,C1=CC(=CC=C1N)S(=O)(=O)C2=CC=C(C=C2)N,Iso,180.0,30.28389524429628,453.21753522062795,0.879354617069966,0.00113009344965033
E1_X0_Y100,0.0,1.0,C1C(O1)CN(CC2CO2)C3=CC=C(C=C3)OCC4CO4,C1=CC(=CC(=C1)S(=O)(=O)C2=CC=CC(=C2)N)N,C1=CC(=CC=C1N)S(=O)(=O)C2=CC=C(C=C2)N,Dyn,1.0,113.79579990193099,514.4520563798189,0.983021268294968,0.00135158108813092
E1_X50_Y50,0.5,0.5,C1C(O1)CN(CC2CO2)C3=CC=C(C=C3)OCC4CO4,C1=CC(=CC(=C1)S(=O)(=O)C2=CC=CC(=C2)N)N,C1=CC(=CC=C1N)S(=O)(=O)C2=CC=C(C=C2)N,Iso,160.0,50.36771651626854,433.253732708803,0.830431361347074,0.000640216133007904
E1_X70_Y30,0.7,0.3,C1C(O1)CN(CC2CO2)C3=CC=C(C=C3)OCC4CO4,C1=CC(=CC(=C1)S(=O)(=O)C2=CC=CC(=C2)N)N,C1=CC(=CC=C1N)S(=O)(=O)C2=CC=C(C=C2)N,Iso,160.0,15.71902271840051,433.25386349633595,0.536961865974359,0.0244383335932485
E1_X50_Y50,0.5,0.5,C1C(O1)CN(CC2CO2)C3=CC=C(C=C3)OCC4CO4,C1=CC(=CC(=C1)S(=O)(=O)C2=CC=CC(=C2)N)N,C1=CC(=CC=C1N)S(=O)(=O)C2=CC=C(C=C2)N,Dyn,1.0,88.47648670274401,472.366460137638,0.941990385544979,0.00140349459976676
E1_X40_Y60,0.4,0.6,C1C(O1)CN(CC2CO2)C3=CC=C(C=C3)OCC4CO4,C1=CC(=CC(=C1)S(=O)(=O)C2=CC=CC(=C2)N)N,C1=CC(=CC=C1N)S(=O)(=O)C2=CC=C(C=C2)N,Iso,160.0,60.07842861743247,433.22363683747494,0.822845211428847,0.000275810861007364
E1_X20_Y80,0.2,0.8,C1C(O1)CN(CC2CO2)C3=CC=C(C=C3)OCC4CO4,C1=CC(=CC(=C1)S(=O)(=O)C2=CC=CC(=C2)N)N,C1=CC(=CC=C1N)S(=O)(=O)C2=CC=C(C=C2)N,Iso,180.0,11.66791917385232,453.24468014573495,0.67355133165108,0.0319914447406685
E1_X90_Y10,0.9,0.1,C1C(O1)CN(CC2CO2)C3=CC=C(C=C3)OCC4CO4,C1=CC(=CC(=C1)S(=O)(=O)C2=CC=CC(=C2)N)N,C1=CC(=CC=C1N)S(=O)(=O)C2=CC=C(C=C2)N,Dyn,1.0,11.98538674484999,395.888328416966,0.0602470905005907,0.00497640025867667
E1_X100_Y0,1.0,0.0,C1C(O1)CN(CC2CO2)C3=CC=C(C=C3)OCC4CO4,C1=CC(=CC(=C1)S(=O)(=O)C2=CC=CC(=C2)N)N,C1=CC(=CC=C1N)S(=O)(=O)C2=CC=C(C=C2)N,Iso,180.0,5.41974122118676,453.305791628874,0.575984881965495,0.0616786114899263
E1_X100_Y0,1.0,0.0,C1C(O1)CN(CC2CO2)C3=CC=C(C=C3)OCC4CO4,C1=CC(=CC(=C1)S(=O)(=O)C2=CC=CC(=C2)N)N,C1=CC(=CC=C1N)S(=O)(=O)C2=CC=C(C=C2)N,Iso,160.0,15.38349785536561,433.28020689487,0.605628951596113,0.0244020350937602
E1_X90_Y10,0.9,0.1,C1C(O1)CN(CC2CO2)C3=CC=C(C=C3)OCC4CO4,C1=CC(=CC(=C1)S(=O)(=O)C2=CC=CC(=C2)N)N,C1=CC(=CC=C1N)S(=O)(=O)C2=CC=C(C=C2)N,Iso,180.0,24.01829157100464,453.21720390671396,0.874383169497315,0.00275907490968176
E1_X100_Y0,1.0,0.0,C1C(O1)CN(CC2CO2)C3=CC=C(C=C3)OCC4CO4,C1=CC(=CC(=C1)S(=O)(=O)C2=CC=CC(=C2)N)N,C1=CC(=CC=C1N)S(=O)(=O)C2=CC=C(C=C2)N,Dyn,1.0,105.63163633727599,478.22313210526795,0.972630325826204,0.00161818515324218
E1_X100_Y0,1.0,0.0,C1C(O1)CN(CC2CO2)C3=CC=C(C=C3)OCC4CO4,C1=CC(=CC(=C1)S(=O)(=O)C2=CC=CC(=C2)N)N,C1=CC(=CC=C1N)S(=O)(=O)C2=CC=C(C=C2)N,Iso,180.0,26.014757861696857,453.24429395963597,0.919669666596284,0.0017539718086741
E1_X0_Y100,0.0,1.0,C1C(O1)CN(CC2CO2)C3=CC=C(C=C3)OCC4CO4,C1=CC(=CC(=C1)S(=O)(=O)C2=CC=CC(=C2)N)N,C1=CC(=CC=C1N)S(=O)(=O)C2=CC=C(C=C2)N,Iso,160.0,77.07099600000141,433.253154505147,0.836078239958249,0.000575603248002956
E1_X40_Y60,0.4,0.6,C1C(O1)CN(CC2CO2)C3=CC=C(C=C3)OCC4CO4,C1=CC(=CC(=C1)S(=O)(=O)C2=CC=CC(=C2)N)N,C1=CC(=CC=C1N)S(=O)(=O)C2=CC=C(C=C2)N,Iso,180.0,35.84279855297983,453.214865826214,0.88037859107682,0.000751260161663167
E1_X20_Y80,0.2,0.8,C1C(O1)CN(CC2CO2)C3=CC=C(C=C3)OCC4CO4,C1=CC(=CC(=C1)S(=O)(=O)C2=CC=CC(=C2)N)N,C1=CC(=CC=C1N)S(=O)(=O)C2=CC=C(C=C2)N,Iso,160.0,45.77126231348801,433.235737349883,0.792877965459652,0.00292455369702599
E1_X40_Y60,0.4,0.6,C1C(O1)CN(CC2CO2)C3=CC=C(C=C3)OCC4CO4,C1=CC(=CC(=C1)S(=O)(=O)C2=CC=CC(=C2)N)N,C1=CC(=CC=C1N)S(=O)(=O)C2=CC=C(C=C2)N,Dyn,1.0,58.14293410416701,442.64914992966396,0.752522929006211,0.0147546340335025
E1_X0_Y100,0.0,1.0,C1C(O1)CN(CC2CO2)C3=CC=C(C=C3)OCC4CO4,C1=CC(=CC(=C1)S(=O)(=O)C2=CC=CC(=C2)N)N,C1=CC(=CC=C1N)S(=O)(=O)C2=CC=C(C=C2)N,Dyn,1.0,77.38114393331301,478.05531289252394,0.932922189542792,0.00148161042774112
E1_X50_Y50,0.5,0.5,C1C(O1)CN(CC2CO2)C3=CC=C(C=C3)OCC4CO4,C1=CC(=CC(=C1)S(=O)(=O)C2=CC=CC(=C2)N)N,C1=CC(=CC=C1N)S(=O)(=O)C2=CC=C(C=C2)N,Iso,160.0,40.29417321301484,433.255243089263,0.818063504394524,0.00220389938310656
E1_X20_Y80,0.2,0.8,C1C(O1)CN(CC2CO2)C3=CC=C(C=C3)OCC4CO4,C1=CC(=CC(=C1)S(=O)(=O)C2=CC=CC(=C2)N)N,C1=CC(=CC=C1N)S(=O)(=O)C2=CC=C(C=C2)N,Iso,180.0,26.252818141167715,453.21686537452,0.870530999152366,0.00258000239395925
E1_X40_Y60,0.4,0.6,C1C(O1)CN(CC2CO2)C3=CC=C(C=C3)OCC4CO4,C1=CC(=CC(=C1)S(=O)(=O)C2=CC=CC(=C2)N)N,C1=CC(=CC=C1N)S(=O)(=O)C2=CC=C(C=C2)N,Iso,180.0,8.96069963824483,453.255016390216,0.604982190048909,0.0420772223824597
E1_X90_Y10,0.9,0.1,C1C(O1)CN(CC2CO2)C3=CC=C(C=C3)OCC4CO4,C1=CC(=CC(=C1)S(=O)(=O)C2=CC=CC(=C2)N)N,C1=CC(=CC=C1N)S(=O)(=O)C2=CC=C(C=C2)N,Iso,180.0,4.23852204194214,453.29758981981195,0.419456293469584,0.0769436435716132
E1_X20_Y80,0.2,0.8,C1C(O1)CN(CC2CO2)C3=CC=C(C=C3)OCC4CO4,C1=CC(=CC(=C1)S(=O)(=O)C2=CC=CC(=C2)N)N,C1=CC(=CC=C1N)S(=O)(=O)C2=CC=C(C=C2)N,Dyn,1.0,46.608871743338,435.32368207288994,0.548200283614727,0.0232444606670838
E1_X40_Y60,0.4,0.6,C1C(O1)CN(CC2CO2)C3=CC=C(C=C3)OCC4CO4,C1=CC(=CC(=C1)S(=O)(=O)C2=CC=CC(=C2)N)N,C1=CC(=CC=C1N)S(=O)(=O)C2=CC=C(C=C2)N,Iso,180.0,31.362448733857327,453.21561195238894,0.876157329351979,0.00117683044344334
E1_X90_Y10,0.9,0.1,C1C(O1)CN(CC2CO2)C3=CC=C(C=C3)OCC4CO4,C1=CC(=CC(=C1)S(=O)(=O)C2=CC=CC(=C2)N)N,C1=CC(=CC=C1N)S(=O)(=O)C2=CC=C(C=C2)N,Dyn,1.0,43.94641806445,427.852728624552,0.55332513299677,0.0231327875734972
E1_X90_Y10,0.9,0.1,C1C(O1)CN(CC2CO2)C3=CC=C(C=C3)OCC4CO4,C1=CC(=CC(=C1)S(=O)(=O)C2=CC=CC(=C2)N)N,C1=CC(=CC=C1N)S(=O)(=O)C2=CC=C(C=C2)N,Dyn,1.0,59.92693372424898,443.80770022737295,0.823426874664679,0.0106003375141746
E1_X100_Y0,1.0,0.0,C1C(O1)CN(CC2CO2)C3=CC=C(C=C3)OCC4CO4,C1=CC(=CC(=C1)S(=O)(=O)C2=CC=CC(=C2)N)N,C1=CC(=CC=C1N)S(=O)(=O)C2=CC=C(C=C2)N,Dyn,1.0,25.35159272094701,397.984385405659,0.0659796618779467,0.0057224835651254
E1_X20_Y80,0.2,0.8,C1C(O1)CN(CC2CO2)C3=CC=C(C=C3)OCC4CO4,C1=CC(=CC(=C1)S(=O)(=O)C2=CC=CC(=C2)N)N,C1=CC(=CC=C1N)S(=O)(=O)C2=CC=C(C=C2)N,Dyn,1.0,0.0,388.71977266379696,0.0196722020769799,0.00192211920878682
E1_X90_Y10,0.9,0.1,C1C(O1)CN(CC2CO2)C3=CC=C(C=C3)OCC4CO4,C1=CC(=CC(=C1)S(=O)(=O)C2=CC=CC(=C2)N)N,C1=CC(=CC=C1N)S(=O)(=O)C2=CC=C(C=C2)N,Iso,180.0,2.8256813612947393,453.309005112724,0.302718049455959,0.0869794919517233
E1_X50_Y50,0.5,0.5,C1C(O1)CN(CC2CO2)C3=CC=C(C=C3)OCC4CO4,C1=CC(=CC(=C1)S(=O)(=O)C2=CC=CC(=C2)N)N,C1=CC(=CC=C1N)S(=O)(=O)C2=CC=C(C=C2)N,Dyn,1.0,80.050154635816,463.945974577829,0.929515861720732,0.0016718555517153
E1_X50_Y50,0.5,0.5,C1C(O1)CN(CC2CO2)C3=CC=C(C=C3)OCC4CO4,C1=CC(=CC(=C1)S(=O)(=O)C2=CC=CC(=C2)N)N,C1=CC(=CC=C1N)S(=O)(=O)C2=CC=C(C=C2)N,Dyn,1.0,0.0,383.94057350068596,0.0199052501578816,0.0017922739544278
E1_X40_Y60,0.4,0.6,C1C(O1)CN(CC2CO2)C3=CC=C(C=C3)OCC4CO4,C1=CC(=CC(=C1)S(=O)(=O)C2=CC=CC(=C2)N)N,C1=CC(=CC=C1N)S(=O)(=O)C2=CC=C(C=C2)N,Iso,180.0,19.41484921619733,453.22214147104796,0.836340647817294,0.00873669251899588
E1_X0_Y100,0.0,1.0,C1C(O1)CN(CC2CO2)C3=CC=C(C=C3)OCC4CO4,C1=CC(=CC(=C1)S(=O)(=O)C2=CC=CC(=C2)N)N,C1=CC(=CC=C1N)S(=O)(=O)C2=CC=C(C=C2)N,Dyn,1.0,22.759159980385988,423.470380829933,0.165131029319831,0.0132778257639867
E1_X0_Y100,0.0,1.0,C1C(O1)CN(CC2CO2)C3=CC=C(C=C3)OCC4CO4,C1=CC(=CC(=C1)S(=O)(=O)C2=CC=CC(=C2)N)N,C1=CC(=CC=C1N)S(=O)(=O)C2=CC=C(C=C2)N,Iso,160.0,45.33588000000061,433.25850079638496,0.761181552807286,0.00579231133693599
E1_X40_Y60,0.4,0.6,C1C(O1)CN(CC2CO2)C3=CC=C(C=C3)OCC4CO4,C1=CC(=CC(=C1)S(=O)(=O)C2=CC=CC(=C2)N)N,C1=CC(=CC=C1N)S(=O)(=O)C2=CC=C(C=C2)N,Iso,160.0,53.403047659939666,433.22434191218395,0.819954735440932,0.00065270021042791
E1_X50_Y50,0.5,0.5,C1C(O1)CN(CC2CO2)C3=CC=C(C=C3)OCC4CO4,C1=CC(=CC(=C1)S(=O)(=O)C2=CC=CC(=C2)N)N,C1=CC(=CC=C1N)S(=O)(=O)C2=CC=C(C=C2)N,Iso,180.0,8.221544855058118,453.28710435052494,0.638196468067543,0.0445183347419656
E1_X90_Y10,0.9,0.1,C1C(O1)CN(CC2CO2)C3=CC=C(C=C3)OCC4CO4,C1=CC(=CC(=C1)S(=O)(=O)C2=CC=CC(=C2)N)N,C1=CC(=CC=C1N)S(=O)(=O)C2=CC=C(C=C2)N,Iso,180.0,15.54124748712074,453.228000010295,0.817682381877353,0.0129488136041881
E1_X0_Y100,0.0,1.0,C1C(O1)CN(CC2CO2)C3=CC=C(C=C3)OCC4CO4,C1=CC(=CC(=C1)S(=O)(=O)C2=CC=CC(=C2)N)N,C1=CC(=CC=C1N)S(=O)(=O)C2=CC=C(C=C2)N,Dyn,1.0,72.82931193723601,473.50500231966197,0.925200500769879,0.0020002067660296
E1_X0_Y100,0.0,1.0,C1C(O1)CN(CC2CO2)C3=CC=C(C=C3)OCC4CO4,C1=CC(=CC(=C1)S(=O)(=O)C2=CC=CC(=C2)N)N,C1=CC(=CC=C1N)S(=O)(=O)C2=CC=C(C=C2)N,Iso,160.0,52.89186000000081,433.25608810373194,0.796465040612062,0.00368042225139057
E1_X90_Y10,0.9,0.1,C1C(O1)CN(CC2CO2)C3=CC=C(C=C3)OCC4CO4,C1=CC(=CC(=C1)S(=O)(=O)C2=CC=CC(=C2)N)N,C1=CC(=CC=C1N)S(=O)(=O)C2=CC=C(C=C2)N,Iso,180.0,12.715566125826138,453.23517287653897,0.772668288210493,0.0194975030424217
E1_X90_Y10,0.9,0.1,C1C(O1)CN(CC2CO2)C3=CC=C(C=C3)OCC4CO4,C1=CC(=CC(=C1)S(=O)(=O)C2=CC=CC(=C2)N)N,C1=CC(=CC=C1N)S(=O)(=O)C2=CC=C(C=C2)N,Iso,160.0,11.190428194299031,433.27399999977297,0.426491560828426,0.0344243730637337
E1_X0_Y100,0.0,1.0,C1C(O1)CN(CC2CO2)C3=CC=C(C=C3)OCC4CO4,C1=CC(=CC(=C1)S(=O)(=O)C2=CC=CC(=C2)N)N,C1=CC(=CC=C1N)S(=O)(=O)C2=CC=C(C=C2)N,Dyn,1.0,13.65549598823199,414.36427853220596,0.0765362906275284,0.00669612725148385
E1_X40_Y60,0.4,0.6,C1C(O1)CN(CC2CO2)C3=CC=C(C=C3)OCC4CO4,C1=CC(=CC(=C1)S(=O)(=O)C2=CC=CC(=C2)N)N,C1=CC(=CC=C1N)S(=O)(=O)C2=CC=C(C=C2)N,Iso,180.0,43.31004825151733,453.215579318692,0.884576789232964,0.000453466600905729
E1_X40_Y60,0.4,0.6,C1C(O1)CN(CC2CO2)C3=CC=C(C=C3)OCC4CO4,C1=CC(=CC(=C1)S(=O)(=O)C2=CC=CC(=C2)N)N,C1=CC(=CC=C1N)S(=O)(=O)C2=CC=C(C=C2)N,Iso,180.0,2.9868998794149295,453.285447621085,0.247034809600285,0.072285779659448
E1_X90_Y10,0.9,0.1,C1C(O1)CN(CC2CO2)C3=CC=C(C=C3)OCC4CO4,C1=CC(=CC(=C1)S(=O)(=O)C2=CC=CC(=C2)N)N,C1=CC(=CC=C1N)S(=O)(=O)C2=CC=C(C=C2)N,Iso,160.0,55.95214097149423,433.23298995923494,0.813802231901179,0.000414948843803524
E1_X50_Y50,0.5,0.5,C1C(O1)CN(CC2CO2)C3=CC=C(C=C3)OCC4CO4,C1=CC(=CC(=C1)S(=O)(=O)C2=CC=CC(=C2)N)N,C1=CC(=CC=C1N)S(=O)(=O)C2=CC=C(C=C2)N,Iso,160.0,18.13237794585664,433.277999999994,0.587561108745105,0.0230252297849494
E1_X90_Y10,0.9,0.1,C1C(O1)CN(CC2CO2)C3=CC=C(C=C3)OCC4CO4,C1=CC(=CC(=C1)S(=O)(=O)C2=CC=CC(=C2)N)N,C1=CC(=CC=C1N)S(=O)(=O)C2=CC=C(C=C2)N,Dyn,1.0,3.995128914949987,387.901550421574,0.0297428978991481,0.00283853424734445
E1_X40_Y60,0.4,0.6,C1C(O1)CN(CC2CO2)C3=CC=C(C=C3)OCC4CO4,C1=CC(=CC(=C1)S(=O)(=O)C2=CC=CC(=C2)N)N,C1=CC(=CC=C1N)S(=O)(=O)C2=CC=C(C=C2)N,Iso,180.0,4.480349819122431,453.283834310429,0.353924933990256,0.0696993133657264
E1_X20_Y80,0.2,0.8,C1C(O1)CN(CC2CO2)C3=CC=C(C=C3)OCC4CO4,C1=CC(=CC(=C1)S(=O)(=O)C2=CC=CC(=C2)N)N,C1=CC(=CC=C1N)S(=O)(=O)C2=CC=C(C=C2)N,Iso,160.0,54.92551477618571,433.23400409042995,0.809740507208059,0.00111609770408824
E1_X0_Y100,0.0,1.0,C1C(O1)CN(CC2CO2)C3=CC=C(C=C3)OCC4CO4,C1=CC(=CC(=C1)S(=O)(=O)C2=CC=CC(=C2)N)N,C1=CC(=CC=C1N)S(=O)(=O)C2=CC=C(C=C2)N,Dyn,1.0,118.34763189800901,519.000944503872,0.988948654630571,0.00124943837667739
E1_X70_Y30,0.7,0.3,C1C(O1)CN(CC2CO2)C3=CC=C(C=C3)OCC4CO4,C1=CC(=CC(=C1)S(=O)(=O)C2=CC=CC(=C2)N)N,C1=CC(=CC=C1N)S(=O)(=O)C2=CC=C(C=C2)N,Iso,180.0,16.40377659066068,453.227999983151,0.817037327238234,0.0125186801990941
E1_X20_Y80,0.2,0.8,C1C(O1)CN(CC2CO2)C3=CC=C(C=C3)OCC4CO4,C1=CC(=CC(=C1)S(=O)(=O)C2=CC=CC(=C2)N)N,C1=CC(=CC=C1N)S(=O)(=O)C2=CC=C(C=C2)N,Iso,180.0,37.92073731502012,453.215119258547,0.883507438928598,0.000351501153336511
E1_X0_Y100,0.0,1.0,C1C(O1)CN(CC2CO2)C3=CC=C(C=C3)OCC4CO4,C1=CC(=CC(=C1)S(=O)(=O)C2=CC=CC(=C2)N)N,C1=CC(=CC=C1N)S(=O)(=O)C2=CC=C(C=C2)N,Iso,160.0,57.92918000000091,433.25451433660794,0.811801441899155,0.00244311038009058
E1_X20_Y80,0.2,0.8,C1C(O1)CN(CC2CO2)C3=CC=C(C=C3)OCC4CO4,C1=CC(=CC(=C1)S(=O)(=O)C2=CC=CC(=C2)N)N,C1=CC(=CC=C1N)S(=O)(=O)C2=CC=C(C=C2)N,Iso,160.0,67.13118472644851,433.233448276993,0.818305192592376,0.000444580394598802
E1_X0_Y100,0.0,1.0,C1C(O1)CN(CC2CO2)C3=CC=C(C=C3)OCC4CO4,C1=CC(=CC(=C1)S(=O)(=O)C2=CC=CC(=C2)N)N,C1=CC(=CC=C1N)S(=O)(=O)C2=CC=C(C=C2)N,Iso,160.0,25.186600000000006,433.270822475862,0.549069722718669,0.0170700494530834
E1_X100_Y0,1.0,0.0,C1C(O1)CN(CC2CO2)C3=CC=C(C=C3)OCC4CO4,C1=CC(=CC(=C1)S(=O)(=O)C2=CC=CC(=C2)N)N,C1=CC(=CC=C1N)S(=O)(=O)C2=CC=C(C=C2)N,Iso,180.0,8.67158595389886,453.27736948896796,0.726412412986458,0.0342380066154753
E1_X20_Y80,0.2,0.8,C1C(O1)CN(CC2CO2)C3=CC=C(C=C3)OCC4CO4,C1=CC(=CC(=C1)S(=O)(=O)C2=CC=CC(=C2)N)N,C1=CC(=CC=C1N)S(=O)(=O)C2=CC=C(C=C2)N,Iso,180.0,0.0,453.36419679374296,0.0493105864764121,0.0518761764264657
E1_X90_Y10,0.9,0.1,C1C(O1)CN(CC2CO2)C3=CC=C(C=C3)OCC4CO4,C1=CC(=CC(=C1)S(=O)(=O)C2=CC=CC(=C2)N)N,C1=CC(=CC=C1N)S(=O)(=O)C2=CC=C(C=C2)N,Iso,180.0,5.65136272258944,453.279867935802,0.517200915156524,0.0619768209499732
E1_X100_Y0,1.0,0.0,C1C(O1)CN(CC2CO2)C3=CC=C(C=C3)OCC4CO4,C1=CC(=CC(=C1)S(=O)(=O)C2=CC=CC(=C2)N)N,C1=CC(=CC=C1N)S(=O)(=O)C2=CC=C(C=C2)N,Iso,180.0,28.18265435017156,453.24343536619995,0.923005583816317,0.00139124900649372
E1_X70_Y30,0.7,0.3,C1C(O1)CN(CC2CO2)C3=CC=C(C=C3)OCC4CO4,C1=CC(=CC(=C1)S(=O)(=O)C2=CC=CC(=C2)N)N,C1=CC(=CC=C1N)S(=O)(=O)C2=CC=C(C=C2)N,Iso,180.0,22.71292143322228,453.220700253156,0.863800225843683,0.00365919301248527
E1_X70_Y30,0.7,0.3,C1C(O1)CN(CC2CO2)C3=CC=C(C=C3)OCC4CO4,C1=CC(=CC(=C1)S(=O)(=O)C2=CC=CC(=C2)N)N,C1=CC(=CC=C1N)S(=O)(=O)C2=CC=C(C=C2)N,Iso,180.0,31.545724212808683,453.21812907244396,0.880673724708151,0.000961978345816837
E1_X20_Y80,0.2,0.8,C1C(O1)CN(CC2CO2)C3=CC=C(C=C3)OCC4CO4,C1=CC(=CC(=C1)S(=O)(=O)C2=CC=CC(=C2)N)N,C1=CC(=CC=C1N)S(=O)(=O)C2=CC=C(C=C2)N,Dyn,1.0,65.252420440673,453.939263375986,0.853523213340995,0.00823986336228414
E1_X70_Y30,0.7,0.3,C1C(O1)CN(CC2CO2)C3=CC=C(C=C3)OCC4CO4,C1=CC(=CC(=C1)S(=O)(=O)C2=CC=CC(=C2)N)N,C1=CC(=CC=C1N)S(=O)(=O)C2=CC=C(C=C2)N,Iso,180.0,25.236579370246982,453.21941568153795,0.87115766796435,0.00230892678513797
E1_X40_Y60,0.4,0.6,C1C(O1)CN(CC2CO2)C3=CC=C(C=C3)OCC4CO4,C1=CC(=CC(=C1)S(=O)(=O)C2=CC=CC(=C2)N)N,C1=CC(=CC=C1N)S(=O)(=O)C2=CC=C(C=C2)N,Iso,180.0,41.81659831180983,453.21565403808097,0.883920347752265,0.000428104161889783
E1_X90_Y10,0.9,0.1,C1C(O1)CN(CC2CO2)C3=CC=C(C=C3)OCC4CO4,C1=CC(=CC(=C1)S(=O)(=O)C2=CC=CC(=C2)N)N,C1=CC(=CC=C1N)S(=O)(=O)C2=CC=C(C=C2)N,Iso,180.0,11.302725445178838,453.239969129202,0.742041628079269,0.0242334080664851
E1_X70_Y30,0.7,0.3,C1C(O1)CN(CC2CO2)C3=CC=C(C=C3)OCC4CO4,C1=CC(=CC(=C1)S(=O)(=O)C2=CC=CC(=C2)N)N,C1=CC(=CC=C1N)S(=O)(=O)C2=CC=C(C=C2)N,Iso,180.0,32.807553181320976,453.216999999971,0.881766368873322,0.000773190394340057
E1_X0_Y100,0.0,1.0,C1C(O1)CN(CC2CO2)C3=CC=C(C=C3)OCC4CO4,C1=CC(=CC(=C1)S(=O)(=O)C2=CC=CC(=C2)N)N,C1=CC(=CC=C1N)S(=O)(=O)C2=CC=C(C=C2)N,Iso,180.0,8.8894066668949,453.278212680549,0.536131359454449,0.0394990234214059
E1_X70_Y30,0.7,0.3,C1C(O1)CN(CC2CO2)C3=CC=C(C=C3)OCC4CO4,C1=CC(=CC(=C1)S(=O)(=O)C2=CC=CC(=C2)N)N,C1=CC(=CC=C1N)S(=O)(=O)C2=CC=C(C=C2)N,Dyn,1.0,92.15789731900502,468.285452957087,0.937879920870801,0.0017188322141641
E1_X100_Y0,1.0,0.0,C1C(O1)CN(CC2CO2)C3=CC=C(C=C3)OCC4CO4,C1=CC(=CC(=C1)S(=O)(=O)C2=CC=CC(=C2)N)N,C1=CC(=CC=C1N)S(=O)(=O)C2=CC=C(C=C2)N,Iso,180.0,20.59501664050996,453.24699999094497,0.90462165202894,0.00434746414773635
E1_X40_Y60,0.4,0.6,C1C(O1)CN(CC2CO2)C3=CC=C(C=C3)OCC4CO4,C1=CC(=CC(=C1)S(=O)(=O)C2=CC=CC(=C2)N)N,C1=CC(=CC=C1N)S(=O)(=O)C2=CC=C(C=C2)N,Iso,180.0,40.32314837210233,453.214836189162,0.883208359673304,0.000545262127541299
E1_X100_Y0,1.0,0.0,C1C(O1)CN(CC2CO2)C3=CC=C(C=C3)OCC4CO4,C1=CC(=CC(=C1)S(=O)(=O)C2=CC=CC(=C2)N)N,C1=CC(=CC=C1N)S(=O)(=O)C2=CC=C(C=C2)N,Iso,180.0,14.091327175085661,453.256626611063,0.848300343122673,0.0144070141203406
E1_X40_Y60,0.4,0.6,C1C(O1)CN(CC2CO2)C3=CC=C(C=C3)OCC4CO4,C1=CC(=CC(=C1)S(=O)(=O)C2=CC=CC(=C2)N)N,C1=CC(=CC=C1N)S(=O)(=O)C2=CC=C(C=C2)N,Iso,160.0,31.151777801631567,433.232693822279,0.742013857442429,0.00921802916810613
E1_X20_Y80,0.2,0.8,C1C(O1)CN(CC2CO2)C3=CC=C(C=C3)OCC4CO4,C1=CC(=CC(=C1)S(=O)(=O)C2=CC=CC(=C2)N)N,C1=CC(=CC=C1N)S(=O)(=O)C2=CC=C(C=C2)N,Dyn,1.0,60.59153326633901,449.285875604358,0.805251916871536,0.0124750083006489
E1_X100_Y0,1.0,0.0,C1C(O1)CN(CC2CO2)C3=CC=C(C=C3)OCC4CO4,C1=CC(=CC(=C1)S(=O)(=O)C2=CC=CC(=C2)N)N,C1=CC(=CC=C1N)S(=O)(=O)C2=CC=C(C=C2)N,Iso,180.0,3.25184473271206,453.33303304774597,0.415385320833163,0.0872265276323455
E1_X40_Y60,0.4,0.6,C1C(O1)CN(CC2CO2)C3=CC=C(C=C3)OCC4CO4,C1=CC(=CC(=C1)S(=O)(=O)C2=CC=CC(=C2)N)N,C1=CC(=CC=C1N)S(=O)(=O)C2=CC=C(C=C2)N,Iso,180.0,44.80349819122483,453.21401583356,0.885184699310033,0.000332986693065183
E1_X50_Y50,0.5,0.5,C1C(O1)CN(CC2CO2)C3=CC=C(C=C3)OCC4CO4,C1=CC(=CC(=C1)S(=O)(=O)C2=CC=CC(=C2)N)N,C1=CC(=CC=C1N)S(=O)(=O)C2=CC=C(C=C2)N,Dyn,1.0,37.918494301176,421.859511938448,0.365563193280064,0.0227118594935091
E1_X20_Y80,0.2,0.8,C1C(O1)CN(CC2CO2)C3=CC=C(C=C3)OCC4CO4,C1=CC(=CC(=C1)S(=O)(=O)C2=CC=CC(=C2)N)N,C1=CC(=CC=C1N)S(=O)(=O)C2=CC=C(C=C2)N,Iso,160.0,57.97693226375141,433.233014917397,0.812778359267829,0.000919623808220889
E1_X50_Y50,0.5,0.5,C1C(O1)CN(CC2CO2)C3=CC=C(C=C3)OCC4CO4,C1=CC(=CC(=C1)S(=O)(=O)C2=CC=CC(=C2)N)N,C1=CC(=CC=C1N)S(=O)(=O)C2=CC=C(C=C2)N,Dyn,1.0,21.06583016732,405.001608698499,0.109713747698561,0.0082274850444353
E1_X70_Y30,0.7,0.3,C1C(O1)CN(CC2CO2)C3=CC=C(C=C3)OCC4CO4,C1=CC(=CC(=C1)S(=O)(=O)C2=CC=CC(=C2)N)N,C1=CC(=CC=C1N)S(=O)(=O)C2=CC=C(C=C2)N,Dyn,1.0,114.10025382353,490.212509310822,0.974942116272478,0.00201267816138232
E1_X100_Y0,1.0,0.0,C1C(O1)CN(CC2CO2)C3=CC=C(C=C3)OCC4CO4,C1=CC(=CC(=C1)S(=O)(=O)C2=CC=CC(=C2)N)N,C1=CC(=CC=C1N)S(=O)(=O)C2=CC=C(C=C2)N,Dyn,1.0,63.378981802366,436.007503876098,0.754622727007408,0.0172396428081593
E1_X50_Y50,0.5,0.5,C1C(O1)CN(CC2CO2)C3=CC=C(C=C3)OCC4CO4,C1=CC(=CC(=C1)S(=O)(=O)C2=CC=CC(=C2)N)N,C1=CC(=CC=C1N)S(=O)(=O)C2=CC=C(C=C2)N,Iso,180.0,11.304624175704918,453.270022582589,0.74715157057524,0.0276417999526147
E1_X0_Y100,0.0,1.0,C1C(O1)CN(CC2CO2)C3=CC=C(C=C3)OCC4CO4,C1=CC(=CC(=C1)S(=O)(=O)C2=CC=CC(=C2)N)N,C1=CC(=CC=C1N)S(=O)(=O)C2=CC=C(C=C2)N,Iso,180.0,19.2603811116055,453.253896662711,0.79297525334584,0.0142420130755399
E1_X90_Y10,0.9,0.1,C1C(O1)CN(CC2CO2)C3=CC=C(C=C3)OCC4CO4,C1=CC(=CC(=C1)S(=O)(=O)C2=CC=CC(=C2)N)N,C1=CC(=CC=C1N)S(=O)(=O)C2=CC=C(C=C2)N,Iso,180.0,26.843972932299444,453.21721312547896,0.880622605194539,0.00178988303610525
E1_X90_Y10,0.9,0.1,C1C(O1)CN(CC2CO2)C3=CC=C(C=C3)OCC4CO4,C1=CC(=CC(=C1)S(=O)(=O)C2=CC=CC(=C2)N)N,C1=CC(=CC=C1N)S(=O)(=O)C2=CC=C(C=C2)N,Iso,180.0,9.889884764531539,453.24681109075095,0.703796268662313,0.0303709645105737
E1_X100_Y0,1.0,0.0,C1C(O1)CN(CC2CO2)C3=CC=C(C=C3)OCC4CO4,C1=CC(=CC(=C1)S(=O)(=O)C2=CC=CC(=C2)N)N,C1=CC(=CC=C1N)S(=O)(=O)C2=CC=C(C=C2)N,Iso,160.0,4.61504935660961,433.299175349931,0.217233709132945,0.0402469633376144
E1_X50_Y50,0.5,0.5,C1C(O1)CN(CC2CO2)C3=CC=C(C=C3)OCC4CO4,C1=CC(=CC(=C1)S(=O)(=O)C2=CC=CC(=C2)N)N,C1=CC(=CC=C1N)S(=O)(=O)C2=CC=C(C=C2)N,Iso,180.0,7.19385174817592,453.294257437974,0.58880457195271,0.0520200415379292
E1_X70_Y30,0.7,0.3,C1C(O1)CN(CC2CO2)C3=CC=C(C=C3)OCC4CO4,C1=CC(=CC(=C1)S(=O)(=O)C2=CC=CC(=C2)N)N,C1=CC(=CC=C1N)S(=O)(=O)C2=CC=C(C=C2)N,Iso,180.0,2.5236579370247805,453.29700134156997,0.260189479043003,0.0806383213801855
E1_X90_Y10,0.9,0.1,C1C(O1)CN(CC2CO2)C3=CC=C(C=C3)OCC4CO4,C1=CC(=CC(=C1)S(=O)(=O)C2=CC=CC(=C2)N)N,C1=CC(=CC=C1N)S(=O)(=O)C2=CC=C(C=C2)N,Iso,160.0,49.23788405491503,433.233000043406,0.809983656977616,0.000776944566975576
E1_X20_Y80,0.2,0.8,C1C(O1)CN(CC2CO2)C3=CC=C(C=C3)OCC4CO4,C1=CC(=CC(=C1)S(=O)(=O)C2=CC=CC(=C2)N)N,C1=CC(=CC=C1N)S(=O)(=O)C2=CC=C(C=C2)N,Iso,160.0,0.0,433.25385514884897,0.0192836765016405,0.0187183435461032
E1_X50_Y50,0.5,0.5,C1C(O1)CN(CC2CO2)C3=CC=C(C=C3)OCC4CO4,C1=CC(=CC(=C1)S(=O)(=O)C2=CC=CC(=C2)N)N,C1=CC(=CC=C1N)S(=O)(=O)C2=CC=C(C=C2)N,Dyn,1.0,25.278996200784007,409.214769867461,0.150507179291224,0.0111558880431214
E1_X50_Y50,0.5,0.5,C1C(O1)CN(CC2CO2)C3=CC=C(C=C3)OCC4CO4,C1=CC(=CC(=C1)S(=O)(=O)C2=CC=CC(=C2)N)N,C1=CC(=CC=C1N)S(=O)(=O)C2=CC=C(C=C2)N,Dyn,1.0,113.75548290352799,497.630991338313,0.986154071690627,0.00216231822854546
E1_X50_Y50,0.5,0.5,C1C(O1)CN(CC2CO2)C3=CC=C(C=C3)OCC4CO4,C1=CC(=CC(=C1)S(=O)(=O)C2=CC=CC(=C2)N)N,C1=CC(=CC=C1N)S(=O)(=O)C2=CC=C(C=C2)N,Dyn,1.0,58.984324468496,442.90335507533297,0.813126275444071,0.0136285372967232
E1_X70_Y30,0.7,0.3,C1C(O1)CN(CC2CO2)C3=CC=C(C=C3)OCC4CO4,C1=CC(=CC(=C1)S(=O)(=O)C2=CC=CC(=C2)N)N,C1=CC(=CC=C1N)S(=O)(=O)C2=CC=C(C=C2)N,Iso,160.0,8.98229869622891,433.264308244335,0.331993811443895,0.0357555754559078
E1_X0_Y100,0.0,1.0,C1C(O1)CN(CC2CO2)C3=CC=C(C=C3)OCC4CO4,C1=CC(=CC(=C1)S(=O)(=O)C2=CC=CC(=C2)N)N,C1=CC(=CC=C1N)S(=O)(=O)C2=CC=C(C=C2)N,Dyn,1.0,36.41465596861801,437.13110496349896,0.434581534525387,0.0242088924746652
E1_X50_Y50,0.5,0.5,C1C(O1)CN(CC2CO2)C3=CC=C(C=C3)OCC4CO4,C1=CC(=CC(=C1)S(=O)(=O)C2=CC=CC(=C2)N)N,C1=CC(=CC=C1N)S(=O)(=O)C2=CC=C(C=C2)N,Iso,160.0,54.39713383756994,433.25353292896796,0.832570317866026,0.000368532620724889
E1_X0_Y100,0.0,1.0,C1C(O1)CN(CC2CO2)C3=CC=C(C=C3)OCC4CO4,C1=CC(=CC(=C1)S(=O)(=O)C2=CC=CC(=C2)N)N,C1=CC(=CC=C1N)S(=O)(=O)C2=CC=C(C=C2)N,Iso,160.0,22.66794000000001,433.272981106859,0.503633419940013,0.0191379325713062
E1_X100_Y0,1.0,0.0,C1C(O1)CN(CC2CO2)C3=CC=C(C=C3)OCC4CO4,C1=CC(=CC(=C1)S(=O)(=O)C2=CC=CC(=C2)N)N,C1=CC(=CC=C1N)S(=O)(=O)C2=CC=C(C=C2)N,Iso,160.0,35.38204506734111,433.255999951554,0.820994050604783,0.00282473456641406
E1_X20_Y80,0.2,0.8,C1C(O1)CN(CC2CO2)C3=CC=C(C=C3)OCC4CO4,C1=CC(=CC(=C1)S(=O)(=O)C2=CC=CC(=C2)N)N,C1=CC(=CC=C1N)S(=O)(=O)C2=CC=C(C=C2)N,Iso,180.0,23.335838347704723,453.218990577555,0.860252700378516,0.00479399271079309
E1_X40_Y60,0.4,0.6,C1C(O1)CN(CC2CO2)C3=CC=C(C=C3)OCC4CO4,C1=CC(=CC(=C1)S(=O)(=O)C2=CC=CC(=C2)N)N,C1=CC(=CC=C1N)S(=O)(=O)C2=CC=C(C=C2)N,Iso,160.0,17.801015886646667,433.24700001453897,0.534677349361362,0.0235459613945019
E1_X50_Y50,0.5,0.5,C1C(O1)CN(CC2CO2)C3=CC=C(C=C3)OCC4CO4,C1=CC(=CC(=C1)S(=O)(=O)C2=CC=CC(=C2)N)N,C1=CC(=CC=C1N)S(=O)(=O)C2=CC=C(C=C2)N,Iso,180.0,10.276931068822718,453.274394314897,0.716426856893076,0.0324212514670216
E1_X0_Y100,0.0,1.0,C1C(O1)CN(CC2CO2)C3=CC=C(C=C3)OCC4CO4,C1=CC(=CC(=C1)S(=O)(=O)C2=CC=CC(=C2)N)N,C1=CC(=CC=C1N)S(=O)(=O)C2=CC=C(C=C2)N,Iso,160.0,87.14563600000172,433.252263787909,0.84064567655919,0.000311565213522716
E1_X100_Y0,1.0,0.0,C1C(O1)CN(CC2CO2)C3=CC=C(C=C3)OCC4CO4,C1=CC(=CC(=C1)S(=O)(=O)C2=CC=CC(=C2)N)N,C1=CC(=CC=C1N)S(=O)(=O)C2=CC=C(C=C2)N,Dyn,1.0,97.18110543029401,469.776556131855,0.959847983585714,0.00146830760008779
E1_X70_Y30,0.7,0.3,C1C(O1)CN(CC2CO2)C3=CC=C(C=C3)OCC4CO4,C1=CC(=CC(=C1)S(=O)(=O)C2=CC=CC(=C2)N)N,C1=CC(=CC=C1N)S(=O)(=O)C2=CC=C(C=C2)N,Iso,180.0,34.069382149833274,453.217339958848,0.882687779858354,0.000696011727646318
E1_X50_Y50,0.5,0.5,C1C(O1)CN(CC2CO2)C3=CC=C(C=C3)OCC4CO4,C1=CC(=CC(=C1)S(=O)(=O)C2=CC=CC(=C2)N)N,C1=CC(=CC=C1N)S(=O)(=O)C2=CC=C(C=C2)N,Iso,160.0,24.176503927808838,433.268196455026,0.69939711544016,0.0145536536294623
E1_X50_Y50,0.5,0.5,C1C(O1)CN(CC2CO2)C3=CC=C(C=C3)OCC4CO4,C1=CC(=CC(=C1)S(=O)(=O)C2=CC=CC(=C2)N)N,C1=CC(=CC=C1N)S(=O)(=O)C2=CC=C(C=C2)N,Iso,180.0,18.498475923880818,453.248044577905,0.8626147376065,0.0069904556171065
E1_X20_Y80,0.2,0.8,C1C(O1)CN(CC2CO2)C3=CC=C(C=C3)OCC4CO4,C1=CC(=CC(=C1)S(=O)(=O)C2=CC=CC(=C2)N)N,C1=CC(=CC=C1N)S(=O)(=O)C2=CC=C(C=C2)N,Iso,180.0,36.46224741828852,453.214683348335,0.882904904273466,0.000493067374559643
E1_X70_Y30,0.7,0.3,C1C(O1)CN(CC2CO2)C3=CC=C(C=C3)OCC4CO4,C1=CC(=CC(=C1)S(=O)(=O)C2=CC=CC(=C2)N)N,C1=CC(=CC=C1N)S(=O)(=O)C2=CC=C(C=C2)N,Iso,180.0,17.66560555917298,453.226398470121,0.831336310507705,0.0102446537495023
E1_X40_Y60,0.4,0.6,C1C(O1)CN(CC2CO2)C3=CC=C(C=C3)OCC4CO4,C1=CC(=CC(=C1)S(=O)(=O)C2=CC=CC(=C2)N)N,C1=CC(=CC=C1N)S(=O)(=O)C2=CC=C(C=C2)N,Iso,160.0,4.45025397166177,433.247836074662,0.134773037689503,0.0293657254884633
E1_X100_Y0,1.0,0.0,C1C(O1)CN(CC2CO2)C3=CC=C(C=C3)OCC4CO4,C1=CC(=CC(=C1)S(=O)(=O)C2=CC=CC(=C2)N)N,C1=CC(=CC=C1N)S(=O)(=O)C2=CC=C(C=C2)N,Iso,180.0,1.0839482442373498,453.34129753739,0.214810237269647,0.0916741085742754
E1_X20_Y80,0.2,0.8,C1C(O1)CN(CC2CO2)C3=CC=C(C=C3)OCC4CO4,C1=CC(=CC(=C1)S(=O)(=O)C2=CC=CC(=C2)N)N,C1=CC(=CC=C1N)S(=O)(=O)C2=CC=C(C=C2)N,Iso,180.0,42.29620700521472,453.21426702143697,0.884496832790104,0.000126940943135371
E1_X90_Y10,0.9,0.1,C1C(O1)CN(CC2CO2)C3=CC=C(C=C3)OCC4CO4,C1=CC(=CC(=C1)S(=O)(=O)C2=CC=CC(=C2)N)N,C1=CC(=CC=C1N)S(=O)(=O)C2=CC=C(C=C2)N,Dyn,1.0,7.990257829900003,391.894816390886,0.0428930930220414,0.00372740265046958
E1_X50_Y50,0.5,0.5,C1C(O1)CN(CC2CO2)C3=CC=C(C=C3)OCC4CO4,C1=CC(=CC(=C1)S(=O)(=O)C2=CC=CC(=C2)N)N,C1=CC(=CC=C1N)S(=O)(=O)C2=CC=C(C=C2)N,Dyn,1.0,12.63949810039199,396.57542233975397,0.0574957390759784,0.00447773704202727
E1_X90_Y10,0.9,0.1,C1C(O1)CN(CC2CO2)C3=CC=C(C=C3)OCC4CO4,C1=CC(=CC(=C1)S(=O)(=O)C2=CC=CC(=C2)N)N,C1=CC(=CC=C1N)S(=O)(=O)C2=CC=C(C=C2)N,Dyn,1.0,55.93180480929999,439.81848210616795,0.775563546845774,0.0135408905741763
E1_X0_Y100,0.0,1.0,C1C(O1)CN(CC2CO2)C3=CC=C(C=C3)OCC4CO4,C1=CC(=CC(=C1)S(=O)(=O)C2=CC=CC(=C2)N)N,C1=CC(=CC=C1N)S(=O)(=O)C2=CC=C(C=C2)N,Iso,160.0,27.70526000000011,433.26873022466395,0.589417675168277,0.0151164545455805
E1_X70_Y30,0.7,0.3,C1C(O1)CN(CC2CO2)C3=CC=C(C=C3)OCC4CO4,C1=CC(=CC(=C1)S(=O)(=O)C2=CC=CC(=C2)N)N,C1=CC(=CC=C1N)S(=O)(=O)C2=CC=C(C=C2)N,Dyn,1.0,96.54636861991001,472.67114696500096,0.945018256675616,0.00154783169321164
E1_X40_Y60,0.4,0.6,C1C(O1)CN(CC2CO2)C3=CC=C(C=C3)OCC4CO4,C1=CC(=CC(=C1)S(=O)(=O)C2=CC=CC(=C2)N)N,C1=CC(=CC=C1N)S(=O)(=O)C2=CC=C(C=C2)N,Iso,160.0,26.701523829969965,433.23720626907,0.693274546704489,0.0129401234605916
E1_X20_Y80,0.2,0.8,C1C(O1)CN(CC2CO2)C3=CC=C(C=C3)OCC4CO4,C1=CC(=CC(=C1)S(=O)(=O)C2=CC=CC(=C2)N)N,C1=CC(=CC=C1N)S(=O)(=O)C2=CC=C(C=C2)N,Dyn,1.0,83.89596913800801,472.56366369791795,0.913341702137239,0.00151293067048402
E1_X90_Y10,0.9,0.1,C1C(O1)CN(CC2CO2)C3=CC=C(C=C3)OCC4CO4,C1=CC(=CC(=C1)S(=O)(=O)C2=CC=CC(=C2)N)N,C1=CC(=CC=C1N)S(=O)(=O)C2=CC=C(C=C2)N,Iso,160.0,51.47596969377483,433.23340130224096,0.811545216495692,0.000624330138779961
E1_X50_Y50,0.5,0.5,C1C(O1)CN(CC2CO2)C3=CC=C(C=C3)OCC4CO4,C1=CC(=CC(=C1)S(=O)(=O)C2=CC=CC(=C2)N)N,C1=CC(=CC=C1N)S(=O)(=O)C2=CC=C(C=C2)N,Iso,180.0,17.470782816998522,453.250236112317,0.854410818564072,0.00912429685670227
E1_X100_Y0,1.0,0.0,C1C(O1)CN(CC2CO2)C3=CC=C(C=C3)OCC4CO4,C1=CC(=CC(=C1)S(=O)(=O)C2=CC=CC(=C2)N)N,C1=CC(=CC=C1N)S(=O)(=O)C2=CC=C(C=C2)N,Iso,160.0,46.15049356609721,433.25378292147496,0.835719590837598,0.000549375236352089
E1_X90_Y10,0.9,0.1,C1C(O1)CN(CC2CO2)C3=CC=C(C=C3)OCC4CO4,C1=CC(=CC(=C1)S(=O)(=O)C2=CC=CC(=C2)N)N,C1=CC(=CC=C1N)S(=O)(=O)C2=CC=C(C=C2)N,Iso,160.0,64.90448352693403,433.232060086887,0.816363670531726,0.000191590313297069
E1_X90_Y10,0.9,0.1,C1C(O1)CN(CC2CO2)C3=CC=C(C=C3)OCC4CO4,C1=CC(=CC(=C1)S(=O)(=O)C2=CC=CC(=C2)N)N,C1=CC(=CC=C1N)S(=O)(=O)C2=CC=C(C=C2)N,Dyn,1.0,63.922062639199,447.797512045301,0.860561987855817,0.00812473269874052
E1_X100_Y0,1.0,0.0,C1C(O1)CN(CC2CO2)C3=CC=C(C=C3)OCC4CO4,C1=CC(=CC(=C1)S(=O)(=O)C2=CC=CC(=C2)N)N,C1=CC(=CC=C1N)S(=O)(=O)C2=CC=C(C=C2)N,Iso,160.0,47.688843351633814,433.253853713794,0.836368683545422,0.000359962277981109
E1_X70_Y30,0.7,0.3,C1C(O1)CN(CC2CO2)C3=CC=C(C=C3)OCC4CO4,C1=CC(=CC(=C1)S(=O)(=O)C2=CC=CC(=C2)N)N,C1=CC(=CC=C1N)S(=O)(=O)C2=CC=C(C=C2)N,Dyn,1.0,43.88471300905,420.06400392840396,0.385665246672599,0.0211016402009268
E1_X40_Y60,0.4,0.6,C1C(O1)CN(CC2CO2)C3=CC=C(C=C3)OCC4CO4,C1=CC(=CC(=C1)S(=O)(=O)C2=CC=CC(=C2)N)N,C1=CC(=CC=C1N)S(=O)(=O)C2=CC=C(C=C2)N,Iso,180.0,34.34934861327233,453.214667067529,0.879162761224594,0.000879276440187803
E1_X40_Y60,0.4,0.6,C1C(O1)CN(CC2CO2)C3=CC=C(C=C3)OCC4CO4,C1=CC(=CC(=C1)S(=O)(=O)C2=CC=CC(=C2)N)N,C1=CC(=CC=C1N)S(=O)(=O)C2=CC=C(C=C2)N,Iso,180.0,0.0,453.427766590375,0.04822,0.0
E1_X90_Y10,0.9,0.1,C1C(O1)CN(CC2CO2)C3=CC=C(C=C3)OCC4CO4,C1=CC(=CC(=C1)S(=O)(=O)C2=CC=CC(=C2)N)N,C1=CC(=CC=C1N)S(=O)(=O)C2=CC=C(C=C2)N,Iso,160.0,15.666599472018731,433.26203850703797,0.557641842643668,0.0244348511349599
E1_X100_Y0,1.0,0.0,C1C(O1)CN(CC2CO2)C3=CC=C(C=C3)OCC4CO4,C1=CC(=CC(=C1)S(=O)(=O)C2=CC=CC(=C2)N)N,C1=CC(=CC=C1N)S(=O)(=O)C2=CC=C(C=C2)N,Iso,160.0,10.768448498755811,433.29362368636396,0.466570958471574,0.0361713907415046
E1_X70_Y30,0.7,0.3,C1C(O1)CN(CC2CO2)C3=CC=C(C=C3)OCC4CO4,C1=CC(=CC(=C1)S(=O)(=O)C2=CC=CC(=C2)N)N,C1=CC(=CC=C1N)S(=O)(=O)C2=CC=C(C=C2)N,Iso,180.0,23.97475040173468,453.218998836296,0.867890754989558,0.0028933085613118
E1_X100_Y0,1.0,0.0,C1C(O1)CN(CC2CO2)C3=CC=C(C=C3)OCC4CO4,C1=CC(=CC(=C1)S(=O)(=O)C2=CC=CC(=C2)N)N,C1=CC(=CC=C1N)S(=O)(=O)C2=CC=C(C=C2)N,Dyn,1.0,33.80212362792899,406.436601309726,0.132825177706144,0.0105457926687621
E1_X100_Y0,1.0,0.0,C1C(O1)CN(CC2CO2)C3=CC=C(C=C3)OCC4CO4,C1=CC(=CC(=C1)S(=O)(=O)C2=CC=CC(=C2)N)N,C1=CC(=CC=C1N)S(=O)(=O)C2=CC=C(C=C2)N,Iso,160.0,41.535444209487515,433.254568830363,0.832236229905156,0.00110330430858973
E1_X20_Y80,0.2,0.8,C1C(O1)CN(CC2CO2)C3=CC=C(C=C3)OCC4CO4,C1=CC(=CC(=C1)S(=O)(=O)C2=CC=CC(=C2)N)N,C1=CC(=CC=C1N)S(=O)(=O)C2=CC=C(C=C2)N,Iso,180.0,2.9169797934631205,453.27756086842896,0.218455950626622,0.0641115418835681
E1_X50_Y50,0.5,0.5,C1C(O1)CN(CC2CO2)C3=CC=C(C=C3)OCC4CO4,C1=CC(=CC(=C1)S(=O)(=O)C2=CC=CC(=C2)N)N,C1=CC(=CC=C1N)S(=O)(=O)C2=CC=C(C=C2)N,Iso,160.0,20.147086606507443,433.274241590575,0.630603379275038,0.0198923046188655
E1_X70_Y30,0.7,0.3,C1C(O1)CN(CC2CO2)C3=CC=C(C=C3)OCC4CO4,C1=CC(=CC(=C1)S(=O)(=O)C2=CC=CC(=C2)N)N,C1=CC(=CC=C1N)S(=O)(=O)C2=CC=C(C=C2)N,Dyn,1.0,30.719299106335015,406.89559080022497,0.171908272464907,0.0110387268808625
E1_X100_Y0,1.0,0.0,C1C(O1)CN(CC2CO2)C3=CC=C(C=C3)OCC4CO4,C1=CC(=CC(=C1)S(=O)(=O)C2=CC=CC(=C2)N)N,C1=CC(=CC=C1N)S(=O)(=O)C2=CC=C(C=C2)N,Dyn,1.0,38.02738908142,410.66425737980694,0.185450507164835,0.0144278960827677
E1_X50_Y50,0.5,0.5,C1C(O1)CN(CC2CO2)C3=CC=C(C=C3)OCC4CO4,C1=CC(=CC(=C1)S(=O)(=O)C2=CC=CC(=C2)N)N,C1=CC(=CC=C1N)S(=O)(=O)C2=CC=C(C=C2)N,Dyn,1.0,63.197490501960004,447.110810989337,0.861662923185126,0.00949301807124431
E1_X40_Y60,0.4,0.6,C1C(O1)CN(CC2CO2)C3=CC=C(C=C3)OCC4CO4,C1=CC(=CC(=C1)S(=O)(=O)C2=CC=CC(=C2)N)N,C1=CC(=CC=C1N)S(=O)(=O)C2=CC=C(C=C2)N,Iso,160.0,64.52868258909457,433.223914747987,0.823840069646281,0.000135752538972368
E1_X40_Y60,0.4,0.6,C1C(O1)CN(CC2CO2)C3=CC=C(C=C3)OCC4CO4,C1=CC(=CC(=C1)S(=O)(=O)C2=CC=CC(=C2)N)N,C1=CC(=CC=C1N)S(=O)(=O)C2=CC=C(C=C2)N,Dyn,1.0,53.670400711539,438.184494593999,0.678709718653757,0.0183384236747553
E1_X40_Y60,0.4,0.6,C1C(O1)CN(CC2CO2)C3=CC=C(C=C3)OCC4CO4,C1=CC(=CC(=C1)S(=O)(=O)C2=CC=CC(=C2)N)N,C1=CC(=CC=C1N)S(=O)(=O)C2=CC=C(C=C2)N,Dyn,1.0,116.28586820833502,500.742170283542,0.977425322048236,0.00246975744539084
E1_X20_Y80,0.2,0.8,C1C(O1)CN(CC2CO2)C3=CC=C(C=C3)OCC4CO4,C1=CC(=CC(=C1)S(=O)(=O)C2=CC=CC(=C2)N)N,C1=CC(=CC=C1N)S(=O)(=O)C2=CC=C(C=C2)N,Iso,180.0,24.794328244436215,453.217671656789,0.866177706276377,0.00346801585316922
E1_X50_Y50,0.5,0.5,C1C(O1)CN(CC2CO2)C3=CC=C(C=C3)OCC4CO4,C1=CC(=CC(=C1)S(=O)(=O)C2=CC=CC(=C2)N)N,C1=CC(=CC=C1N)S(=O)(=O)C2=CC=C(C=C2)N,Iso,160.0,32.23533857041184,433.261000027641,0.783994270449362,0.00705664936829111
E1_X100_Y0,1.0,0.0,C1C(O1)CN(CC2CO2)C3=CC=C(C=C3)OCC4CO4,C1=CC(=CC(=C1)S(=O)(=O)C2=CC=CC(=C2)N)N,C1=CC(=CC=C1N)S(=O)(=O)C2=CC=C(C=C2)N,Iso,160.0,9.230098713219212,433.297164689557,0.408289184704194,0.0395874943192001
E1_X20_Y80,0.2,0.8,C1C(O1)CN(CC2CO2)C3=CC=C(C=C3)OCC4CO4,C1=CC(=CC(=C1)S(=O)(=O)C2=CC=CC(=C2)N)N,C1=CC(=CC=C1N)S(=O)(=O)C2=CC=C(C=C2)N,Dyn,1.0,13.982661523001013,402.69720990379994,0.0633241096766602,0.00477504435615256
E1_X20_Y80,0.2,0.8,C1C(O1)CN(CC2CO2)C3=CC=C(C=C3)OCC4CO4,C1=CC(=CC(=C1)S(=O)(=O)C2=CC=CC(=C2)N)N,C1=CC(=CC=C1N)S(=O)(=O)C2=CC=C(C=C2)N,Dyn,1.0,102.53951783534302,491.194749414635,0.941251569259531,0.00169788232018742
E1_X40_Y60,0.4,0.6,C1C(O1)CN(CC2CO2)C3=CC=C(C=C3)OCC4CO4,C1=CC(=CC(=C1)S(=O)(=O)C2=CC=CC(=C2)N)N,C1=CC(=CC=C1N)S(=O)(=O)C2=CC=C(C=C2)N,Iso,160.0,62.30355560326357,433.223999881654,0.823424327469607,0.000243723460359639
E1_X20_Y80,0.2,0.8,C1C(O1)CN(CC2CO2)C3=CC=C(C=C3)OCC4CO4,C1=CC(=CC(=C1)S(=O)(=O)C2=CC=CC(=C2)N)N,C1=CC(=CC=C1N)S(=O)(=O)C2=CC=C(C=C2)N,Iso,180.0,13.12640907058392,453.240918322224,0.716095152156553,0.0266624425452883
E1_X90_Y10,0.9,0.1,C1C(O1)CN(CC2CO2)C3=CC=C(C=C3)OCC4CO4,C1=CC(=CC(=C1)S(=O)(=O)C2=CC=CC(=C2)N)N,C1=CC(=CC=C1N)S(=O)(=O)C2=CC=C(C=C2)N,Iso,160.0,17.904685110878532,433.25659792678897,0.607271213401666,0.0201699640534891
E1_X50_Y50,0.5,0.5,C1C(O1)CN(CC2CO2)C3=CC=C(C=C3)OCC4CO4,C1=CC(=CC(=C1)S(=O)(=O)C2=CC=CC(=C2)N)N,C1=CC(=CC=C1N)S(=O)(=O)C2=CC=C(C=C2)N,Iso,180.0,27.74771388582122,453.242724152159,0.888324074667732,0.000930616907200715
E1_X70_Y30,0.7,0.3,C1C(O1)CN(CC2CO2)C3=CC=C(C=C3)OCC4CO4,C1=CC(=CC(=C1)S(=O)(=O)C2=CC=CC(=C2)N)N,C1=CC(=CC=C1N)S(=O)(=O)C2=CC=C(C=C2)N,Iso,180.0,13.880118653635982,453.233987731944,0.779074167294499,0.0179306473681928
E1_X70_Y30,0.7,0.3,C1C(O1)CN(CC2CO2)C3=CC=C(C=C3)OCC4CO4,C1=CC(=CC(=C1)S(=O)(=O)C2=CC=CC(=C2)N)N,C1=CC(=CC=C1N)S(=O)(=O)C2=CC=C(C=C2)N,Dyn,1.0,0.0,376.18522619067596,0.0199229982055012,0.00169309588415101
E1_X90_Y10,0.9,0.1,C1C(O1)CN(CC2CO2)C3=CC=C(C=C3)OCC4CO4,C1=CC(=CC(=C1)S(=O)(=O)C2=CC=CC(=C2)N)N,C1=CC(=CC=C1N)S(=O)(=O)C2=CC=C(C=C2)N,Dyn,1.0,51.93667589435,435.83082130262494,0.714979128754162,0.0169783744799744
E1_X50_Y50,0.5,0.5,C1C(O1)CN(CC2CO2)C3=CC=C(C=C3)OCC4CO4,C1=CC(=CC(=C1)S(=O)(=O)C2=CC=CC(=C2)N)N,C1=CC(=CC=C1N)S(=O)(=O)C2=CC=C(C=C2)N,Iso,180.0,9.249237961940418,453.280742970686,0.680411028194561,0.0380106430892246
E1_X100_Y0,1.0,0.0,C1C(O1)CN(CC2CO2)C3=CC=C(C=C3)OCC4CO4,C1=CC(=CC(=C1)S(=O)(=O)C2=CC=CC(=C2)N)N,C1=CC(=CC=C1N)S(=O)(=O)C2=CC=C(C=C2)N,Iso,160.0,13.84514806982901,433.283915399812,0.565325580871143,0.0281695740868534
E1_X50_Y50,0.5,0.5,C1C(O1)CN(CC2CO2)C3=CC=C(C=C3)OCC4CO4,C1=CC(=CC(=C1)S(=O)(=O)C2=CC=CC(=C2)N)N,C1=CC(=CC=C1N)S(=O)(=O)C2=CC=C(C=C2)N,Iso,160.0,36.264755891713335,433.257528447303,0.805935537094033,0.00404623307464686
E1_X70_Y30,0.7,0.3,C1C(O1)CN(CC2CO2)C3=CC=C(C=C3)OCC4CO4,C1=CC(=CC(=C1)S(=O)(=O)C2=CC=CC(=C2)N)N,C1=CC(=CC=C1N)S(=O)(=O)C2=CC=C(C=C2)N,Dyn,1.0,74.604012115385,450.748106565096,0.884320020322047,0.0062066100703836
E1_X70_Y30,0.7,0.3,C1C(O1)CN(CC2CO2)C3=CC=C(C=C3)OCC4CO4,C1=CC(=CC(=C1)S(=O)(=O)C2=CC=CC(=C2)N)N,C1=CC(=CC=C1N)S(=O)(=O)C2=CC=C(C=C2)N,Dyn,1.0,13.165413902715997,389.34470376782997,0.0541404567940833,0.00371978751475734
E1_X20_Y80,0.2,0.8,C1C(O1)CN(CC2CO2)C3=CC=C(C=C3)OCC4CO4,C1=CC(=CC(=C1)S(=O)(=O)C2=CC=CC(=C2)N)N,C1=CC(=CC=C1N)S(=O)(=O)C2=CC=C(C=C2)N,Iso,160.0,48.82267980105391,433.23423085592,0.800282450594808,0.0020841254558965
E1_X40_Y60,0.4,0.6,C1C(O1)CN(CC2CO2)C3=CC=C(C=C3)OCC4CO4,C1=CC(=CC(=C1)S(=O)(=O)C2=CC=CC(=C2)N)N,C1=CC(=CC=C1N)S(=O)(=O)C2=CC=C(C=C2)N,Iso,180.0,25.38864897502733,453.21694544893296,0.865590643450841,0.00267260388124743
E1_X0_Y100,0.0,1.0,C1C(O1)CN(CC2CO2)C3=CC=C(C=C3)OCC4CO4,C1=CC(=CC(=C1)S(=O)(=O)C2=CC=CC(=C2)N)N,C1=CC(=CC=C1N)S(=O)(=O)C2=CC=C(C=C2)N,Iso,160.0,65.48516000000112,433.254184820834,0.82557502685194,0.00131433276447324
E1_X20_Y80,0.2,0.8,C1C(O1)CN(CC2CO2)C3=CC=C(C=C3)OCC4CO4,C1=CC(=CC(=C1)S(=O)(=O)C2=CC=CC(=C2)N)N,C1=CC(=CC=C1N)S(=O)(=O)C2=CC=C(C=C2)N,Iso,160.0,36.61700985079021,433.23991577938295,0.747940219666535,0.00728630089291466
E1_X100_Y0,1.0,0.0,C1C(O1)CN(CC2CO2)C3=CC=C(C=C3)OCC4CO4,C1=CC(=CC(=C1)S(=O)(=O)C2=CC=CC(=C2)N)N,C1=CC(=CC=C1N)S(=O)(=O)C2=CC=C(C=C2)N,Iso,160.0,19.998547211975307,433.27095780639195,0.696772426254834,0.0157523123780397
E1_X90_Y10,0.9,0.1,C1C(O1)CN(CC2CO2)C3=CC=C(C=C3)OCC4CO4,C1=CC(=CC(=C1)S(=O)(=O)C2=CC=CC(=C2)N)N,C1=CC(=CC=C1N)S(=O)(=O)C2=CC=C(C=C2)N,Iso,160.0,26.857027666317833,433.242988277414,0.732118420485684,0.00924073208178273
E1_X50_Y50,0.5,0.5,C1C(O1)CN(CC2CO2)C3=CC=C(C=C3)OCC4CO4,C1=CC(=CC(=C1)S(=O)(=O)C2=CC=CC(=C2)N)N,C1=CC(=CC=C1N)S(=O)(=O)C2=CC=C(C=C2)N,Iso,180.0,14.38770349635172,453.25916179670196,0.814577922352024,0.0169912654257921
E1_X70_Y30,0.7,0.3,C1C(O1)CN(CC2CO2)C3=CC=C(C=C3)OCC4CO4,C1=CC(=CC(=C1)S(=O)(=O)C2=CC=CC(=C2)N)N,C1=CC(=CC=C1N)S(=O)(=O)C2=CC=C(C=C2)N,Iso,160.0,26.94689608868651,433.24000003423396,0.721104886993557,0.0102291101051948
E1_X90_Y10,0.9,0.1,C1C(O1)CN(CC2CO2)C3=CC=C(C=C3)OCC4CO4,C1=CC(=CC(=C1)S(=O)(=O)C2=CC=CC(=C2)N)N,C1=CC(=CC=C1N)S(=O)(=O)C2=CC=C(C=C2)N,Iso,160.0,6.7142569165793295,433.281186043269,0.257234392259341,0.0394049214333153
E1_X50_Y50,0.5,0.5,C1C(O1)CN(CC2CO2)C3=CC=C(C=C3)OCC4CO4,C1=CC(=CC(=C1)S(=O)(=O)C2=CC=CC(=C2)N)N,C1=CC(=CC=C1N)S(=O)(=O)C2=CC=C(C=C2)N,Iso,180.0,16.44308971011632,453.25307950026695,0.843819798619487,0.0116154396986605
E1_X100_Y0,1.0,0.0,C1C(O1)CN(CC2CO2)C3=CC=C(C=C3)OCC4CO4,C1=CC(=CC(=C1)S(=O)(=O)C2=CC=CC(=C2)N)N,C1=CC(=CC=C1N)S(=O)(=O)C2=CC=C(C=C2)N,Dyn,1.0,50.703185441892984,423.349003894869,0.4589056318483,0.0268800442544264
E1_X50_Y50,0.5,0.5,C1C(O1)CN(CC2CO2)C3=CC=C(C=C3)OCC4CO4,C1=CC(=CC(=C1)S(=O)(=O)C2=CC=CC(=C2)N)N,C1=CC(=CC=C1N)S(=O)(=O)C2=CC=C(C=C2)N,Iso,180.0,23.63694145829212,453.24356639514497,0.882540143839885,0.00202735888573377
E1_X50_Y50,0.5,0.5,C1C(O1)CN(CC2CO2)C3=CC=C(C=C3)OCC4CO4,C1=CC(=CC(=C1)S(=O)(=O)C2=CC=CC(=C2)N)N,C1=CC(=CC=C1N)S(=O)(=O)C2=CC=C(C=C2)N,Iso,160.0,4.029417321301439,433.285999997272,0.139180672719271,0.0311833686407334
E1_X90_Y10,0.9,0.1,C1C(O1)CN(CC2CO2)C3=CC=C(C=C3)OCC4CO4,C1=CC(=CC(=C1)S(=O)(=O)C2=CC=CC(=C2)N)N,C1=CC(=CC=C1N)S(=O)(=O)C2=CC=C(C=C2)N,Iso,180.0,14.128406806473441,453.231007888377,0.797457949642866,0.0158631698881285
E1_X40_Y60,0.4,0.6,C1C(O1)CN(CC2CO2)C3=CC=C(C=C3)OCC4CO4,C1=CC(=CC(=C1)S(=O)(=O)C2=CC=CC(=C2)N)N,C1=CC(=CC=C1N)S(=O)(=O)C2=CC=C(C=C2)N,Dyn,1.0,120.75840160096303,505.210828776752,0.988163493333962,0.00224838099704807
E1_X40_Y60,0.4,0.6,C1C(O1)CN(CC2CO2)C3=CC=C(C=C3)OCC4CO4,C1=CC(=CC(=C1)S(=O)(=O)C2=CC=CC(=C2)N)N,C1=CC(=CC=C1N)S(=O)(=O)C2=CC=C(C=C2)N,Dyn,1.0,0.0,384.529450517609,0.0198047925888223,0.00189786809486741
E1_X70_Y30,0.7,0.3,C1C(O1)CN(CC2CO2)C3=CC=C(C=C3)OCC4CO4,C1=CC(=CC(=C1)S(=O)(=O)C2=CC=CC(=C2)N)N,C1=CC(=CC=C1N)S(=O)(=O)C2=CC=C(C=C2)N,Iso,160.0,60.63051619954321,433.22999998468,0.821194829815294,0.000400473959555014
E1_X70_Y30,0.7,0.3,C1C(O1)CN(CC2CO2)C3=CC=C(C=C3)OCC4CO4,C1=CC(=CC(=C1)S(=O)(=O)C2=CC=CC(=C2)N)N,C1=CC(=CC=C1N)S(=O)(=O)C2=CC=C(C=C2)N,Dyn,1.0,21.942356504524994,398.118831607424,0.0971637319940349,0.00631981010823225
E1_X100_Y0,1.0,0.0,C1C(O1)CN(CC2CO2)C3=CC=C(C=C3)OCC4CO4,C1=CC(=CC(=C1)S(=O)(=O)C2=CC=CC(=C2)N)N,C1=CC(=CC=C1N)S(=O)(=O)C2=CC=C(C=C2)N,Dyn,1.0,101.40637088378499,473.999216470055,0.966074611119909,0.00147412632316394
E1_X100_Y0,1.0,0.0,C1C(O1)CN(CC2CO2)C3=CC=C(C=C3)OCC4CO4,C1=CC(=CC(=C1)S(=O)(=O)C2=CC=CC(=C2)N)N,C1=CC(=CC=C1N)S(=O)(=O)C2=CC=C(C=C2)N,Iso,180.0,40.64805915890146,453.24269319973894,0.932315638062111,0.000386565286251592
E1_X70_Y30,0.7,0.3,C1C(O1)CN(CC2CO2)C3=CC=C(C=C3)OCC4CO4,C1=CC(=CC(=C1)S(=O)(=O)C2=CC=CC(=C2)N)N,C1=CC(=CC=C1N)S(=O)(=O)C2=CC=C(C=C2)N,Dyn,1.0,48.273184309955,424.45105991768696,0.48221193529183,0.0224391461717872
E1_X70_Y30,0.7,0.3,C1C(O1)CN(CC2CO2)C3=CC=C(C=C3)OCC4CO4,C1=CC(=CC(=C1)S(=O)(=O)C2=CC=CC(=C2)N)N,C1=CC(=CC=C1N)S(=O)(=O)C2=CC=C(C=C2)N,Iso,160.0,58.38494152548601,433.231008403416,0.820197829570663,0.000504849728979489
E1_X70_Y30,0.7,0.3,C1C(O1)CN(CC2CO2)C3=CC=C(C=C3)OCC4CO4,C1=CC(=CC(=C1)S(=O)(=O)C2=CC=CC(=C2)N)N,C1=CC(=CC=C1N)S(=O)(=O)C2=CC=C(C=C2)N,Iso,160.0,31.43804543680071,433.23701572141397,0.759464656515585,0.00706330154235008
E1_X50_Y50,0.5,0.5,C1C(O1)CN(CC2CO2)C3=CC=C(C=C3)OCC4CO4,C1=CC(=CC(=C1)S(=O)(=O)C2=CC=CC(=C2)N)N,C1=CC(=CC=C1N)S(=O)(=O)C2=CC=C(C=C2)N,Dyn,1.0,71.62382256888799,455.526288038771,0.910152392589453,0.00328543820907678
E1_X40_Y60,0.4,0.6,C1C(O1)CN(CC2CO2)C3=CC=C(C=C3)OCC4CO4,C1=CC(=CC(=C1)S(=O)(=O)C2=CC=CC(=C2)N)N,C1=CC(=CC=C1N)S(=O)(=O)C2=CC=C(C=C2)N,Iso,160.0,42.27741273078567,433.226378850688,0.804219491127301,0.00261386141723035
E1_X100_Y0,1.0,0.0,C1C(O1)CN(CC2CO2)C3=CC=C(C=C3)OCC4CO4,C1=CC(=CC(=C1)S(=O)(=O)C2=CC=CC(=C2)N)N,C1=CC(=CC=C1N)S(=O)(=O)C2=CC=C(C=C2)N,Iso,180.0,2.1678964884746605,453.34196257160295,0.316536655420572,0.094185003558664
E1_X100_Y0,1.0,0.0,C1C(O1)CN(CC2CO2)C3=CC=C(C=C3)OCC4CO4,C1=CC(=CC(=C1)S(=O)(=O)C2=CC=CC(=C2)N)N,C1=CC(=CC=C1N)S(=O)(=O)C2=CC=C(C=C2)N,Iso,180.0,23.846861373222062,453.244349981621,0.915206954054724,0.00244831809813231
E1_X20_Y80,0.2,0.8,C1C(O1)CN(CC2CO2)C3=CC=C(C=C3)OCC4CO4,C1=CC(=CC(=C1)S(=O)(=O)C2=CC=CC(=C2)N)N,C1=CC(=CC=C1N)S(=O)(=O)C2=CC=C(C=C2)N,Iso,160.0,79.33685467671121,433.232810496582,0.822092240489907,0.000214090271211325
E1_X40_Y60,0.4,0.6,C1C(O1)CN(CC2CO2)C3=CC=C(C=C3)OCC4CO4,C1=CC(=CC(=C1)S(=O)(=O)C2=CC=CC(=C2)N)N,C1=CC(=CC=C1N)S(=O)(=O)C2=CC=C(C=C2)N,Iso,160.0,24.476396844139167,433.23885399278197,0.662142314212254,0.015161081171661
E1_X70_Y30,0.7,0.3,C1C(O1)CN(CC2CO2)C3=CC=C(C=C3)OCC4CO4,C1=CC(=CC(=C1)S(=O)(=O)C2=CC=CC(=C2)N)N,C1=CC(=CC=C1N)S(=O)(=O)C2=CC=C(C=C2)N,Dyn,1.0,78.99248341629,455.13035923036597,0.905846802881014,0.00391284659324539
E1_X100_Y0,1.0,0.0,C1C(O1)CN(CC2CO2)C3=CC=C(C=C3)OCC4CO4,C1=CC(=CC(=C1)S(=O)(=O)C2=CC=CC(=C2)N)N,C1=CC(=CC=C1N)S(=O)(=O)C2=CC=C(C=C2)N,Iso,180.0,16.259223663560462,453.252000379434,0.874743456542042,0.0102716554448725
E1_X40_Y60,0.4,0.6,C1C(O1)CN(CC2CO2)C3=CC=C(C=C3)OCC4CO4,C1=CC(=CC(=C1)S(=O)(=O)C2=CC=CC(=C2)N)N,C1=CC(=CC=C1N)S(=O)(=O)C2=CC=C(C=C2)N,Iso,160.0,48.95279368827807,433.224675556979,0.815963349566013,0.00113390570990234
E1_X100_Y0,1.0,0.0,C1C(O1)CN(CC2CO2)C3=CC=C(C=C3)OCC4CO4,C1=CC(=CC(=C1)S(=O)(=O)C2=CC=CC(=C2)N)N,C1=CC(=CC=C1N)S(=O)(=O)C2=CC=C(C=C2)N,Iso,160.0,30.766995710731415,433.259321625531,0.802345433209226,0.00547162572614091
E1_X50_Y50,0.5,0.5,C1C(O1)CN(CC2CO2)C3=CC=C(C=C3)OCC4CO4,C1=CC(=CC(=C1)S(=O)(=O)C2=CC=CC(=C2)N)N,C1=CC(=CC=C1N)S(=O)(=O)C2=CC=C(C=C2)N,Iso,160.0,52.38242517691924,433.25390932343294,0.831641366551574,0.000561917286582387
E1_X20_Y80,0.2,0.8,C1C(O1)CN(CC2CO2)C3=CC=C(C=C3)OCC4CO4,C1=CC(=CC(=C1)S(=O)(=O)C2=CC=CC(=C2)N)N,C1=CC(=CC=C1N)S(=O)(=O)C2=CC=C(C=C2)N,Dyn,1.0,79.23508196367402,467.905601646844,0.905978644749098,0.00170240121438884
E1_X50_Y50,0.5,0.5,C1C(O1)CN(CC2CO2)C3=CC=C(C=C3)OCC4CO4,C1=CC(=CC(=C1)S(=O)(=O)C2=CC=CC(=C2)N)N,C1=CC(=CC=C1N)S(=O)(=O)C2=CC=C(C=C2)N,Dyn,1.0,8.426332066928012,392.364162208979,0.0410512925767088,0.00331240946263117
E1_X20_Y80,0.2,0.8,C1C(O1)CN(CC2CO2)C3=CC=C(C=C3)OCC4CO4,C1=CC(=CC(=C1)S(=O)(=O)C2=CC=CC(=C2)N)N,C1=CC(=CC=C1N)S(=O)(=O)C2=CC=C(C=C2)N,Iso,180.0,30.62828783136242,453.215084984222,0.878342910171361,0.00124955503347039
E1_X20_Y80,0.2,0.8,C1C(O1)CN(CC2CO2)C3=CC=C(C=C3)OCC4CO4,C1=CC(=CC(=C1)S(=O)(=O)C2=CC=CC(=C2)N)N,C1=CC(=CC=C1N)S(=O)(=O)C2=CC=C(C=C2)N,Iso,160.0,76.28543718914551,433.233364971729,0.821365499383336,0.000267636500202523
E1_X100_Y0,1.0,0.0,C1C(O1)CN(CC2CO2)C3=CC=C(C=C3)OCC4CO4,C1=CC(=CC(=C1)S(=O)(=O)C2=CC=CC(=C2)N)N,C1=CC(=CC=C1N)S(=O)(=O)C2=CC=C(C=C2)N,Dyn,1.0,114.082167244258,486.66935485019997,0.987626996144241,0.00188624252585699
E1_X100_Y0,1.0,0.0,C1C(O1)CN(CC2CO2)C3=CC=C(C=C3)OCC4CO4,C1=CC(=CC(=C1)S(=O)(=O)C2=CC=CC(=C2)N)N,C1=CC(=CC=C1N)S(=O)(=O)C2=CC=C(C=C2)N,Iso,160.0,6.15339914214611,433.300635705372,0.28084096840144,0.042060402038273
E1_X70_Y30,0.7,0.3,C1C(O1)CN(CC2CO2)C3=CC=C(C=C3)OCC4CO4,C1=CC(=CC(=C1)S(=O)(=O)C2=CC=CC(=C2)N)N,C1=CC(=CC=C1N)S(=O)(=O)C2=CC=C(C=C2)N,Dyn,1.0,105.32331122172,481.442886331939,0.958891513798179,0.00168681841138575
E1_X40_Y60,0.4,0.6,C1C(O1)CN(CC2CO2)C3=CC=C(C=C3)OCC4CO4,C1=CC(=CC(=C1)S(=O)(=O)C2=CC=CC(=C2)N)N,C1=CC(=CC=C1N)S(=O)(=O)C2=CC=C(C=C2)N,Dyn,1.0,67.08800088942402,451.582333873743,0.851881650704393,0.0075486003116595
E1_X50_Y50,0.5,0.5,C1C(O1)CN(CC2CO2)C3=CC=C(C=C3)OCC4CO4,C1=CC(=CC(=C1)S(=O)(=O)C2=CC=CC(=C2)N)N,C1=CC(=CC=C1N)S(=O)(=O)C2=CC=C(C=C2)N,Dyn,1.0,84.26332066928,468.15638329106594,0.936009104248721,0.00145834945378759
E1_X50_Y50,0.5,0.5,C1C(O1)CN(CC2CO2)C3=CC=C(C=C3)OCC4CO4,C1=CC(=CC(=C1)S(=O)(=O)C2=CC=CC(=C2)N)N,C1=CC(=CC=C1N)S(=O)(=O)C2=CC=C(C=C2)N,Iso,160.0,0.0,433.30644929156097,0.0289461690341302,0.024229425010339
E1_X20_Y80,0.2,0.8,C1C(O1)CN(CC2CO2)C3=CC=C(C=C3)OCC4CO4,C1=CC(=CC(=C1)S(=O)(=O)C2=CC=CC(=C2)N)N,C1=CC(=CC=C1N)S(=O)(=O)C2=CC=C(C=C2)N,Iso,160.0,51.87409728861981,433.23506320791296,0.805727844627867,0.00151477405703208
E1_X90_Y10,0.9,0.1,C1C(O1)CN(CC2CO2)C3=CC=C(C=C3)OCC4CO4,C1=CC(=CC(=C1)S(=O)(=O)C2=CC=CC(=C2)N)N,C1=CC(=CC=C1N)S(=O)(=O)C2=CC=C(C=C2)N,Iso,160.0,60.42831224921413,433.233000078344,0.815303186338089,0.000288624206238665
E1_X70_Y30,0.7,0.3,C1C(O1)CN(CC2CO2)C3=CC=C(C=C3)OCC4CO4,C1=CC(=CC(=C1)S(=O)(=O)C2=CC=CC(=C2)N)N,C1=CC(=CC=C1N)S(=O)(=O)C2=CC=C(C=C2)N,Iso,160.0,47.15706815520051,433.23010529427995,0.81163668570438,0.00121666009626573
E1_X40_Y60,0.4,0.6,C1C(O1)CN(CC2CO2)C3=CC=C(C=C3)OCC4CO4,C1=CC(=CC(=C1)S(=O)(=O)C2=CC=CC(=C2)N)N,C1=CC(=CC=C1N)S(=O)(=O)C2=CC=C(C=C2)N,Iso,180.0,32.85589867356483,453.21504340548995,0.877766280768887,0.000997052581067877
E1_X100_Y0,1.0,0.0,C1C(O1)CN(CC2CO2)C3=CC=C(C=C3)OCC4CO4,C1=CC(=CC(=C1)S(=O)(=O)C2=CC=CC(=C2)N)N,C1=CC(=CC=C1N)S(=O)(=O)C2=CC=C(C=C2)N,Iso,160.0,16.921847640902207,433.275746680615,0.64051755741303,0.0211362615760543
E1_X90_Y10,0.9,0.1,C1C(O1)CN(CC2CO2)C3=CC=C(C=C3)OCC4CO4,C1=CC(=CC(=C1)S(=O)(=O)C2=CC=CC(=C2)N)N,C1=CC(=CC=C1N)S(=O)(=O)C2=CC=C(C=C2)N,Iso,180.0,33.90817633553654,453.215999187697,0.889063787879344,0.000789167561873236
E1_X50_Y50,0.5,0.5,C1C(O1)CN(CC2CO2)C3=CC=C(C=C3)OCC4CO4,C1=CC(=CC(=C1)S(=O)(=O)C2=CC=CC(=C2)N)N,C1=CC(=CC=C1N)S(=O)(=O)C2=CC=C(C=C2)N,Iso,180.0,30.830793206468016,453.242260389115,0.890540870331309,0.000486509718708796
E1_X40_Y60,0.4,0.6,C1C(O1)CN(CC2CO2)C3=CC=C(C=C3)OCC4CO4,C1=CC(=CC(=C1)S(=O)(=O)C2=CC=CC(=C2)N)N,C1=CC(=CC=C1N)S(=O)(=O)C2=CC=C(C=C2)N,Dyn,1.0,80.50560106730902,464.98521512890596,0.90637834728387,0.00229070839957201
E1_X90_Y10,0.9,0.1,C1C(O1)CN(CC2CO2)C3=CC=C(C=C3)OCC4CO4,C1=CC(=CC(=C1)S(=O)(=O)C2=CC=CC(=C2)N)N,C1=CC(=CC=C1N)S(=O)(=O)C2=CC=C(C=C2)N,Iso,160.0,24.618942027458033,433.246001208694,0.709382492137888,0.011210257434447
E1_X0_Y100,0.0,1.0,C1C(O1)CN(CC2CO2)C3=CC=C(C=C3)OCC4CO4,C1=CC(=CC(=C1)S(=O)(=O)C2=CC=CC(=C2)N)N,C1=CC(=CC=C1N)S(=O)(=O)C2=CC=C(C=C2)N,Iso,160.0,40.29856000000041,433.26063334151,0.727704091144195,0.00766078548601442
E1_X100_Y0,1.0,0.0,C1C(O1)CN(CC2CO2)C3=CC=C(C=C3)OCC4CO4,C1=CC(=CC(=C1)S(=O)(=O)C2=CC=CC(=C2)N)N,C1=CC(=CC=C1N)S(=O)(=O)C2=CC=C(C=C2)N,Dyn,1.0,80.28004361632999,452.88655968958994,0.921409275361031,0.00415532754153747
E1_X70_Y30,0.7,0.3,C1C(O1)CN(CC2CO2)C3=CC=C(C=C3)OCC4CO4,C1=CC(=CC(=C1)S(=O)(=O)C2=CC=CC(=C2)N)N,C1=CC(=CC=C1N)S(=O)(=O)C2=CC=C(C=C2)N,Iso,180.0,26.49840833875928,453.21921649917397,0.873781900022686,0.00189767242957993
E1_X70_Y30,0.7,0.3,C1C(O1)CN(CC2CO2)C3=CC=C(C=C3)OCC4CO4,C1=CC(=CC(=C1)S(=O)(=O)C2=CC=CC(=C2)N)N,C1=CC(=CC=C1N)S(=O)(=O)C2=CC=C(C=C2)N,Iso,160.0,20.21017206651501,433.24691987821797,0.630032444695207,0.0174451883685382
E1_X100_Y0,1.0,0.0,C1C(O1)CN(CC2CO2)C3=CC=C(C=C3)OCC4CO4,C1=CC(=CC(=C1)S(=O)(=O)C2=CC=CC(=C2)N)N,C1=CC(=CC=C1N)S(=O)(=O)C2=CC=C(C=C2)N,Iso,160.0,26.151946354121613,433.26335302344296,0.769858698815819,0.00880601346821548
E1_X50_Y50,0.5,0.5,C1C(O1)CN(CC2CO2)C3=CC=C(C=C3)OCC4CO4,C1=CC(=CC(=C1)S(=O)(=O)C2=CC=CC(=C2)N)N,C1=CC(=CC=C1N)S(=O)(=O)C2=CC=C(C=C2)N,Iso,180.0,25.69232767205672,453.244096903553,0.885993060762254,0.00138894261828327
E1_X0_Y100,0.0,1.0,C1C(O1)CN(CC2CO2)C3=CC=C(C=C3)OCC4CO4,C1=CC(=CC(=C1)S(=O)(=O)C2=CC=CC(=C2)N)N,C1=CC(=CC=C1N)S(=O)(=O)C2=CC=C(C=C2)N,Iso,180.0,0.0,453.283782030693,0.0861609780212316,0.046910453919848
E1_X0_Y100,0.0,1.0,C1C(O1)CN(CC2CO2)C3=CC=C(C=C3)OCC4CO4,C1=CC(=CC(=C1)S(=O)(=O)C2=CC=CC(=C2)N)N,C1=CC(=CC=C1N)S(=O)(=O)C2=CC=C(C=C2)N,Iso,160.0,42.81722000000051,433.25976911164696,0.745598294144183,0.00665072723894338
E1_X100_Y0,1.0,0.0,C1C(O1)CN(CC2CO2)C3=CC=C(C=C3)OCC4CO4,C1=CC(=CC(=C1)S(=O)(=O)C2=CC=CC(=C2)N)N,C1=CC(=CC=C1N)S(=O)(=O)C2=CC=C(C=C2)N,Iso,180.0,21.67896488474736,453.24484493080195,0.908842179330754,0.00353740889881499
E1_X0_Y100,0.0,1.0,C1C(O1)CN(CC2CO2)C3=CC=C(C=C3)OCC4CO4,C1=CC(=CC(=C1)S(=O)(=O)C2=CC=CC(=C2)N)N,C1=CC(=CC=C1N)S(=O)(=O)C2=CC=C(C=C2)N,Iso,180.0,5.926271111263301,453.289292491984,0.402050589033292,0.0511374952850982
E1_X40_Y60,0.4,0.6,C1C(O1)CN(CC2CO2)C3=CC=C(C=C3)OCC4CO4,C1=CC(=CC(=C1)S(=O)(=O)C2=CC=CC(=C2)N)N,C1=CC(=CC=C1N)S(=O)(=O)C2=CC=C(C=C2)N,Dyn,1.0,71.560534282052,456.048443970972,0.878103483482798,0.00457883517839759
E1_X0_Y100,0.0,1.0,C1C(O1)CN(CC2CO2)C3=CC=C(C=C3)OCC4CO4,C1=CC(=CC(=C1)S(=O)(=O)C2=CC=CC(=C2)N)N,C1=CC(=CC=C1N)S(=O)(=O)C2=CC=C(C=C2)N,Iso,180.0,35.5576266675793,453.241873630674,0.8828516654601,0.00122822605116551
E1_X20_Y80,0.2,0.8,C1C(O1)CN(CC2CO2)C3=CC=C(C=C3)OCC4CO4,C1=CC(=CC(=C1)S(=O)(=O)C2=CC=CC(=C2)N)N,C1=CC(=CC=C1N)S(=O)(=O)C2=CC=C(C=C2)N,Iso,180.0,7.29244948365772,453.26698777494994,0.489540231785842,0.0536411468732476
E1_X20_Y80,0.2,0.8,C1C(O1)CN(CC2CO2)C3=CC=C(C=C3)OCC4CO4,C1=CC(=CC(=C1)S(=O)(=O)C2=CC=CC(=C2)N)N,C1=CC(=CC=C1N)S(=O)(=O)C2=CC=C(C=C2)N,Dyn,1.0,27.96532304600302,416.679763866898,0.177180861452219,0.0125168653800618
E1_X40_Y60,0.4,0.6,C1C(O1)CN(CC2CO2)C3=CC=C(C=C3)OCC4CO4,C1=CC(=CC(=C1)S(=O)(=O)C2=CC=CC(=C2)N)N,C1=CC(=CC=C1N)S(=O)(=O)C2=CC=C(C=C2)N,Iso,180.0,1.4934499397074603,453.28178359541,0.142026436171817,0.0669430383263563
E1_X100_Y0,1.0,0.0,C1C(O1)CN(CC2CO2)C3=CC=C(C=C3)OCC4CO4,C1=CC(=CC(=C1)S(=O)(=O)C2=CC=CC(=C2)N)N,C1=CC(=CC=C1N)S(=O)(=O)C2=CC=C(C=C2)N,Iso,180.0,10.83948244237356,453.26580789991795,0.788043677622409,0.0236827354744223
E1_X0_Y100,0.0,1.0,C1C(O1)CN(CC2CO2)C3=CC=C(C=C3)OCC4CO4,C1=CC(=CC(=C1)S(=O)(=O)C2=CC=CC(=C2)N)N,C1=CC(=CC=C1N)S(=O)(=O)C2=CC=C(C=C2)N,Dyn,1.0,54.621983952926996,455.317924871306,0.803586931317776,0.0140341939646329
E1_X0_Y100,0.0,1.0,C1C(O1)CN(CC2CO2)C3=CC=C(C=C3)OCC4CO4,C1=CC(=CC(=C1)S(=O)(=O)C2=CC=CC(=C2)N)N,C1=CC(=CC=C1N)S(=O)(=O)C2=CC=C(C=C2)N,Iso,160.0,20.14928000000001,433.274681307299,0.452927828834779,0.0212133360996883
E1_X0_Y100,0.0,1.0,C1C(O1)CN(CC2CO2)C3=CC=C(C=C3)OCC4CO4,C1=CC(=CC(=C1)S(=O)(=O)C2=CC=CC(=C2)N)N,C1=CC(=CC=C1N)S(=O)(=O)C2=CC=C(C=C2)N,Iso,160.0,2.5186600000000112,433.274149782362,0.0558354862823025,0.0173618276701587
E1_X100_Y0,1.0,0.0,C1C(O1)CN(CC2CO2)C3=CC=C(C=C3)OCC4CO4,C1=CC(=CC(=C1)S(=O)(=O)C2=CC=CC(=C2)N)N,C1=CC(=CC=C1N)S(=O)(=O)C2=CC=C(C=C2)N,Iso,180.0,22.762913128984763,453.24517816924595,0.91231405557943,0.00291296879324636
E1_X100_Y0,1.0,0.0,C1C(O1)CN(CC2CO2)C3=CC=C(C=C3)OCC4CO4,C1=CC(=CC(=C1)S(=O)(=O)C2=CC=CC(=C2)N)N,C1=CC(=CC=C1N)S(=O)(=O)C2=CC=C(C=C2)N,Iso,160.0,39.99709442395091,433.255547931789,0.830348856531698,0.0014156876422372
E1_X20_Y80,0.2,0.8,C1C(O1)CN(CC2CO2)C3=CC=C(C=C3)OCC4CO4,C1=CC(=CC(=C1)S(=O)(=O)C2=CC=CC(=C2)N)N,C1=CC(=CC=C1N)S(=O)(=O)C2=CC=C(C=C2)N,Iso,160.0,88.49110713940831,433.233079521419,0.824015257723539,0.000196745652615776
E1_X70_Y30,0.7,0.3,C1C(O1)CN(CC2CO2)C3=CC=C(C=C3)OCC4CO4,C1=CC(=CC(=C1)S(=O)(=O)C2=CC=CC(=C2)N)N,C1=CC(=CC=C1N)S(=O)(=O)C2=CC=C(C=C2)N,Iso,160.0,65.12166554765741,433.23039157226,0.822802256182435,0.000311559358243515
E1_X90_Y10,0.9,0.1,C1C(O1)CN(CC2CO2)C3=CC=C(C=C3)OCC4CO4,C1=CC(=CC(=C1)S(=O)(=O)C2=CC=CC(=C2)N)N,C1=CC(=CC=C1N)S(=O)(=O)C2=CC=C(C=C2)N,Dyn,1.0,15.980515659800005,399.883555161981,0.083438102495532,0.00661935319531352
E1_X90_Y10,0.9,0.1,C1C(O1)CN(CC2CO2)C3=CC=C(C=C3)OCC4CO4,C1=CC(=CC(=C1)S(=O)(=O)C2=CC=CC(=C2)N)N,C1=CC(=CC=C1N)S(=O)(=O)C2=CC=C(C=C2)N,Iso,160.0,46.99979841605533,433.232742238376,0.808080524760601,0.000963643414064748
E1_X20_Y80,0.2,0.8,C1C(O1)CN(CC2CO2)C3=CC=C(C=C3)OCC4CO4,C1=CC(=CC(=C1)S(=O)(=O)C2=CC=CC(=C2)N)N,C1=CC(=CC=C1N)S(=O)(=O)C2=CC=C(C=C2)N,Iso,160.0,42.71984482592201,433.23681184248994,0.782296605285765,0.00418490581319934
E1_X90_Y10,0.9,0.1,C1C(O1)CN(CC2CO2)C3=CC=C(C=C3)OCC4CO4,C1=CC(=CC(=C1)S(=O)(=O)C2=CC=CC(=C2)N)N,C1=CC(=CC=C1N)S(=O)(=O)C2=CC=C(C=C2)N,Iso,160.0,2.23808563885983,433.27039174452796,0.0937082822852019,0.031775643123968
E1_X100_Y0,1.0,0.0,C1C(O1)CN(CC2CO2)C3=CC=C(C=C3)OCC4CO4,C1=CC(=CC(=C1)S(=O)(=O)C2=CC=CC(=C2)N)N,C1=CC(=CC=C1N)S(=O)(=O)C2=CC=C(C=C2)N,Dyn,1.0,29.576858174437987,402.210350466702,0.0943103190243699,0.00771546309469031
E1_X0_Y100,0.0,1.0,C1C(O1)CN(CC2CO2)C3=CC=C(C=C3)OCC4CO4,C1=CC(=CC(=C1)S(=O)(=O)C2=CC=CC(=C2)N)N,C1=CC(=CC=C1N)S(=O)(=O)C2=CC=C(C=C2)N,Iso,160.0,60.44784000000101,433.254303528505,0.817348744875223,0.00200817421858891
E1_X20_Y80,0.2,0.8,C1C(O1)CN(CC2CO2)C3=CC=C(C=C3)OCC4CO4,C1=CC(=CC(=C1)S(=O)(=O)C2=CC=CC(=C2)N)N,C1=CC(=CC=C1N)S(=O)(=O)C2=CC=C(C=C2)N,Iso,180.0,4.37546969019462,453.27945834873697,0.313448632553716,0.065180638821875
E1_X70_Y30,0.7,0.3,C1C(O1)CN(CC2CO2)C3=CC=C(C=C3)OCC4CO4,C1=CC(=CC(=C1)S(=O)(=O)C2=CC=CC(=C2)N)N,C1=CC(=CC=C1N)S(=O)(=O)C2=CC=C(C=C2)N,Iso,180.0,29.02206627578398,453.21788324247296,0.877818427917788,0.00134178880328884
E1_X40_Y60,0.4,0.6,C1C(O1)CN(CC2CO2)C3=CC=C(C=C3)OCC4CO4,C1=CC(=CC(=C1)S(=O)(=O)C2=CC=CC(=C2)N)N,C1=CC(=CC=C1N)S(=O)(=O)C2=CC=C(C=C2)N,Iso,180.0,38.82969843239483,453.215200589619,0.882341104050142,0.000619596609838192
E1_X90_Y10,0.9,0.1,C1C(O1)CN(CC2CO2)C3=CC=C(C=C3)OCC4CO4,C1=CC(=CC(=C1)S(=O)(=O)C2=CC=CC(=C2)N)N,C1=CC(=CC=C1N)S(=O)(=O)C2=CC=C(C=C2)N,Dyn,1.0,0.0,383.90796466177596,0.0197404446425684,0.00217793375775357
E1_X100_Y0,1.0,0.0,C1C(O1)CN(CC2CO2)C3=CC=C(C=C3)OCC4CO4,C1=CC(=CC(=C1)S(=O)(=O)C2=CC=CC(=C2)N)N,C1=CC(=CC=C1N)S(=O)(=O)C2=CC=C(C=C2)N,Iso,180.0,34.14436969347716,453.24271986355495,0.928861641323389,0.000716415294814996
E1_X70_Y30,0.7,0.3,C1C(O1)CN(CC2CO2)C3=CC=C(C=C3)OCC4CO4,C1=CC(=CC(=C1)S(=O)(=O)C2=CC=CC(=C2)N)N,C1=CC(=CC=C1N)S(=O)(=O)C2=CC=C(C=C2)N,Dyn,1.0,61.438598212670016,437.60027584213,0.744028855728927,0.0156023558649257
E1_X90_Y10,0.9,0.1,C1C(O1)CN(CC2CO2)C3=CC=C(C=C3)OCC4CO4,C1=CC(=CC(=C1)S(=O)(=O)C2=CC=CC(=C2)N)N,C1=CC(=CC=C1N)S(=O)(=O)C2=CC=C(C=C2)N,Dyn,1.0,39.951289149499985,423.861750800544,0.45808411225854,0.0242199546109063
E1_X0_Y100,0.0,1.0,C1C(O1)CN(CC2CO2)C3=CC=C(C=C3)OCC4CO4,C1=CC(=CC(=C1)S(=O)(=O)C2=CC=CC(=C2)N)N,C1=CC(=CC=C1N)S(=O)(=O)C2=CC=C(C=C2)N,Iso,160.0,35.261240000000306,433.263007845076,0.683343388524721,0.0101168103696857
E1_X90_Y10,0.9,0.1,C1C(O1)CN(CC2CO2)C3=CC=C(C=C3)OCC4CO4,C1=CC(=CC(=C1)S(=O)(=O)C2=CC=CC(=C2)N)N,C1=CC(=CC=C1N)S(=O)(=O)C2=CC=C(C=C2)N,Iso,160.0,29.095113305177534,433.242174029834,0.750841174642859,0.00756487698666756
E1_X90_Y10,0.9,0.1,C1C(O1)CN(CC2CO2)C3=CC=C(C=C3)OCC4CO4,C1=CC(=CC(=C1)S(=O)(=O)C2=CC=CC(=C2)N)N,C1=CC(=CC=C1N)S(=O)(=O)C2=CC=C(C=C2)N,Dyn,1.0,23.970773489700008,407.875328284244,0.154980576034248,0.0117083786196104
E1_X20_Y80,0.2,0.8,C1C(O1)CN(CC2CO2)C3=CC=C(C=C3)OCC4CO4,C1=CC(=CC(=C1)S(=O)(=O)C2=CC=CC(=C2)N)N,C1=CC(=CC=C1N)S(=O)(=O)C2=CC=C(C=C2)N,Dyn,1.0,121.18306653267803,509.824660696975,0.980363281335001,0.00227514353433718
E1_X50_Y50,0.5,0.5,C1C(O1)CN(CC2CO2)C3=CC=C(C=C3)OCC4CO4,C1=CC(=CC(=C1)S(=O)(=O)C2=CC=CC(=C2)N)N,C1=CC(=CC=C1N)S(=O)(=O)C2=CC=C(C=C2)N,Iso,160.0,16.11766928520594,433.28201542181597,0.537906201731943,0.0264239590364743
E1_X50_Y50,0.5,0.5,C1C(O1)CN(CC2CO2)C3=CC=C(C=C3)OCC4CO4,C1=CC(=CC(=C1)S(=O)(=O)C2=CC=CC(=C2)N)N,C1=CC(=CC=C1N)S(=O)(=O)C2=CC=C(C=C2)N,Iso,160.0,26.191212588459635,433.267013870851,0.726378399494084,0.0123423408427609
E1_X70_Y30,0.7,0.3,C1C(O1)CN(CC2CO2)C3=CC=C(C=C3)OCC4CO4,C1=CC(=CC(=C1)S(=O)(=O)C2=CC=CC(=C2)N)N,C1=CC(=CC=C1N)S(=O)(=O)C2=CC=C(C=C2)N,Iso,180.0,20.18926349619768,453.223031647189,0.851750496932724,0.00619053906799521
E1_X20_Y80,0.2,0.8,C1C(O1)CN(CC2CO2)C3=CC=C(C=C3)OCC4CO4,C1=CC(=CC(=C1)S(=O)(=O)C2=CC=CC(=C2)N)N,C1=CC(=CC=C1N)S(=O)(=O)C2=CC=C(C=C2)N,Iso,160.0,30.514174875658405,433.244999964642,0.691916579722711,0.011382355098742
E1_X0_Y100,0.0,1.0,C1C(O1)CN(CC2CO2)C3=CC=C(C=C3)OCC4CO4,C1=CC(=CC(=C1)S(=O)(=O)C2=CC=CC(=C2)N)N,C1=CC(=CC=C1N)S(=O)(=O)C2=CC=C(C=C2)N,Dyn,1.0,18.20732798430899,418.91623404808695,0.113265647289549,0.00953217501214282
E1_X90_Y10,0.9,0.1,C1C(O1)CN(CC2CO2)C3=CC=C(C=C3)OCC4CO4,C1=CC(=CC(=C1)S(=O)(=O)C2=CC=CC(=C2)N)N,C1=CC(=CC=C1N)S(=O)(=O)C2=CC=C(C=C2)N,Dyn,1.0,67.91719155414899,451.78662533185695,0.887879944641497,0.00574585637405594
E1_X100_Y0,1.0,0.0,C1C(O1)CN(CC2CO2)C3=CC=C(C=C3)OCC4CO4,C1=CC(=CC(=C1)S(=O)(=O)C2=CC=CC(=C2)N)N,C1=CC(=CC=C1N)S(=O)(=O)C2=CC=C(C=C2)N,Dyn,1.0,42.252654534911,414.89331184957996,0.256816630770266,0.019303643309147
E1_X50_Y50,0.5,0.5,C1C(O1)CN(CC2CO2)C3=CC=C(C=C3)OCC4CO4,C1=CC(=CC(=C1)S(=O)(=O)C2=CC=CC(=C2)N)N,C1=CC(=CC=C1N)S(=O)(=O)C2=CC=C(C=C2)N,Iso,160.0,44.32359053431624,433.254000099063,0.82490745159505,0.00128436369212415
E1_X70_Y30,0.7,0.3,C1C(O1)CN(CC2CO2)C3=CC=C(C=C3)OCC4CO4,C1=CC(=CC(=C1)S(=O)(=O)C2=CC=CC(=C2)N)N,C1=CC(=CC=C1N)S(=O)(=O)C2=CC=C(C=C2)N,Iso,160.0,62.87609087360032,433.22988516588697,0.822025570082229,0.000356759031474028
E1_X0_Y100,0.0,1.0,C1C(O1)CN(CC2CO2)C3=CC=C(C=C3)OCC4CO4,C1=CC(=CC(=C1)S(=O)(=O)C2=CC=CC(=C2)N)N,C1=CC(=CC=C1N)S(=O)(=O)C2=CC=C(C=C2)N,Iso,160.0,50.37320000000071,433.25686769969496,0.786395187933993,0.00431555971008157
E1_X0_Y100,0.0,1.0,C1C(O1)CN(CC2CO2)C3=CC=C(C=C3)OCC4CO4,C1=CC(=CC(=C1)S(=O)(=O)C2=CC=CC(=C2)N)N,C1=CC(=CC=C1N)S(=O)(=O)C2=CC=C(C=C2)N,Iso,160.0,12.593300000000012,433.280278045705,0.276279365983807,0.0246194353720249
E1_X20_Y80,0.2,0.8,C1C(O1)CN(CC2CO2)C3=CC=C(C=C3)OCC4CO4,C1=CC(=CC(=C1)S(=O)(=O)C2=CC=CC(=C2)N)N,C1=CC(=CC=C1N)S(=O)(=O)C2=CC=C(C=C2)N,Dyn,1.0,93.217743486676,481.878108736542,0.926843866867061,0.00144619305063958
E1_X100_Y0,1.0,0.0,C1C(O1)CN(CC2CO2)C3=CC=C(C=C3)OCC4CO4,C1=CC(=CC(=C1)S(=O)(=O)C2=CC=CC(=C2)N)N,C1=CC(=CC=C1N)S(=O)(=O)C2=CC=C(C=C2)N,Iso,160.0,27.69029613965821,433.262202434179,0.782371030336073,0.00756352627041438
E1_X0_Y100,0.0,1.0,C1C(O1)CN(CC2CO2)C3=CC=C(C=C3)OCC4CO4,C1=CC(=CC(=C1)S(=O)(=O)C2=CC=CC(=C2)N)N,C1=CC(=CC=C1N)S(=O)(=O)C2=CC=C(C=C2)N,Iso,160.0,0.0,433.27118514480696,0.0150382332969883,0.0150325357410572
E1_X90_Y10,0.9,0.1,C1C(O1)CN(CC2CO2)C3=CC=C(C=C3)OCC4CO4,C1=CC(=CC(=C1)S(=O)(=O)C2=CC=CC(=C2)N)N,C1=CC(=CC=C1N)S(=O)(=O)C2=CC=C(C=C2)N,Dyn,1.0,31.96103131960001,415.870845501267,0.27859093983655,0.0193274292551144
E1_X20_Y80,0.2,0.8,C1C(O1)CN(CC2CO2)C3=CC=C(C=C3)OCC4CO4,C1=CC(=CC(=C1)S(=O)(=O)C2=CC=CC(=C2)N)N,C1=CC(=CC=C1N)S(=O)(=O)C2=CC=C(C=C2)N,Iso,160.0,70.18260221401421,433.23342853623694,0.81955579796467,0.000361285219473206
E1_X70_Y30,0.7,0.3,C1C(O1)CN(CC2CO2)C3=CC=C(C=C3)OCC4CO4,C1=CC(=CC(=C1)S(=O)(=O)C2=CC=CC(=C2)N)N,C1=CC(=CC=C1N)S(=O)(=O)C2=CC=C(C=C2)N,Iso,160.0,33.68362011085781,433.23608080955,0.77365466022822,0.00564491532311508
E1_X50_Y50,0.5,0.5,C1C(O1)CN(CC2CO2)C3=CC=C(C=C3)OCC4CO4,C1=CC(=CC(=C1)S(=O)(=O)C2=CC=CC(=C2)N)N,C1=CC(=CC=C1N)S(=O)(=O)C2=CC=C(C=C2)N,Dyn,1.0,92.68965273620799,476.577484806866,0.947923375476219,0.00141396482799716
E1_X40_Y60,0.4,0.6,C1C(O1)CN(CC2CO2)C3=CC=C(C=C3)OCC4CO4,C1=CC(=CC(=C1)S(=O)(=O)C2=CC=CC(=C2)N)N,C1=CC(=CC=C1N)S(=O)(=O)C2=CC=C(C=C2)N,Dyn,1.0,93.92320124519401,478.39408470437996,0.93197156414014,0.00173635495513893
E1_X50_Y50,0.5,0.5,C1C(O1)CN(CC2CO2)C3=CC=C(C=C3)OCC4CO4,C1=CC(=CC(=C1)S(=O)(=O)C2=CC=CC(=C2)N)N,C1=CC(=CC=C1N)S(=O)(=O)C2=CC=C(C=C2)N,Iso,180.0,3.083079320646819,453.324790648694,0.309968823984181,0.0797986400012701
E1_X50_Y50,0.5,0.5,C1C(O1)CN(CC2CO2)C3=CC=C(C=C3)OCC4CO4,C1=CC(=CC(=C1)S(=O)(=O)C2=CC=CC(=C2)N)N,C1=CC(=CC=C1N)S(=O)(=O)C2=CC=C(C=C2)N,Iso,160.0,14.10296062455514,433.285268741442,0.481282015200698,0.0299057912877687
E1_X70_Y30,0.7,0.3,C1C(O1)CN(CC2CO2)C3=CC=C(C=C3)OCC4CO4,C1=CC(=CC(=C1)S(=O)(=O)C2=CC=CC(=C2)N)N,C1=CC(=CC=C1N)S(=O)(=O)C2=CC=C(C=C2)N,Iso,160.0,53.893792177371814,433.231245094667,0.817606426398932,0.000648212984511629
E1_X100_Y0,1.0,0.0,C1C(O1)CN(CC2CO2)C3=CC=C(C=C3)OCC4CO4,C1=CC(=CC(=C1)S(=O)(=O)C2=CC=CC(=C2)N)N,C1=CC(=CC=C1N)S(=O)(=O)C2=CC=C(C=C2)N,Iso,160.0,33.843695281804614,433.25811499809,0.81610085034988,0.00358041140681291
E1_X0_Y100,0.0,1.0,C1C(O1)CN(CC2CO2)C3=CC=C(C=C3)OCC4CO4,C1=CC(=CC(=C1)S(=O)(=O)C2=CC=CC(=C2)N)N,C1=CC(=CC=C1N)S(=O)(=O)C2=CC=C(C=C2)N,Iso,180.0,1.4815677778158012,453.290000565097,0.160212408023346,0.0525064913319563
E1_X70_Y30,0.7,0.3,C1C(O1)CN(CC2CO2)C3=CC=C(C=C3)OCC4CO4,C1=CC(=CC(=C1)S(=O)(=O)C2=CC=CC(=C2)N)N,C1=CC(=CC=C1N)S(=O)(=O)C2=CC=C(C=C2)N,Dyn,1.0,109.711782522625,485.827453846768,0.966527644362922,0.00178030312946514
E1_X100_Y0,1.0,0.0,C1C(O1)CN(CC2CO2)C3=CC=C(C=C3)OCC4CO4,C1=CC(=CC(=C1)S(=O)(=O)C2=CC=CC(=C2)N)N,C1=CC(=CC=C1N)S(=O)(=O)C2=CC=C(C=C2)N,Iso,160.0,18.46019742643871,433.27252253033896,0.670704034883749,0.0183199984757983
E1_X90_Y10,0.9,0.1,C1C(O1)CN(CC2CO2)C3=CC=C(C=C3)OCC4CO4,C1=CC(=CC(=C1)S(=O)(=O)C2=CC=CC(=C2)N)N,C1=CC(=CC=C1N)S(=O)(=O)C2=CC=C(C=C2)N,Iso,180.0,18.36692884841534,453.22345925533295,0.847000967812265,0.00808345959094844
E1_X70_Y30,0.7,0.3,C1C(O1)CN(CC2CO2)C3=CC=C(C=C3)OCC4CO4,C1=CC(=CC(=C1)S(=O)(=O)C2=CC=CC(=C2)N)N,C1=CC(=CC=C1N)S(=O)(=O)C2=CC=C(C=C2)N,Iso,180.0,18.927434527685282,453.224993879454,0.842829317832894,0.00807966087982773
E1_X0_Y100,0.0,1.0,C1C(O1)CN(CC2CO2)C3=CC=C(C=C3)OCC4CO4,C1=CC(=CC(=C1)S(=O)(=O)C2=CC=CC(=C2)N)N,C1=CC(=CC=C1N)S(=O)(=O)C2=CC=C(C=C2)N,Iso,180.0,4.444703333447501,453.293440163089,0.323186837649179,0.0550608652354207
E1_X0_Y100,0.0,1.0,C1C(O1)CN(CC2CO2)C3=CC=C(C=C3)OCC4CO4,C1=CC(=CC(=C1)S(=O)(=O)C2=CC=CC(=C2)N)N,C1=CC(=CC=C1N)S(=O)(=O)C2=CC=C(C=C2)N,Dyn,1.0,63.72564794508099,464.410072680718,0.893877598212695,0.00593328179932081
E1_X100_Y0,1.0,0.0,C1C(O1)CN(CC2CO2)C3=CC=C(C=C3)OCC4CO4,C1=CC(=CC(=C1)S(=O)(=O)C2=CC=CC(=C2)N)N,C1=CC(=CC=C1N)S(=O)(=O)C2=CC=C(C=C2)N,Iso,180.0,7.587637709661459,453.284682259448,0.685748757783652,0.0415489483739893
E1_X0_Y100,0.0,1.0,C1C(O1)CN(CC2CO2)C3=CC=C(C=C3)OCC4CO4,C1=CC(=CC(=C1)S(=O)(=O)C2=CC=CC(=C2)N)N,C1=CC(=CC=C1N)S(=O)(=O)C2=CC=C(C=C2)N,Iso,160.0,32.74258000000021,433.26441794448897,0.656167823890234,0.0115690041025029
E1_X70_Y30,0.7,0.3,C1C(O1)CN(CC2CO2)C3=CC=C(C=C3)OCC4CO4,C1=CC(=CC(=C1)S(=O)(=O)C2=CC=CC(=C2)N)N,C1=CC(=CC=C1N)S(=O)(=O)C2=CC=C(C=C2)N,Iso,160.0,40.42034413302921,433.23214265474496,0.799800122639993,0.00251460003209139
E1_X50_Y50,0.5,0.5,C1C(O1)CN(CC2CO2)C3=CC=C(C=C3)OCC4CO4,C1=CC(=CC(=C1)S(=O)(=O)C2=CC=CC(=C2)N)N,C1=CC(=CC=C1N)S(=O)(=O)C2=CC=C(C=C2)N,Dyn,1.0,96.902818769672,480.788457150554,0.954082539405236,0.00151966004806652
E1_X20_Y80,0.2,0.8,C1C(O1)CN(CC2CO2)C3=CC=C(C=C3)OCC4CO4,C1=CC(=CC(=C1)S(=O)(=O)C2=CC=CC(=C2)N)N,C1=CC(=CC=C1N)S(=O)(=O)C2=CC=C(C=C2)N,Dyn,1.0,32.62621022033602,421.34324912569997,0.245627791258588,0.0167651031101225
E1_X20_Y80,0.2,0.8,C1C(O1)CN(CC2CO2)C3=CC=C(C=C3)OCC4CO4,C1=CC(=CC(=C1)S(=O)(=O)C2=CC=CC(=C2)N)N,C1=CC(=CC=C1N)S(=O)(=O)C2=CC=C(C=C2)N,Iso,160.0,27.462757388092506,433.24799998011395,0.653697874841155,0.0138006906927012
E1_X0_Y100,0.0,1.0,C1C(O1)CN(CC2CO2)C3=CC=C(C=C3)OCC4CO4,C1=CC(=CC(=C1)S(=O)(=O)C2=CC=CC(=C2)N)N,C1=CC(=CC=C1N)S(=O)(=O)C2=CC=C(C=C2)N,Iso,160.0,62.966500000001105,433.25386850951895,0.821889929126024,0.00164164406723996
E1_X40_Y60,0.4,0.6,C1C(O1)CN(CC2CO2)C3=CC=C(C=C3)OCC4CO4,C1=CC(=CC(=C1)S(=O)(=O)C2=CC=CC(=C2)N)N,C1=CC(=CC=C1N)S(=O)(=O)C2=CC=C(C=C2)N,Iso,180.0,17.92139927648983,453.224740533637,0.821143899759786,0.011764431231293
E1_X40_Y60,0.4,0.6,C1C(O1)CN(CC2CO2)C3=CC=C(C=C3)OCC4CO4,C1=CC(=CC(=C1)S(=O)(=O)C2=CC=CC(=C2)N)N,C1=CC(=CC=C1N)S(=O)(=O)C2=CC=C(C=C2)N,Iso,160.0,0.0,433.24377409999,0.0188735652700875,0.0230111816234853
E1_X20_Y80,0.2,0.8,C1C(O1)CN(CC2CO2)C3=CC=C(C=C3)OCC4CO4,C1=CC(=CC(=C1)S(=O)(=O)C2=CC=CC(=C2)N)N,C1=CC(=CC=C1N)S(=O)(=O)C2=CC=C(C=C2)N,Iso,180.0,20.418858554241623,453.22384691467596,0.840429522622808,0.00926836797770273
E1_X70_Y30,0.7,0.3,C1C(O1)CN(CC2CO2)C3=CC=C(C=C3)OCC4CO4,C1=CC(=CC(=C1)S(=O)(=O)C2=CC=CC(=C2)N)N,C1=CC(=CC=C1N)S(=O)(=O)C2=CC=C(C=C2)N,Dyn,1.0,65.82706951357501,441.98245893905596,0.80458036202446,0.0121692537811083
E1_X70_Y30,0.7,0.3,C1C(O1)CN(CC2CO2)C3=CC=C(C=C3)OCC4CO4,C1=CC(=CC(=C1)S(=O)(=O)C2=CC=CC(=C2)N)N,C1=CC(=CC=C1N)S(=O)(=O)C2=CC=C(C=C2)N,Dyn,1.0,39.49624170814501,415.67522999019997,0.29898472234133,0.018059380069619
E1_X90_Y10,0.9,0.1,C1C(O1)CN(CC2CO2)C3=CC=C(C=C3)OCC4CO4,C1=CC(=CC(=C1)S(=O)(=O)C2=CC=CC(=C2)N)N,C1=CC(=CC=C1N)S(=O)(=O)C2=CC=C(C=C2)N,Iso,180.0,39.55953905812624,453.215213861941,0.892450562695671,0.000438406920499453
E1_X40_Y60,0.4,0.6,C1C(O1)CN(CC2CO2)C3=CC=C(C=C3)OCC4CO4,C1=CC(=CC(=C1)S(=O)(=O)C2=CC=CC(=C2)N)N,C1=CC(=CC=C1N)S(=O)(=O)C2=CC=C(C=C2)N,Dyn,1.0,8.945066785256017,393.47061626936295,0.0434844991187768,0.00354210511659241
E1_X20_Y80,0.2,0.8,C1C(O1)CN(CC2CO2)C3=CC=C(C=C3)OCC4CO4,C1=CC(=CC(=C1)S(=O)(=O)C2=CC=CC(=C2)N)N,C1=CC(=CC=C1N)S(=O)(=O)C2=CC=C(C=C2)N,Dyn,1.0,97.87863066101002,486.536949436943,0.933765527222385,0.00155011874363192
E1_X100_Y0,1.0,0.0,C1C(O1)CN(CC2CO2)C3=CC=C(C=C3)OCC4CO4,C1=CC(=CC(=C1)S(=O)(=O)C2=CC=CC(=C2)N)N,C1=CC(=CC=C1N)S(=O)(=O)C2=CC=C(C=C2)N,Iso,180.0,13.00737893084836,453.25864763436,0.831399026741835,0.0169918976580095
E1_X90_Y10,0.9,0.1,C1C(O1)CN(CC2CO2)C3=CC=C(C=C3)OCC4CO4,C1=CC(=CC(=C1)S(=O)(=O)C2=CC=CC(=C2)N)N,C1=CC(=CC=C1N)S(=O)(=O)C2=CC=C(C=C2)N,Dyn,1.0,75.90744938404899,459.769120984579,0.920639397420863,0.00304033723213851
E1_X50_Y50,0.5,0.5,C1C(O1)CN(CC2CO2)C3=CC=C(C=C3)OCC4CO4,C1=CC(=CC(=C1)S(=O)(=O)C2=CC=CC(=C2)N)N,C1=CC(=CC=C1N)S(=O)(=O)C2=CC=C(C=C2)N,Iso,160.0,34.25004723106254,433.259083265233,0.796488283080388,0.00541267198237696
E1_X70_Y30,0.7,0.3,C1C(O1)CN(CC2CO2)C3=CC=C(C=C3)OCC4CO4,C1=CC(=CC(=C1)S(=O)(=O)C2=CC=CC(=C2)N)N,C1=CC(=CC=C1N)S(=O)(=O)C2=CC=C(C=C2)N,Iso,160.0,4.491149348114409,433.2609999944,0.169156272146801,0.0349144410033979
E1_X100_Y0,1.0,0.0,C1C(O1)CN(CC2CO2)C3=CC=C(C=C3)OCC4CO4,C1=CC(=CC(=C1)S(=O)(=O)C2=CC=CC(=C2)N)N,C1=CC(=CC=C1N)S(=O)(=O)C2=CC=C(C=C2)N,Dyn,1.0,71.82951270934801,444.44649484928595,0.864846561889211,0.00959317355127312
E1_X50_Y50,0.5,0.5,C1C(O1)CN(CC2CO2)C3=CC=C(C=C3)OCC4CO4,C1=CC(=CC(=C1)S(=O)(=O)C2=CC=CC(=C2)N)N,C1=CC(=CC=C1N)S(=O)(=O)C2=CC=C(C=C2)N,Iso,160.0,10.073543303253741,433.29114309581496,0.348669862177923,0.0353392065842556
E1_X0_Y100,0.0,1.0,C1C(O1)CN(CC2CO2)C3=CC=C(C=C3)OCC4CO4,C1=CC(=CC(=C1)S(=O)(=O)C2=CC=CC(=C2)N)N,C1=CC(=CC=C1N)S(=O)(=O)C2=CC=C(C=C2)N,Dyn,1.0,4.551831996076999,405.261773847067,0.032402172665893,0.00330159616317
E1_X90_Y10,0.9,0.1,C1C(O1)CN(CC2CO2)C3=CC=C(C=C3)OCC4CO4,C1=CC(=CC(=C1)S(=O)(=O)C2=CC=CC(=C2)N)N,C1=CC(=CC=C1N)S(=O)(=O)C2=CC=C(C=C2)N,Iso,160.0,38.04745586061643,433.23490554022794,0.793935733368302,0.00261022572972363
E1_X90_Y10,0.9,0.1,C1C(O1)CN(CC2CO2)C3=CC=C(C=C3)OCC4CO4,C1=CC(=CC(=C1)S(=O)(=O)C2=CC=CC(=C2)N)N,C1=CC(=CC=C1N)S(=O)(=O)C2=CC=C(C=C2)N,Dyn,1.0,99.878222873749,483.72310128742095,0.972136312584648,0.00208833295935973
E1_X0_Y100,0.0,1.0,C1C(O1)CN(CC2CO2)C3=CC=C(C=C3)OCC4CO4,C1=CC(=CC(=C1)S(=O)(=O)C2=CC=CC(=C2)N)N,C1=CC(=CC=C1N)S(=O)(=O)C2=CC=C(C=C2)N,Iso,180.0,28.149787778500297,453.24372174977,0.866722991509543,0.00369533822291498
E1_X20_Y80,0.2,0.8,C1C(O1)CN(CC2CO2)C3=CC=C(C=C3)OCC4CO4,C1=CC(=CC(=C1)S(=O)(=O)C2=CC=CC(=C2)N)N,C1=CC(=CC=C1N)S(=O)(=O)C2=CC=C(C=C2)N,Dyn,1.0,116.522179358345,505.16720717586395,0.969720285647159,0.0022385803716875
E1_X0_Y100,0.0,1.0,C1C(O1)CN(CC2CO2)C3=CC=C(C=C3)OCC4CO4,C1=CC(=CC(=C1)S(=O)(=O)C2=CC=CC(=C2)N)N,C1=CC(=CC=C1N)S(=O)(=O)C2=CC=C(C=C2)N,Iso,160.0,17.630620000000008,433.27774286305794,0.397393293935779,0.0229591219171216
E1_X70_Y30,0.7,0.3,C1C(O1)CN(CC2CO2)C3=CC=C(C=C3)OCC4CO4,C1=CC(=CC(=C1)S(=O)(=O)C2=CC=CC(=C2)N)N,C1=CC(=CC=C1N)S(=O)(=O)C2=CC=C(C=C2)N,Iso,180.0,3.785486905537179,453.29182588680294,0.360189280082175,0.0766985331019222
E1_X50_Y50,0.5,0.5,C1C(O1)CN(CC2CO2)C3=CC=C(C=C3)OCC4CO4,C1=CC(=CC(=C1)S(=O)(=O)C2=CC=CC(=C2)N)N,C1=CC(=CC=C1N)S(=O)(=O)C2=CC=C(C=C2)N,Iso,180.0,12.332317282587217,453.265757045544,0.773326314275394,0.0235460832326649
E1_X70_Y30,0.7,0.3,C1C(O1)CN(CC2CO2)C3=CC=C(C=C3)OCC4CO4,C1=CC(=CC(=C1)S(=O)(=O)C2=CC=CC(=C2)N)N,C1=CC(=CC=C1N)S(=O)(=O)C2=CC=C(C=C2)N,Dyn,1.0,35.10777040724001,411.28489061383,0.227621678909061,0.0143381149011954
E1_X50_Y50,0.5,0.5,C1C(O1)CN(CC2CO2)C3=CC=C(C=C3)OCC4CO4,C1=CC(=CC(=C1)S(=O)(=O)C2=CC=CC(=C2)N)N,C1=CC(=CC=C1N)S(=O)(=O)C2=CC=C(C=C2)N,Dyn,1.0,42.13166033464,426.072251877575,0.466274690664267,0.02457488373325
E1_X100_Y0,1.0,0.0,C1C(O1)CN(CC2CO2)C3=CC=C(C=C3)OCC4CO4,C1=CC(=CC(=C1)S(=O)(=O)C2=CC=CC(=C2)N)N,C1=CC(=CC=C1N)S(=O)(=O)C2=CC=C(C=C2)N,Dyn,1.0,12.675796360473,385.310730827763,0.016539900200863,0.00246730624238765
E1_X40_Y60,0.4,0.6,C1C(O1)CN(CC2CO2)C3=CC=C(C=C3)OCC4CO4,C1=CC(=CC(=C1)S(=O)(=O)C2=CC=CC(=C2)N)N,C1=CC(=CC=C1N)S(=O)(=O)C2=CC=C(C=C2)N,Iso,180.0,20.908299155904828,453.21916254120697,0.847391500304267,0.00626506354987609
E1_X90_Y10,0.9,0.1,C1C(O1)CN(CC2CO2)C3=CC=C(C=C3)OCC4CO4,C1=CC(=CC(=C1)S(=O)(=O)C2=CC=CC(=C2)N)N,C1=CC(=CC=C1N)S(=O)(=O)C2=CC=C(C=C2)N,Iso,160.0,0.0,433.27321852544094,0.0286620436939969,0.0265036065680569
E1_X40_Y60,0.4,0.6,C1C(O1)CN(CC2CO2)C3=CC=C(C=C3)OCC4CO4,C1=CC(=CC(=C1)S(=O)(=O)C2=CC=CC(=C2)N)N,C1=CC(=CC=C1N)S(=O)(=O)C2=CC=C(C=C2)N,Iso,180.0,29.86899879414983,453.21499996391594,0.874260596467828,0.00138150971039303
E1_X20_Y80,0.2,0.8,C1C(O1)CN(CC2CO2)C3=CC=C(C=C3)OCC4CO4,C1=CC(=CC(=C1)S(=O)(=O)C2=CC=CC(=C2)N)N,C1=CC(=CC=C1N)S(=O)(=O)C2=CC=C(C=C2)N,Iso,180.0,5.83395958692612,453.27476142599494,0.405921024250705,0.0609933200373929
E1_X0_Y100,0.0,1.0,C1C(O1)CN(CC2CO2)C3=CC=C(C=C3)OCC4CO4,C1=CC(=CC(=C1)S(=O)(=O)C2=CC=CC(=C2)N)N,C1=CC(=CC=C1N)S(=O)(=O)C2=CC=C(C=C2)N,Dyn,1.0,59.173815949003995,459.86474453818,0.858076077776979,0.0100229271419955
E1_X40_Y60,0.4,0.6,C1C(O1)CN(CC2CO2)C3=CC=C(C=C3)OCC4CO4,C1=CC(=CC(=C1)S(=O)(=O)C2=CC=CC(=C2)N)N,C1=CC(=CC=C1N)S(=O)(=O)C2=CC=C(C=C2)N,Iso,160.0,44.50253971661647,433.22600003687194,0.809256076345582,0.0019518030097097
E1_X50_Y50,0.5,0.5,C1C(O1)CN(CC2CO2)C3=CC=C(C=C3)OCC4CO4,C1=CC(=CC(=C1)S(=O)(=O)C2=CC=CC(=C2)N)N,C1=CC(=CC=C1N)S(=O)(=O)C2=CC=C(C=C2)N,Iso,160.0,6.04412598195224,433.29005541672495,0.205495387917412,0.0343652523057682
E1_X40_Y60,0.4,0.6,C1C(O1)CN(CC2CO2)C3=CC=C(C=C3)OCC4CO4,C1=CC(=CC(=C1)S(=O)(=O)C2=CC=CC(=C2)N)N,C1=CC(=CC=C1N)S(=O)(=O)C2=CC=C(C=C2)N,Dyn,1.0,26.835200355769018,411.358766965884,0.167089957981686,0.0116514324524425
E1_X100_Y0,1.0,0.0,C1C(O1)CN(CC2CO2)C3=CC=C(C=C3)OCC4CO4,C1=CC(=CC(=C1)S(=O)(=O)C2=CC=CC(=C2)N)N,C1=CC(=CC=C1N)S(=O)(=O)C2=CC=C(C=C2)N,Iso,180.0,18.427120152035258,453.248719654082,0.892903209054331,0.00673643678496368
E1_X90_Y10,0.9,0.1,C1C(O1)CN(CC2CO2)C3=CC=C(C=C3)OCC4CO4,C1=CC(=CC(=C1)S(=O)(=O)C2=CC=CC(=C2)N)N,C1=CC(=CC=C1N)S(=O)(=O)C2=CC=C(C=C2)N,Iso,180.0,35.321017016184044,453.215994679867,0.89010693711831,0.000684085244344645
E1_X70_Y30,0.7,0.3,C1C(O1)CN(CC2CO2)C3=CC=C(C=C3)OCC4CO4,C1=CC(=CC(=C1)S(=O)(=O)C2=CC=CC(=C2)N)N,C1=CC(=CC=C1N)S(=O)(=O)C2=CC=C(C=C2)N,Iso,160.0,22.45574674057221,433.24462877755496,0.665900548813812,0.0146767100331338
E1_X90_Y10,0.9,0.1,C1C(O1)CN(CC2CO2)C3=CC=C(C=C3)OCC4CO4,C1=CC(=CC(=C1)S(=O)(=O)C2=CC=CC(=C2)N)N,C1=CC(=CC=C1N)S(=O)(=O)C2=CC=C(C=C2)N,Iso,180.0,21.19261020971004,453.219557441283,0.864377006008169,0.00457679228492456
E1_X70_Y30,0.7,0.3,C1C(O1)CN(CC2CO2)C3=CC=C(C=C3)OCC4CO4,C1=CC(=CC(=C1)S(=O)(=O)C2=CC=CC(=C2)N)N,C1=CC(=CC=C1N)S(=O)(=O)C2=CC=C(C=C2)N,Iso,160.0,67.36724022171451,433.229912694022,0.823429247763373,0.000254872420723159
E1_X20_Y80,0.2,0.8,C1C(O1)CN(CC2CO2)C3=CC=C(C=C3)OCC4CO4,C1=CC(=CC(=C1)S(=O)(=O)C2=CC=CC(=C2)N)N,C1=CC(=CC=C1N)S(=O)(=O)C2=CC=C(C=C2)N,Iso,180.0,8.750939380389221,453.25891162560595,0.561683167484459,0.0456385080345774
E1_X90_Y10,0.9,0.1,C1C(O1)CN(CC2CO2)C3=CC=C(C=C3)OCC4CO4,C1=CC(=CC(=C1)S(=O)(=O)C2=CC=CC(=C2)N)N,C1=CC(=CC=C1N)S(=O)(=O)C2=CC=C(C=C2)N,Iso,160.0,4.476171277719529,433.27704083533,0.17107419317731,0.0369098247892796
E1_X90_Y10,0.9,0.1,C1C(O1)CN(CC2CO2)C3=CC=C(C=C3)OCC4CO4,C1=CC(=CC(=C1)S(=O)(=O)C2=CC=CC(=C2)N)N,C1=CC(=CC=C1N)S(=O)(=O)C2=CC=C(C=C2)N,Dyn,1.0,103.87335178869898,487.71638330440794,0.980623392446691,0.00215758651500924
E1_X20_Y80,0.2,0.8,C1C(O1)CN(CC2CO2)C3=CC=C(C=C3)OCC4CO4,C1=CC(=CC(=C1)S(=O)(=O)C2=CC=CC(=C2)N)N,C1=CC(=CC=C1N)S(=O)(=O)C2=CC=C(C=C2)N,Dyn,1.0,41.94798456900401,430.666261874661,0.438417469913328,0.0234406565732575
E1_X70_Y30,0.7,0.3,C1C(O1)CN(CC2CO2)C3=CC=C(C=C3)OCC4CO4,C1=CC(=CC(=C1)S(=O)(=O)C2=CC=CC(=C2)N)N,C1=CC(=CC=C1N)S(=O)(=O)C2=CC=C(C=C2)N,Iso,160.0,2.2455746740572105,433.255279182348,0.0946352647010215,0.0311194708848814
E1_X70_Y30,0.7,0.3,C1C(O1)CN(CC2CO2)C3=CC=C(C=C3)OCC4CO4,C1=CC(=CC(=C1)S(=O)(=O)C2=CC=CC(=C2)N)N,C1=CC(=CC=C1N)S(=O)(=O)C2=CC=C(C=C2)N,Iso,180.0,6.309144842561879,453.270653691054,0.528365425115775,0.0560184190103295
E1_X0_Y100,0.0,1.0,C1C(O1)CN(CC2CO2)C3=CC=C(C=C3)OCC4CO4,C1=CC(=CC(=C1)S(=O)(=O)C2=CC=CC(=C2)N)N,C1=CC(=CC=C1N)S(=O)(=O)C2=CC=C(C=C2)N,Iso,160.0,82.10831600000161,433.25293108328697,0.838630916996651,0.000426471839403991
E1_X70_Y30,0.7,0.3,C1C(O1)CN(CC2CO2)C3=CC=C(C=C3)OCC4CO4,C1=CC(=CC(=C1)S(=O)(=O)C2=CC=CC(=C2)N)N,C1=CC(=CC=C1N)S(=O)(=O)C2=CC=C(C=C2)N,Iso,160.0,0.0,433.26199999849996,0.029370758748899,0.0272664105390842
E1_X90_Y10,0.9,0.1,C1C(O1)CN(CC2CO2)C3=CC=C(C=C3)OCC4CO4,C1=CC(=CC(=C1)S(=O)(=O)C2=CC=CC(=C2)N)N,C1=CC(=CC=C1N)S(=O)(=O)C2=CC=C(C=C2)N,Dyn,1.0,95.88309395879901,479.731176350404,0.964140742611468,0.00194692426212202
E1_X20_Y80,0.2,0.8,C1C(O1)CN(CC2CO2)C3=CC=C(C=C3)OCC4CO4,C1=CC(=CC(=C1)S(=O)(=O)C2=CC=CC(=C2)N)N,C1=CC(=CC=C1N)S(=O)(=O)C2=CC=C(C=C2)N,Iso,180.0,21.877348450973123,453.22060574885995,0.851960733645435,0.00674102394032835
E1_X0_Y100,0.0,1.0,C1C(O1)CN(CC2CO2)C3=CC=C(C=C3)OCC4CO4,C1=CC(=CC(=C1)S(=O)(=O)C2=CC=CC(=C2)N)N,C1=CC(=CC=C1N)S(=O)(=O)C2=CC=C(C=C2)N,Dyn,1.0,95.588471917622,496.25277308841294,0.956483145647179,0.00139751854015121
E1_X40_Y60,0.4,0.6,C1C(O1)CN(CC2CO2)C3=CC=C(C=C3)OCC4CO4,C1=CC(=CC(=C1)S(=O)(=O)C2=CC=CC(=C2)N)N,C1=CC(=CC=C1N)S(=O)(=O)C2=CC=C(C=C2)N,Iso,160.0,40.052285744954766,433.226999953886,0.797457694474006,0.00355816147699367
E1_X70_Y30,0.7,0.3,C1C(O1)CN(CC2CO2)C3=CC=C(C=C3)OCC4CO4,C1=CC(=CC(=C1)S(=O)(=O)C2=CC=CC(=C2)N)N,C1=CC(=CC=C1N)S(=O)(=O)C2=CC=C(C=C2)N,Dyn,1.0,57.05012691176499,433.21823756124695,0.668299703132452,0.018956193205883
E1_X100_Y0,1.0,0.0,C1C(O1)CN(CC2CO2)C3=CC=C(C=C3)OCC4CO4,C1=CC(=CC(=C1)S(=O)(=O)C2=CC=CC(=C2)N)N,C1=CC(=CC=C1N)S(=O)(=O)C2=CC=C(C=C2)N,Iso,180.0,11.923430686610962,453.262413968739,0.811513540630287,0.0199803796592709
E1_X40_Y60,0.4,0.6,C1C(O1)CN(CC2CO2)C3=CC=C(C=C3)OCC4CO4,C1=CC(=CC(=C1)S(=O)(=O)C2=CC=CC(=C2)N)N,C1=CC(=CC=C1N)S(=O)(=O)C2=CC=C(C=C2)N,Dyn,1.0,40.25280053365401,424.779455953871,0.39446797488062,0.0215025560550559
E1_X20_Y80,0.2,0.8,C1C(O1)CN(CC2CO2)C3=CC=C(C=C3)OCC4CO4,C1=CC(=CC(=C1)S(=O)(=O)C2=CC=CC(=C2)N)N,C1=CC(=CC=C1N)S(=O)(=O)C2=CC=C(C=C2)N,Dyn,1.0,51.26975891767202,439.979297147686,0.650962082723302,0.0206451262370234
E1_X50_Y50,0.5,0.5,C1C(O1)CN(CC2CO2)C3=CC=C(C=C3)OCC4CO4,C1=CC(=CC(=C1)S(=O)(=O)C2=CC=CC(=C2)N)N,C1=CC(=CC=C1N)S(=O)(=O)C2=CC=C(C=C2)N,Iso,160.0,2.01470866065074,433.28078418517896,0.0802194223430092,0.0271965214896231
E1_X50_Y50,0.5,0.5,C1C(O1)CN(CC2CO2)C3=CC=C(C=C3)OCC4CO4,C1=CC(=CC(=C1)S(=O)(=O)C2=CC=CC(=C2)N)N,C1=CC(=CC=C1N)S(=O)(=O)C2=CC=C(C=C2)N,Iso,160.0,58.42655115887144,433.252999820338,0.833805984949653,0.000237685443723031
E1_X70_Y30,0.7,0.3,C1C(O1)CN(CC2CO2)C3=CC=C(C=C3)OCC4CO4,C1=CC(=CC(=C1)S(=O)(=O)C2=CC=CC(=C2)N)N,C1=CC(=CC=C1N)S(=O)(=O)C2=CC=C(C=C2)N,Iso,160.0,38.174769458972015,433.23326438742595,0.793356478176836,0.00333468453492623
E1_X40_Y60,0.4,0.6,C1C(O1)CN(CC2CO2)C3=CC=C(C=C3)OCC4CO4,C1=CC(=CC(=C1)S(=O)(=O)C2=CC=CC(=C2)N)N,C1=CC(=CC=C1N)S(=O)(=O)C2=CC=C(C=C2)N,Iso,180.0,26.882098914734833,453.216856742697,0.869165689522611,0.0021273627515909
E1_X40_Y60,0.4,0.6,C1C(O1)CN(CC2CO2)C3=CC=C(C=C3)OCC4CO4,C1=CC(=CC(=C1)S(=O)(=O)C2=CC=CC(=C2)N)N,C1=CC(=CC=C1N)S(=O)(=O)C2=CC=C(C=C2)N,Iso,160.0,28.92665081580077,433.234079214121,0.719724070156151,0.0109558574948499
E1_X100_Y0,1.0,0.0,C1C(O1)CN(CC2CO2)C3=CC=C(C=C3)OCC4CO4,C1=CC(=CC(=C1)S(=O)(=O)C2=CC=CC(=C2)N)N,C1=CC(=CC=C1N)S(=O)(=O)C2=CC=C(C=C2)N,Iso,160.0,21.53689699751191,433.26795959229696,0.719212373561394,0.0135697050225462
E1_X100_Y0,1.0,0.0,C1C(O1)CN(CC2CO2)C3=CC=C(C=C3)OCC4CO4,C1=CC(=CC(=C1)S(=O)(=O)C2=CC=CC(=C2)N)N,C1=CC(=CC=C1N)S(=O)(=O)C2=CC=C(C=C2)N,Dyn,1.0,46.47791998840201,419.12197911794,0.349439585885815,0.0242050327872263
E1_X50_Y50,0.5,0.5,C1C(O1)CN(CC2CO2)C3=CC=C(C=C3)OCC4CO4,C1=CC(=CC(=C1)S(=O)(=O)C2=CC=CC(=C2)N)N,C1=CC(=CC=C1N)S(=O)(=O)C2=CC=C(C=C2)N,Dyn,1.0,67.41065653542401,451.31672138042796,0.892499562235356,0.00550019548554249
E1_X0_Y100,0.0,1.0,C1C(O1)CN(CC2CO2)C3=CC=C(C=C3)OCC4CO4,C1=CC(=CC(=C1)S(=O)(=O)C2=CC=CC(=C2)N)N,C1=CC(=CC=C1N)S(=O)(=O)C2=CC=C(C=C2)N,Iso,180.0,40.0023300010267,453.242000000025,0.887030671143546,0.000737351840478479
E1_X70_Y30,0.7,0.3,C1C(O1)CN(CC2CO2)C3=CC=C(C=C3)OCC4CO4,C1=CC(=CC(=C1)S(=O)(=O)C2=CC=CC(=C2)N)N,C1=CC(=CC=C1N)S(=O)(=O)C2=CC=C(C=C2)N,Dyn,1.0,52.661655610859995,428.836045573988,0.579299657190902,0.021498431691482
E1_X40_Y60,0.4,0.6,C1C(O1)CN(CC2CO2)C3=CC=C(C=C3)OCC4CO4,C1=CC(=CC(=C1)S(=O)(=O)C2=CC=CC(=C2)N)N,C1=CC(=CC=C1N)S(=O)(=O)C2=CC=C(C=C2)N,Iso,180.0,7.46724969853733,453.262999999243,0.535729110492348,0.0513051240082835
E1_X20_Y80,0.2,0.8,C1C(O1)CN(CC2CO2)C3=CC=C(C=C3)OCC4CO4,C1=CC(=CC(=C1)S(=O)(=O)C2=CC=CC(=C2)N)N,C1=CC(=CC=C1N)S(=O)(=O)C2=CC=C(C=C2)N,Iso,160.0,21.359922412960714,433.253999984565,0.552543867400303,0.0197518645269577
E1_X70_Y30,0.7,0.3,C1C(O1)CN(CC2CO2)C3=CC=C(C=C3)OCC4CO4,C1=CC(=CC(=C1)S(=O)(=O)C2=CC=CC(=C2)N)N,C1=CC(=CC=C1N)S(=O)(=O)C2=CC=C(C=C2)N,Dyn,1.0,87.76942601809999,463.900544429672,0.929812984250596,0.00202333136556565
E1_X100_Y0,1.0,0.0,C1C(O1)CN(CC2CO2)C3=CC=C(C=C3)OCC4CO4,C1=CC(=CC(=C1)S(=O)(=O)C2=CC=CC(=C2)N)N,C1=CC(=CC=C1N)S(=O)(=O)C2=CC=C(C=C2)N,Iso,160.0,7.691748927682712,433.30024931664195,0.345572804642794,0.0417431476370487
E1_X90_Y10,0.9,0.1,C1C(O1)CN(CC2CO2)C3=CC=C(C=C3)OCC4CO4,C1=CC(=CC(=C1)S(=O)(=O)C2=CC=CC(=C2)N)N,C1=CC(=CC=C1N)S(=O)(=O)C2=CC=C(C=C2)N,Iso,180.0,28.256813612946942,453.216980423536,0.882913256668813,0.0014926844073572
E1_X0_Y100,0.0,1.0,C1C(O1)CN(CC2CO2)C3=CC=C(C=C3)OCC4CO4,C1=CC(=CC(=C1)S(=O)(=O)C2=CC=CC(=C2)N)N,C1=CC(=CC=C1N)S(=O)(=O)C2=CC=C(C=C2)N,Dyn,1.0,91.03663992154401,491.70309333079,0.950273284791139,0.00129192385025061
E1_X0_Y100,0.0,1.0,C1C(O1)CN(CC2CO2)C3=CC=C(C=C3)OCC4CO4,C1=CC(=CC(=C1)S(=O)(=O)C2=CC=CC(=C2)N)N,C1=CC(=CC=C1N)S(=O)(=O)C2=CC=C(C=C2)N,Iso,180.0,14.8156777781581,453.26173386256096,0.713299974042548,0.0222256853763846
E1_X100_Y0,1.0,0.0,C1C(O1)CN(CC2CO2)C3=CC=C(C=C3)OCC4CO4,C1=CC(=CC(=C1)S(=O)(=O)C2=CC=CC(=C2)N)N,C1=CC(=CC=C1N)S(=O)(=O)C2=CC=C(C=C2)N,Dyn,1.0,76.05477816283899,448.665850092411,0.898871252583523,0.00665181494651594
E1_X40_Y60,0.4,0.6,C1C(O1)CN(CC2CO2)C3=CC=C(C=C3)OCC4CO4,C1=CC(=CC(=C1)S(=O)(=O)C2=CC=CC(=C2)N)N,C1=CC(=CC=C1N)S(=O)(=O)C2=CC=C(C=C2)N,Dyn,1.0,13.417600177884026,397.941866658732,0.0621191314048665,0.0048222365016424
E1_X50_Y50,0.5,0.5,C1C(O1)CN(CC2CO2)C3=CC=C(C=C3)OCC4CO4,C1=CC(=CC(=C1)S(=O)(=O)C2=CC=CC(=C2)N)N,C1=CC(=CC=C1N)S(=O)(=O)C2=CC=C(C=C2)N,Iso,180.0,20.553862137645318,453.247356086422,0.873642305785861,0.00404875389427619
E1_X100_Y0,1.0,0.0,C1C(O1)CN(CC2CO2)C3=CC=C(C=C3)OCC4CO4,C1=CC(=CC(=C1)S(=O)(=O)C2=CC=CC(=C2)N)N,C1=CC(=CC=C1N)S(=O)(=O)C2=CC=C(C=C2)N,Dyn,1.0,59.153716348874994,431.78980938166694,0.672391752404145,0.0218864037050734
