Molecule,SMILES_E1,SMILES_X1,SMILES_Y1,Ratio_X1,Ratio_Y1,Condition_Type,Condition_Val,Time_min,Temp_K,Alpha,Rate_1_min
C14,CC(C)(C1=CC=C(C=C1)OCC2CO2)C3=CC=C(C=C3)OCC4CO4,OC(=O)CCCCCCCCCCCCC(=O)O,OC(=O)CCCCCCCCCCCCC(=O)O,1.0,0.0,Dyn,10.0,4.4712045557066125,481.4426774190496,0.4646779555327093,0.1668159708436138
C10,CC(C)(C1=CC=C(C=C1)OCC2CO2)C3=CC=C(C=C3)OCC4CO4,OC(=O)CCCCCCCCC(=O)O,OC(=O)CCCCCCCCC(=O)O,1.0,0.0,Iso,165.0,11.645000000000008,438.18,0.4879385883656801,0.0255370747630049
C14,CC(C)(C1=CC=C(C=C1)OCC2CO2)C3=CC=C(C=C3)OCC4CO4,OC(=O)CCCCCCCCCCCCC(=O)O,OC(=O)CCCCCCCCCCCCC(=O)O,1.0,0.0,Dyn,10.0,0.6953637928994709,443.5206387096299,0.0370169096317251,0.0519595153656695
C10,CC(C)(C1=CC=C(C=C1)OCC2CO2)C3=CC=C(C=C3)OCC4CO4,OC(=O)CCCCCCCCC(=O)O,OC(=O)CCCCCCCCC(=O)O,1.0,0.0,Iso,165.0,43.840000000000025,438.17,0.8832434604398708,0.0051687183563624
C10,CC(C)(C1=CC=C(C=C1)OCC2CO2)C3=CC=C(C=C3)OCC4CO4,OC(=O)CCCCCCCCC(=O)O,OC(=O)CCCCCCCCC(=O)O,1.0,0.0,Dyn,2.5,26.81,502.13,0.9265964587027194,0.0117721470664062
C10,CC(C)(C1=CC=C(C=C1)OCC2CO2)C3=CC=C(C=C3)OCC4CO4,OC(=O)CCCCCCCCC(=O)O,OC(=O)CCCCCCCCC(=O)O,1.0,0.0,Dyn,10.0,3.0900000000000003,469.32,0.2211873305613188,0.1144370905671744
C6,CC(C)(C1=CC=C(C=C1)OCC2CO2)C3=CC=C(C=C3)OCC4CO4,OC(=O)CCCCC(=O)O,OC(=O)CCCCC(=O)O,1.0,0.0,Dyn,2.5,39.46,533.0400000000006,0.922841524337616,0.0086949083888903
C14,CC(C)(C1=CC=C(C=C1)OCC2CO2)C3=CC=C(C=C3)OCC4CO4,OC(=O)CCCCCCCCCCCCC(=O)O,OC(=O)CCCCCCCCCCCCC(=O)O,1.0,0.0,Dyn,5.0,4.105091644307068,456.0526258063996,0.2529008805012648,0.0893602592625359
C6,CC(C)(C1=CC=C(C=C1)OCC2CO2)C3=CC=C(C=C3)OCC4CO4,OC(=O)CCCCC(=O)O,OC(=O)CCCCC(=O)O,1.0,0.0,Iso,170.0,2.620000000000001,443.26,0.2638352053112637,0.0852673595478511
C6,CC(C)(C1=CC=C(C=C1)OCC2CO2)C3=CC=C(C=C3)OCC4CO4,OC(=O)CCCCC(=O)O,OC(=O)CCCCC(=O)O,1.0,0.0,Dyn,10.0,7.209999999999999,510.41,0.8897662665824383,0.0252684775742263
C12,CC(C)(C1=CC=C(C=C1)OCC2CO2)C3=CC=C(C=C3)OCC4CO4,OC(=O)CCCCCCCCCCC(=O)O,OC(=O)CCCCCCCCCCC(=O)O,1.0,0.0,Iso,180.0,39.83161999999995,453.1694967065868,0.8935040959963078,0.0042219374701953
C10,CC(C)(C1=CC=C(C=C1)OCC2CO2)C3=CC=C(C=C3)OCC4CO4,OC(=O)CCCCCCCCC(=O)O,OC(=O)CCCCCCCCC(=O)O,1.0,0.0,Dyn,10.0,10.29,541.3199999999999,0.9255384736653932,0.0415239135514346
C12,CC(C)(C1=CC=C(C=C1)OCC2CO2)C3=CC=C(C=C3)OCC4CO4,OC(=O)CCCCCCCCCCC(=O)O,OC(=O)CCCCCCCCCCC(=O)O,1.0,0.0,Iso,180.0,67.63859999999997,453.1670708433735,0.969135802469136,0.0016120124886198
C12,CC(C)(C1=CC=C(C=C1)OCC2CO2)C3=CC=C(C=C3)OCC4CO4,OC(=O)CCCCCCCCCCC(=O)O,OC(=O)CCCCCCCCCCC(=O)O,1.0,0.0,Dyn,5.0,24.37482910341143,556.9648787095197,0.9899830400678395,0.0037152739676407
C6,CC(C)(C1=CC=C(C=C1)OCC2CO2)C3=CC=C(C=C3)OCC4CO4,OC(=O)CCCCC(=O)O,OC(=O)CCCCC(=O)O,1.0,0.0,Dyn,5.0,21.01,540.67,0.9399924482267856,0.0101658485579013
C10,CC(C)(C1=CC=C(C=C1)OCC2CO2)C3=CC=C(C=C3)OCC4CO4,OC(=O)CCCCCCCCC(=O)O,OC(=O)CCCCCCCCC(=O)O,1.0,0.0,Dyn,2.5,9.989999999999998,460.13,0.4447565932011814,0.045938701757531
C10,CC(C)(C1=CC=C(C=C1)OCC2CO2)C3=CC=C(C=C3)OCC4CO4,OC(=O)CCCCCCCCC(=O)O,OC(=O)CCCCCCCCC(=O)O,1.0,0.0,Dyn,2.5,17.2,478.13,0.7315277774741311,0.030470941379921
C10,CC(C)(C1=CC=C(C=C1)OCC2CO2)C3=CC=C(C=C3)OCC4CO4,OC(=O)CCCCCCCCC(=O)O,OC(=O)CCCCCCCCC(=O)O,1.0,0.0,Dyn,5.0,21.19,541.5,0.9785481571526252,0.01053438711255
C6,CC(C)(C1=CC=C(C=C1)OCC2CO2)C3=CC=C(C=C3)OCC4CO4,OC(=O)CCCCC(=O)O,OC(=O)CCCCC(=O)O,1.0,0.0,Iso,165.0,8.757473999999995,438.19,0.6671623492560689,0.0444669486541428
C14,CC(C)(C1=CC=C(C=C1)OCC2CO2)C3=CC=C(C=C3)OCC4CO4,OC(=O)CCCCCCCCCCCCC(=O)O,OC(=O)CCCCCCCCCCCCC(=O)O,1.0,0.0,Dyn,10.0,7.474017929322474,511.3811290317493,0.9125716636412636,0.058709798746529
C10,CC(C)(C1=CC=C(C=C1)OCC2CO2)C3=CC=C(C=C3)OCC4CO4,OC(=O)CCCCCCCCC(=O)O,OC(=O)CCCCCCCCC(=O)O,1.0,0.0,Dyn,2.5,22.8,492.13,0.8676768626353565,0.0177633290555596
C8,CC(C)(C1=CC=C(C=C1)OCC2CO2)C3=CC=C(C=C3)OCC4CO4,OC(=O)CCCCCCC(=O)O,OC(=O)CCCCCCC(=O)O,1.0,0.0,Iso,170.0,46.9,443.17,0.9550190900413618,0.002783964365256
C10,CC(C)(C1=CC=C(C=C1)OCC2CO2)C3=CC=C(C=C3)OCC4CO4,OC(=O)CCCCCCCCC(=O)O,OC(=O)CCCCCCCCC(=O)O,1.0,0.0,Dyn,2.5,2.79,442.13,0.1128774844065298,0.0422630590529577
C6,CC(C)(C1=CC=C(C=C1)OCC2CO2)C3=CC=C(C=C3)OCC4CO4,OC(=O)CCCCC(=O)O,OC(=O)CCCCC(=O)O,1.0,0.0,Dyn,5.0,9.6,483.67,0.7647332190885591,0.0379040924801761
C14,CC(C)(C1=CC=C(C=C1)OCC2CO2)C3=CC=C(C=C3)OCC4CO4,OC(=O)CCCCCCCCCCCCC(=O)O,OC(=O)CCCCCCCCCCCCC(=O)O,1.0,0.0,Iso,160.0,16.705558515969997,433.15,0.5866675170875713,0.0272503271566117
C14,CC(C)(C1=CC=C(C=C1)OCC2CO2)C3=CC=C(C=C3)OCC4CO4,OC(=O)CCCCCCCCCCCCC(=O)O,OC(=O)CCCCCCCCCCCCC(=O)O,1.0,0.0,Dyn,10.0,4.670664684553045,483.4385741932296,0.4979756676085768,0.1677958488778464
C10,CC(C)(C1=CC=C(C=C1)OCC2CO2)C3=CC=C(C=C3)OCC4CO4,OC(=O)CCCCCCCCC(=O)O,OC(=O)CCCCCCCCC(=O)O,1.0,0.0,Dyn,2.5,6.78,452.13,0.2938010900671836,0.047551065471805
C10,CC(C)(C1=CC=C(C=C1)OCC2CO2)C3=CC=C(C=C3)OCC4CO4,OC(=O)CCCCCCCCC(=O)O,OC(=O)CCCCCCCCC(=O)O,1.0,0.0,Iso,170.0,56.360110000000056,443.17,0.9831474475188828,0.0023380720318046
C12,CC(C)(C1=CC=C(C=C1)OCC2CO2)C3=CC=C(C=C3)OCC4CO4,OC(=O)CCCCCCCCCCC(=O)O,OC(=O)CCCCCCCCCCC(=O)O,1.0,0.0,Iso,160.0,3.85134419355,433.15,0.1234685231730753,0.0318145480107342
C8,CC(C)(C1=CC=C(C=C1)OCC2CO2)C3=CC=C(C=C3)OCC4CO4,OC(=O)CCCCCCC(=O)O,OC(=O)CCCCCCC(=O)O,1.0,0.0,Dyn,5.0,9.1,480.9500000000007,0.6385928915472282,0.0819134332788135
C10,CC(C)(C1=CC=C(C=C1)OCC2CO2)C3=CC=C(C=C3)OCC4CO4,OC(=O)CCCCCCCCC(=O)O,OC(=O)CCCCCCCCC(=O)O,1.0,0.0,Dyn,10.0,9.39,532.3199999999999,0.8818327951646459,0.0552479188777558
C8,CC(C)(C1=CC=C(C=C1)OCC2CO2)C3=CC=C(C=C3)OCC4CO4,OC(=O)CCCCCCC(=O)O,OC(=O)CCCCCCC(=O)O,1.0,0.0,Iso,180.0,25.99799999999996,453.18,0.9194896786718968,0.0075895715519524
C14,CC(C)(C1=CC=C(C=C1)OCC2CO2)C3=CC=C(C=C3)OCC4CO4,OC(=O)CCCCCCCCCCCCC(=O)O,OC(=O)CCCCCCCCCCCCC(=O)O,1.0,0.0,Dyn,2.5,31.462253235594996,512.7430774192609,0.9881535614343142,0.0010931515215866
C8,CC(C)(C1=CC=C(C=C1)OCC2CO2)C3=CC=C(C=C3)OCC4CO4,OC(=O)CCCCCCC(=O)O,OC(=O)CCCCCCC(=O)O,1.0,0.0,Iso,170.0,32.9,443.17,0.8834314349347757,0.0082950774964774
C8,CC(C)(C1=CC=C(C=C1)OCC2CO2)C3=CC=C(C=C3)OCC4CO4,OC(=O)CCCCCCC(=O)O,OC(=O)CCCCCCC(=O)O,1.0,0.0,Iso,160.0,83.0,433.17,0.955336280289013,0.001984252491199
C10,CC(C)(C1=CC=C(C=C1)OCC2CO2)C3=CC=C(C=C3)OCC4CO4,OC(=O)CCCCCCCCC(=O)O,OC(=O)CCCCCCCCC(=O)O,1.0,0.0,Dyn,5.0,14.99,510.5,0.8414734351487168,0.0316031613376506
C12,CC(C)(C1=CC=C(C=C1)OCC2CO2)C3=CC=C(C=C3)OCC4CO4,OC(=O)CCCCCCCCCCC(=O)O,OC(=O)CCCCCCCCCCC(=O)O,1.0,0.0,Dyn,10.0,1.7929449622874496,454.37074838694,0.0899052575313098,0.072916175631766
C12,CC(C)(C1=CC=C(C=C1)OCC2CO2)C3=CC=C(C=C3)OCC4CO4,OC(=O)CCCCCCCCCCC(=O)O,OC(=O)CCCCCCCCCCC(=O)O,1.0,0.0,Iso,180.0,66.88705999999996,453.1662776646706,0.9679243106034384,0.0016120124886201
C14,CC(C)(C1=CC=C(C=C1)OCC2CO2)C3=CC=C(C=C3)OCC4CO4,OC(=O)CCCCCCCCCCCCC(=O)O,OC(=O)CCCCCCCCCCCCC(=O)O,1.0,0.0,Iso,170.0,2.255199999999999,443.2456293975904,0.1168380310078297,0.0562456463993033
C12,CC(C)(C1=CC=C(C=C1)OCC2CO2)C3=CC=C(C=C3)OCC4CO4,OC(=O)CCCCCCCCCCC(=O)O,OC(=O)CCCCCCCCCCC(=O)O,1.0,0.0,Iso,160.0,5.39188187097,433.15,0.1719905807708258,0.0305164407310511
C8,CC(C)(C1=CC=C(C=C1)OCC2CO2)C3=CC=C(C=C3)OCC4CO4,OC(=O)CCCCCCC(=O)O,OC(=O)CCCCCCC(=O)O,1.0,0.0,Iso,180.0,41.16350000000004,453.17,0.9828836324735528,0.0018288124221574
C14,CC(C)(C1=CC=C(C=C1)OCC2CO2)C3=CC=C(C=C3)OCC4CO4,OC(=O)CCCCCCCCCCCCC(=O)O,OC(=O)CCCCCCCCCCCCC(=O)O,1.0,0.0,Iso,180.0,20.00083999999997,453.16907518072287,0.9817445259217475,0.0052302813281331
C8,CC(C)(C1=CC=C(C=C1)OCC2CO2)C3=CC=C(C=C3)OCC4CO4,OC(=O)CCCCCCC(=O)O,OC(=O)CCCCCCC(=O)O,1.0,0.0,Iso,160.0,70.0,433.17,0.922109070390936,0.0031387266678964
C12,CC(C)(C1=CC=C(C=C1)OCC2CO2)C3=CC=C(C=C3)OCC4CO4,OC(=O)CCCCCCCCCCC(=O)O,OC(=O)CCCCCCCCCCC(=O)O,1.0,0.0,Dyn,2.5,30.63225180639006,510.5534838705991,0.8390693961019158,0.0099769856417246
C10,CC(C)(C1=CC=C(C=C1)OCC2CO2)C3=CC=C(C=C3)OCC4CO4,OC(=O)CCCCCCCCC(=O)O,OC(=O)CCCCCCCCC(=O)O,1.0,0.0,Iso,165.0,58.22500000000007,438.1649999999999,0.9426921357307124,0.0031252715643121
C10,CC(C)(C1=CC=C(C=C1)OCC2CO2)C3=CC=C(C=C3)OCC4CO4,OC(=O)CCCCCCCCC(=O)O,OC(=O)CCCCCCCCC(=O)O,1.0,0.0,Iso,165.0,54.11500000000006,438.1650000000001,0.9286945252051678,0.0036060825742064
C12,CC(C)(C1=CC=C(C=C1)OCC2CO2)C3=CC=C(C=C3)OCC4CO4,OC(=O)CCCCCCCCCCC(=O)O,OC(=O)CCCCCCCCCCC(=O)O,1.0,0.0,Dyn,5.0,3.1801208963690626,451.0390103225599,0.1388036322832701,0.0602603966602815
C8,CC(C)(C1=CC=C(C=C1)OCC2CO2)C3=CC=C(C=C3)OCC4CO4,OC(=O)CCCCCCC(=O)O,OC(=O)CCCCCCC(=O)O,1.0,0.0,Iso,160.0,58.0,433.17,0.875136402326554,0.0046900513428338
C10,CC(C)(C1=CC=C(C=C1)OCC2CO2)C3=CC=C(C=C3)OCC4CO4,OC(=O)CCCCCCCCC(=O)O,OC(=O)CCCCCCCCC(=O)O,1.0,0.0,Dyn,5.0,2.5900000000000003,448.5,0.1240689038299839,0.0563110874743583
C12,CC(C)(C1=CC=C(C=C1)OCC2CO2)C3=CC=C(C=C3)OCC4CO4,OC(=O)CCCCCCCCCCC(=O)O,OC(=O)CCCCCCCCCCC(=O)O,1.0,0.0,Dyn,2.5,18.94347922576861,481.33083870944944,0.6970939933259176,0.0154932197576481
C10,CC(C)(C1=CC=C(C=C1)OCC2CO2)C3=CC=C(C=C3)OCC4CO4,OC(=O)CCCCCCCCC(=O)O,OC(=O)CCCCCCCCC(=O)O,1.0,0.0,Iso,165.0,78.09000000000013,438.16,0.985261339505456,0.0012020275247355
C8,CC(C)(C1=CC=C(C=C1)OCC2CO2)C3=CC=C(C=C3)OCC4CO4,OC(=O)CCCCCCC(=O)O,OC(=O)CCCCCCC(=O)O,1.0,0.0,Dyn,5.0,10.7,488.9500000000008,0.7645329049034039,0.0723358626184999
C14,CC(C)(C1=CC=C(C=C1)OCC2CO2)C3=CC=C(C=C3)OCC4CO4,OC(=O)CCCCCCCCCCCCC(=O)O,OC(=O)CCCCCCCCCCCCC(=O)O,1.0,0.0,Dyn,2.5,17.647873087661686,478.2254516128505,0.941425942647442,0.0179705345219638
C10,CC(C)(C1=CC=C(C=C1)OCC2CO2)C3=CC=C(C=C3)OCC4CO4,OC(=O)CCCCCCCCC(=O)O,OC(=O)CCCCCCCCC(=O)O,1.0,0.0,Dyn,2.5,26.01,500.13,0.9168129636228884,0.01275315932194
C12,CC(C)(C1=CC=C(C=C1)OCC2CO2)C3=CC=C(C=C3)OCC4CO4,OC(=O)CCCCCCCCCCC(=O)O,OC(=O)CCCCCCCCCCC(=O)O,1.0,0.0,Iso,180.0,24.049279999999985,453.1716438554216,0.7999057496861793,0.0080933570211789
C8,CC(C)(C1=CC=C(C=C1)OCC2CO2)C3=CC=C(C=C3)OCC4CO4,OC(=O)CCCCCCC(=O)O,OC(=O)CCCCCCC(=O)O,1.0,0.0,Iso,170.0,27.3,443.18,0.822184218899141,0.0134084814326621
C8,CC(C)(C1=CC=C(C=C1)OCC2CO2)C3=CC=C(C=C3)OCC4CO4,OC(=O)CCCCCCC(=O)O,OC(=O)CCCCCCC(=O)O,1.0,0.0,Iso,170.0,40.6,443.17,0.9320712694877508,0.0044316167446932
C10,CC(C)(C1=CC=C(C=C1)OCC2CO2)C3=CC=C(C=C3)OCC4CO4,OC(=O)CCCCCCCCC(=O)O,OC(=O)CCCCCCCCC(=O)O,1.0,0.0,Dyn,10.0,1.7899999999999996,456.32,0.0986565958273392,0.0756579780810046
C12,CC(C)(C1=CC=C(C=C1)OCC2CO2)C3=CC=C(C=C3)OCC4CO4,OC(=O)CCCCCCCCCCC(=O)O,OC(=O)CCCCCCCCCCC(=O)O,1.0,0.0,Dyn,10.0,8.883521705294346,525.2869225798704,0.9490793692046584,0.0326485743748078
C6,CC(C)(C1=CC=C(C=C1)OCC2CO2)C3=CC=C(C=C3)OCC4CO4,OC(=O)CCCCC(=O)O,OC(=O)CCCCC(=O)O,1.0,0.0,Dyn,5.0,1.3900000000000006,442.67,0.094539487060327,0.0748932585901423
C12,CC(C)(C1=CC=C(C=C1)OCC2CO2)C3=CC=C(C=C3)OCC4CO4,OC(=O)CCCCCCCCCCC(=O)O,OC(=O)CCCCCCCCCCC(=O)O,1.0,0.0,Dyn,5.0,3.578777514794663,453.0376116128798,0.163172827057702,0.0637860918423379
C12,CC(C)(C1=CC=C(C=C1)OCC2CO2)C3=CC=C(C=C3)OCC4CO4,OC(=O)CCCCCCCCCCC(=O)O,OC(=O)CCCCCCCCCCC(=O)O,1.0,0.0,Dyn,5.0,1.188089571954047,441.0460038709599,0.0394627329857363,0.0415031454649068
C8,CC(C)(C1=CC=C(C=C1)OCC2CO2)C3=CC=C(C=C3)OCC4CO4,OC(=O)CCCCCCC(=O)O,OC(=O)CCCCCCC(=O)O,1.0,0.0,Iso,170.0,63.0,443.17,0.9837734648425072,0.0010226807872367
C6,CC(C)(C1=CC=C(C=C1)OCC2CO2)C3=CC=C(C=C3)OCC4CO4,OC(=O)CCCCC(=O)O,OC(=O)CCCCC(=O)O,1.0,0.0,Dyn,2.5,4.08,444.69000000000005,0.1976826301885813,0.0521835883957611
C10,CC(C)(C1=CC=C(C=C1)OCC2CO2)C3=CC=C(C=C3)OCC4CO4,OC(=O)CCCCCCCCC(=O)O,OC(=O)CCCCCCCCC(=O)O,1.0,0.0,Iso,170.0,40.55821000000004,443.17,0.9172164379796904,0.0061748482359953
C10,CC(C)(C1=CC=C(C=C1)OCC2CO2)C3=CC=C(C=C3)OCC4CO4,OC(=O)CCCCCCCCC(=O)O,OC(=O)CCCCCCCCC(=O)O,1.0,0.0,Iso,170.0,49.51262000000005,443.17,0.9618224868793156,0.0036916926817968
C8,CC(C)(C1=CC=C(C=C1)OCC2CO2)C3=CC=C(C=C3)OCC4CO4,OC(=O)CCCCCCC(=O)O,OC(=O)CCCCCCC(=O)O,1.0,0.0,Dyn,5.0,4.140000000000001,456.1500000000004,0.2343629524242794,0.0727391287515846
C14,CC(C)(C1=CC=C(C=C1)OCC2CO2)C3=CC=C(C=C3)OCC4CO4,OC(=O)CCCCCCCCCCCCC(=O)O,OC(=O)CCCCCCCCCCCCC(=O)O,1.0,0.0,Iso,160.0,58.75748167685983,433.15,0.9855028736179666,0.0013686133267504
C12,CC(C)(C1=CC=C(C=C1)OCC2CO2)C3=CC=C(C=C3)OCC4CO4,OC(=O)CCCCCCCCCCC(=O)O,OC(=O)CCCCCCCCCCC(=O)O,1.0,0.0,Dyn,2.5,39.50206864508191,532.7223870962989,0.9136888209121248,0.0065563366519054
C6,CC(C)(C1=CC=C(C=C1)OCC2CO2)C3=CC=C(C=C3)OCC4CO4,OC(=O)CCCCC(=O)O,OC(=O)CCCCC(=O)O,1.0,0.0,Dyn,5.0,24.41,557.67,0.9725812541752592,0.0085683580702311
C10,CC(C)(C1=CC=C(C=C1)OCC2CO2)C3=CC=C(C=C3)OCC4CO4,OC(=O)CCCCCCCCC(=O)O,OC(=O)CCCCCCCCC(=O)O,1.0,0.0,Dyn,10.0,3.29,471.32,0.2443070010725837,0.1180616355636109
C14,CC(C)(C1=CC=C(C=C1)OCC2CO2)C3=CC=C(C=C3)OCC4CO4,OC(=O)CCCCCCCCCCCCC(=O)O,OC(=O)CCCCCCCCCCCCC(=O)O,1.0,0.0,Dyn,2.5,20.22321366995933,484.6473354838106,0.9706910334745252,0.0049160854448613
C6,CC(C)(C1=CC=C(C=C1)OCC2CO2)C3=CC=C(C=C3)OCC4CO4,OC(=O)CCCCC(=O)O,OC(=O)CCCCC(=O)O,1.0,0.0,Dyn,10.0,3.174999999999993,470.41,0.4257422615287425,0.2198357548957688
C10,CC(C)(C1=CC=C(C=C1)OCC2CO2)C3=CC=C(C=C3)OCC4CO4,OC(=O)CCCCCCCCC(=O)O,OC(=O)CCCCCCCCC(=O)O,1.0,0.0,Iso,165.0,74.66500000000012,438.16,0.9805680230351266,0.0014424330296824
C10,CC(C)(C1=CC=C(C=C1)OCC2CO2)C3=CC=C(C=C3)OCC4CO4,OC(=O)CCCCCCCCC(=O)O,OC(=O)CCCCCCCCC(=O)O,1.0,0.0,Dyn,5.0,4.790000000000001,459.5,0.2642400971972784,0.070452704113327
C10,CC(C)(C1=CC=C(C=C1)OCC2CO2)C3=CC=C(C=C3)OCC4CO4,OC(=O)CCCCCCCCC(=O)O,OC(=O)CCCCCCCCC(=O)O,1.0,0.0,Dyn,2.5,4.79,447.13,0.2006447268601211,0.045829388963343
C12,CC(C)(C1=CC=C(C=C1)OCC2CO2)C3=CC=C(C=C3)OCC4CO4,OC(=O)CCCCCCCCCCC(=O)O,OC(=O)CCCCCCCCCCC(=O)O,1.0,0.0,Dyn,5.0,21.176464157401032,540.9760683869594,0.9712681008604646,0.0079803130058255
C10,CC(C)(C1=CC=C(C=C1)OCC2CO2)C3=CC=C(C=C3)OCC4CO4,OC(=O)CCCCCCCCC(=O)O,OC(=O)CCCCCCCCC(=O)O,1.0,0.0,Iso,165.0,17.125,438.17,0.6056626098297809,0.0177178857146005
C10,CC(C)(C1=CC=C(C=C1)OCC2CO2)C3=CC=C(C=C3)OCC4CO4,OC(=O)CCCCCCCCC(=O)O,OC(=O)CCCCCCCCC(=O)O,1.0,0.0,Iso,165.0,1.37,438.19,0.0755862734490853,0.0500331936895886
C8,CC(C)(C1=CC=C(C=C1)OCC2CO2)C3=CC=C(C=C3)OCC4CO4,OC(=O)CCCCCCC(=O)O,OC(=O)CCCCCCC(=O)O,1.0,0.0,Iso,180.0,20.79839999999997,453.18,0.8660406513728754,0.0130760088184234
C6,CC(C)(C1=CC=C(C=C1)OCC2CO2)C3=CC=C(C=C3)OCC4CO4,OC(=O)CCCCC(=O)O,OC(=O)CCCCC(=O)O,1.0,0.0,Dyn,5.0,18.21,526.67,0.9116152081094426,0.0103110749658713
C12,CC(C)(C1=CC=C(C=C1)OCC2CO2)C3=CC=C(C=C3)OCC4CO4,OC(=O)CCCCCCCCCCC(=O)O,OC(=O)CCCCCCCCCCC(=O)O,1.0,0.0,Dyn,10.0,0.4994726758253875,441.38609677415,0.0168995049759792,0.0444973615762912
C10,CC(C)(C1=CC=C(C=C1)OCC2CO2)C3=CC=C(C=C3)OCC4CO4,OC(=O)CCCCCCCCC(=O)O,OC(=O)CCCCCCCCC(=O)O,1.0,0.0,Dyn,10.0,7.689999999999999,515.3199999999999,0.7634544517858097,0.0823440319579307
C10,CC(C)(C1=CC=C(C=C1)OCC2CO2)C3=CC=C(C=C3)OCC4CO4,OC(=O)CCCCCCCCC(=O)O,OC(=O)CCCCCCCCC(=O)O,1.0,0.0,Iso,165.0,75.35000000000012,438.16,0.981556089660459,0.0014424330296825
C8,CC(C)(C1=CC=C(C=C1)OCC2CO2)C3=CC=C(C=C3)OCC4CO4,OC(=O)CCCCCCC(=O)O,OC(=O)CCCCCCC(=O)O,1.0,0.0,Iso,180.0,2.5998,453.27,0.2093777487222156,0.0664554772369683
C6,CC(C)(C1=CC=C(C=C1)OCC2CO2)C3=CC=C(C=C3)OCC4CO4,OC(=O)CCCCC(=O)O,OC(=O)CCCCC(=O)O,1.0,0.0,Dyn,5.0,14.61,508.67,0.8724040779575358,0.0120537918615116
C8,CC(C)(C1=CC=C(C=C1)OCC2CO2)C3=CC=C(C=C3)OCC4CO4,OC(=O)CCCCCCC(=O)O,OC(=O)CCCCCCC(=O)O,1.0,0.0,Iso,170.0,17.5,443.19,0.6177616926503341,0.0264760692695787
C12,CC(C)(C1=CC=C(C=C1)OCC2CO2)C3=CC=C(C=C3)OCC4CO4,OC(=O)CCCCCCCCCCC(=O)O,OC(=O)CCCCCCCCCCC(=O)O,1.0,0.0,Iso,170.0,14.593900000000003,443.1865886144578,0.6018731537745018,0.0220241940857177
C12,CC(C)(C1=CC=C(C=C1)OCC2CO2)C3=CC=C(C=C3)OCC4CO4,OC(=O)CCCCCCCCCCC(=O)O,OC(=O)CCCCCCCCCCC(=O)O,1.0,0.0,Dyn,5.0,14.177598680646932,506.00054580635936,0.8341936909980466,0.0315346044494748
C8,CC(C)(C1=CC=C(C=C1)OCC2CO2)C3=CC=C(C=C3)OCC4CO4,OC(=O)CCCCCCC(=O)O,OC(=O)CCCCCCC(=O)O,1.0,0.0,Iso,160.0,27.0,433.19,0.6117719807674221,0.0135289942581746
C10,CC(C)(C1=CC=C(C=C1)OCC2CO2)C3=CC=C(C=C3)OCC4CO4,OC(=O)CCCCCCCCC(=O)O,OC(=O)CCCCCCCCC(=O)O,1.0,0.0,Dyn,5.0,14.590000000000002,508.5,0.8285129467617612,0.032560832893337
C14,CC(C)(C1=CC=C(C=C1)OCC2CO2)C3=CC=C(C=C3)OCC4CO4,OC(=O)CCCCCCCCCCCCC(=O)O,OC(=O)CCCCCCCCCCCCC(=O)O,1.0,0.0,Dyn,2.5,32.10464640760397,514.3485483870008,0.988855572608577,0.001095618174733
C12,CC(C)(C1=CC=C(C=C1)OCC2CO2)C3=CC=C(C=C3)OCC4CO4,OC(=O)CCCCCCCCCCC(=O)O,OC(=O)CCCCCCCCCCC(=O)O,1.0,0.0,Iso,180.0,79.66324000000006,453.16709748503,0.9844813661013038,0.0009211499934972
C12,CC(C)(C1=CC=C(C=C1)OCC2CO2)C3=CC=C(C=C3)OCC4CO4,OC(=O)CCCCCCCCCCC(=O)O,OC(=O)CCCCCCCCCCC(=O)O,1.0,0.0,Dyn,10.0,7.077451401245494,507.3081741929303,0.8048333404365555,0.1500248356834395
C12,CC(C)(C1=CC=C(C=C1)OCC2CO2)C3=CC=C(C=C3)OCC4CO4,OC(=O)CCCCCCCCCCC(=O)O,OC(=O)CCCCCCCCCCC(=O)O,1.0,0.0,Iso,170.0,33.79639999999999,443.1706,0.8574635887398536,0.0065953840061535
C6,CC(C)(C1=CC=C(C=C1)OCC2CO2)C3=CC=C(C=C3)OCC4CO4,OC(=O)CCCCC(=O)O,OC(=O)CCCCC(=O)O,1.0,0.0,Dyn,5.0,19.61,533.67,0.925876441372099,0.0100206221499316
C12,CC(C)(C1=CC=C(C=C1)OCC2CO2)C3=CC=C(C=C3)OCC4CO4,OC(=O)CCCCCCCCCCC(=O)O,OC(=O)CCCCCCCCCCC(=O)O,1.0,0.0,Dyn,5.0,21.57622074626059,542.9746696772794,0.9744011023955904,0.007420836844335
C10,CC(C)(C1=CC=C(C=C1)OCC2CO2)C3=CC=C(C=C3)OCC4CO4,OC(=O)CCCCCCCCC(=O)O,OC(=O)CCCCCCCCC(=O)O,1.0,0.0,Iso,180.0,16.08189,453.19,0.7221012617504592,0.0189207833053823
C12,CC(C)(C1=CC=C(C=C1)OCC2CO2)C3=CC=C(C=C3)OCC4CO4,OC(=O)CCCCCCCCCCC(=O)O,OC(=O)CCCCCCCCCCC(=O)O,1.0,0.0,Iso,170.0,82.95479999999999,443.1653192215568,0.989983305509182,0.0006745279097203
C6,CC(C)(C1=CC=C(C=C1)OCC2CO2)C3=CC=C(C=C3)OCC4CO4,OC(=O)CCCCC(=O)O,OC(=O)CCCCC(=O)O,1.0,0.0,Dyn,5.0,26.21,566.67,0.9864068082140056,0.0065351883586512
C8,CC(C)(C1=CC=C(C=C1)OCC2CO2)C3=CC=C(C=C3)OCC4CO4,OC(=O)CCCCCCC(=O)O,OC(=O)CCCCCCC(=O)O,1.0,0.0,Dyn,5.0,16.0,515.3500000000013,0.9808045320661096,0.0123500253251453
C14,CC(C)(C1=CC=C(C=C1)OCC2CO2)C3=CC=C(C=C3)OCC4CO4,OC(=O)CCCCCCCCCCCCC(=O)O,OC(=O)CCCCCCCCCCCCC(=O)O,1.0,0.0,Dyn,5.0,3.462330452913052,452.8304967741497,0.1989905902751735,0.0803275398126772
C14,CC(C)(C1=CC=C(C=C1)OCC2CO2)C3=CC=C(C=C3)OCC4CO4,OC(=O)CCCCCCCCCCCCC(=O)O,OC(=O)CCCCCCCCCCCCC(=O)O,1.0,0.0,Iso,170.0,28.75380000000002,443.17835383233535,0.9379425239483548,0.0077617727477758
C10,CC(C)(C1=CC=C(C=C1)OCC2CO2)C3=CC=C(C=C3)OCC4CO4,OC(=O)CCCCCCCCC(=O)O,OC(=O)CCCCCCCCC(=O)O,1.0,0.0,Iso,180.0,38.49907,453.17,0.9421794960670836,0.0042941891628774
C10,CC(C)(C1=CC=C(C=C1)OCC2CO2)C3=CC=C(C=C3)OCC4CO4,OC(=O)CCCCCCCCC(=O)O,OC(=O)CCCCCCCCC(=O)O,1.0,0.0,Dyn,5.0,20.99,540.5,0.9763135901893571,0.0111728348163409
C14,CC(C)(C1=CC=C(C=C1)OCC2CO2)C3=CC=C(C=C3)OCC4CO4,OC(=O)CCCCCCCCCCCCC(=O)O,OC(=O)CCCCCCCCCCCCC(=O)O,1.0,0.0,Dyn,10.0,6.567555444705362,502.3995935479394,0.8126523806514595,0.1480755226720544
C10,CC(C)(C1=CC=C(C=C1)OCC2CO2)C3=CC=C(C=C3)OCC4CO4,OC(=O)CCCCCCCCC(=O)O,OC(=O)CCCCCCCCC(=O)O,1.0,0.0,Iso,165.0,56.17000000000007,438.16,0.935940347124274,0.0033656770692583
C10,CC(C)(C1=CC=C(C=C1)OCC2CO2)C3=CC=C(C=C3)OCC4CO4,OC(=O)CCCCCCCCC(=O)O,OC(=O)CCCCCCCCC(=O)O,1.0,0.0,Dyn,5.0,16.39,517.5,0.8836109835989169,0.0277724751149045
C8,CC(C)(C1=CC=C(C=C1)OCC2CO2)C3=CC=C(C=C3)OCC4CO4,OC(=O)CCCCCCC(=O)O,OC(=O)CCCCCCC(=O)O,1.0,0.0,Iso,170.0,68.6,443.16,0.9888641425389756,0.0007386027907823
C6,CC(C)(C1=CC=C(C=C1)OCC2CO2)C3=CC=C(C=C3)OCC4CO4,OC(=O)CCCCC(=O)O,OC(=O)CCCCC(=O)O,1.0,0.0,Dyn,10.0,9.71,535.41,0.9402242577384712,0.0167403663929244
C12,CC(C)(C1=CC=C(C=C1)OCC2CO2)C3=CC=C(C=C3)OCC4CO4,OC(=O)CCCCCCCCCCC(=O)O,OC(=O)CCCCCCCCCCC(=O)O,1.0,0.0,Iso,170.0,19.970600000000008,443.1800199401197,0.7081342467330608,0.016489814489098
C8,CC(C)(C1=CC=C(C=C1)OCC2CO2)C3=CC=C(C=C3)OCC4CO4,OC(=O)CCCCCCC(=O)O,OC(=O)CCCCCCC(=O)O,1.0,0.0,Iso,160.0,68.0,433.17,0.9155069211929469,0.0033551905760272
C14,CC(C)(C1=CC=C(C=C1)OCC2CO2)C3=CC=C(C=C3)OCC4CO4,OC(=O)CCCCCCCCCCCCC(=O)O,OC(=O)CCCCCCCCCCCCC(=O)O,1.0,0.0,Dyn,5.0,6.422033775760328,467.65229032249937,0.4850471505444718,0.1053843108756317
C10,CC(C)(C1=CC=C(C=C1)OCC2CO2)C3=CC=C(C=C3)OCC4CO4,OC(=O)CCCCCCCCC(=O)O,OC(=O)CCCCCCCCC(=O)O,1.0,0.0,Iso,170.0,41.08494000000004,443.17,0.9204689157910362,0.0061528211363277
C10,CC(C)(C1=CC=C(C=C1)OCC2CO2)C3=CC=C(C=C3)OCC4CO4,OC(=O)CCCCCCCCC(=O)O,OC(=O)CCCCCCCCC(=O)O,1.0,0.0,Dyn,2.5,30.41,511.13,0.9611393016661456,0.0075152546004289
C12,CC(C)(C1=CC=C(C=C1)OCC2CO2)C3=CC=C(C=C3)OCC4CO4,OC(=O)CCCCCCCCCCC(=O)O,OC(=O)CCCCCCCCCCC(=O)O,1.0,0.0,Iso,170.0,53.76699999999991,443.16714,0.9450808819296528,0.002698111638881
C8,CC(C)(C1=CC=C(C=C1)OCC2CO2)C3=CC=C(C=C3)OCC4CO4,OC(=O)CCCCCCC(=O)O,OC(=O)CCCCCCC(=O)O,1.0,0.0,Iso,170.0,4.9,443.21,0.2332564428889595,0.0422310349529566
C8,CC(C)(C1=CC=C(C=C1)OCC2CO2)C3=CC=C(C=C3)OCC4CO4,OC(=O)CCCCCCC(=O)O,OC(=O)CCCCCCC(=O)O,1.0,0.0,Dyn,5.0,4.779999999999999,459.3500000000004,0.2817870496727151,0.0768474024821833
C10,CC(C)(C1=CC=C(C=C1)OCC2CO2)C3=CC=C(C=C3)OCC4CO4,OC(=O)CCCCCCCCC(=O)O,OC(=O)CCCCCCCCC(=O)O,1.0,0.0,Dyn,2.5,18.4,481.13,0.7668904663939676,0.0274648395397493
C12,CC(C)(C1=CC=C(C=C1)OCC2CO2)C3=CC=C(C=C3)OCC4CO4,OC(=O)CCCCCCCCCCC(=O)O,OC(=O)CCCCCCCCCCC(=O)O,1.0,0.0,Dyn,2.5,6.433811225793571,450.0928387095998,0.2731560380703545,0.0490143933844672
C6,CC(C)(C1=CC=C(C=C1)OCC2CO2)C3=CC=C(C=C3)OCC4CO4,OC(=O)CCCCC(=O)O,OC(=O)CCCCC(=O)O,1.0,0.0,Iso,170.0,13.099999999999994,443.19,0.7649038242917557,0.0202719988503276
C8,CC(C)(C1=CC=C(C=C1)OCC2CO2)C3=CC=C(C=C3)OCC4CO4,OC(=O)CCCCCCC(=O)O,OC(=O)CCCCCCC(=O)O,1.0,0.0,Iso,170.0,21.7,443.19,0.7233137130130449,0.0213626653333938
C6,CC(C)(C1=CC=C(C=C1)OCC2CO2)C3=CC=C(C=C3)OCC4CO4,OC(=O)CCCCC(=O)O,OC(=O)CCCCC(=O)O,1.0,0.0,Dyn,10.0,11.71,555.41,0.97207833228048,0.0145293746051811
C12,CC(C)(C1=CC=C(C=C1)OCC2CO2)C3=CC=C(C=C3)OCC4CO4,OC(=O)CCCCCCCCCCC(=O)O,OC(=O)CCCCCCCCCCC(=O)O,1.0,0.0,Dyn,5.0,4.575483435416084,458.0341148386798,0.2301664289015888,0.0720762007674208
C6,CC(C)(C1=CC=C(C=C1)OCC2CO2)C3=CC=C(C=C3)OCC4CO4,OC(=O)CCCCC(=O)O,OC(=O)CCCCC(=O)O,1.0,0.0,Iso,180.0,29.169575999999964,453.17,0.9798687282498568,0.0020659080708553
C12,CC(C)(C1=CC=C(C=C1)OCC2CO2)C3=CC=C(C=C3)OCC4CO4,OC(=O)CCCCCCCCCCC(=O)O,OC(=O)CCCCCCCCCCC(=O)O,1.0,0.0,Dyn,5.0,23.575286802206858,552.9676761288796,0.9865910536357856,0.0047748931193391
C10,CC(C)(C1=CC=C(C=C1)OCC2CO2)C3=CC=C(C=C3)OCC4CO4,OC(=O)CCCCCCCCC(=O)O,OC(=O)CCCCCCCCC(=O)O,1.0,0.0,Iso,170.0,55.30665000000005,443.17,0.9804251121180872,0.0025841848772572
C6,CC(C)(C1=CC=C(C=C1)OCC2CO2)C3=CC=C(C=C3)OCC4CO4,OC(=O)CCCCC(=O)O,OC(=O)CCCCC(=O)O,1.0,0.0,Iso,180.0,19.04125099999998,453.17,0.9434386150389852,0.0058715282013786
C12,CC(C)(C1=CC=C(C=C1)OCC2CO2)C3=CC=C(C=C3)OCC4CO4,OC(=O)CCCCCCCCCCC(=O)O,OC(=O)CCCCCCCCCCC(=O)O,1.0,0.0,Iso,160.0,20.026989806459994,433.15,0.5370853849970265,0.0199627465145539
C14,CC(C)(C1=CC=C(C=C1)OCC2CO2)C3=CC=C(C=C3)OCC4CO4,OC(=O)CCCCCCCCCCCCC(=O)O,OC(=O)CCCCCCCCCCCCC(=O)O,1.0,0.0,Dyn,2.5,12.812226819368933,466.1844193548004,0.7626171408298336,0.0542815056932569
C14,CC(C)(C1=CC=C(C=C1)OCC2CO2)C3=CC=C(C=C3)OCC4CO4,OC(=O)CCCCCCCCCCCCC(=O)O,OC(=O)CCCCCCCCCCCCC(=O)O,1.0,0.0,Dyn,2.5,20.865762940331443,486.25280645155055,0.9736307052667512,0.0036822070475417
C12,CC(C)(C1=CC=C(C=C1)OCC2CO2)C3=CC=C(C=C3)OCC4CO4,OC(=O)CCCCCCCCCCC(=O)O,OC(=O)CCCCCCCCCCC(=O)O,1.0,0.0,Iso,160.0,83.95930341938995,433.15,0.9865890069012774,0.0008896026810198
C8,CC(C)(C1=CC=C(C=C1)OCC2CO2)C3=CC=C(C=C3)OCC4CO4,OC(=O)CCCCCCC(=O)O,OC(=O)CCCCCCC(=O)O,1.0,0.0,Iso,160.0,89.0,433.17,0.9660873210595088,0.0015874019929591
C10,CC(C)(C1=CC=C(C=C1)OCC2CO2)C3=CC=C(C=C3)OCC4CO4,OC(=O)CCCCCCCCC(=O)O,OC(=O)CCCCCCCCC(=O)O,1.0,0.0,Dyn,10.0,2.69,465.32,0.1781784092540614,0.1038449736358341
C12,CC(C)(C1=CC=C(C=C1)OCC2CO2)C3=CC=C(C=C3)OCC4CO4,OC(=O)CCCCCCCCCCC(=O)O,OC(=O)CCCCCCCCCCC(=O)O,1.0,0.0,Iso,160.0,52.378281032280064,433.15,0.9095002691987666,0.0052105299888293
C10,CC(C)(C1=CC=C(C=C1)OCC2CO2)C3=CC=C(C=C3)OCC4CO4,OC(=O)CCCCCCCCC(=O)O,OC(=O)CCCCCCCCC(=O)O,1.0,0.0,Dyn,2.5,22.4,491.13,0.8602435926305687,0.0185831750119693
C14,CC(C)(C1=CC=C(C=C1)OCC2CO2)C3=CC=C(C=C3)OCC4CO4,OC(=O)CCCCCCCCCCCCC(=O)O,OC(=O)CCCCCCCCCCCCC(=O)O,1.0,0.0,Dyn,10.0,2.9791873722514515,466.4734516126997,0.2314613226591561,0.1298199031909675
C6,CC(C)(C1=CC=C(C=C1)OCC2CO2)C3=CC=C(C=C3)OCC4CO4,OC(=O)CCCCC(=O)O,OC(=O)CCCCC(=O)O,1.0,0.0,Dyn,5.0,24.61,558.67,0.9742949257893054,0.0082779052542914
C8,CC(C)(C1=CC=C(C=C1)OCC2CO2)C3=CC=C(C=C3)OCC4CO4,OC(=O)CCCCCCC(=O)O,OC(=O)CCCCCCC(=O)O,1.0,0.0,Iso,170.0,2.8,443.21,0.1363148265987909,0.0481284941593564
C14,CC(C)(C1=CC=C(C=C1)OCC2CO2)C3=CC=C(C=C3)OCC4CO4,OC(=O)CCCCCCCCCCCCC(=O)O,OC(=O)CCCCCCCCCCCCC(=O)O,1.0,0.0,Dyn,5.0,1.1495192887791066,441.2308322580499,0.0537745632318008,0.0479317841886206
C14,CC(C)(C1=CC=C(C=C1)OCC2CO2)C3=CC=C(C=C3)OCC4CO4,OC(=O)CCCCCCCCCCCCC(=O)O,OC(=O)CCCCCCCCCCCCC(=O)O,1.0,0.0,Dyn,2.5,30.177813067758837,509.5321354837809,0.9867495390857884,0.0010931572829783
C10,CC(C)(C1=CC=C(C=C1)OCC2CO2)C3=CC=C(C=C3)OCC4CO4,OC(=O)CCCCCCCCC(=O)O,OC(=O)CCCCCCCCC(=O)O,1.0,0.0,Iso,165.0,55.48500000000006,438.1649999999999,0.9336348583318308,0.0033656770692601
C10,CC(C)(C1=CC=C(C=C1)OCC2CO2)C3=CC=C(C=C3)OCC4CO4,OC(=O)CCCCCCCCC(=O)O,OC(=O)CCCCCCCCC(=O)O,1.0,0.0,Dyn,5.0,9.39,482.5,0.5887566805571605,0.0623124958899931
C8,CC(C)(C1=CC=C(C=C1)OCC2CO2)C3=CC=C(C=C3)OCC4CO4,OC(=O)CCCCCCC(=O)O,OC(=O)CCCCCCC(=O)O,1.0,0.0,Dyn,10.0,4.369999999999999,483.15,0.4272948722856163,0.150261797587177
C8,CC(C)(C1=CC=C(C=C1)OCC2CO2)C3=CC=C(C=C3)OCC4CO4,OC(=O)CCCCCCC(=O)O,OC(=O)CCCCCCC(=O)O,1.0,0.0,Dyn,10.0,7.279999999999999,512.15,0.8533624029508322,0.1107620838583016
C12,CC(C)(C1=CC=C(C=C1)OCC2CO2)C3=CC=C(C=C3)OCC4CO4,OC(=O)CCCCCCCCCCC(=O)O,OC(=O)CCCCCCCCCCC(=O)O,1.0,0.0,Dyn,10.0,5.180689783712092,488.3306064511602,0.4826167075857111,0.1544443722862081
C10,CC(C)(C1=CC=C(C=C1)OCC2CO2)C3=CC=C(C=C3)OCC4CO4,OC(=O)CCCCCCCCC(=O)O,OC(=O)CCCCCCCCC(=O)O,1.0,0.0,Dyn,5.0,12.59,498.5,0.7550276160554273,0.0408606530426178
C6,CC(C)(C1=CC=C(C=C1)OCC2CO2)C3=CC=C(C=C3)OCC4CO4,OC(=O)CCCCC(=O)O,OC(=O)CCCCC(=O)O,1.0,0.0,Iso,170.0,18.340000000000003,443.18,0.8455277158837706,0.0106913966539399
C12,CC(C)(C1=CC=C(C=C1)OCC2CO2)C3=CC=C(C=C3)OCC4CO4,OC(=O)CCCCCCCCCCC(=O)O,OC(=O)CCCCCCCCCCC(=O)O,1.0,0.0,Iso,170.0,56.8393999999999,443.1671545783132,0.9529675896609292,0.0023233739112585
C12,CC(C)(C1=CC=C(C=C1)OCC2CO2)C3=CC=C(C=C3)OCC4CO4,OC(=O)CCCCCCCCCCC(=O)O,OC(=O)CCCCCCCCCCC(=O)O,1.0,0.0,Dyn,10.0,4.283385485079419,479.3412322576902,0.3519633670467705,0.1378740401777781
C6,CC(C)(C1=CC=C(C=C1)OCC2CO2)C3=CC=C(C=C3)OCC4CO4,OC(=O)CCCCC(=O)O,OC(=O)CCCCC(=O)O,1.0,0.0,Dyn,2.5,43.18,542.3400000000008,0.9530771846310778,0.0073517924588991
C12,CC(C)(C1=CC=C(C=C1)OCC2CO2)C3=CC=C(C=C3)OCC4CO4,OC(=O)CCCCCCCCCCC(=O)O,OC(=O)CCCCCCCCCCC(=O)O,1.0,0.0,Iso,160.0,66.24312012906006,433.15,0.959564795690594,0.0022959157810328
C14,CC(C)(C1=CC=C(C=C1)OCC2CO2)C3=CC=C(C=C3)OCC4CO4,OC(=O)CCCCCCCCCCCCC(=O)O,OC(=O)CCCCCCCCCCCCC(=O)O,1.0,0.0,Iso,160.0,60.485642902649815,433.15,0.9876852367292404,0.0011861315498507
C8,CC(C)(C1=CC=C(C=C1)OCC2CO2)C3=CC=C(C=C3)OCC4CO4,OC(=O)CCCCCCC(=O)O,OC(=O)CCCCCCC(=O)O,1.0,0.0,Dyn,5.0,0.6400000000000001,438.5500000000001,0.0316398575341415,0.0422597703318735
C6,CC(C)(C1=CC=C(C=C1)OCC2CO2)C3=CC=C(C=C3)OCC4CO4,OC(=O)CCCCC(=O)O,OC(=O)CCCCC(=O)O,1.0,0.0,Iso,170.0,64.19000000000008,443.17,0.9897230685280344,0.0006942465359699
C10,CC(C)(C1=CC=C(C=C1)OCC2CO2)C3=CC=C(C=C3)OCC4CO4,OC(=O)CCCCCCCCC(=O)O,OC(=O)CCCCCCCCC(=O)O,1.0,0.0,Iso,170.0,26.863230000000023,443.18,0.792843239501346,0.0121820936242383
C14,CC(C)(C1=CC=C(C=C1)OCC2CO2)C3=CC=C(C=C3)OCC4CO4,OC(=O)CCCCCCCCCCCCC(=O)O,OC(=O)CCCCCCCCCCCCC(=O)O,1.0,0.0,Dyn,10.0,1.489445733909334,451.5042258063498,0.0852242499512977,0.0732560402439667
C12,CC(C)(C1=CC=C(C=C1)OCC2CO2)C3=CC=C(C=C3)OCC4CO4,OC(=O)CCCCCCCCCCC(=O)O,OC(=O)CCCCCCCCCCC(=O)O,1.0,0.0,Iso,170.0,46.08599999999994,443.1676858083832,0.9199815784928904,0.0037473772762234
C12,CC(C)(C1=CC=C(C=C1)OCC2CO2)C3=CC=C(C=C3)OCC4CO4,OC(=O)CCCCCCCCCCC(=O)O,OC(=O)CCCCCCCCCCC(=O)O,1.0,0.0,Iso,160.0,65.47285129035006,433.15,0.9577113210317654,0.0024062698186425
C10,CC(C)(C1=CC=C(C=C1)OCC2CO2)C3=CC=C(C=C3)OCC4CO4,OC(=O)CCCCCCCCC(=O)O,OC(=O)CCCCCCCCC(=O)O,1.0,0.0,Dyn,5.0,7.99,475.5,0.4952304764288299,0.0695907997132085
C10,CC(C)(C1=CC=C(C=C1)OCC2CO2)C3=CC=C(C=C3)OCC4CO4,OC(=O)CCCCCCCCC(=O)O,OC(=O)CCCCCCCCC(=O)O,1.0,0.0,Iso,170.0,15.27517000000001,443.19,0.5971792845832203,0.0228889622415453
C10,CC(C)(C1=CC=C(C=C1)OCC2CO2)C3=CC=C(C=C3)OCC4CO4,OC(=O)CCCCCCCCC(=O)O,OC(=O)CCCCCCCCC(=O)O,1.0,0.0,Dyn,10.0,1.4899999999999998,453.32,0.0775891919587181,0.0673109676620203
C10,CC(C)(C1=CC=C(C=C1)OCC2CO2)C3=CC=C(C=C3)OCC4CO4,OC(=O)CCCCCCCCC(=O)O,OC(=O)CCCCCCCCC(=O)O,1.0,0.0,Iso,170.0,43.19186000000004,443.17,0.9327314811513928,0.0053915941053405
C8,CC(C)(C1=CC=C(C=C1)OCC2CO2)C3=CC=C(C=C3)OCC4CO4,OC(=O)CCCCCCC(=O)O,OC(=O)CCCCCCC(=O)O,1.0,0.0,Iso,160.0,94.0,433.17,0.9733388619818908,0.0012987834487846
C12,CC(C)(C1=CC=C(C=C1)OCC2CO2)C3=CC=C(C=C3)OCC4CO4,OC(=O)CCCCCCCCCCC(=O)O,OC(=O)CCCCCCCCCCC(=O)O,1.0,0.0,Dyn,2.5,42.7256356773335,540.7838064510988,0.9333982202447164,0.005620075401948
C12,CC(C)(C1=CC=C(C=C1)OCC2CO2)C3=CC=C(C=C3)OCC4CO4,OC(=O)CCCCCCCCCCC(=O)O,OC(=O)CCCCCCCCCCC(=O)O,1.0,0.0,Iso,170.0,50.69459999999992,443.16756759036144,0.9359852627943124,0.0031477969120276
C10,CC(C)(C1=CC=C(C=C1)OCC2CO2)C3=CC=C(C=C3)OCC4CO4,OC(=O)CCCCCCCCC(=O)O,OC(=O)CCCCCCCCC(=O)O,1.0,0.0,Dyn,10.0,4.49,483.32,0.3977061908636127,0.1349879087994092
C8,CC(C)(C1=CC=C(C=C1)OCC2CO2)C3=CC=C(C=C3)OCC4CO4,OC(=O)CCCCCCC(=O)O,OC(=O)CCCCCCC(=O)O,1.0,0.0,Iso,180.0,13.865599999999985,453.21,0.7191342763183961,0.0305713428549904
C10,CC(C)(C1=CC=C(C=C1)OCC2CO2)C3=CC=C(C=C3)OCC4CO4,OC(=O)CCCCCCCCC(=O)O,OC(=O)CCCCCCCCC(=O)O,1.0,0.0,Iso,170.0,0.0,443.12,0.0102366292820877,0.0485225786272765
C6,CC(C)(C1=CC=C(C=C1)OCC2CO2)C3=CC=C(C=C3)OCC4CO4,OC(=O)CCCCC(=O)O,OC(=O)CCCCC(=O)O,1.0,0.0,Dyn,2.5,33.510000000000005,518.1600000000005,0.8690136792822971,0.0089776696373091
C14,CC(C)(C1=CC=C(C=C1)OCC2CO2)C3=CC=C(C=C3)OCC4CO4,OC(=O)CCCCCCCCCCCCC(=O)O,OC(=O)CCCCCCCCCCCCC(=O)O,1.0,0.0,Iso,180.0,8.23564,453.202233373494,0.6606210493993819,0.0560137181969995
C10,CC(C)(C1=CC=C(C=C1)OCC2CO2)C3=CC=C(C=C3)OCC4CO4,OC(=O)CCCCCCCCC(=O)O,OC(=O)CCCCCCCCC(=O)O,1.0,0.0,Iso,170.0,46.352240000000045,443.17,0.9485997149325932,0.0045530876408821
C6,CC(C)(C1=CC=C(C=C1)OCC2CO2)C3=CC=C(C=C3)OCC4CO4,OC(=O)CCCCC(=O)O,OC(=O)CCCCC(=O)O,1.0,0.0,Iso,180.0,32.00550699999996,453.17,0.9850226862252766,0.0015222480522088
C8,CC(C)(C1=CC=C(C=C1)OCC2CO2)C3=CC=C(C=C3)OCC4CO4,OC(=O)CCCCCCC(=O)O,OC(=O)CCCCCCC(=O)O,1.0,0.0,Dyn,5.0,16.48,517.7500000000013,0.9863292780890992,0.009577570660324
C10,CC(C)(C1=CC=C(C=C1)OCC2CO2)C3=CC=C(C=C3)OCC4CO4,OC(=O)CCCCCCCCC(=O)O,OC(=O)CCCCCCCCC(=O)O,1.0,0.0,Iso,170.0,6.847490000000001,443.22,0.3383071481397698,0.03926398196863
C12,CC(C)(C1=CC=C(C=C1)OCC2CO2)C3=CC=C(C=C3)OCC4CO4,OC(=O)CCCCCCCCCCC(=O)O,OC(=O)CCCCCCCCCCC(=O)O,1.0,0.0,Dyn,2.5,35.46927174186463,522.645612902799,0.8834663963528886,0.0082275056090824
C6,CC(C)(C1=CC=C(C=C1)OCC2CO2)C3=CC=C(C=C3)OCC4CO4,OC(=O)CCCCC(=O)O,OC(=O)CCCCC(=O)O,1.0,0.0,Iso,165.0,25.07822100000002,438.17,0.921273818846254,0.0062951039402217
C8,CC(C)(C1=CC=C(C=C1)OCC2CO2)C3=CC=C(C=C3)OCC4CO4,OC(=O)CCCCCCC(=O)O,OC(=O)CCCCCCC(=O)O,1.0,0.0,Iso,170.0,19.6,443.19,0.6731228125994273,0.0251124948865958
C8,CC(C)(C1=CC=C(C=C1)OCC2CO2)C3=CC=C(C=C3)OCC4CO4,OC(=O)CCCCCCC(=O)O,OC(=O)CCCCCCC(=O)O,1.0,0.0,Iso,160.0,7.0,433.22,0.2220323219097311,0.0264230277191655
C14,CC(C)(C1=CC=C(C=C1)OCC2CO2)C3=CC=C(C=C3)OCC4CO4,OC(=O)CCCCCCCCCCCCC(=O)O,OC(=O)CCCCCCCCCCCCC(=O)O,1.0,0.0,Dyn,10.0,2.2842317770228107,459.48781290306977,0.1528658163670259,0.1013225190520692
C12,CC(C)(C1=CC=C(C=C1)OCC2CO2)C3=CC=C(C=C3)OCC4CO4,OC(=O)CCCCCCCCCCC(=O)O,OC(=O)CCCCCCCCCCC(=O)O,1.0,0.0,Iso,180.0,14.279260000000004,453.1762173493976,0.689165801315334,0.0155427973453655
C6,CC(C)(C1=CC=C(C=C1)OCC2CO2)C3=CC=C(C=C3)OCC4CO4,OC(=O)CCCCC(=O)O,OC(=O)CCCCC(=O)O,1.0,0.0,Dyn,10.0,1.69,455.41,0.1599842072015159,0.133859759949465
C10,CC(C)(C1=CC=C(C=C1)OCC2CO2)C3=CC=C(C=C3)OCC4CO4,OC(=O)CCCCCCCCC(=O)O,OC(=O)CCCCCCCCC(=O)O,1.0,0.0,Dyn,5.0,8.190000000000001,476.5,0.5091486363714717,0.0687927400834711
C6,CC(C)(C1=CC=C(C=C1)OCC2CO2)C3=CC=C(C=C3)OCC4CO4,OC(=O)CCCCC(=O)O,OC(=O)CCCCC(=O)O,1.0,0.0,Dyn,10.0,11.61,554.41,0.9705938092229944,0.014845230574857
C8,CC(C)(C1=CC=C(C=C1)OCC2CO2)C3=CC=C(C=C3)OCC4CO4,OC(=O)CCCCCCC(=O)O,OC(=O)CCCCCCC(=O)O,1.0,0.0,Iso,180.0,43.76330000000005,453.17,0.9872419667974168,0.0013716093166177
C6,CC(C)(C1=CC=C(C=C1)OCC2CO2)C3=CC=C(C=C3)OCC4CO4,OC(=O)CCCCC(=O)O,OC(=O)CCCCC(=O)O,1.0,0.0,Iso,165.0,3.9806700000000017,438.21,0.3560783555207518,0.083081040157624
C12,CC(C)(C1=CC=C(C=C1)OCC2CO2)C3=CC=C(C=C3)OCC4CO4,OC(=O)CCCCCCCCCCC(=O)O,OC(=O)CCCCCCCCCCC(=O)O,1.0,0.0,Dyn,2.5,46.756766967647984,550.8605806445987,0.9547086368346728,0.0050191885380188
C8,CC(C)(C1=CC=C(C=C1)OCC2CO2)C3=CC=C(C=C3)OCC4CO4,OC(=O)CCCCCCC(=O)O,OC(=O)CCCCCCC(=O)O,1.0,0.0,Dyn,2.5,2.78,441.15,0.1116647862604989,0.0428184154444027
C6,CC(C)(C1=CC=C(C=C1)OCC2CO2)C3=CC=C(C=C3)OCC4CO4,OC(=O)CCCCC(=O)O,OC(=O)CCCCC(=O)O,1.0,0.0,Dyn,5.0,3.79,454.67,0.299137355136658,0.0970112405239769
C6,CC(C)(C1=CC=C(C=C1)OCC2CO2)C3=CC=C(C=C3)OCC4CO4,OC(=O)CCCCC(=O)O,OC(=O)CCCCC(=O)O,1.0,0.0,Dyn,5.0,4.390000000000001,457.67,0.3579830956461122,0.0996253158674379
C6,CC(C)(C1=CC=C(C=C1)OCC2CO2)C3=CC=C(C=C3)OCC4CO4,OC(=O)CCCCC(=O)O,OC(=O)CCCCC(=O)O,1.0,0.0,Dyn,2.5,43.55,543.2700000000008,0.9557973478408706,0.0072104118346792
C6,CC(C)(C1=CC=C(C=C1)OCC2CO2)C3=CC=C(C=C3)OCC4CO4,OC(=O)CCCCC(=O)O,OC(=O)CCCCC(=O)O,1.0,0.0,Dyn,5.0,7.19,471.67,0.6245897353974846,0.079003165935694
C6,CC(C)(C1=CC=C(C=C1)OCC2CO2)C3=CC=C(C=C3)OCC4CO4,OC(=O)CCCCC(=O)O,OC(=O)CCCCC(=O)O,1.0,0.0,Dyn,10.0,8.61,524.41,0.9204674668351231,0.0192672141503458
C6,CC(C)(C1=CC=C(C=C1)OCC2CO2)C3=CC=C(C=C3)OCC4CO4,OC(=O)CCCCC(=O)O,OC(=O)CCCCC(=O)O,1.0,0.0,Iso,170.0,19.65000000000001,443.17,0.8591696603155836,0.0093723282355967
C10,CC(C)(C1=CC=C(C=C1)OCC2CO2)C3=CC=C(C=C3)OCC4CO4,OC(=O)CCCCCCCCC(=O)O,OC(=O)CCCCCCCCC(=O)O,1.0,0.0,Dyn,5.0,4.59,458.5,0.2503155527775986,0.069622722098399
C10,CC(C)(C1=CC=C(C=C1)OCC2CO2)C3=CC=C(C=C3)OCC4CO4,OC(=O)CCCCCCCCC(=O)O,OC(=O)CCCCCCCCC(=O)O,1.0,0.0,Iso,180.0,23.87917,453.18,0.8379316634282166,0.0110002948195159
C6,CC(C)(C1=CC=C(C=C1)OCC2CO2)C3=CC=C(C=C3)OCC4CO4,OC(=O)CCCCC(=O)O,OC(=O)CCCCC(=O)O,1.0,0.0,Dyn,10.0,7.309999999999999,511.41,0.8922931143398609,0.0249526216045489
C12,CC(C)(C1=CC=C(C=C1)OCC2CO2)C3=CC=C(C=C3)OCC4CO4,OC(=O)CCCCCCCCCCC(=O)O,OC(=O)CCCCCCCCCCC(=O)O,1.0,0.0,Dyn,2.5,54.41441096763324,570.0064516122484,0.9872775305895438,0.0031055834265908
C8,CC(C)(C1=CC=C(C=C1)OCC2CO2)C3=CC=C(C=C3)OCC4CO4,OC(=O)CCCCCCC(=O)O,OC(=O)CCCCCCC(=O)O,1.0,0.0,Iso,180.0,31.197599999999973,453.17,0.9515828677839852,0.0047329665485425
C10,CC(C)(C1=CC=C(C=C1)OCC2CO2)C3=CC=C(C=C3)OCC4CO4,OC(=O)CCCCCCCCC(=O)O,OC(=O)CCCCCCCCC(=O)O,1.0,0.0,Iso,165.0,59.59500000000008,438.16,0.9468914188883756,0.0030050688118387
C12,CC(C)(C1=CC=C(C=C1)OCC2CO2)C3=CC=C(C=C3)OCC4CO4,OC(=O)CCCCCCCCCCC(=O)O,OC(=O)CCCCCCCCCCC(=O)O,1.0,0.0,Iso,170.0,73.73759999999994,443.1653931137725,0.981463358471015,0.0011242131828667
C12,CC(C)(C1=CC=C(C=C1)OCC2CO2)C3=CC=C(C=C3)OCC4CO4,OC(=O)CCCCCCCCCCC(=O)O,OC(=O)CCCCCCCCCCC(=O)O,1.0,0.0,Iso,170.0,21.50680000000001,443.1793688622754,0.7327730124920845,0.0146897189227959
C10,CC(C)(C1=CC=C(C=C1)OCC2CO2)C3=CC=C(C=C3)OCC4CO4,OC(=O)CCCCCCCCC(=O)O,OC(=O)CCCCCCCCC(=O)O,1.0,0.0,Iso,170.0,14.74844000000001,443.2,0.5847794487011545,0.0235411612819961
C14,CC(C)(C1=CC=C(C=C1)OCC2CO2)C3=CC=C(C=C3)OCC4CO4,OC(=O)CCCCCCCCCCCCC(=O)O,OC(=O)CCCCCCCCCCCCC(=O)O,1.0,0.0,Iso,160.0,46.0842993543999,433.15,0.9571103530129844,0.0035966746058638
C10,CC(C)(C1=CC=C(C=C1)OCC2CO2)C3=CC=C(C=C3)OCC4CO4,OC(=O)CCCCCCCCC(=O)O,OC(=O)CCCCCCCCC(=O)O,1.0,0.0,Dyn,10.0,5.289999999999999,491.32,0.5056402142915456,0.127035023661594
C8,CC(C)(C1=CC=C(C=C1)OCC2CO2)C3=CC=C(C=C3)OCC4CO4,OC(=O)CCCCCCC(=O)O,OC(=O)CCCCCCC(=O)O,1.0,0.0,Dyn,10.0,7.379999999999999,513.15,0.8644386113366623,0.1058755213351373
C14,CC(C)(C1=CC=C(C=C1)OCC2CO2)C3=CC=C(C=C3)OCC4CO4,OC(=O)CCCCCCCCCCCCC(=O)O,OC(=O)CCCCCCCCCCCCC(=O)O,1.0,0.0,Dyn,10.0,5.269385873467695,489.4262645157695,0.5990758686895472,0.1676534695004545
C12,CC(C)(C1=CC=C(C=C1)OCC2CO2)C3=CC=C(C=C3)OCC4CO4,OC(=O)CCCCCCCCCCC(=O)O,OC(=O)CCCCCCCCCCC(=O)O,1.0,0.0,Dyn,2.5,16.117855161257925,474.2770967739995,0.646889240732757,0.0198256088273084
C10,CC(C)(C1=CC=C(C=C1)OCC2CO2)C3=CC=C(C=C3)OCC4CO4,OC(=O)CCCCCCCCC(=O)O,OC(=O)CCCCCCCCC(=O)O,1.0,0.0,Dyn,10.0,5.19,490.32,0.4923666378579852,0.1327357643356041
C6,CC(C)(C1=CC=C(C=C1)OCC2CO2)C3=CC=C(C=C3)OCC4CO4,OC(=O)CCCCC(=O)O,OC(=O)CCCCC(=O)O,1.0,0.0,Dyn,5.0,7.39,472.67,0.6403903685846234,0.0758081849603527
C8,CC(C)(C1=CC=C(C=C1)OCC2CO2)C3=CC=C(C=C3)OCC4CO4,OC(=O)CCCCCCC(=O)O,OC(=O)CCCCCCC(=O)O,1.0,0.0,Iso,170.0,30.8,443.17,0.8637846006999682,0.0099427298759147
C10,CC(C)(C1=CC=C(C=C1)OCC2CO2)C3=CC=C(C=C3)OCC4CO4,OC(=O)CCCCCCCCC(=O)O,OC(=O)CCCCCCCCC(=O)O,1.0,0.0,Dyn,10.0,6.389999999999999,502.32,0.6383619027242501,0.1090530577083854
C6,CC(C)(C1=CC=C(C=C1)OCC2CO2)C3=CC=C(C=C3)OCC4CO4,OC(=O)CCCCC(=O)O,OC(=O)CCCCC(=O)O,1.0,0.0,Dyn,10.0,1.7899999999999996,456.41,0.1733701831964624,0.1383449147188873
C14,CC(C)(C1=CC=C(C=C1)OCC2CO2)C3=CC=C(C=C3)OCC4CO4,OC(=O)CCCCCCCCCCCCC(=O)O,OC(=O)CCCCCCCCCCCCC(=O)O,1.0,0.0,Iso,170.0,30.44520000000002,443.1762739759036,0.9502522097274284,0.0062710523359216
C8,CC(C)(C1=CC=C(C=C1)OCC2CO2)C3=CC=C(C=C3)OCC4CO4,OC(=O)CCCCCCC(=O)O,OC(=O)CCCCCCC(=O)O,1.0,0.0,Iso,160.0,28.0,433.19,0.6253009750255968,0.0131321437599347
C6,CC(C)(C1=CC=C(C=C1)OCC2CO2)C3=CC=C(C=C3)OCC4CO4,OC(=O)CCCCC(=O)O,OC(=O)CCCCC(=O)O,1.0,0.0,Iso,170.0,3.930000000000001,443.24,0.3713519166931927,0.0714136699225672
C10,CC(C)(C1=CC=C(C=C1)OCC2CO2)C3=CC=C(C=C3)OCC4CO4,OC(=O)CCCCCCCCC(=O)O,OC(=O)CCCCCCCCC(=O)O,1.0,0.0,Iso,180.0,23.39184,453.18,0.8325473333095527,0.0110486325870845
C12,CC(C)(C1=CC=C(C=C1)OCC2CO2)C3=CC=C(C=C3)OCC4CO4,OC(=O)CCCCCCCCCCC(=O)O,OC(=O)CCCCCCCCCCC(=O)O,1.0,0.0,Iso,160.0,6.932419548390001,433.15,0.2184765167886243,0.02896394449608
C8,CC(C)(C1=CC=C(C=C1)OCC2CO2)C3=CC=C(C=C3)OCC4CO4,OC(=O)CCCCCCC(=O)O,OC(=O)CCCCCCC(=O)O,1.0,0.0,Dyn,5.0,9.74,484.1500000000008,0.6904529162593774,0.0801491439466727
C14,CC(C)(C1=CC=C(C=C1)OCC2CO2)C3=CC=C(C=C3)OCC4CO4,OC(=O)CCCCCCCCCCCCC(=O)O,OC(=O)CCCCCCCCCCCCC(=O)O,1.0,0.0,Dyn,10.0,11.768701293653296,554.2929096766189,0.982482767422452,0.0067006814519393
C12,CC(C)(C1=CC=C(C=C1)OCC2CO2)C3=CC=C(C=C3)OCC4CO4,OC(=O)CCCCCCCCCCC(=O)O,OC(=O)CCCCCCCCCCC(=O)O,1.0,0.0,Dyn,2.5,4.823693419345178,446.06212903219983,0.1961821602851769,0.0469590649462351
C10,CC(C)(C1=CC=C(C=C1)OCC2CO2)C3=CC=C(C=C3)OCC4CO4,OC(=O)CCCCCCCCC(=O)O,OC(=O)CCCCCCCCC(=O)O,1.0,0.0,Iso,180.0,8.77194,453.2,0.5244879064580329,0.0357653904397439
C10,CC(C)(C1=CC=C(C=C1)OCC2CO2)C3=CC=C(C=C3)OCC4CO4,OC(=O)CCCCCCCCC(=O)O,OC(=O)CCCCCCCCC(=O)O,1.0,0.0,Dyn,2.5,18.8,482.13,0.7778764022098674,0.0265083525906038
C12,CC(C)(C1=CC=C(C=C1)OCC2CO2)C3=CC=C(C=C3)OCC4CO4,OC(=O)CCCCCCCCCCC(=O)O,OC(=O)CCCCCCCCCCC(=O)O,1.0,0.0,Dyn,10.0,0.3997394965208527,440.38727741932,0.0125882096176332,0.043228295622477
C10,CC(C)(C1=CC=C(C=C1)OCC2CO2)C3=CC=C(C=C3)OCC4CO4,OC(=O)CCCCCCCCC(=O)O,OC(=O)CCCCCCCCC(=O)O,1.0,0.0,Dyn,10.0,12.09,559.3199999999999,0.9790269046808008,0.0182986737684299
C8,CC(C)(C1=CC=C(C=C1)OCC2CO2)C3=CC=C(C=C3)OCC4CO4,OC(=O)CCCCCCC(=O)O,OC(=O)CCCCCCC(=O)O,1.0,0.0,Dyn,10.0,7.68,516.15,0.8942059213735802,0.0875509118732878
C10,CC(C)(C1=CC=C(C=C1)OCC2CO2)C3=CC=C(C=C3)OCC4CO4,OC(=O)CCCCCCCCC(=O)O,OC(=O)CCCCCCCCC(=O)O,1.0,0.0,Iso,170.0,23.70285000000002,443.18,0.7503877707508396,0.0140284321908273
C8,CC(C)(C1=CC=C(C=C1)OCC2CO2)C3=CC=C(C=C3)OCC4CO4,OC(=O)CCCCCCC(=O)O,OC(=O)CCCCCCC(=O)O,1.0,0.0,Dyn,5.0,16.32,516.9500000000012,0.9846355603302266,0.0105857359929538
C10,CC(C)(C1=CC=C(C=C1)OCC2CO2)C3=CC=C(C=C3)OCC4CO4,OC(=O)CCCCCCCCC(=O)O,OC(=O)CCCCCCCCC(=O)O,1.0,0.0,Iso,165.0,70.5550000000001,438.16,0.9735280483296332,0.0018631426633385
C12,CC(C)(C1=CC=C(C=C1)OCC2CO2)C3=CC=C(C=C3)OCC4CO4,OC(=O)CCCCCCCCCCC(=O)O,OC(=O)CCCCCCCCCCC(=O)O,1.0,0.0,Iso,180.0,37.57699999999996,453.1676917365269,0.8833506403599861,0.0046149984613942
C10,CC(C)(C1=CC=C(C=C1)OCC2CO2)C3=CC=C(C=C3)OCC4CO4,OC(=O)CCCCCCCCC(=O)O,OC(=O)CCCCCCCCC(=O)O,1.0,0.0,Dyn,10.0,7.09,509.32,0.7100927038964914,0.0937455133059509
C12,CC(C)(C1=CC=C(C=C1)OCC2CO2)C3=CC=C(C=C3)OCC4CO4,OC(=O)CCCCCCCCCCC(=O)O,OC(=O)CCCCCCCCCCC(=O)O,1.0,0.0,Iso,170.0,78.34619999999997,443.1658019760479,0.9861263024581198,0.0008993705462934
C10,CC(C)(C1=CC=C(C=C1)OCC2CO2)C3=CC=C(C=C3)OCC4CO4,OC(=O)CCCCCCCCC(=O)O,OC(=O)CCCCCCCCC(=O)O,1.0,0.0,Iso,165.0,69.1850000000001,438.16,0.97085203455269,0.001923244039578
C8,CC(C)(C1=CC=C(C=C1)OCC2CO2)C3=CC=C(C=C3)OCC4CO4,OC(=O)CCCCCCC(=O)O,OC(=O)CCCCCCC(=O)O,1.0,0.0,Iso,160.0,81.0,433.17,0.951223466034528,0.0020924844452642
C12,CC(C)(C1=CC=C(C=C1)OCC2CO2)C3=CC=C(C=C3)OCC4CO4,OC(=O)CCCCCCCCCCC(=O)O,OC(=O)CCCCCCCCCCC(=O)O,1.0,0.0,Dyn,10.0,2.490193243234489,461.3624838707501,0.1462918167415778,0.091687283326005
C10,CC(C)(C1=CC=C(C=C1)OCC2CO2)C3=CC=C(C=C3)OCC4CO4,OC(=O)CCCCCCCCC(=O)O,OC(=O)CCCCCCCCC(=O)O,1.0,0.0,Iso,180.0,2.43665,453.22335,0.1939790401489306,0.0692306765475086
C14,CC(C)(C1=CC=C(C=C1)OCC2CO2)C3=CC=C(C=C3)OCC4CO4,OC(=O)CCCCCCCCCCCCC(=O)O,OC(=O)CCCCCCCCCCCCC(=O)O,1.0,0.0,Iso,160.0,38.01954696737995,433.15,0.9159129633571884,0.0067765773014402
C10,CC(C)(C1=CC=C(C=C1)OCC2CO2)C3=CC=C(C=C3)OCC4CO4,OC(=O)CCCCCCCCC(=O)O,OC(=O)CCCCCCCCC(=O)O,1.0,0.0,Dyn,5.0,19.59,533.5,0.9567770904533552,0.0162804164466679
C10,CC(C)(C1=CC=C(C=C1)OCC2CO2)C3=CC=C(C=C3)OCC4CO4,OC(=O)CCCCCCCCC(=O)O,OC(=O)CCCCCCCCC(=O)O,1.0,0.0,Dyn,2.5,20.4,486.13,0.8181035104710725,0.0228190457867567
C14,CC(C)(C1=CC=C(C=C1)OCC2CO2)C3=CC=C(C=C3)OCC4CO4,OC(=O)CCCCCCCCCCCCC(=O)O,OC(=O)CCCCCCCCCCCCC(=O)O,1.0,0.0,Iso,170.0,5.074199999999998,443.2428651497006,0.2726544412216798,0.0543960093733262
C12,CC(C)(C1=CC=C(C=C1)OCC2CO2)C3=CC=C(C=C3)OCC4CO4,OC(=O)CCCCCCCCCCC(=O)O,OC(=O)CCCCCCCCCCC(=O)O,1.0,0.0,Dyn,2.5,45.14164845152219,546.8298709671988,0.9465378197997776,0.005154874409997
C8,CC(C)(C1=CC=C(C=C1)OCC2CO2)C3=CC=C(C=C3)OCC4CO4,OC(=O)CCCCCCC(=O)O,OC(=O)CCCCCCC(=O)O,1.0,0.0,Iso,170.0,45.5,443.17,0.9507636016544704,0.0031248579610018
C10,CC(C)(C1=CC=C(C=C1)OCC2CO2)C3=CC=C(C=C3)OCC4CO4,OC(=O)CCCCCCCCC(=O)O,OC(=O)CCCCCCCCC(=O)O,1.0,0.0,Dyn,5.0,16.59,518.5,0.8891654786218978,0.02745325126301
C10,CC(C)(C1=CC=C(C=C1)OCC2CO2)C3=CC=C(C=C3)OCC4CO4,OC(=O)CCCCCCCCC(=O)O,OC(=O)CCCCCCCCC(=O)O,1.0,0.0,Dyn,2.5,34.81,522.13,0.986718495506151,0.0039625887893168
C14,CC(C)(C1=CC=C(C=C1)OCC2CO2)C3=CC=C(C=C3)OCC4CO4,OC(=O)CCCCCCCCCCCCC(=O)O,OC(=O)CCCCCCCCCCCCC(=O)O,1.0,0.0,Iso,170.0,13.531200000000004,443.2149160240964,0.6508271040569331,0.0334295291472005
C10,CC(C)(C1=CC=C(C=C1)OCC2CO2)C3=CC=C(C=C3)OCC4CO4,OC(=O)CCCCCCCCC(=O)O,OC(=O)CCCCCCCCC(=O)O,1.0,0.0,Dyn,5.0,21.79,544.5,0.9846134103386388,0.0089382678530725
C6,CC(C)(C1=CC=C(C=C1)OCC2CO2)C3=CC=C(C=C3)OCC4CO4,OC(=O)CCCCC(=O)O,OC(=O)CCCCC(=O)O,1.0,0.0,Iso,165.0,32.64149400000001,438.17,0.9601148525189244,0.0037975345667384
C14,CC(C)(C1=CC=C(C=C1)OCC2CO2)C3=CC=C(C=C3)OCC4CO4,OC(=O)CCCCCCCCCCCCC(=O)O,OC(=O)CCCCCCCCCCCCC(=O)O,1.0,0.0,Iso,170.0,18.60540000000001,443.1978168674698,0.7914869250708236,0.0216922473351286
C14,CC(C)(C1=CC=C(C=C1)OCC2CO2)C3=CC=C(C=C3)OCC4CO4,OC(=O)CCCCCCCCCCCCC(=O)O,OC(=O)CCCCCCCCCCCCC(=O)O,1.0,0.0,Dyn,5.0,13.266284989802092,501.8068580643487,0.9727057451632845,0.0214855682957525
C12,CC(C)(C1=CC=C(C=C1)OCC2CO2)C3=CC=C(C=C3)OCC4CO4,OC(=O)CCCCCCCCCCC(=O)O,OC(=O)CCCCCCCCCCC(=O)O,1.0,0.0,Iso,160.0,43.90532380647004,433.15,0.8530174734472126,0.0079428810805326
C8,CC(C)(C1=CC=C(C=C1)OCC2CO2)C3=CC=C(C=C3)OCC4CO4,OC(=O)CCCCCCC(=O)O,OC(=O)CCCCCCC(=O)O,1.0,0.0,Dyn,5.0,11.34000000000091,492.1500000000009,0.8093357722869171,0.0660348292897328
C14,CC(C)(C1=CC=C(C=C1)OCC2CO2)C3=CC=C(C=C3)OCC4CO4,OC(=O)CCCCCCCCCCCCC(=O)O,OC(=O)CCCCCCCCCCCCC(=O)O,1.0,0.0,Iso,160.0,1.7281612257899996,433.15,0.0674699409853627,0.0366931783842452
C6,CC(C)(C1=CC=C(C=C1)OCC2CO2)C3=CC=C(C=C3)OCC4CO4,OC(=O)CCCCC(=O)O,OC(=O)CCCCC(=O)O,1.0,0.0,Dyn,10.0,8.41,522.41,0.9165824384080858,0.019583070120025
C8,CC(C)(C1=CC=C(C=C1)OCC2CO2)C3=CC=C(C=C3)OCC4CO4,OC(=O)CCCCCCC(=O)O,OC(=O)CCCCCCC(=O)O,1.0,0.0,Dyn,10.0,9.69,536.15,0.9859104113915548,0.0158813282002701
C10,CC(C)(C1=CC=C(C=C1)OCC2CO2)C3=CC=C(C=C3)OCC4CO4,OC(=O)CCCCCCCCC(=O)O,OC(=O)CCCCCCCCC(=O)O,1.0,0.0,Dyn,5.0,7.59,473.5,0.4669919344901579,0.0708676951207905
C14,CC(C)(C1=CC=C(C=C1)OCC2CO2)C3=CC=C(C=C3)OCC4CO4,OC(=O)CCCCCCCCCCCCC(=O)O,OC(=O)CCCCCCCCCCCCC(=O)O,1.0,0.0,Dyn,5.0,5.263059110469682,461.8524580644495,0.3651434810598073,0.1019262780591039
C6,CC(C)(C1=CC=C(C=C1)OCC2CO2)C3=CC=C(C=C3)OCC4CO4,OC(=O)CCCCC(=O)O,OC(=O)CCCCC(=O)O,1.0,0.0,Iso,180.0,30.79010799999996,453.17,0.9829963437734022,0.0016309800559384
C6,CC(C)(C1=CC=C(C=C1)OCC2CO2)C3=CC=C(C=C3)OCC4CO4,OC(=O)CCCCC(=O)O,OC(=O)CCCCC(=O)O,1.0,0.0,Iso,165.0,23.485953000000016,438.17,0.9107804750717828,0.0068196959352398
C12,CC(C)(C1=CC=C(C=C1)OCC2CO2)C3=CC=C(C=C3)OCC4CO4,OC(=O)CCCCCCCCCCC(=O)O,OC(=O)CCCCCCCCCCC(=O)O,1.0,0.0,Dyn,2.5,15.311960903195024,472.26174193529954,0.6299073343134718,0.0215468294890289
C12,CC(C)(C1=CC=C(C=C1)OCC2CO2)C3=CC=C(C=C3)OCC4CO4,OC(=O)CCCCCCCCCCC(=O)O,OC(=O)CCCCCCCCCCC(=O)O,1.0,0.0,Iso,180.0,69.14167999999998,453.1657855688623,0.9714434060228452,0.001458487489704
C14,CC(C)(C1=CC=C(C=C1)OCC2CO2)C3=CC=C(C=C3)OCC4CO4,OC(=O)CCCCCCCCCCCCC(=O)O,OC(=O)CCCCCCCCCCCCC(=O)O,1.0,0.0,Dyn,10.0,12.267521074036187,559.2826516120689,0.9859650554955208,0.0070528667057282
C8,CC(C)(C1=CC=C(C=C1)OCC2CO2)C3=CC=C(C=C3)OCC4CO4,OC(=O)CCCCCCC(=O)O,OC(=O)CCCCCCC(=O)O,1.0,0.0,Dyn,10.0,2.8799999999999994,468.15,0.2236840283518358,0.1176643534222628
C10,CC(C)(C1=CC=C(C=C1)OCC2CO2)C3=CC=C(C=C3)OCC4CO4,OC(=O)CCCCCCCCC(=O)O,OC(=O)CCCCCCCCC(=O)O,1.0,0.0,Dyn,10.0,4.59,484.32,0.4112049817435537,0.1353398063718807
C6,CC(C)(C1=CC=C(C=C1)OCC2CO2)C3=CC=C(C=C3)OCC4CO4,OC(=O)CCCCC(=O)O,OC(=O)CCCCC(=O)O,1.0,0.0,Iso,180.0,21.877181999999976,453.17,0.9580194705079071,0.0042405481454401
C10,CC(C)(C1=CC=C(C=C1)OCC2CO2)C3=CC=C(C=C3)OCC4CO4,OC(=O)CCCCCCCCC(=O)O,OC(=O)CCCCCCCCC(=O)O,1.0,0.0,Dyn,5.0,0.4000000000000003,437.5,0.0234616762189083,0.0366053990968519
C14,CC(C)(C1=CC=C(C=C1)OCC2CO2)C3=CC=C(C=C3)OCC4CO4,OC(=O)CCCCCCCCCCCCC(=O)O,OC(=O)CCCCCCCCCCCCC(=O)O,1.0,0.0,Dyn,10.0,5.967817665020605,496.4119032253994,0.7154295620483238,0.1658264458104693
C8,CC(C)(C1=CC=C(C=C1)OCC2CO2)C3=CC=C(C=C3)OCC4CO4,OC(=O)CCCCCCC(=O)O,OC(=O)CCCCCCC(=O)O,1.0,0.0,Iso,170.0,32.2,443.17,0.8772669424117087,0.0088064178900957
C14,CC(C)(C1=CC=C(C=C1)OCC2CO2)C3=CC=C(C=C3)OCC4CO4,OC(=O)CCCCCCCCCCCCC(=O)O,OC(=O)CCCCCCCCCCCCC(=O)O,1.0,0.0,Dyn,10.0,9.275160945367183,529.3441999993692,0.9640479655194132,0.0112899224597907
C14,CC(C)(C1=CC=C(C=C1)OCC2CO2)C3=CC=C(C=C3)OCC4CO4,OC(=O)CCCCCCCCCCCCC(=O)O,OC(=O)CCCCCCCCCCCCC(=O)O,1.0,0.0,Dyn,5.0,11.199727044559262,491.4960451611489,0.8972184294794783,0.0504320415637424
C6,CC(C)(C1=CC=C(C=C1)OCC2CO2)C3=CC=C(C=C3)OCC4CO4,OC(=O)CCCCC(=O)O,OC(=O)CCCCC(=O)O,1.0,0.0,Dyn,5.0,20.41,537.67,0.9339219843736384,0.0101658485579015
C8,CC(C)(C1=CC=C(C=C1)OCC2CO2)C3=CC=C(C=C3)OCC4CO4,OC(=O)CCCCCCC(=O)O,OC(=O)CCCCCCC(=O)O,1.0,0.0,Iso,170.0,39.2,443.17,0.9253102131721286,0.0049429571383117
C10,CC(C)(C1=CC=C(C=C1)OCC2CO2)C3=CC=C(C=C3)OCC4CO4,OC(=O)CCCCCCCCC(=O)O,OC(=O)CCCCCCCCC(=O)O,1.0,0.0,Dyn,5.0,6.99,470.5,0.4237498715123995,0.0725595815358366
C8,CC(C)(C1=CC=C(C=C1)OCC2CO2)C3=CC=C(C=C3)OCC4CO4,OC(=O)CCCCCCC(=O)O,OC(=O)CCCCCCC(=O)O,1.0,0.0,Dyn,10.0,1.4899999999999998,454.15,0.0904926225122306,0.075456669628466
C12,CC(C)(C1=CC=C(C=C1)OCC2CO2)C3=CC=C(C=C3)OCC4CO4,OC(=O)CCCCCCCCCCC(=O)O,OC(=O)CCCCCCCCCCC(=O)O,1.0,0.0,Dyn,10.0,1.593663009101706,452.37310967728,0.0761402420021273,0.067710575606522
C14,CC(C)(C1=CC=C(C=C1)OCC2CO2)C3=CC=C(C=C3)OCC4CO4,OC(=O)CCCCCCCCCCCCC(=O)O,OC(=O)CCCCCCCCCCCCC(=O)O,1.0,0.0,Dyn,2.5,32.42501859129547,515.1512838708709,0.9892065781957085,0.0010906473629306
C12,CC(C)(C1=CC=C(C=C1)OCC2CO2)C3=CC=C(C=C3)OCC4CO4,OC(=O)CCCCCCCCCCC(=O)O,OC(=O)CCCCCCCCCCC(=O)O,1.0,0.0,Iso,170.0,68.36089999999992,443.1656642168675,0.9746128605146508,0.0014240033649648
C6,CC(C)(C1=CC=C(C=C1)OCC2CO2)C3=CC=C(C=C3)OCC4CO4,OC(=O)CCCCC(=O)O,OC(=O)CCCCC(=O)O,1.0,0.0,Dyn,5.0,19.21,531.67,0.9218391472305324,0.0100206221499321
C8,CC(C)(C1=CC=C(C=C1)OCC2CO2)C3=CC=C(C=C3)OCC4CO4,OC(=O)CCCCCCC(=O)O,OC(=O)CCCCCCC(=O)O,1.0,0.0,Dyn,5.0,16.8,519.3500000000013,0.9893134474737796,0.0080653226613311
C14,CC(C)(C1=CC=C(C=C1)OCC2CO2)C3=CC=C(C=C3)OCC4CO4,OC(=O)CCCCCCCCCCCCC(=O)O,OC(=O)CCCCCCCCCCCCC(=O)O,1.0,0.0,Dyn,10.0,12.467026241941085,561.2785483862489,0.9873706844653716,0.0074359742539773
C6,CC(C)(C1=CC=C(C=C1)OCC2CO2)C3=CC=C(C=C3)OCC4CO4,OC(=O)CCCCC(=O)O,OC(=O)CCCCC(=O)O,1.0,0.0,Dyn,5.0,23.81,554.67,0.9673240582067444,0.0090040372941419
C14,CC(C)(C1=CC=C(C=C1)OCC2CO2)C3=CC=C(C=C3)OCC4CO4,OC(=O)CCCCCCCCCCCCC(=O)O,OC(=O)CCCCCCCCCCCCC(=O)O,1.0,0.0,Iso,170.0,25.371000000000016,443.1826402409639,0.9045305196908696,0.0114814470230514
C8,CC(C)(C1=CC=C(C=C1)OCC2CO2)C3=CC=C(C=C3)OCC4CO4,OC(=O)CCCCCCC(=O)O,OC(=O)CCCCCCC(=O)O,1.0,0.0,Dyn,2.5,5.180000000000001,447.15,0.2215901968158455,0.0498150933935062
C10,CC(C)(C1=CC=C(C=C1)OCC2CO2)C3=CC=C(C=C3)OCC4CO4,OC(=O)CCCCCCCCC(=O)O,OC(=O)CCCCCCCCC(=O)O,1.0,0.0,Iso,165.0,2.0550000000000006,438.19,0.1098590111264535,0.049836061175532
C6,CC(C)(C1=CC=C(C=C1)OCC2CO2)C3=CC=C(C=C3)OCC4CO4,OC(=O)CCCCC(=O)O,OC(=O)CCCCC(=O)O,1.0,0.0,Iso,165.0,10.349741999999992,438.18,0.7309305246671887,0.0332862407755146
C10,CC(C)(C1=CC=C(C=C1)OCC2CO2)C3=CC=C(C=C3)OCC4CO4,OC(=O)CCCCCCCCC(=O)O,OC(=O)CCCCCCCCC(=O)O,1.0,0.0,Dyn,10.0,0.1,439.32,0.0125016539185906,0.0310268089646611
C12,CC(C)(C1=CC=C(C=C1)OCC2CO2)C3=CC=C(C=C3)OCC4CO4,OC(=O)CCCCCCCCCCC(=O)O,OC(=O)CCCCCCCCCCC(=O)O,1.0,0.0,Dyn,10.0,6.676222489466522,503.3128967736103,0.736202617270821,0.1802715220045348
C10,CC(C)(C1=CC=C(C=C1)OCC2CO2)C3=CC=C(C=C3)OCC4CO4,OC(=O)CCCCCCCCC(=O)O,OC(=O)CCCCCCCCC(=O)O,1.0,0.0,Iso,170.0,30.023610000000023,443.18,0.8293354973739188,0.0105870362728565
C6,CC(C)(C1=CC=C(C=C1)OCC2CO2)C3=CC=C(C=C3)OCC4CO4,OC(=O)CCCCC(=O)O,OC(=O)CCCCC(=O)O,1.0,0.0,Dyn,10.0,3.98,478.41,0.5956569804169296,0.1969361970941281
C12,CC(C)(C1=CC=C(C=C1)OCC2CO2)C3=CC=C(C=C3)OCC4CO4,OC(=O)CCCCCCCCCCC(=O)O,OC(=O)CCCCCCCCCCC(=O)O,1.0,0.0,Iso,160.0,87.04037877422994,433.15,0.9892320493367922,0.0007625165837309
C6,CC(C)(C1=CC=C(C=C1)OCC2CO2)C3=CC=C(C=C3)OCC4CO4,OC(=O)CCCCC(=O)O,OC(=O)CCCCC(=O)O,1.0,0.0,Iso,180.0,35.24657099999995,453.17,0.98942777851196,0.0011960520410213
C10,CC(C)(C1=CC=C(C=C1)OCC2CO2)C3=CC=C(C=C3)OCC4CO4,OC(=O)CCCCCCCCC(=O)O,OC(=O)CCCCCCCCC(=O)O,1.0,0.0,Dyn,5.0,18.59,528.5,0.9381344175026606,0.0204303265213096
C8,CC(C)(C1=CC=C(C=C1)OCC2CO2)C3=CC=C(C=C3)OCC4CO4,OC(=O)CCCCCCC(=O)O,OC(=O)CCCCCCC(=O)O,1.0,0.0,Iso,160.0,1.0,433.23,0.0448515622801538,0.0319443004692215
C6,CC(C)(C1=CC=C(C=C1)OCC2CO2)C3=CC=C(C=C3)OCC4CO4,OC(=O)CCCCC(=O)O,OC(=O)CCCCC(=O)O,1.0,0.0,Dyn,10.0,0.2999999999999998,441.41,0.0211042324699936,0.0764466203411243
C10,CC(C)(C1=CC=C(C=C1)OCC2CO2)C3=CC=C(C=C3)OCC4CO4,OC(=O)CCCCCCCCC(=O)O,OC(=O)CCCCCCCCC(=O)O,1.0,0.0,Dyn,2.5,33.61,519.13,0.9813075121938422,0.0047824347457275
C10,CC(C)(C1=CC=C(C=C1)OCC2CO2)C3=CC=C(C=C3)OCC4CO4,OC(=O)CCCCCCCCC(=O)O,OC(=O)CCCCCCCCC(=O)O,1.0,0.0,Iso,180.0,17.05655,453.18,0.7404079841539166,0.0180076138220595
C10,CC(C)(C1=CC=C(C=C1)OCC2CO2)C3=CC=C(C=C3)OCC4CO4,OC(=O)CCCCCCCCC(=O)O,OC(=O)CCCCCCCCC(=O)O,1.0,0.0,Dyn,5.0,10.79,489.5,0.6703694505327525,0.0523527117108548
C8,CC(C)(C1=CC=C(C=C1)OCC2CO2)C3=CC=C(C=C3)OCC4CO4,OC(=O)CCCCCCC(=O)O,OC(=O)CCCCCCC(=O)O,1.0,0.0,Dyn,5.0,8.78,479.3500000000007,0.612017653378253,0.0836777226109516
C14,CC(C)(C1=CC=C(C=C1)OCC2CO2)C3=CC=C(C=C3)OCC4CO4,OC(=O)CCCCCCCCCCCCC(=O)O,OC(=O)CCCCCCCCCCCCC(=O)O,1.0,0.0,Iso,160.0,19.00977348369,433.15,0.6465540501104007,0.0245104018347965
C6,CC(C)(C1=CC=C(C=C1)OCC2CO2)C3=CC=C(C=C3)OCC4CO4,OC(=O)CCCCC(=O)O,OC(=O)CCCCC(=O)O,1.0,0.0,Iso,170.0,4.585000000000001,443.24,0.4181278704924742,0.0654639771093031
C10,CC(C)(C1=CC=C(C=C1)OCC2CO2)C3=CC=C(C=C3)OCC4CO4,OC(=O)CCCCCCCCC(=O)O,OC(=O)CCCCCCCCC(=O)O,1.0,0.0,Dyn,2.5,8.79,457.13,0.3889032210107935,0.046881524607403
C14,CC(C)(C1=CC=C(C=C1)OCC2CO2)C3=CC=C(C=C3)OCC4CO4,OC(=O)CCCCCCCCCCCCC(=O)O,OC(=O)CCCCCCCCCCCCC(=O)O,1.0,0.0,Dyn,5.0,7.066623222346097,470.8744193547493,0.5529115971034377,0.1046038210552763
C10,CC(C)(C1=CC=C(C=C1)OCC2CO2)C3=CC=C(C=C3)OCC4CO4,OC(=O)CCCCCCCCC(=O)O,OC(=O)CCCCCCCCC(=O)O,1.0,0.0,Iso,165.0,39.73000000000001,438.17,0.8599415558591116,0.0058899348712035
C8,CC(C)(C1=CC=C(C=C1)OCC2CO2)C3=CC=C(C=C3)OCC4CO4,OC(=O)CCCCCCC(=O)O,OC(=O)CCCCCCC(=O)O,1.0,0.0,Iso,170.0,12.6,443.19,0.4928810054088451,0.02596472887596
C6,CC(C)(C1=CC=C(C=C1)OCC2CO2)C3=CC=C(C=C3)OCC4CO4,OC(=O)CCCCC(=O)O,OC(=O)CCCCC(=O)O,1.0,0.0,Dyn,10.0,11.01,548.41,0.9614181933038534,0.0157927984838913
C10,CC(C)(C1=CC=C(C=C1)OCC2CO2)C3=CC=C(C=C3)OCC4CO4,OC(=O)CCCCCCCCC(=O)O,OC(=O)CCCCCCCCC(=O)O,1.0,0.0,Dyn,10.0,3.39,472.32,0.2561131646289449,0.1211935239585952
C6,CC(C)(C1=CC=C(C=C1)OCC2CO2)C3=CC=C(C=C3)OCC4CO4,OC(=O)CCCCC(=O)O,OC(=O)CCCCC(=O)O,1.0,0.0,Iso,170.0,47.815000000000055,443.17,0.9713519166931928,0.0015273423791341
C6,CC(C)(C1=CC=C(C=C1)OCC2CO2)C3=CC=C(C=C3)OCC4CO4,OC(=O)CCCCC(=O)O,OC(=O)CCCCC(=O)O,1.0,0.0,Dyn,5.0,15.41,512.67,0.8818728397571814,0.0111824334136917
C14,CC(C)(C1=CC=C(C=C1)OCC2CO2)C3=CC=C(C=C3)OCC4CO4,OC(=O)CCCCCCCCCCCCC(=O)O,OC(=O)CCCCCCCCCCCCC(=O)O,1.0,0.0,Iso,160.0,6.33659116123,433.15,0.2414443695049258,0.038477783941421
C12,CC(C)(C1=CC=C(C=C1)OCC2CO2)C3=CC=C(C=C3)OCC4CO4,OC(=O)CCCCCCCCCCC(=O)O,OC(=O)CCCCCCCCCCC(=O)O,1.0,0.0,Dyn,10.0,2.988234225421403,466.3565806449001,0.1948221369988788,0.1059150306454714
C12,CC(C)(C1=CC=C(C=C1)OCC2CO2)C3=CC=C(C=C3)OCC4CO4,OC(=O)CCCCCCCCCCC(=O)O,OC(=O)CCCCCCCCCCC(=O)O,1.0,0.0,Iso,170.0,54.53509999999992,443.16732548192766,0.9471533014794772,0.0026231640933563
C8,CC(C)(C1=CC=C(C=C1)OCC2CO2)C3=CC=C(C=C3)OCC4CO4,OC(=O)CCCCCCC(=O)O,OC(=O)CCCCCCC(=O)O,1.0,0.0,Iso,160.0,46.0,433.18,0.8050742507282206,0.006962922378207
C10,CC(C)(C1=CC=C(C=C1)OCC2CO2)C3=CC=C(C=C3)OCC4CO4,OC(=O)CCCCCCCCC(=O)O,OC(=O)CCCCCCCCC(=O)O,1.0,0.0,Iso,170.0,18.96228000000001,443.19,0.6730752602585054,0.0178029418451187
C8,CC(C)(C1=CC=C(C=C1)OCC2CO2)C3=CC=C(C=C3)OCC4CO4,OC(=O)CCCCCCC(=O)O,OC(=O)CCCCCCC(=O)O,1.0,0.0,Iso,170.0,38.5,443.17,0.9216115176582882,0.0052838507340576
C10,CC(C)(C1=CC=C(C=C1)OCC2CO2)C3=CC=C(C=C3)OCC4CO4,OC(=O)CCCCCCCCC(=O)O,OC(=O)CCCCCCCCC(=O)O,1.0,0.0,Iso,165.0,71.24000000000011,438.16,0.97480430105402,0.0018030412871031
C12,CC(C)(C1=CC=C(C=C1)OCC2CO2)C3=CC=C(C=C3)OCC4CO4,OC(=O)CCCCCCCCCCC(=O)O,OC(=O)CCCCCCCCCCC(=O)O,1.0,0.0,Dyn,10.0,5.878537388350761,495.3223419349703,0.5942281048296716,0.1696300378800474
C8,CC(C)(C1=CC=C(C=C1)OCC2CO2)C3=CC=C(C=C3)OCC4CO4,OC(=O)CCCCCCC(=O)O,OC(=O)CCCCCCC(=O)O,1.0,0.0,Dyn,5.0,1.5900000000000003,443.3500000000002,0.0759519500337149,0.0516180650323101
C6,CC(C)(C1=CC=C(C=C1)OCC2CO2)C3=CC=C(C=C3)OCC4CO4,OC(=O)CCCCC(=O)O,OC(=O)CCCCC(=O)O,1.0,0.0,Dyn,2.5,15.270000000000286,472.59000000000026,0.6938770172364196,0.0165880398168141
C8,CC(C)(C1=CC=C(C=C1)OCC2CO2)C3=CC=C(C=C3)OCC4CO4,OC(=O)CCCCCCC(=O)O,OC(=O)CCCCCCC(=O)O,1.0,0.0,Iso,170.0,5.6,443.21,0.2628181673560292,0.0402765783373483
C12,CC(C)(C1=CC=C(C=C1)OCC2CO2)C3=CC=C(C=C3)OCC4CO4,OC(=O)CCCCCCCCCCC(=O)O,OC(=O)CCCCCCCCCCC(=O)O,1.0,0.0,Dyn,5.0,9.972659328081152,485.0152322579995,0.6532862918783144,0.0665171806237067
C12,CC(C)(C1=CC=C(C=C1)OCC2CO2)C3=CC=C(C=C3)OCC4CO4,OC(=O)CCCCCCCCCCC(=O)O,OC(=O)CCCCCCCCCCC(=O)O,1.0,0.0,Iso,180.0,35.32237999999996,453.169751257485,0.8724472135687088,0.0049127999653181
C8,CC(C)(C1=CC=C(C=C1)OCC2CO2)C3=CC=C(C=C3)OCC4CO4,OC(=O)CCCCCCC(=O)O,OC(=O)CCCCCCC(=O)O,1.0,0.0,Iso,180.0,15.16549999999998,453.2,0.7572978327192044,0.0261209278256706
C8,CC(C)(C1=CC=C(C=C1)OCC2CO2)C3=CC=C(C=C3)OCC4CO4,OC(=O)CCCCCCC(=O)O,OC(=O)CCCCCCC(=O)O,1.0,0.0,Iso,160.0,75.0,433.17,0.9367564615077864,0.0026336442155914
C10,CC(C)(C1=CC=C(C=C1)OCC2CO2)C3=CC=C(C=C3)OCC4CO4,OC(=O)CCCCCCCCC(=O)O,OC(=O)CCCCCCCCC(=O)O,1.0,0.0,Dyn,2.5,24.4,496.13,0.8943491844172425,0.0150305092008575
C12,CC(C)(C1=CC=C(C=C1)OCC2CO2)C3=CC=C(C=C3)OCC4CO4,OC(=O)CCCCCCCCCCC(=O)O,OC(=O)CCCCCCCCCCC(=O)O,1.0,0.0,Dyn,2.5,8.450204709660412,455.1312258063497,0.3728881104445896,0.0494994485647612
C12,CC(C)(C1=CC=C(C=C1)OCC2CO2)C3=CC=C(C=C3)OCC4CO4,OC(=O)CCCCCCCCCCC(=O)O,OC(=O)CCCCCCCCCCC(=O)O,1.0,0.0,Iso,180.0,39.08007999999995,453.1683861077845,0.8902157609322718,0.0043754624691113
C8,CC(C)(C1=CC=C(C=C1)OCC2CO2)C3=CC=C(C=C3)OCC4CO4,OC(=O)CCCCCCC(=O)O,OC(=O)CCCCCCC(=O)O,1.0,0.0,Iso,170.0,65.8,443.17,0.9865574292077632,0.0008522339893641
C12,CC(C)(C1=CC=C(C=C1)OCC2CO2)C3=CC=C(C=C3)OCC4CO4,OC(=O)CCCCCCCCCCC(=O)O,OC(=O)CCCCCCCCCCC(=O)O,1.0,0.0,Dyn,10.0,6.07777391030554,497.3199806446303,0.6283257405209722,0.1762903854325858
C10,CC(C)(C1=CC=C(C=C1)OCC2CO2)C3=CC=C(C=C3)OCC4CO4,OC(=O)CCCCCCCCC(=O)O,OC(=O)CCCCCCCCC(=O)O,1.0,0.0,Iso,180.0,33.13844,453.18,0.914187238733794,0.0060767479228962
C12,CC(C)(C1=CC=C(C=C1)OCC2CO2)C3=CC=C(C=C3)OCC4CO4,OC(=O)CCCCCCCCCCC(=O)O,OC(=O)CCCCCCCCCCC(=O)O,1.0,0.0,Dyn,5.0,14.577086925704956,507.99914709667934,0.8467383994947068,0.031004981441804
C14,CC(C)(C1=CC=C(C=C1)OCC2CO2)C3=CC=C(C=C3)OCC4CO4,OC(=O)CCCCCCCCCCCCC(=O)O,OC(=O)CCCCCCCCCCCCC(=O)O,1.0,0.0,Iso,170.0,24.243400000000012,443.1857105389221,0.8903697533435143,0.0129131873988282
C10,CC(C)(C1=CC=C(C=C1)OCC2CO2)C3=CC=C(C=C3)OCC4CO4,OC(=O)CCCCCCCCC(=O)O,OC(=O)CCCCCCCCC(=O)O,1.0,0.0,Dyn,5.0,21.59,543.5,0.9826980672272664,0.0095767155568632
C14,CC(C)(C1=CC=C(C=C1)OCC2CO2)C3=CC=C(C=C3)OCC4CO4,OC(=O)CCCCCCCCCCCCC(=O)O,OC(=O)CCCCCCCCCCCCC(=O)O,1.0,0.0,Dyn,5.0,6.551149083529859,468.29671612894936,0.4986538782772589,0.1054965872808536
C8,CC(C)(C1=CC=C(C=C1)OCC2CO2)C3=CC=C(C=C3)OCC4CO4,OC(=O)CCCCCCC(=O)O,OC(=O)CCCCCCC(=O)O,1.0,0.0,Dyn,2.5,17.59,478.15,0.8742948476871005,0.0376081233546441
C10,CC(C)(C1=CC=C(C=C1)OCC2CO2)C3=CC=C(C=C3)OCC4CO4,OC(=O)CCCCCCCCC(=O)O,OC(=O)CCCCCCCCC(=O)O,1.0,0.0,Dyn,5.0,5.99,465.5,0.3505582267498095,0.0732299516248171
C14,CC(C)(C1=CC=C(C=C1)OCC2CO2)C3=CC=C(C=C3)OCC4CO4,OC(=O)CCCCCCCCCCCCC(=O)O,OC(=O)CCCCCCCCCCCCC(=O)O,1.0,0.0,Iso,180.0,0.58826,453.1697773053892,0.0425275688303409,0.0896579447029541
C12,CC(C)(C1=CC=C(C=C1)OCC2CO2)C3=CC=C(C=C3)OCC4CO4,OC(=O)CCCCCCCCCCC(=O)O,OC(=O)CCCCCCCCCCC(=O)O,1.0,0.0,Dyn,5.0,20.57696101001904,537.9781664514793,0.9659309265980394,0.0092545190808784
C8,CC(C)(C1=CC=C(C=C1)OCC2CO2)C3=CC=C(C=C3)OCC4CO4,OC(=O)CCCCCCC(=O)O,OC(=O)CCCCCCC(=O)O,1.0,0.0,Iso,180.0,6.932799999999997,453.23,0.4518364435991918,0.0455063395005368
C12,CC(C)(C1=CC=C(C=C1)OCC2CO2)C3=CC=C(C=C3)OCC4CO4,OC(=O)CCCCCCCCCCC(=O)O,OC(=O)CCCCCCCCCCC(=O)O,1.0,0.0,Dyn,5.0,24.174842324412317,555.9655780643596,0.9892362762885232,0.0037340657370144
C14,CC(C)(C1=CC=C(C=C1)OCC2CO2)C3=CC=C(C=C3)OCC4CO4,OC(=O)CCCCCCCCCCCCC(=O)O,OC(=O)CCCCCCCCCCCCC(=O)O,1.0,0.0,Dyn,2.5,6.704118457060071,450.93244516127015,0.346085424592172,0.0670495419928396
C8,CC(C)(C1=CC=C(C=C1)OCC2CO2)C3=CC=C(C=C3)OCC4CO4,OC(=O)CCCCCCC(=O)O,OC(=O)CCCCCCC(=O)O,1.0,0.0,Dyn,2.5,18.790000000000003,481.15,0.91481760060173,0.025912914262652
C12,CC(C)(C1=CC=C(C=C1)OCC2CO2)C3=CC=C(C=C3)OCC4CO4,OC(=O)CCCCCCCCCCC(=O)O,OC(=O)CCCCCCCCCCC(=O)O,1.0,0.0,Dyn,5.0,12.778284963761733,499.00544129023945,0.7883694625529021,0.0341902775761448
C6,CC(C)(C1=CC=C(C=C1)OCC2CO2)C3=CC=C(C=C3)OCC4CO4,OC(=O)CCCCC(=O)O,OC(=O)CCCCC(=O)O,1.0,0.0,Dyn,2.5,30.9,511.65000000000055,0.8463630894776764,0.0082596048880383
C8,CC(C)(C1=CC=C(C=C1)OCC2CO2)C3=CC=C(C=C3)OCC4CO4,OC(=O)CCCCCCC(=O)O,OC(=O)CCCCCCC(=O)O,1.0,0.0,Dyn,2.5,9.57,458.15,0.458223642973549,0.0557070327190671
C12,CC(C)(C1=CC=C(C=C1)OCC2CO2)C3=CC=C(C=C3)OCC4CO4,OC(=O)CCCCCCCCCCC(=O)O,OC(=O)CCCCCCCCCCC(=O)O,1.0,0.0,Dyn,2.5,33.45287670961019,517.607225806049,0.8659621802002224,0.0089769230462849
C6,CC(C)(C1=CC=C(C=C1)OCC2CO2)C3=CC=C(C=C3)OCC4CO4,OC(=O)CCCCC(=O)O,OC(=O)CCCCC(=O)O,1.0,0.0,Iso,170.0,34.71500000000003,443.17,0.9417943704242644,0.0031241094118656
C14,CC(C)(C1=CC=C(C=C1)OCC2CO2)C3=CC=C(C=C3)OCC4CO4,OC(=O)CCCCCCCCCCCCC(=O)O,OC(=O)CCCCCCCCCCCCC(=O)O,1.0,0.0,Iso,170.0,17.47780000000001,443.2018134131736,0.7652682972247926,0.0238264423092623
C14,CC(C)(C1=CC=C(C=C1)OCC2CO2)C3=CC=C(C=C3)OCC4CO4,OC(=O)CCCCCCCCCCCCC(=O)O,OC(=O)CCCCCCCCCCCCC(=O)O,1.0,0.0,Iso,160.0,27.65057961264,433.15,0.8105500975308467,0.0139598559328557
C12,CC(C)(C1=CC=C(C=C1)OCC2CO2)C3=CC=C(C=C3)OCC4CO4,OC(=O)CCCCCCCCCCC(=O)O,OC(=O)CCCCCCCCCCC(=O)O,1.0,0.0,Dyn,10.0,5.380088820481317,490.3282451608202,0.5135641769481991,0.1578704012121227
C10,CC(C)(C1=CC=C(C=C1)OCC2CO2)C3=CC=C(C=C3)OCC4CO4,OC(=O)CCCCCCCCC(=O)O,OC(=O)CCCCCCCCC(=O)O,1.0,0.0,Iso,170.0,51.09281000000005,443.17,0.967591245228621,0.0033225234136172
C12,CC(C)(C1=CC=C(C=C1)OCC2CO2)C3=CC=C(C=C3)OCC4CO4,OC(=O)CCCCCCCCCCC(=O)O,OC(=O)CCCCCCCCCCC(=O)O,1.0,0.0,Iso,160.0,35.43236658066001,433.15,0.7728941314668886,0.0108658613181687
C6,CC(C)(C1=CC=C(C=C1)OCC2CO2)C3=CC=C(C=C3)OCC4CO4,OC(=O)CCCCC(=O)O,OC(=O)CCCCC(=O)O,1.0,0.0,Dyn,10.0,1.2899999999999996,451.41,0.1119519898926089,0.1126974099810466
C8,CC(C)(C1=CC=C(C=C1)OCC2CO2)C3=CC=C(C=C3)OCC4CO4,OC(=O)CCCCCCC(=O)O,OC(=O)CCCCCCC(=O)O,1.0,0.0,Dyn,5.0,1.4300000000000002,442.5500000000002,0.0679874439056825,0.0497781633002025
C6,CC(C)(C1=CC=C(C=C1)OCC2CO2)C3=CC=C(C=C3)OCC4CO4,OC(=O)CCCCC(=O)O,OC(=O)CCCCC(=O)O,1.0,0.0,Dyn,2.5,27.93,504.2100000000005,0.8217508435121492,0.0081293858920552
C8,CC(C)(C1=CC=C(C=C1)OCC2CO2)C3=CC=C(C=C3)OCC4CO4,OC(=O)CCCCCCC(=O)O,OC(=O)CCCCCCC(=O)O,1.0,0.0,Dyn,5.0,15.36,512.1500000000012,0.9712874513257824,0.0166347279888977
C6,CC(C)(C1=CC=C(C=C1)OCC2CO2)C3=CC=C(C=C3)OCC4CO4,OC(=O)CCCCC(=O)O,OC(=O)CCCCC(=O)O,1.0,0.0,Iso,165.0,25.47628800000002,438.17,0.9237796919864264,0.0062210708949251
C10,CC(C)(C1=CC=C(C=C1)OCC2CO2)C3=CC=C(C=C3)OCC4CO4,OC(=O)CCCCCCCCC(=O)O,OC(=O)CCCCCCCCC(=O)O,1.0,0.0,Dyn,2.5,19.2,483.13,0.7884797432461089,0.0255518656414586
C6,CC(C)(C1=CC=C(C=C1)OCC2CO2)C3=CC=C(C=C3)OCC4CO4,OC(=O)CCCCC(=O)O,OC(=O)CCCCC(=O)O,1.0,0.0,Dyn,2.5,2.22,440.04,0.1048387518635738,0.0478712933302314
C12,CC(C)(C1=CC=C(C=C1)OCC2CO2)C3=CC=C(C=C3)OCC4CO4,OC(=O)CCCCCCCCCCC(=O)O,OC(=O)CCCCCCCCCCC(=O)O,1.0,0.0,Dyn,2.5,26.60112051607557,500.4767096770992,0.7959190767519466,0.0113008965465478
C8,CC(C)(C1=CC=C(C=C1)OCC2CO2)C3=CC=C(C=C3)OCC4CO4,OC(=O)CCCCCCC(=O)O,OC(=O)CCCCCCC(=O)O,1.0,0.0,Dyn,5.0,15.52,512.9500000000012,0.9739490078040062,0.0151224799899651
C8,CC(C)(C1=CC=C(C=C1)OCC2CO2)C3=CC=C(C=C3)OCC4CO4,OC(=O)CCCCCCC(=O)O,OC(=O)CCCCCCC(=O)O,1.0,0.0,Dyn,10.0,7.779999999999999,517.15,0.902961012560909,0.0810354951757422
C14,CC(C)(C1=CC=C(C=C1)OCC2CO2)C3=CC=C(C=C3)OCC4CO4,OC(=O)CCCCCCCCCCCCC(=O)O,OC(=O)CCCCCCCCCCCCC(=O)O,1.0,0.0,Dyn,5.0,10.553483219770706,488.273916128899,0.8603440941037228,0.0614704330342268
C12,CC(C)(C1=CC=C(C=C1)OCC2CO2)C3=CC=C(C=C3)OCC4CO4,OC(=O)CCCCCCCCCCC(=O)O,OC(=O)CCCCCCCCCCC(=O)O,1.0,0.0,Iso,170.0,29.187800000000014,443.17309766467065,0.8218870531345346,0.0086189677353139
C8,CC(C)(C1=CC=C(C=C1)OCC2CO2)C3=CC=C(C=C3)OCC4CO4,OC(=O)CCCCCCC(=O)O,OC(=O)CCCCCCC(=O)O,1.0,0.0,Iso,180.0,17.765299999999975,453.19,0.8171163675264471,0.0186840621109689
C8,CC(C)(C1=CC=C(C=C1)OCC2CO2)C3=CC=C(C=C3)OCC4CO4,OC(=O)CCCCCCC(=O)O,OC(=O)CCCCCCC(=O)O,1.0,0.0,Iso,180.0,30.330999999999968,453.17,0.9472245334601213,0.0052121154031478
C12,CC(C)(C1=CC=C(C=C1)OCC2CO2)C3=CC=C(C=C3)OCC4CO4,OC(=O)CCCCCCCCCCC(=O)O,OC(=O)CCCCCCCCCCC(=O)O,1.0,0.0,Iso,170.0,52.99889999999992,443.1670981927711,0.9429508951701112,0.0027730591844052
C8,CC(C)(C1=CC=C(C=C1)OCC2CO2)C3=CC=C(C=C3)OCC4CO4,OC(=O)CCCCCCC(=O)O,OC(=O)CCCCCCC(=O)O,1.0,0.0,Dyn,10.0,7.879999999999999,518.15,0.9110645620784832,0.0715532369462743
C8,CC(C)(C1=CC=C(C=C1)OCC2CO2)C3=CC=C(C=C3)OCC4CO4,OC(=O)CCCCCCC(=O)O,OC(=O)CCCCCCC(=O)O,1.0,0.0,Dyn,10.0,1.2899999999999996,452.15,0.0762034992674228,0.0703665003335076
C6,CC(C)(C1=CC=C(C=C1)OCC2CO2)C3=CC=C(C=C3)OCC4CO4,OC(=O)CCCCC(=O)O,OC(=O)CCCCC(=O)O,1.0,0.0,Dyn,2.5,28.67,506.0700000000005,0.8277927444877462,0.0082000762041484
C14,CC(C)(C1=CC=C(C=C1)OCC2CO2)C3=CC=C(C=C3)OCC4CO4,OC(=O)CCCCCCCCCCCCC(=O)O,OC(=O)CCCCCCCCCCCCC(=O)O,1.0,0.0,Dyn,10.0,5.169592518704062,488.4283161286795,0.5822620855319268,0.1684859998688772
C14,CC(C)(C1=CC=C(C=C1)OCC2CO2)C3=CC=C(C=C3)OCC4CO4,OC(=O)CCCCCCCCCCCCC(=O)O,OC(=O)CCCCCCCCCCCCC(=O)O,1.0,0.0,Dyn,2.5,31.78334832644007,513.5458129031309,0.9885045670214456,0.0010924608882194
C8,CC(C)(C1=CC=C(C=C1)OCC2CO2)C3=CC=C(C=C3)OCC4CO4,OC(=O)CCCCCCC(=O)O,OC(=O)CCCCCCC(=O)O,1.0,0.0,Dyn,2.5,17.990000000000002,479.15,0.8893380970289583,0.0337689607621914
C12,CC(C)(C1=CC=C(C=C1)OCC2CO2)C3=CC=C(C=C3)OCC4CO4,OC(=O)CCCCCCCCCCC(=O)O,OC(=O)CCCCCCCCCCC(=O)O,1.0,0.0,Dyn,10.0,0.6984872024477329,443.38373548381,0.0259007612604391,0.0475542480309689
C12,CC(C)(C1=CC=C(C=C1)OCC2CO2)C3=CC=C(C=C3)OCC4CO4,OC(=O)CCCCCCCCCCC(=O)O,OC(=O)CCCCCCCCCCC(=O)O,1.0,0.0,Iso,180.0,60.12319999999991,453.1661808982036,0.9555786315910926,0.0019958249859105
C8,CC(C)(C1=CC=C(C=C1)OCC2CO2)C3=CC=C(C=C3)OCC4CO4,OC(=O)CCCCCCC(=O)O,OC(=O)CCCCCCC(=O)O,1.0,0.0,Iso,160.0,51.0,433.18,0.8376881462199267,0.005916680155575
C14,CC(C)(C1=CC=C(C=C1)OCC2CO2)C3=CC=C(C=C3)OCC4CO4,OC(=O)CCCCCCCCCCCCC(=O)O,OC(=O)CCCCCCCCCCCCC(=O)O,1.0,0.0,Iso,180.0,17.059539999999984,453.17399676646704,0.9553869032357316,0.0121168184101745
C8,CC(C)(C1=CC=C(C=C1)OCC2CO2)C3=CC=C(C=C3)OCC4CO4,OC(=O)CCCCCCC(=O)O,OC(=O)CCCCCCC(=O)O,1.0,0.0,Iso,180.0,45.49650000000006,453.17,0.9895796188438528,0.001188728074402
C8,CC(C)(C1=CC=C(C=C1)OCC2CO2)C3=CC=C(C=C3)OCC4CO4,OC(=O)CCCCCCC(=O)O,OC(=O)CCCCCCC(=O)O,1.0,0.0,Iso,160.0,85.0,433.17,0.9591965533173454,0.0018399432191117
C10,CC(C)(C1=CC=C(C=C1)OCC2CO2)C3=CC=C(C=C3)OCC4CO4,OC(=O)CCCCCCCCC(=O)O,OC(=O)CCCCCCCCC(=O)O,1.0,0.0,Dyn,5.0,15.99,515.5,0.8720550801603013,0.0290493705224865
C12,CC(C)(C1=CC=C(C=C1)OCC2CO2)C3=CC=C(C=C3)OCC4CO4,OC(=O)CCCCCCCCCCC(=O)O,OC(=O)CCCCCCCCCCC(=O)O,1.0,0.0,Dyn,10.0,10.083021923669545,537.2727548378305,0.9757427483429738,0.0136434168649184
C12,CC(C)(C1=CC=C(C=C1)OCC2CO2)C3=CC=C(C=C3)OCC4CO4,OC(=O)CCCCCCCCCCC(=O)O,OC(=O)CCCCCCCCCCC(=O)O,1.0,0.0,Iso,180.0,1.5030799999999995,453.2193089820359,0.1278063464624921,0.0889395267502967
C8,CC(C)(C1=CC=C(C=C1)OCC2CO2)C3=CC=C(C=C3)OCC4CO4,OC(=O)CCCCCCC(=O)O,OC(=O)CCCCCCC(=O)O,1.0,0.0,Iso,180.0,30.76429999999997,453.17,0.9494829430643053,0.0048463529187165
C10,CC(C)(C1=CC=C(C=C1)OCC2CO2)C3=CC=C(C=C3)OCC4CO4,OC(=O)CCCCCCCCC(=O)O,OC(=O)CCCCCCCCC(=O)O,1.0,0.0,Dyn,5.0,9.99,485.5,0.6254674235251378,0.0582902753561095
C14,CC(C)(C1=CC=C(C=C1)OCC2CO2)C3=CC=C(C=C3)OCC4CO4,OC(=O)CCCCCCCCCCCCC(=O)O,OC(=O)CCCCCCCCCCCCC(=O)O,1.0,0.0,Dyn,10.0,2.6814698013956413,463.4796064514297,0.1953858405518834,0.1169387759966089
C10,CC(C)(C1=CC=C(C=C1)OCC2CO2)C3=CC=C(C=C3)OCC4CO4,OC(=O)CCCCCCCCC(=O)O,OC(=O)CCCCCCCCC(=O)O,1.0,0.0,Dyn,2.5,27.61,504.13,0.93556010782614,0.0105213564406006
C6,CC(C)(C1=CC=C(C=C1)OCC2CO2)C3=CC=C(C=C3)OCC4CO4,OC(=O)CCCCC(=O)O,OC(=O)CCCCC(=O)O,1.0,0.0,Dyn,2.5,35.0,521.8800000000006,0.8824575628383873,0.0091897405736192
C8,CC(C)(C1=CC=C(C=C1)OCC2CO2)C3=CC=C(C=C3)OCC4CO4,OC(=O)CCCCCCC(=O)O,OC(=O)CCCCCCC(=O)O,1.0,0.0,Iso,170.0,60.900000000000006,443.16,0.9814269805917912,0.0011363119858187
C10,CC(C)(C1=CC=C(C=C1)OCC2CO2)C3=CC=C(C=C3)OCC4CO4,OC(=O)CCCCCCCCC(=O)O,OC(=O)CCCCCCCCC(=O)O,1.0,0.0,Dyn,10.0,8.889999999999999,527.3199999999999,0.851815932232973,0.0633415630445601
C10,CC(C)(C1=CC=C(C=C1)OCC2CO2)C3=CC=C(C=C3)OCC4CO4,OC(=O)CCCCCCCCC(=O)O,OC(=O)CCCCCCCCC(=O)O,1.0,0.0,Dyn,5.0,12.39,497.5,0.7466001063653873,0.0421375484502002
C8,CC(C)(C1=CC=C(C=C1)OCC2CO2)C3=CC=C(C=C3)OCC4CO4,OC(=O)CCCCCCC(=O)O,OC(=O)CCCCCCC(=O)O,1.0,0.0,Iso,160.0,15.0,433.2,0.4109295513400678,0.0199868341840765
C14,CC(C)(C1=CC=C(C=C1)OCC2CO2)C3=CC=C(C=C3)OCC4CO4,OC(=O)CCCCCCCCCCCCC(=O)O,OC(=O)CCCCCCCCCCCCC(=O)O,1.0,0.0,Iso,160.0,10.94502109667,433.15,0.4093337581290991,0.0342972914578272
C6,CC(C)(C1=CC=C(C=C1)OCC2CO2)C3=CC=C(C=C3)OCC4CO4,OC(=O)CCCCC(=O)O,OC(=O)CCCCC(=O)O,1.0,0.0,Iso,165.0,27.068556000000022,438.17,0.933281127642913,0.0057705119452033
C8,CC(C)(C1=CC=C(C=C1)OCC2CO2)C3=CC=C(C=C3)OCC4CO4,OC(=O)CCCCCCC(=O)O,OC(=O)CCCCCCC(=O)O,1.0,0.0,Iso,180.0,8.665999999999993,453.22,0.52603272712865,0.0392883772652026
C14,CC(C)(C1=CC=C(C=C1)OCC2CO2)C3=CC=C(C=C3)OCC4CO4,OC(=O)CCCCCCCCCCCCC(=O)O,OC(=O)CCCCCCCCCCCCC(=O)O,1.0,0.0,Dyn,5.0,12.620851584587948,498.5847290320988,0.9556419673001944,0.0301424963447163
C12,CC(C)(C1=CC=C(C=C1)OCC2CO2)C3=CC=C(C=C3)OCC4CO4,OC(=O)CCCCCCCCCCC(=O)O,OC(=O)CCCCCCCCCCC(=O)O,1.0,0.0,Iso,160.0,50.06747451615006,433.15,0.8964808379423425,0.0059095035239164
C6,CC(C)(C1=CC=C(C=C1)OCC2CO2)C3=CC=C(C=C3)OCC4CO4,OC(=O)CCCCC(=O)O,OC(=O)CCCCC(=O)O,1.0,0.0,Iso,170.0,5.24,443.23,0.4610067754990677,0.0611631198189684
C12,CC(C)(C1=CC=C(C=C1)OCC2CO2)C3=CC=C(C=C3)OCC4CO4,OC(=O)CCCCCCCCCCC(=O)O,OC(=O)CCCCCCCCCCC(=O)O,1.0,0.0,Dyn,2.5,2.8089611612846856,441.0237419354499,0.106136971186387,0.0430082785344484
C14,CC(C)(C1=CC=C(C=C1)OCC2CO2)C3=CC=C(C=C3)OCC4CO4,OC(=O)CCCCCCCCCCCCC(=O)O,OC(=O)CCCCCCCCCCCCC(=O)O,1.0,0.0,Iso,160.0,29.37874083843,433.15,0.8335688322521398,0.0124887785616918
C10,CC(C)(C1=CC=C(C=C1)OCC2CO2)C3=CC=C(C=C3)OCC4CO4,OC(=O)CCCCCCCCC(=O)O,OC(=O)CCCCCCCCC(=O)O,1.0,0.0,Iso,165.0,77.40500000000013,438.16,0.9844379506510124,0.0012020275247354
C10,CC(C)(C1=CC=C(C=C1)OCC2CO2)C3=CC=C(C=C3)OCC4CO4,OC(=O)CCCCCCCCC(=O)O,OC(=O)CCCCCCCCC(=O)O,1.0,0.0,Iso,165.0,26.714999999999986,438.17,0.7451446817725585,0.0115034034117183
C10,CC(C)(C1=CC=C(C=C1)OCC2CO2)C3=CC=C(C=C3)OCC4CO4,OC(=O)CCCCCCCCC(=O)O,OC(=O)CCCCCCCCC(=O)O,1.0,0.0,Dyn,10.0,2.5900000000000003,464.32,0.1681845181959196,0.0999389105814186
C12,CC(C)(C1=CC=C(C=C1)OCC2CO2)C3=CC=C(C=C3)OCC4CO4,OC(=O)CCCCCCCCCCC(=O)O,OC(=O)CCCCCCCCCCC(=O)O,1.0,0.0,Dyn,10.0,11.4811458858022,551.2562258054504,0.9888425047438332,0.0060907418375522
C6,CC(C)(C1=CC=C(C=C1)OCC2CO2)C3=CC=C(C=C3)OCC4CO4,OC(=O)CCCCC(=O)O,OC(=O)CCCCC(=O)O,1.0,0.0,Iso,180.0,15.800186999999983,453.18,0.9182423109114136,0.0094576510359735
C8,CC(C)(C1=CC=C(C=C1)OCC2CO2)C3=CC=C(C=C3)OCC4CO4,OC(=O)CCCCCCC(=O)O,OC(=O)CCCCCCC(=O)O,1.0,0.0,Iso,180.0,19.49849999999997,453.19,0.8472015531518681,0.0152093185088701
C12,CC(C)(C1=CC=C(C=C1)OCC2CO2)C3=CC=C(C=C3)OCC4CO4,OC(=O)CCCCCCCCCCC(=O)O,OC(=O)CCCCCCCCCCC(=O)O,1.0,0.0,Iso,170.0,37.63689999999998,443.1692071856287,0.8809475631662236,0.0054607594894059
C6,CC(C)(C1=CC=C(C=C1)OCC2CO2)C3=CC=C(C=C3)OCC4CO4,OC(=O)CCCCC(=O)O,OC(=O)CCCCC(=O)O,1.0,0.0,Iso,165.0,13.93234499999999,438.17,0.8172278778386843,0.0156066118517997
C12,CC(C)(C1=CC=C(C=C1)OCC2CO2)C3=CC=C(C=C3)OCC4CO4,OC(=O)CCCCCCCCCCC(=O)O,OC(=O)CCCCCCCCCCC(=O)O,1.0,0.0,Iso,180.0,81.16632000000007,453.1657822155688,0.9859236183223722,0.0009211499934972
C12,CC(C)(C1=CC=C(C=C1)OCC2CO2)C3=CC=C(C=C3)OCC4CO4,OC(=O)CCCCCCCCCCC(=O)O,OC(=O)CCCCCCCCCCC(=O)O,1.0,0.0,Iso,160.0,10.013494903230004,433.15,0.3046343293856844,0.0264161307530814
C8,CC(C)(C1=CC=C(C=C1)OCC2CO2)C3=CC=C(C=C3)OCC4CO4,OC(=O)CCCCCCC(=O)O,OC(=O)CCCCCCC(=O)O,1.0,0.0,Iso,180.0,25.56469999999996,453.18,0.9160822536550576,0.0078638934152757
C6,CC(C)(C1=CC=C(C=C1)OCC2CO2)C3=CC=C(C=C3)OCC4CO4,OC(=O)CCCCC(=O)O,OC(=O)CCCCC(=O)O,1.0,0.0,Iso,165.0,13.53427799999999,438.17,0.8105678830592533,0.0167308387267244
C14,CC(C)(C1=CC=C(C=C1)OCC2CO2)C3=CC=C(C=C3)OCC4CO4,OC(=O)CCCCCCCCCCCCC(=O)O,OC(=O)CCCCCCCCCCCCC(=O)O,1.0,0.0,Iso,160.0,7.48869864509,433.15,0.2850248440221151,0.0376785799795056
C12,CC(C)(C1=CC=C(C=C1)OCC2CO2)C3=CC=C(C=C3)OCC4CO4,OC(=O)CCCCCCCCCCC(=O)O,OC(=O)CCCCCCCCCCC(=O)O,1.0,0.0,Dyn,10.0,8.583494003219128,522.2904645153803,0.9376170095789286,0.0413710804130196
C6,CC(C)(C1=CC=C(C=C1)OCC2CO2)C3=CC=C(C=C3)OCC4CO4,OC(=O)CCCCC(=O)O,OC(=O)CCCCC(=O)O,1.0,0.0,Iso,180.0,19.44638399999998,453.17,0.9458173648737942,0.0056705588388852
C6,CC(C)(C1=CC=C(C=C1)OCC2CO2)C3=CC=C(C=C3)OCC4CO4,OC(=O)CCCCC(=O)O,OC(=O)CCCCC(=O)O,1.0,0.0,Iso,165.0,15.126545999999994,438.17,0.8345421352127382,0.0128978023967224
C6,CC(C)(C1=CC=C(C=C1)OCC2CO2)C3=CC=C(C=C3)OCC4CO4,OC(=O)CCCCC(=O)O,OC(=O)CCCCC(=O)O,1.0,0.0,Iso,165.0,5.174871000000002,438.205129,0.4533290394152962,0.0749455717608384
C6,CC(C)(C1=CC=C(C=C1)OCC2CO2)C3=CC=C(C=C3)OCC4CO4,OC(=O)CCCCC(=O)O,OC(=O)CCCCC(=O)O,1.0,0.0,Iso,170.0,45.85000000000005,443.17,0.9680323768814516,0.0017356163399253
C8,CC(C)(C1=CC=C(C=C1)OCC2CO2)C3=CC=C(C=C3)OCC4CO4,OC(=O)CCCCCCC(=O)O,OC(=O)CCCCCCC(=O)O,1.0,0.0,Iso,170.0,33.6,443.17,0.8892379891823099,0.0077837371028589
C10,CC(C)(C1=CC=C(C=C1)OCC2CO2)C3=CC=C(C=C3)OCC4CO4,OC(=O)CCCCCCCCC(=O)O,OC(=O)CCCCCCCCC(=O)O,1.0,0.0,Dyn,10.0,6.789999999999999,506.32,0.6806036873235233,0.1010649828133229
C10,CC(C)(C1=CC=C(C=C1)OCC2CO2)C3=CC=C(C=C3)OCC4CO4,OC(=O)CCCCCCCCC(=O)O,OC(=O)CCCCCCCCC(=O)O,1.0,0.0,Iso,170.0,18.435550000000013,443.19,0.6632441941336267,0.0186643368042046
C14,CC(C)(C1=CC=C(C=C1)OCC2CO2)C3=CC=C(C=C3)OCC4CO4,OC(=O)CCCCCCCCCCCCC(=O)O,OC(=O)CCCCCCCCCCCCC(=O)O,1.0,0.0,Iso,160.0,32.25900954807999,433.15,0.866616045080001,0.010313699091686
C14,CC(C)(C1=CC=C(C=C1)OCC2CO2)C3=CC=C(C=C3)OCC4CO4,OC(=O)CCCCCCCCCCCCC(=O)O,OC(=O)CCCCCCCCCCCCC(=O)O,1.0,0.0,Dyn,5.0,12.104273092529407,496.0070258062988,0.9378306676367298,0.0376395170398401
C6,CC(C)(C1=CC=C(C=C1)OCC2CO2)C3=CC=C(C=C3)OCC4CO4,OC(=O)CCCCC(=O)O,OC(=O)CCCCC(=O)O,1.0,0.0,Iso,165.0,31.049226000000026,438.17,0.953484729835552,0.0044235301943943
C12,CC(C)(C1=CC=C(C=C1)OCC2CO2)C3=CC=C(C=C3)OCC4CO4,OC(=O)CCCCCCCCCCC(=O)O,OC(=O)CCCCCCCCCCC(=O)O,1.0,0.0,Iso,180.0,77.40862000000004,453.1660036526946,0.9820583823699088,0.0010746749924135
C10,CC(C)(C1=CC=C(C=C1)OCC2CO2)C3=CC=C(C=C3)OCC4CO4,OC(=O)CCCCCCCCC(=O)O,OC(=O)CCCCCCCCC(=O)O,1.0,0.0,Dyn,10.0,3.19,470.32,0.2326310396180362,0.1167596145454753
C8,CC(C)(C1=CC=C(C=C1)OCC2CO2)C3=CC=C(C=C3)OCC4CO4,OC(=O)CCCCCCC(=O)O,OC(=O)CCCCCCC(=O)O,1.0,0.0,Dyn,5.0,5.1,460.9500000000005,0.3065193616135868,0.0777043430149486
C8,CC(C)(C1=CC=C(C=C1)OCC2CO2)C3=CC=C(C=C3)OCC4CO4,OC(=O)CCCCCCC(=O)O,OC(=O)CCCCCCC(=O)O,1.0,0.0,Dyn,5.0,7.5,472.9500000000006,0.5041842893966891,0.0846858879436514
C6,CC(C)(C1=CC=C(C=C1)OCC2CO2)C3=CC=C(C=C3)OCC4CO4,OC(=O)CCCCC(=O)O,OC(=O)CCCCC(=O)O,1.0,0.0,Dyn,5.0,25.61,563.67,0.9821952423828748,0.0072613203985011
C12,CC(C)(C1=CC=C(C=C1)OCC2CO2)C3=CC=C(C=C3)OCC4CO4,OC(=O)CCCCCCCCCCC(=O)O,OC(=O)CCCCCCCCCCC(=O)O,1.0,0.0,Dyn,2.5,5.627919806440273,448.0774838708998,0.2341915075885345,0.0481084837677087
C6,CC(C)(C1=CC=C(C=C1)OCC2CO2)C3=CC=C(C=C3)OCC4CO4,OC(=O)CCCCC(=O)O,OC(=O)CCCCC(=O)O,1.0,0.0,Iso,180.0,3.6461970000000017,453.31,0.4630403418351614,0.0951318264491785
C12,CC(C)(C1=CC=C(C=C1)OCC2CO2)C3=CC=C(C=C3)OCC4CO4,OC(=O)CCCCCCCCCCC(=O)O,OC(=O)CCCCCCCCCCC(=O)O,1.0,0.0,Dyn,10.0,1.9921554020251768,456.3683870966,0.1046766090415228,0.0782212870726112
C10,CC(C)(C1=CC=C(C=C1)OCC2CO2)C3=CC=C(C=C3)OCC4CO4,OC(=O)CCCCCCCCC(=O)O,OC(=O)CCCCCCCCC(=O)O,1.0,0.0,Dyn,10.0,5.889999999999999,497.32,0.5804395622957235,0.1197155541542188
C8,CC(C)(C1=CC=C(C=C1)OCC2CO2)C3=CC=C(C=C3)OCC4CO4,OC(=O)CCCCCCC(=O)O,OC(=O)CCCCCCC(=O)O,1.0,0.0,Iso,160.0,80.0,433.17,0.9490227496351982,0.0022007163993298
C10,CC(C)(C1=CC=C(C=C1)OCC2CO2)C3=CC=C(C=C3)OCC4CO4,OC(=O)CCCCCCCCC(=O)O,OC(=O)CCCCCCCCC(=O)O,1.0,0.0,Iso,165.0,64.39000000000009,438.16,0.9601068100021988,0.0024641564257072
C10,CC(C)(C1=CC=C(C=C1)OCC2CO2)C3=CC=C(C=C3)OCC4CO4,OC(=O)CCCCCCCCC(=O)O,OC(=O)CCCCCCCCC(=O)O,1.0,0.0,Iso,165.0,9.590000000000009,438.18,0.4291856766568436,0.0303511949995703
C10,CC(C)(C1=CC=C(C=C1)OCC2CO2)C3=CC=C(C=C3)OCC4CO4,OC(=O)CCCCCCCCC(=O)O,OC(=O)CCCCCCCCC(=O)O,1.0,0.0,Iso,180.0,4.38597,453.21,0.3193961608380171,0.0570421841579962
C10,CC(C)(C1=CC=C(C=C1)OCC2CO2)C3=CC=C(C=C3)OCC4CO4,OC(=O)CCCCCCCCC(=O)O,OC(=O)CCCCCCCCC(=O)O,1.0,0.0,Iso,170.0,3.687109999999999,443.23,0.198131201010116,0.0484025826177832
C10,CC(C)(C1=CC=C(C=C1)OCC2CO2)C3=CC=C(C=C3)OCC4CO4,OC(=O)CCCCCCCCC(=O)O,OC(=O)CCCCCCCCC(=O)O,1.0,0.0,Dyn,2.5,15.59,474.13,0.6783471031016411,0.0349800941401785
C10,CC(C)(C1=CC=C(C=C1)OCC2CO2)C3=CC=C(C=C3)OCC4CO4,OC(=O)CCCCCCCCC(=O)O,OC(=O)CCCCCCCCC(=O)O,1.0,0.0,Dyn,10.0,12.49,563.3199999999999,0.9857481483149736,0.0144278004712628
C12,CC(C)(C1=CC=C(C=C1)OCC2CO2)C3=CC=C(C=C3)OCC4CO4,OC(=O)CCCCCCCCCCC(=O)O,OC(=O)CCCCCCCCCCC(=O)O,1.0,0.0,Iso,160.0,75.48634619358,433.15,0.9766531251529538,0.0013979470701738
C12,CC(C)(C1=CC=C(C=C1)OCC2CO2)C3=CC=C(C=C3)OCC4CO4,OC(=O)CCCCCCCCCCC(=O)O,OC(=O)CCCCCCCCCCC(=O)O,1.0,0.0,Dyn,2.5,28.61585116123281,505.5150967738492,0.8181489737689418,0.0106330755610273
C8,CC(C)(C1=CC=C(C=C1)OCC2CO2)C3=CC=C(C=C3)OCC4CO4,OC(=O)CCCCCCC(=O)O,OC(=O)CCCCCCC(=O)O,1.0,0.0,Dyn,10.0,1.19,451.15,0.0695150168138472,0.0668848245357564
C6,CC(C)(C1=CC=C(C=C1)OCC2CO2)C3=CC=C(C=C3)OCC4CO4,OC(=O)CCCCC(=O)O,OC(=O)CCCCC(=O)O,1.0,0.0,Iso,180.0,10.533457999999992,453.2,0.8306394343861504,0.0253903690064245
C10,CC(C)(C1=CC=C(C=C1)OCC2CO2)C3=CC=C(C=C3)OCC4CO4,OC(=O)CCCCCCCCC(=O)O,OC(=O)CCCCCCCCC(=O)O,1.0,0.0,Iso,165.0,82.20000000000014,438.16,0.9898723170903414,0.0009616220197882
C12,CC(C)(C1=CC=C(C=C1)OCC2CO2)C3=CC=C(C=C3)OCC4CO4,OC(=O)CCCCCCCCCCC(=O)O,OC(=O)CCCCCCCCCCC(=O)O,1.0,0.0,Dyn,5.0,23.17530437466559,550.9690748385595,0.9845770616917532,0.0052929657501632
C8,CC(C)(C1=CC=C(C=C1)OCC2CO2)C3=CC=C(C=C3)OCC4CO4,OC(=O)CCCCCCC(=O)O,OC(=O)CCCCCCC(=O)O,1.0,0.0,Iso,170.0,67.9,443.17,0.9883073496659244,0.0007954183900731
C12,CC(C)(C1=CC=C(C=C1)OCC2CO2)C3=CC=C(C=C3)OCC4CO4,OC(=O)CCCCCCCCCCC(=O)O,OC(=O)CCCCCCCCCCC(=O)O,1.0,0.0,Iso,170.0,57.6074999999999,443.1670425748503,0.9547521731621668,0.0023233739112585
C8,CC(C)(C1=CC=C(C=C1)OCC2CO2)C3=CC=C(C=C3)OCC4CO4,OC(=O)CCCCCCC(=O)O,OC(=O)CCCCCCC(=O)O,1.0,0.0,Iso,160.0,45.0,433.18,0.7978227098058389,0.0072515409223816
C6,CC(C)(C1=CC=C(C=C1)OCC2CO2)C3=CC=C(C=C3)OCC4CO4,OC(=O)CCCCC(=O)O,OC(=O)CCCCC(=O)O,1.0,0.0,Iso,180.0,24.30797999999997,453.17,0.967138011541342,0.0032619601118766
C8,CC(C)(C1=CC=C(C=C1)OCC2CO2)C3=CC=C(C=C3)OCC4CO4,OC(=O)CCCCCCC(=O)O,OC(=O)CCCCCCC(=O)O,1.0,0.0,Iso,170.0,29.4,443.18,0.8486318803690741,0.0111358574610246
C12,CC(C)(C1=CC=C(C=C1)OCC2CO2)C3=CC=C(C=C3)OCC4CO4,OC(=O)CCCCCCCCCCC(=O)O,OC(=O)CCCCCCCCCCC(=O)O,1.0,0.0,Iso,180.0,68.39013999999997,453.16653904191617,0.9703472943348332,0.0014584874897037
C6,CC(C)(C1=CC=C(C=C1)OCC2CO2)C3=CC=C(C=C3)OCC4CO4,OC(=O)CCCCC(=O)O,OC(=O)CCCCC(=O)O,1.0,0.0,Dyn,10.0,0.6999999999999997,445.41,0.0532817435249525,0.0883765003158569
C12,CC(C)(C1=CC=C(C=C1)OCC2CO2)C3=CC=C(C=C3)OCC4CO4,OC(=O)CCCCCCCCCCC(=O)O,OC(=O)CCCCCCCCCCC(=O)O,1.0,0.0,Iso,170.0,32.2602,443.1717506024096,0.8466409533129928,0.0071949643703491
C8,CC(C)(C1=CC=C(C=C1)OCC2CO2)C3=CC=C(C=C3)OCC4CO4,OC(=O)CCCCCCC(=O)O,OC(=O)CCCCCCC(=O)O,1.0,0.0,Iso,170.0,35.7,443.17,0.9047088768692332,0.0065906095177492
C10,CC(C)(C1=CC=C(C=C1)OCC2CO2)C3=CC=C(C=C3)OCC4CO4,OC(=O)CCCCCCCCC(=O)O,OC(=O)CCCCCCCCC(=O)O,1.0,0.0,Iso,170.0,54.77992000000005,443.17,0.9789986083680706,0.0027082257513652
C12,CC(C)(C1=CC=C(C=C1)OCC2CO2)C3=CC=C(C=C3)OCC4CO4,OC(=O)CCCCCCCCCCC(=O)O,OC(=O)CCCCCCCCCCC(=O)O,1.0,0.0,Iso,170.0,26.11540000000001,443.1747092215569,0.7918369696620805,0.0105676039189501
C6,CC(C)(C1=CC=C(C=C1)OCC2CO2)C3=CC=C(C=C3)OCC4CO4,OC(=O)CCCCC(=O)O,OC(=O)CCCCC(=O)O,1.0,0.0,Dyn,10.0,6.199999999999999,500.41,0.8559065066329754,0.0415124988719462
C12,CC(C)(C1=CC=C(C=C1)OCC2CO2)C3=CC=C(C=C3)OCC4CO4,OC(=O)CCCCCCCCCCC(=O)O,OC(=O)CCCCCCCCCCC(=O)O,1.0,0.0,Dyn,10.0,8.983607659046854,526.2857419347004,0.9523470329096207,0.0299962423629681
C10,CC(C)(C1=CC=C(C=C1)OCC2CO2)C3=CC=C(C=C3)OCC4CO4,OC(=O)CCCCCCCCC(=O)O,OC(=O)CCCCCCCCC(=O)O,1.0,0.0,Dyn,2.5,19.6,484.13,0.7987004895026923,0.0247320196850477
C6,CC(C)(C1=CC=C(C=C1)OCC2CO2)C3=CC=C(C=C3)OCC4CO4,OC(=O)CCCCC(=O)O,OC(=O)CCCCC(=O)O,1.0,0.0,Dyn,2.5,14.53,470.73000000000025,0.6798577145397968,0.0195812164530269
C6,CC(C)(C1=CC=C(C=C1)OCC2CO2)C3=CC=C(C=C3)OCC4CO4,OC(=O)CCCCC(=O)O,OC(=O)CCCCC(=O)O,1.0,0.0,Dyn,5.0,22.01,545.67,0.9501002062214992,0.010020622149932
C6,CC(C)(C1=CC=C(C=C1)OCC2CO2)C3=CC=C(C=C3)OCC4CO4,OC(=O)CCCCC(=O)O,OC(=O)CCCCC(=O)O,1.0,0.0,Dyn,10.0,9.01,528.41,0.9279532533164876,0.0183196462413138
C12,CC(C)(C1=CC=C(C=C1)OCC2CO2)C3=CC=C(C=C3)OCC4CO4,OC(=O)CCCCCCCCCCC(=O)O,OC(=O)CCCCCCCCCCC(=O)O,1.0,0.0,Dyn,10.0,9.683347310653843,533.2774774185104,0.9692985298422364,0.0178349570054451
C8,CC(C)(C1=CC=C(C=C1)OCC2CO2)C3=CC=C(C=C3)OCC4CO4,OC(=O)CCCCCCC(=O)O,OC(=O)CCCCCCC(=O)O,1.0,0.0,Iso,180.0,8.232699999999994,453.23,0.508137406394865,0.0413000709295753
C14,CC(C)(C1=CC=C(C=C1)OCC2CO2)C3=CC=C(C=C3)OCC4CO4,OC(=O)CCCCCCCCCCCCC(=O)O,OC(=O)CCCCCCCCCCCCC(=O)O,1.0,0.0,Dyn,5.0,12.749660701680114,499.2291548385488,0.9595245956413112,0.0277819141366114
C12,CC(C)(C1=CC=C(C=C1)OCC2CO2)C3=CC=C(C=C3)OCC4CO4,OC(=O)CCCCCCCCCCC(=O)O,OC(=O)CCCCCCCCCCC(=O)O,1.0,0.0,Iso,160.0,77.79715270970999,433.15,0.9797856198913416,0.0012708609728851
C10,CC(C)(C1=CC=C(C=C1)OCC2CO2)C3=CC=C(C=C3)OCC4CO4,OC(=O)CCCCCCCCC(=O)O,OC(=O)CCCCCCCCC(=O)O,1.0,0.0,Iso,170.0,32.13053000000003,443.18,0.8507287108510346,0.0094688225595398
C8,CC(C)(C1=CC=C(C=C1)OCC2CO2)C3=CC=C(C=C3)OCC4CO4,OC(=O)CCCCCCC(=O)O,OC(=O)CCCCCCC(=O)O,1.0,0.0,Iso,180.0,29.46439999999996,453.17,0.9425888505883752,0.0054352305186508
C12,CC(C)(C1=CC=C(C=C1)OCC2CO2)C3=CC=C(C=C3)OCC4CO4,OC(=O)CCCCCCCCCCC(=O)O,OC(=O)CCCCCCCCCCC(=O)O,1.0,0.0,Iso,160.0,60.85123825809009,433.15,0.9446918897753414,0.0031136093835689
C10,CC(C)(C1=CC=C(C=C1)OCC2CO2)C3=CC=C(C=C3)OCC4CO4,OC(=O)CCCCCCCCC(=O)O,OC(=O)CCCCCCCCC(=O)O,1.0,0.0,Dyn,10.0,8.09,519.3199999999999,0.7954771308805604,0.0760098756534724
C12,CC(C)(C1=CC=C(C=C1)OCC2CO2)C3=CC=C(C=C3)OCC4CO4,OC(=O)CCCCCCCCCCC(=O)O,OC(=O)CCCCCCCCCCC(=O)O,1.0,0.0,Dyn,5.0,7.170608808297596,471.0250232257597,0.4345593209071774,0.0830506985471755
C8,CC(C)(C1=CC=C(C=C1)OCC2CO2)C3=CC=C(C=C3)OCC4CO4,OC(=O)CCCCCCC(=O)O,OC(=O)CCCCCCC(=O)O,1.0,0.0,Iso,170.0,65.1,443.17,0.9858813235762012,0.0009658651879461
C8,CC(C)(C1=CC=C(C=C1)OCC2CO2)C3=CC=C(C=C3)OCC4CO4,OC(=O)CCCCCCC(=O)O,OC(=O)CCCCCCC(=O)O,1.0,0.0,Dyn,10.0,3.87,478.15,0.3540676968083417,0.1427487077078185
C8,CC(C)(C1=CC=C(C=C1)OCC2CO2)C3=CC=C(C=C3)OCC4CO4,OC(=O)CCCCCCC(=O)O,OC(=O)CCCCCCC(=O)O,1.0,0.0,Iso,160.0,19.0,433.2,0.4868723057759545,0.017389267286507
C8,CC(C)(C1=CC=C(C=C1)OCC2CO2)C3=CC=C(C=C3)OCC4CO4,OC(=O)CCCCCCC(=O)O,OC(=O)CCCCCCC(=O)O,1.0,0.0,Iso,180.0,42.896700000000045,453.17,0.9858948452791316,0.0015544905588333
C6,CC(C)(C1=CC=C(C=C1)OCC2CO2)C3=CC=C(C=C3)OCC4CO4,OC(=O)CCCCC(=O)O,OC(=O)CCCCC(=O)O,1.0,0.0,Iso,165.0,4.776804000000002,438.21,0.421909111981206,0.0789312538695501
C10,CC(C)(C1=CC=C(C=C1)OCC2CO2)C3=CC=C(C=C3)OCC4CO4,OC(=O)CCCCCCCCC(=O)O,OC(=O)CCCCCCCCC(=O)O,1.0,0.0,Dyn,2.5,20.0,485.13,0.8085932973767115,0.0237755327359027
C14,CC(C)(C1=CC=C(C=C1)OCC2CO2)C3=CC=C(C=C3)OCC4CO4,OC(=O)CCCCCCCCCCCCC(=O)O,OC(=O)CCCCCCCCCCCCC(=O)O,1.0,0.0,Dyn,5.0,7.582883414644298,473.45212258054926,0.6064178094956221,0.101538950911512
C12,CC(C)(C1=CC=C(C=C1)OCC2CO2)C3=CC=C(C=C3)OCC4CO4,OC(=O)CCCCCCCCCCC(=O)O,OC(=O)CCCCCCCCCCC(=O)O,1.0,0.0,Dyn,2.5,4.01613129031448,444.0467741934999,0.1591139572639729,0.0455407575991874
C6,CC(C)(C1=CC=C(C=C1)OCC2CO2)C3=CC=C(C=C3)OCC4CO4,OC(=O)CCCCC(=O)O,OC(=O)CCCCC(=O)O,1.0,0.0,Dyn,5.0,11.0,490.67,0.8093758168985449,0.0252693949867839
C8,CC(C)(C1=CC=C(C=C1)OCC2CO2)C3=CC=C(C=C3)OCC4CO4,OC(=O)CCCCCCC(=O)O,OC(=O)CCCCCCC(=O)O,1.0,0.0,Dyn,10.0,5.969999999999999,499.15,0.6723152614677442,0.1518906517615637
C12,CC(C)(C1=CC=C(C=C1)OCC2CO2)C3=CC=C(C=C3)OCC4CO4,OC(=O)CCCCCCCCCCC(=O)O,OC(=O)CCCCCCCCCCC(=O)O,1.0,0.0,Iso,170.0,56.07129999999991,443.1664024550898,0.9510678717402568,0.0024732690023074
C12,CC(C)(C1=CC=C(C=C1)OCC2CO2)C3=CC=C(C=C3)OCC4CO4,OC(=O)CCCCCCCCCCC(=O)O,OC(=O)CCCCCCCCCCC(=O)O,1.0,0.0,Dyn,5.0,19.377222897300488,531.9823625805192,0.9526892909573464,0.0126372160236283
C6,CC(C)(C1=CC=C(C=C1)OCC2CO2)C3=CC=C(C=C3)OCC4CO4,OC(=O)CCCCC(=O)O,OC(=O)CCCCC(=O)O,1.0,0.0,Iso,170.0,20.305000000000007,443.18,0.8653085353098995,0.0088863556604177
C10,CC(C)(C1=CC=C(C=C1)OCC2CO2)C3=CC=C(C=C3)OCC4CO4,OC(=O)CCCCCCCCC(=O)O,OC(=O)CCCCCCCCC(=O)O,1.0,0.0,Iso,165.0,28.08499999999998,438.17,0.7607067311215461,0.0107341057958877
C10,CC(C)(C1=CC=C(C=C1)OCC2CO2)C3=CC=C(C=C3)OCC4CO4,OC(=O)CCCCCCCCC(=O)O,OC(=O)CCCCCCCCC(=O)O,1.0,0.0,Iso,165.0,50.005000000000045,438.17,0.9123914258871808,0.004207096336574
C12,CC(C)(C1=CC=C(C=C1)OCC2CO2)C3=CC=C(C=C3)OCC4CO4,OC(=O)CCCCCCCCCCC(=O)O,OC(=O)CCCCCCCCCCC(=O)O,1.0,0.0,Iso,170.0,36.86879999999998,443.16994222891566,0.8765759023660123,0.0056915255828814
C10,CC(C)(C1=CC=C(C=C1)OCC2CO2)C3=CC=C(C=C3)OCC4CO4,OC(=O)CCCCCCCCC(=O)O,OC(=O)CCCCCCCCC(=O)O,1.0,0.0,Iso,170.0,29.496880000000026,443.18,0.8236113334711789,0.0108673588038271
C6,CC(C)(C1=CC=C(C=C1)OCC2CO2)C3=CC=C(C=C3)OCC4CO4,OC(=O)CCCCC(=O)O,OC(=O)CCCCC(=O)O,1.0,0.0,Iso,170.0,58.29500000000007,443.17,0.9846300759401574,0.000971945150358
C14,CC(C)(C1=CC=C(C=C1)OCC2CO2)C3=CC=C(C=C3)OCC4CO4,OC(=O)CCCCCCCCCCCCC(=O)O,OC(=O)CCCCCCCCCCCCC(=O)O,1.0,0.0,Iso,160.0,28.8026870965,433.15,0.8261903664949759,0.0129562061599053
C14,CC(C)(C1=CC=C(C=C1)OCC2CO2)C3=CC=C(C=C3)OCC4CO4,OC(=O)CCCCCCCCCCCCC(=O)O,OC(=O)CCCCCCCCCCCCC(=O)O,1.0,0.0,Dyn,10.0,7.272855867845993,509.3852322575693,0.897556617981306,0.079347394686536
C8,CC(C)(C1=CC=C(C=C1)OCC2CO2)C3=CC=C(C=C3)OCC4CO4,OC(=O)CCCCCCC(=O)O,OC(=O)CCCCCCC(=O)O,1.0,0.0,Iso,160.0,52.0,433.18,0.8436048263755017,0.0057002162474442
C6,CC(C)(C1=CC=C(C=C1)OCC2CO2)C3=CC=C(C=C3)OCC4CO4,OC(=O)CCCCC(=O)O,OC(=O)CCCCC(=O)O,1.0,0.0,Dyn,10.0,5.6,494.41,0.8218256475047377,0.0685407454200872
C8,CC(C)(C1=CC=C(C=C1)OCC2CO2)C3=CC=C(C=C3)OCC4CO4,OC(=O)CCCCCCC(=O)O,OC(=O)CCCCCCC(=O)O,1.0,0.0,Iso,160.0,55.0,433.17,0.8601643153475074,0.0051590564771173
C12,CC(C)(C1=CC=C(C=C1)OCC2CO2)C3=CC=C(C=C3)OCC4CO4,OC(=O)CCCCCCCCCCC(=O)O,OC(=O)CCCCCCCCCCC(=O)O,1.0,0.0,Dyn,2.5,7.642650451597513,453.11587096764976,0.3327881786206704,0.0496952508133403
C8,CC(C)(C1=CC=C(C=C1)OCC2CO2)C3=CC=C(C=C3)OCC4CO4,OC(=O)CCCCCCC(=O)O,OC(=O)CCCCCCC(=O)O,1.0,0.0,Iso,170.0,58.1,443.17,0.9777680559974546,0.0014203899822735
C12,CC(C)(C1=CC=C(C=C1)OCC2CO2)C3=CC=C(C=C3)OCC4CO4,OC(=O)CCCCCCCCCCC(=O)O,OC(=O)CCCCCCCCCCC(=O)O,1.0,0.0,Iso,180.0,30.06159999999997,453.1697007784431,0.8430252682589131,0.0061409999566477
C12,CC(C)(C1=CC=C(C=C1)OCC2CO2)C3=CC=C(C=C3)OCC4CO4,OC(=O)CCCCCCCCCCC(=O)O,OC(=O)CCCCCCCCCCC(=O)O,1.0,0.0,Dyn,5.0,0.5922815633655598,438.04810193548,0.0168409814720559,0.0364413595880933
C10,CC(C)(C1=CC=C(C=C1)OCC2CO2)C3=CC=C(C=C3)OCC4CO4,OC(=O)CCCCCCCCC(=O)O,OC(=O)CCCCCCCCC(=O)O,1.0,0.0,Dyn,2.5,5.590000000000001,449.13,0.2374722072220776,0.0466765631183006
C6,CC(C)(C1=CC=C(C=C1)OCC2CO2)C3=CC=C(C=C3)OCC4CO4,OC(=O)CCCCC(=O)O,OC(=O)CCCCC(=O)O,1.0,0.0,Iso,170.0,63.53500000000008,443.17,0.9892228638988676,0.0007636711895672
C14,CC(C)(C1=CC=C(C=C1)OCC2CO2)C3=CC=C(C=C3)OCC4CO4,OC(=O)CCCCCCCCCCCCC(=O)O,OC(=O)CCCCCCCCCCCCC(=O)O,1.0,0.0,Iso,160.0,54.72510548334985,433.15,0.9793714724958162,0.0017335768805506
C14,CC(C)(C1=CC=C(C=C1)OCC2CO2)C3=CC=C(C=C3)OCC4CO4,OC(=O)CCCCCCCCCCCCC(=O)O,OC(=O)CCCCCCCCCCCCC(=O)O,1.0,0.0,Dyn,2.5,10.555205592668896,460.5652709677103,0.615488256941892,0.0710725311449406
C10,CC(C)(C1=CC=C(C=C1)OCC2CO2)C3=CC=C(C=C3)OCC4CO4,OC(=O)CCCCCCCCC(=O)O,OC(=O)CCCCCCCCC(=O)O,1.0,0.0,Iso,180.0,17.54388,453.18,0.7491836345978209,0.0173480104566107
C10,CC(C)(C1=CC=C(C=C1)OCC2CO2)C3=CC=C(C=C3)OCC4CO4,OC(=O)CCCCCCCCC(=O)O,OC(=O)CCCCCCCCC(=O)O,1.0,0.0,Iso,180.0,52.14431,453.17,0.9832412725056584,0.0017954027954013
C10,CC(C)(C1=CC=C(C=C1)OCC2CO2)C3=CC=C(C=C3)OCC4CO4,OC(=O)CCCCCCCCC(=O)O,OC(=O)CCCCCCCCC(=O)O,1.0,0.0,Iso,180.0,28.26514,453.18,0.8798621342273116,0.008010258625636
C14,CC(C)(C1=CC=C(C=C1)OCC2CO2)C3=CC=C(C=C3)OCC4CO4,OC(=O)CCCCCCCCCCCCC(=O)O,OC(=O)CCCCCCCCCCCCC(=O)O,1.0,0.0,Dyn,2.5,7.666514610816304,453.3406516128802,0.4114220669772444,0.0693396477152319
C10,CC(C)(C1=CC=C(C=C1)OCC2CO2)C3=CC=C(C=C3)OCC4CO4,OC(=O)CCCCCCCCC(=O)O,OC(=O)CCCCCCCCC(=O)O,1.0,0.0,Iso,180.0,1.94932,453.23,0.1587906794553481,0.0722064323837697
C8,CC(C)(C1=CC=C(C=C1)OCC2CO2)C3=CC=C(C=C3)OCC4CO4,OC(=O)CCCCCCC(=O)O,OC(=O)CCCCCCC(=O)O,1.0,0.0,Iso,180.0,0.8666,453.27,0.0798138595031499,0.0793664357342924
C10,CC(C)(C1=CC=C(C=C1)OCC2CO2)C3=CC=C(C=C3)OCC4CO4,OC(=O)CCCCCCCCC(=O)O,OC(=O)CCCCCCCCC(=O)O,1.0,0.0,Iso,170.0,11.061330000000003,443.2,0.4854271700740152,0.0293806807660618
C6,CC(C)(C1=CC=C(C=C1)OCC2CO2)C3=CC=C(C=C3)OCC4CO4,OC(=O)CCCCC(=O)O,OC(=O)CCCCC(=O)O,1.0,0.0,Iso,170.0,25.545000000000016,443.17,0.9030512482379156,0.005623396941358
C10,CC(C)(C1=CC=C(C=C1)OCC2CO2)C3=CC=C(C=C3)OCC4CO4,OC(=O)CCCCCCCCC(=O)O,OC(=O)CCCCCCCCC(=O)O,1.0,0.0,Iso,180.0,56.042950000000005,453.17,0.9895678603950886,0.0013810790733858
C10,CC(C)(C1=CC=C(C=C1)OCC2CO2)C3=CC=C(C=C3)OCC4CO4,OC(=O)CCCCCCCCC(=O)O,OC(=O)CCCCCCCCC(=O)O,1.0,0.0,Dyn,5.0,6.190000000000001,466.5,0.365204217074773,0.0733257187803865
C6,CC(C)(C1=CC=C(C=C1)OCC2CO2)C3=CC=C(C=C3)OCC4CO4,OC(=O)CCCCC(=O)O,OC(=O)CCCCC(=O)O,1.0,0.0,Iso,170.0,27.51000000000002,443.17,0.9135100723023054,0.0047903010981941
C12,CC(C)(C1=CC=C(C=C1)OCC2CO2)C3=CC=C(C=C3)OCC4CO4,OC(=O)CCCCCCCCCCC(=O)O,OC(=O)CCCCCCCCCCC(=O)O,1.0,0.0,Iso,180.0,16.533879999999996,453.1739074698795,0.7221068420445368,0.0128386429482876
C12,CC(C)(C1=CC=C(C=C1)OCC2CO2)C3=CC=C(C=C3)OCC4CO4,OC(=O)CCCCCCCCCCC(=O)O,OC(=O)CCCCCCCCCCC(=O)O,1.0,0.0,Dyn,2.5,38.69450735476142,530.7070322575989,0.9082313681868742,0.0068150204768566
C14,CC(C)(C1=CC=C(C=C1)OCC2CO2)C3=CC=C(C=C3)OCC4CO4,OC(=O)CCCCCCCCCCCCC(=O)O,OC(=O)CCCCCCCCCCCCC(=O)O,1.0,0.0,Iso,170.0,19.16920000000001,443.1967819760479,0.8037170141183692,0.0207073991664447
C12,CC(C)(C1=CC=C(C=C1)OCC2CO2)C3=CC=C(C=C3)OCC4CO4,OC(=O)CCCCCCCCCCC(=O)O,OC(=O)CCCCCCCCCCC(=O)O,1.0,0.0,Dyn,5.0,16.97731655235636,519.9907548385993,0.9115433538265848,0.0214532597184076
C8,CC(C)(C1=CC=C(C=C1)OCC2CO2)C3=CC=C(C=C3)OCC4CO4,OC(=O)CCCCCCC(=O)O,OC(=O)CCCCCCC(=O)O,1.0,0.0,Iso,170.0,3.5,443.21,0.1700047725103404,0.0461740375437479
C8,CC(C)(C1=CC=C(C=C1)OCC2CO2)C3=CC=C(C=C3)OCC4CO4,OC(=O)CCCCCCC(=O)O,OC(=O)CCCCCCC(=O)O,1.0,0.0,Iso,160.0,34.0,433.19,0.6980689254755651,0.0107871180885178
C12,CC(C)(C1=CC=C(C=C1)OCC2CO2)C3=CC=C(C=C3)OCC4CO4,OC(=O)CCCCCCCCCCC(=O)O,OC(=O)CCCCCCCCCCC(=O)O,1.0,0.0,Dyn,10.0,8.383199524707353,520.2928258057203,0.9282677621832404,0.0485721091261064
C6,CC(C)(C1=CC=C(C=C1)OCC2CO2)C3=CC=C(C=C3)OCC4CO4,OC(=O)CCCCC(=O)O,OC(=O)CCCCC(=O)O,1.0,0.0,Iso,165.0,40.60283399999996,438.17,0.9830853563038372,0.0019672199813194
C14,CC(C)(C1=CC=C(C=C1)OCC2CO2)C3=CC=C(C=C3)OCC4CO4,OC(=O)CCCCCCCCCCCCC(=O)O,OC(=O)CCCCCCCCCCCCC(=O)O,1.0,0.0,Iso,170.0,28.19000000000002,443.18021,0.9332222684992364,0.008372216121175
C8,CC(C)(C1=CC=C(C=C1)OCC2CO2)C3=CC=C(C=C3)OCC4CO4,OC(=O)CCCCCCC(=O)O,OC(=O)CCCCCCC(=O)O,1.0,0.0,Dyn,5.0,11.99,495.3500000000009,0.8499043452732448,0.0582215479612478
C8,CC(C)(C1=CC=C(C=C1)OCC2CO2)C3=CC=C(C=C3)OCC4CO4,OC(=O)CCCCCCC(=O)O,OC(=O)CCCCCCC(=O)O,1.0,0.0,Iso,160.0,35.0,433.18,0.7088560435640829,0.0104263449082999
C8,CC(C)(C1=CC=C(C=C1)OCC2CO2)C3=CC=C(C=C3)OCC4CO4,OC(=O)CCCCCCC(=O)O,OC(=O)CCCCCCC(=O)O,1.0,0.0,Dyn,5.0,4.300000000000001,456.9500000000004,0.246001213024533,0.0738229064842002
C10,CC(C)(C1=CC=C(C=C1)OCC2CO2)C3=CC=C(C=C3)OCC4CO4,OC(=O)CCCCCCCCC(=O)O,OC(=O)CCCCCCCCC(=O)O,1.0,0.0,Dyn,2.5,13.989999999999998,470.13,0.6182250662982096,0.0390793239222301
C6,CC(C)(C1=CC=C(C=C1)OCC2CO2)C3=CC=C(C=C3)OCC4CO4,OC(=O)CCCCC(=O)O,OC(=O)CCCCC(=O)O,1.0,0.0,Iso,170.0,60.26000000000008,443.17,0.9864944750125052,0.0009025204967611
C12,CC(C)(C1=CC=C(C=C1)OCC2CO2)C3=CC=C(C=C3)OCC4CO4,OC(=O)CCCCCCCCCCC(=O)O,OC(=O)CCCCCCCCCCC(=O)O,1.0,0.0,Dyn,5.0,15.37750692358584,511.9963496773193,0.8708136324678389,0.0286150625252745
C8,CC(C)(C1=CC=C(C=C1)OCC2CO2)C3=CC=C(C=C3)OCC4CO4,OC(=O)CCCCCCC(=O)O,OC(=O)CCCCCCC(=O)O,1.0,0.0,Iso,180.0,37.69710000000001,453.17,0.97511787313285,0.0025603373910198
C6,CC(C)(C1=CC=C(C=C1)OCC2CO2)C3=CC=C(C=C3)OCC4CO4,OC(=O)CCCCC(=O)O,OC(=O)CCCCC(=O)O,1.0,0.0,Dyn,2.5,20.11000000000037,484.6800000000004,0.7558130410901587,0.0094985456212462
C10,CC(C)(C1=CC=C(C=C1)OCC2CO2)C3=CC=C(C=C3)OCC4CO4,OC(=O)CCCCCCCCC(=O)O,OC(=O)CCCCCCCCC(=O)O,1.0,0.0,Iso,180.0,7.309950000000001,453.2,0.4660356456114681,0.041875118530913
C14,CC(C)(C1=CC=C(C=C1)OCC2CO2)C3=CC=C(C=C3)OCC4CO4,OC(=O)CCCCCCCCCCCCC(=O)O,OC(=O)CCCCCCCCCCCCC(=O)O,1.0,0.0,Dyn,5.0,0.6375612809446838,438.6531290322499,0.030991253037971,0.0425943750890635
C6,CC(C)(C1=CC=C(C=C1)OCC2CO2)C3=CC=C(C=C3)OCC4CO4,OC(=O)CCCCC(=O)O,OC(=O)CCCCC(=O)O,1.0,0.0,Dyn,2.5,8.91000000000017,456.78000000000014,0.4759762508827466,0.054582222301785
C6,CC(C)(C1=CC=C(C=C1)OCC2CO2)C3=CC=C(C=C3)OCC4CO4,OC(=O)CCCCC(=O)O,OC(=O)CCCCC(=O)O,1.0,0.0,Dyn,5.0,9.0,480.67,0.7390862354410526,0.0454558656946176
C12,CC(C)(C1=CC=C(C=C1)OCC2CO2)C3=CC=C(C=C3)OCC4CO4,OC(=O)CCCCCCCCCCC(=O)O,OC(=O)CCCCCCCCCCC(=O)O,1.0,0.0,Iso,180.0,78.16016000000005,453.1666846987952,0.9828660436137072,0.0010746749924131
C12,CC(C)(C1=CC=C(C=C1)OCC2CO2)C3=CC=C(C=C3)OCC4CO4,OC(=O)CCCCCCCCCCC(=O)O,OC(=O)CCCCCCCCCCC(=O)O,1.0,0.0,Dyn,2.5,7.239700129017764,452.10819354829977,0.3127943010147368,0.0496187159695761
C14,CC(C)(C1=CC=C(C=C1)OCC2CO2)C3=CC=C(C=C3)OCC4CO4,OC(=O)CCCCCCCCCCCCC(=O)O,OC(=O)CCCCCCCCCCCCC(=O)O,1.0,0.0,Dyn,5.0,6.035578732338779,465.7190129031494,0.4445283198488704,0.1044206883829543
C6,CC(C)(C1=CC=C(C=C1)OCC2CO2)C3=CC=C(C=C3)OCC4CO4,OC(=O)CCCCC(=O)O,OC(=O)CCCCC(=O)O,1.0,0.0,Iso,165.0,25.874355000000023,438.17,0.9262560950143566,0.0061068409880091
C10,CC(C)(C1=CC=C(C=C1)OCC2CO2)C3=CC=C(C=C3)OCC4CO4,OC(=O)CCCCCCCCC(=O)O,OC(=O)CCCCCCCCC(=O)O,1.0,0.0,Dyn,10.0,7.389999999999999,512.3199999999999,0.7376251699665275,0.0879743931174457
C10,CC(C)(C1=CC=C(C=C1)OCC2CO2)C3=CC=C(C=C3)OCC4CO4,OC(=O)CCCCCCCCC(=O)O,OC(=O)CCCCCCCCC(=O)O,1.0,0.0,Dyn,10.0,4.890000000000001,487.32,0.4518139616065671,0.1353398063718789
C8,CC(C)(C1=CC=C(C=C1)OCC2CO2)C3=CC=C(C=C3)OCC4CO4,OC(=O)CCCCCCC(=O)O,OC(=O)CCCCCCC(=O)O,1.0,0.0,Iso,160.0,62.0,433.17,0.8929225201113008,0.0040767369364632
C6,CC(C)(C1=CC=C(C=C1)OCC2CO2)C3=CC=C(C=C3)OCC4CO4,OC(=O)CCCCC(=O)O,OC(=O)CCCCC(=O)O,1.0,0.0,Iso,165.0,14.330411999999992,438.17,0.8234403549986947,0.0141639838654992
C6,CC(C)(C1=CC=C(C=C1)OCC2CO2)C3=CC=C(C=C3)OCC4CO4,OC(=O)CCCCC(=O)O,OC(=O)CCCCC(=O)O,1.0,0.0,Dyn,5.0,5.989999999999999,465.67,0.5157861105463417,0.0957042028522459
C6,CC(C)(C1=CC=C(C=C1)OCC2CO2)C3=CC=C(C=C3)OCC4CO4,OC(=O)CCCCC(=O)O,OC(=O)CCCCC(=O)O,1.0,0.0,Iso,165.0,28.26275700000003,438.17,0.9399112503262854,0.0052459199501849
C12,CC(C)(C1=CC=C(C=C1)OCC2CO2)C3=CC=C(C=C3)OCC4CO4,OC(=O)CCCCCCCCCCC(=O)O,OC(=O)CCCCCCCCCCC(=O)O,1.0,0.0,Iso,160.0,57.77016290325008,433.15,0.9338749938818462,0.0037490398700112
C12,CC(C)(C1=CC=C(C=C1)OCC2CO2)C3=CC=C(C=C3)OCC4CO4,OC(=O)CCCCCCCCCCC(=O)O,OC(=O)CCCCCCCCCCC(=O)O,1.0,0.0,Dyn,2.5,10.464935741914548,460.1696129030997,0.4705896336422391,0.0451492961403114
C6,CC(C)(C1=CC=C(C=C1)OCC2CO2)C3=CC=C(C=C3)OCC4CO4,OC(=O)CCCCC(=O)O,OC(=O)CCCCC(=O)O,1.0,0.0,Dyn,5.0,5.39,462.67,0.4574631851055796,0.0983182781957065
C6,CC(C)(C1=CC=C(C=C1)OCC2CO2)C3=CC=C(C=C3)OCC4CO4,OC(=O)CCCCC(=O)O,OC(=O)CCCCC(=O)O,1.0,0.0,Dyn,2.5,6.300000000000114,450.2700000000001,0.3192791567494059,0.0587120247457947
C14,CC(C)(C1=CC=C(C=C1)OCC2CO2)C3=CC=C(C=C3)OCC4CO4,OC(=O)CCCCCCCCCCCCC(=O)O,OC(=O)CCCCCCCCCCCCC(=O)O,1.0,0.0,Iso,170.0,15.222600000000009,443.2087443113773,0.7046861434703827,0.0288332966550223
C14,CC(C)(C1=CC=C(C=C1)OCC2CO2)C3=CC=C(C=C3)OCC4CO4,OC(=O)CCCCCCCCCCCCC(=O)O,OC(=O)CCCCCCCCCCCCC(=O)O,1.0,0.0,Iso,170.0,42.84880000000003,443.1691073652695,0.9896339488176222,0.001231208253114
C6,CC(C)(C1=CC=C(C=C1)OCC2CO2)C3=CC=C(C=C3)OCC4CO4,OC(=O)CCCCC(=O)O,OC(=O)CCCCC(=O)O,1.0,0.0,Dyn,10.0,11.21,550.41,0.96452937460518,0.0154769425142143
C14,CC(C)(C1=CC=C(C=C1)OCC2CO2)C3=CC=C(C=C3)OCC4CO4,OC(=O)CCCCCCCCCCCCC(=O)O,OC(=O)CCCCCCCCCCCCC(=O)O,1.0,0.0,Iso,180.0,21.17735999999997,453.1673161077844,0.9873339828726732,0.0035740255742242
C6,CC(C)(C1=CC=C(C=C1)OCC2CO2)C3=CC=C(C=C3)OCC4CO4,OC(=O)CCCCC(=O)O,OC(=O)CCCCC(=O)O,1.0,0.0,Dyn,5.0,10.4,487.67,0.7923843271660518,0.0300618664497952
C12,CC(C)(C1=CC=C(C=C1)OCC2CO2)C3=CC=C(C=C3)OCC4CO4,OC(=O)CCCCCCCCCCC(=O)O,OC(=O)CCCCCCCCCCC(=O)O,1.0,0.0,Dyn,10.0,8.082471330594215,517.2963677412304,0.9109098735163266,0.0630152508495105
C14,CC(C)(C1=CC=C(C=C1)OCC2CO2)C3=CC=C(C=C3)OCC4CO4,OC(=O)CCCCCCCCCCCCC(=O)O,OC(=O)CCCCCCCCCCCCC(=O)O,1.0,0.0,Iso,180.0,8.8239,453.2000016766467,0.6935716792659489,0.0527611153777467
C12,CC(C)(C1=CC=C(C=C1)OCC2CO2)C3=CC=C(C=C3)OCC4CO4,OC(=O)CCCCCCCCCCC(=O)O,OC(=O)CCCCCCCCCCC(=O)O,1.0,0.0,Iso,160.0,69.32419548390004,433.15,0.9662277911017572,0.0019062914593278
C12,CC(C)(C1=CC=C(C=C1)OCC2CO2)C3=CC=C(C=C3)OCC4CO4,OC(=O)CCCCCCCCCCC(=O)O,OC(=O)CCCCCCCCCCC(=O)O,1.0,0.0,Iso,180.0,18.788499999999992,453.1724124096385,0.7495673243336795,0.0109770374225077
C14,CC(C)(C1=CC=C(C=C1)OCC2CO2)C3=CC=C(C=C3)OCC4CO4,OC(=O)CCCCCCCCCCCCC(=O)O,OC(=O)CCCCCCCCCCCCC(=O)O,1.0,0.0,Dyn,10.0,10.67158536005373,543.315477418629,0.9752673359083666,0.0062653738087037
C8,CC(C)(C1=CC=C(C=C1)OCC2CO2)C3=CC=C(C=C3)OCC4CO4,OC(=O)CCCCCCC(=O)O,OC(=O)CCCCCCC(=O)O,1.0,0.0,Iso,160.0,4.0,433.22,0.1376835523747653,0.0289484399806914
C8,CC(C)(C1=CC=C(C=C1)OCC2CO2)C3=CC=C(C=C3)OCC4CO4,OC(=O)CCCCCCC(=O)O,OC(=O)CCCCCCC(=O)O,1.0,0.0,Dyn,5.0,10.22,486.5500000000008,0.7282792795408672,0.076620565282337
C6,CC(C)(C1=CC=C(C=C1)OCC2CO2)C3=CC=C(C=C3)OCC4CO4,OC(=O)CCCCC(=O)O,OC(=O)CCCCC(=O)O,1.0,0.0,Iso,165.0,8.359406999999997,438.19,0.6483393735317149,0.0472859486577737
C6,CC(C)(C1=CC=C(C=C1)OCC2CO2)C3=CC=C(C=C3)OCC4CO4,OC(=O)CCCCC(=O)O,OC(=O)CCCCC(=O)O,1.0,0.0,Iso,170.0,35.37000000000003,443.17,0.9438406620890364,0.0029158354510743
C10,CC(C)(C1=CC=C(C=C1)OCC2CO2)C3=CC=C(C=C3)OCC4CO4,OC(=O)CCCCCCCCC(=O)O,OC(=O)CCCCCCCCC(=O)O,1.0,0.0,Iso,180.0,0.48733,453.19,0.0474788453034844,0.0778345837263654
C6,CC(C)(C1=CC=C(C=C1)OCC2CO2)C3=CC=C(C=C3)OCC4CO4,OC(=O)CCCCC(=O)O,OC(=O)CCCCC(=O)O,1.0,0.0,Dyn,5.0,14.009999999999998,505.67,0.8646780330535304,0.013215603125272
C12,CC(C)(C1=CC=C(C=C1)OCC2CO2)C3=CC=C(C=C3)OCC4CO4,OC(=O)CCCCCCCCCCC(=O)O,OC(=O)CCCCCCCCCCC(=O)O,1.0,0.0,Dyn,5.0,20.17697184461126,535.9795651611593,0.9619562863489284,0.0102978753670375
C14,CC(C)(C1=CC=C(C=C1)OCC2CO2)C3=CC=C(C=C3)OCC4CO4,OC(=O)CCCCCCCCCCCCC(=O)O,OC(=O)CCCCCCCCCCCCC(=O)O,1.0,0.0,Dyn,5.0,7.195909962525425,471.5188451611993,0.5664354841379762,0.1038539790477564
C6,CC(C)(C1=CC=C(C=C1)OCC2CO2)C3=CC=C(C=C3)OCC4CO4,OC(=O)CCCCC(=O)O,OC(=O)CCCCC(=O)O,1.0,0.0,Dyn,2.5,18.25,480.0300000000003,0.736013391572726,0.0111504665988458
C6,CC(C)(C1=CC=C(C=C1)OCC2CO2)C3=CC=C(C=C3)OCC4CO4,OC(=O)CCCCC(=O)O,OC(=O)CCCCC(=O)O,1.0,0.0,Iso,180.0,12.559122999999987,453.19,0.874983480903925,0.0173971205966766
C14,CC(C)(C1=CC=C(C=C1)OCC2CO2)C3=CC=C(C=C3)OCC4CO4,OC(=O)CCCCCCCCCCCCC(=O)O,OC(=O)CCCCCCCCCCCCC(=O)O,1.0,0.0,Dyn,2.5,17.324915055142938,477.4227161289805,0.9349735409430894,0.0199790717513057
C8,CC(C)(C1=CC=C(C=C1)OCC2CO2)C3=CC=C(C=C3)OCC4CO4,OC(=O)CCCCCCC(=O)O,OC(=O)CCCCCCC(=O)O,1.0,0.0,Dyn,5.0,7.82,474.55000000000064,0.5313241001519586,0.0846858879436348
C8,CC(C)(C1=CC=C(C=C1)OCC2CO2)C3=CC=C(C=C3)OCC4CO4,OC(=O)CCCCCCC(=O)O,OC(=O)CCCCCCC(=O)O,1.0,0.0,Dyn,10.0,8.09,520.15,0.9255613642305254,0.0653577737472668
C12,CC(C)(C1=CC=C(C=C1)OCC2CO2)C3=CC=C(C=C3)OCC4CO4,OC(=O)CCCCCCCCCCC(=O)O,OC(=O)CCCCCCCCCCC(=O)O,1.0,0.0,Dyn,5.0,3.778236815545296,454.0369122580398,0.1758955563341904,0.0655176220604772
C14,CC(C)(C1=CC=C(C=C1)OCC2CO2)C3=CC=C(C=C3)OCC4CO4,OC(=O)CCCCCCCCCCCCC(=O)O,OC(=O)CCCCCCCCCCCCC(=O)O,1.0,0.0,Iso,170.0,26.498600000000017,443.1825220958084,0.9170790724534552,0.0101647177176237
C6,CC(C)(C1=CC=C(C=C1)OCC2CO2)C3=CC=C(C=C3)OCC4CO4,OC(=O)CCCCC(=O)O,OC(=O)CCCCC(=O)O,1.0,0.0,Iso,170.0,1.31,443.27,0.1367241144104406,0.1003463943091222
C8,CC(C)(C1=CC=C(C=C1)OCC2CO2)C3=CC=C(C=C3)OCC4CO4,OC(=O)CCCCCCC(=O)O,OC(=O)CCCCCCC(=O)O,1.0,0.0,Dyn,10.0,1.89,458.15,0.1224873906326225,0.0918373702269381
C10,CC(C)(C1=CC=C(C=C1)OCC2CO2)C3=CC=C(C=C3)OCC4CO4,OC(=O)CCCCCCCCC(=O)O,OC(=O)CCCCCCCCC(=O)O,1.0,0.0,Dyn,10.0,10.89,547.3199999999999,0.9481302978179535,0.0323745766672196
C12,CC(C)(C1=CC=C(C=C1)OCC2CO2)C3=CC=C(C=C3)OCC4CO4,OC(=O)CCCCCCCCCCC(=O)O,OC(=O)CCCCCCCCCCC(=O)O,1.0,0.0,Dyn,5.0,15.977312568911058,514.9942516127993,0.8874493977824044,0.0258506935828019
C8,CC(C)(C1=CC=C(C=C1)OCC2CO2)C3=CC=C(C=C3)OCC4CO4,OC(=O)CCCCCCC(=O)O,OC(=O)CCCCCCC(=O)O,1.0,0.0,Iso,180.0,26.86459999999996,453.17,0.9259927096953128,0.0070290405445612
C10,CC(C)(C1=CC=C(C=C1)OCC2CO2)C3=CC=C(C=C3)OCC4CO4,OC(=O)CCCCCCCCC(=O)O,OC(=O)CCCCCCCCC(=O)O,1.0,0.0,Dyn,5.0,20.39,537.5,0.9687799072846244,0.0130881779277137
C8,CC(C)(C1=CC=C(C=C1)OCC2CO2)C3=CC=C(C=C3)OCC4CO4,OC(=O)CCCCCCC(=O)O,OC(=O)CCCCCCC(=O)O,1.0,0.0,Iso,170.0,61.6,443.17,0.9822223989818644,0.0011363119858187
C10,CC(C)(C1=CC=C(C=C1)OCC2CO2)C3=CC=C(C=C3)OCC4CO4,OC(=O)CCCCCCCCC(=O)O,OC(=O)CCCCCCCCC(=O)O,1.0,0.0,Iso,180.0,15.10723,453.19,0.7020932929418836,0.0208925498984549
C12,CC(C)(C1=CC=C(C=C1)OCC2CO2)C3=CC=C(C=C3)OCC4CO4,OC(=O)CCCCCCCCCCC(=O)O,OC(=O)CCCCCCCCCCC(=O)O,1.0,0.0,Iso,170.0,8.449100000000003,443.2003271686747,0.4298074342155914,0.0348981869236906
C8,CC(C)(C1=CC=C(C=C1)OCC2CO2)C3=CC=C(C=C3)OCC4CO4,OC(=O)CCCCCCC(=O)O,OC(=O)CCCCCCC(=O)O,1.0,0.0,Iso,180.0,9.96589999999999,453.22,0.5768952811125639,0.0381609144069426
C6,CC(C)(C1=CC=C(C=C1)OCC2CO2)C3=CC=C(C=C3)OCC4CO4,OC(=O)CCCCC(=O)O,OC(=O)CCCCC(=O)O,1.0,0.0,Dyn,10.0,7.809999999999999,516.41,0.9040429564118762,0.0221099178774472
C8,CC(C)(C1=CC=C(C=C1)OCC2CO2)C3=CC=C(C=C3)OCC4CO4,OC(=O)CCCCCCC(=O)O,OC(=O)CCCCCCC(=O)O,1.0,0.0,Dyn,2.5,0.3999999999999999,435.15,0.0205393631691111,0.0344137833772094
C14,CC(C)(C1=CC=C(C=C1)OCC2CO2)C3=CC=C(C=C3)OCC4CO4,OC(=O)CCCCCCCCCCCCC(=O)O,OC(=O)CCCCCCCCCCCCC(=O)O,1.0,0.0,Dyn,2.5,7.987143263815408,454.1433870967502,0.4336543448236117,0.0698056402332373
C6,CC(C)(C1=CC=C(C=C1)OCC2CO2)C3=CC=C(C=C3)OCC4CO4,OC(=O)CCCCC(=O)O,OC(=O)CCCCC(=O)O,1.0,0.0,Iso,165.0,3.582603000000001,438.21,0.3217190728269382,0.0863153255452313
C8,CC(C)(C1=CC=C(C=C1)OCC2CO2)C3=CC=C(C=C3)OCC4CO4,OC(=O)CCCCCCC(=O)O,OC(=O)CCCCCCC(=O)O,1.0,0.0,Dyn,10.0,2.3799999999999994,463.15,0.1692599382501382,0.1025974523091852
C12,CC(C)(C1=CC=C(C=C1)OCC2CO2)C3=CC=C(C=C3)OCC4CO4,OC(=O)CCCCCCCCCCC(=O)O,OC(=O)CCCCCCCCCCC(=O)O,1.0,0.0,Dyn,2.5,29.42507541929571,507.53045161254914,0.8267171857619577,0.0103513405453062
C12,CC(C)(C1=CC=C(C=C1)OCC2CO2)C3=CC=C(C=C3)OCC4CO4,OC(=O)CCCCCCCCCCC(=O)O,OC(=O)CCCCCCCCCCC(=O)O,1.0,0.0,Dyn,2.5,36.276831612830335,524.660967741499,0.890051446051168,0.0079577135607518
C6,CC(C)(C1=CC=C(C=C1)OCC2CO2)C3=CC=C(C=C3)OCC4CO4,OC(=O)CCCCC(=O)O,OC(=O)CCCCC(=O)O,1.0,0.0,Iso,180.0,27.549043999999967,453.17,0.9762565525747764,0.0023921040820431
C10,CC(C)(C1=CC=C(C=C1)OCC2CO2)C3=CC=C(C=C3)OCC4CO4,OC(=O)CCCCCCCCC(=O)O,OC(=O)CCCCCCCCC(=O)O,1.0,0.0,Iso,180.0,9.25927,453.2,0.5419174541810333,0.0344560446134301
C6,CC(C)(C1=CC=C(C=C1)OCC2CO2)C3=CC=C(C=C3)OCC4CO4,OC(=O)CCCCC(=O)O,OC(=O)CCCCC(=O)O,1.0,0.0,Iso,180.0,9.318058999999996,453.21,0.7943617417734902,0.0321317532376369
C14,CC(C)(C1=CC=C(C=C1)OCC2CO2)C3=CC=C(C=C3)OCC4CO4,OC(=O)CCCCCCCCCCCCC(=O)O,OC(=O)CCCCCCCCCCCCC(=O)O,1.0,0.0,Iso,160.0,43.78008438667992,433.15,0.9478830904617224,0.0043508783026573
C10,CC(C)(C1=CC=C(C=C1)OCC2CO2)C3=CC=C(C=C3)OCC4CO4,OC(=O)CCCCCCCCC(=O)O,OC(=O)CCCCCCCCC(=O)O,1.0,0.0,Iso,180.0,19.00587,453.18,0.7734543102572163,0.0155122801522664
C10,CC(C)(C1=CC=C(C=C1)OCC2CO2)C3=CC=C(C=C3)OCC4CO4,OC(=O)CCCCCCCCC(=O)O,OC(=O)CCCCCCCCC(=O)O,1.0,0.0,Dyn,10.0,5.69,495.32,0.5558982255916806,0.1235864274513891
C8,CC(C)(C1=CC=C(C=C1)OCC2CO2)C3=CC=C(C=C3)OCC4CO4,OC(=O)CCCCCCC(=O)O,OC(=O)CCCCCCC(=O)O,1.0,0.0,Iso,180.0,36.397200000000005,453.17,0.9714881730654938,0.0028904380332194
C8,CC(C)(C1=CC=C(C=C1)OCC2CO2)C3=CC=C(C=C3)OCC4CO4,OC(=O)CCCCCCC(=O)O,OC(=O)CCCCCCC(=O)O,1.0,0.0,Iso,170.0,25.2,443.18,0.7903674832962138,0.0160219990000455
C8,CC(C)(C1=CC=C(C=C1)OCC2CO2)C3=CC=C(C=C3)OCC4CO4,OC(=O)CCCCCCC(=O)O,OC(=O)CCCCCCC(=O)O,1.0,0.0,Dyn,5.0,4.460000000000001,457.7500000000004,0.2578128780620051,0.0740497436840462
C10,CC(C)(C1=CC=C(C=C1)OCC2CO2)C3=CC=C(C=C3)OCC4CO4,OC(=O)CCCCCCCCC(=O)O,OC(=O)CCCCCCCCC(=O)O,1.0,0.0,Iso,180.0,44.34703,453.17,0.9639922923314352,0.0030383739614482
C10,CC(C)(C1=CC=C(C=C1)OCC2CO2)C3=CC=C(C=C3)OCC4CO4,OC(=O)CCCCCCCCC(=O)O,OC(=O)CCCCCCCCC(=O)O,1.0,0.0,Iso,170.0,9.481140000000003,443.21,0.4349016750788993,0.0327214042246001
C8,CC(C)(C1=CC=C(C=C1)OCC2CO2)C3=CC=C(C=C3)OCC4CO4,OC(=O)CCCCCCC(=O)O,OC(=O)CCCCCCC(=O)O,1.0,0.0,Iso,160.0,63.0,433.17,0.8969992570477641,0.0039685049823978
C14,CC(C)(C1=CC=C(C=C1)OCC2CO2)C3=CC=C(C=C3)OCC4CO4,OC(=O)CCCCCCCCCCCCC(=O)O,OC(=O)CCCCCCCCCCCCC(=O)O,1.0,0.0,Iso,160.0,48.38851432211989,433.15,0.9647184630344062,0.002919708430401
C10,CC(C)(C1=CC=C(C=C1)OCC2CO2)C3=CC=C(C=C3)OCC4CO4,OC(=O)CCCCCCCCC(=O)O,OC(=O)CCCCCCCCC(=O)O,1.0,0.0,Iso,170.0,44.77205000000004,443.17,0.941029353905547,0.0048970303424025
C10,CC(C)(C1=CC=C(C=C1)OCC2CO2)C3=CC=C(C=C3)OCC4CO4,OC(=O)CCCCCCCCC(=O)O,OC(=O)CCCCCCCCC(=O)O,1.0,0.0,Iso,180.0,22.90451,453.18,0.8268264825584722,0.0117391721237773
C10,CC(C)(C1=CC=C(C=C1)OCC2CO2)C3=CC=C(C=C3)OCC4CO4,OC(=O)CCCCCCCCC(=O)O,OC(=O)CCCCCCCCC(=O)O,1.0,0.0,Iso,180.0,20.46786,453.18,0.7951935431113217,0.014020576645103
C6,CC(C)(C1=CC=C(C=C1)OCC2CO2)C3=CC=C(C=C3)OCC4CO4,OC(=O)CCCCC(=O)O,OC(=O)CCCCC(=O)O,1.0,0.0,Iso,180.0,33.22090599999996,453.17,0.9868287740628168,0.0014135160484801
C6,CC(C)(C1=CC=C(C=C1)OCC2CO2)C3=CC=C(C=C3)OCC4CO4,OC(=O)CCCCC(=O)O,OC(=O)CCCCC(=O)O,1.0,0.0,Dyn,5.0,10.2,486.67,0.7860815010601527,0.0315141305294953
C14,CC(C)(C1=CC=C(C=C1)OCC2CO2)C3=CC=C(C=C3)OCC4CO4,OC(=O)CCCCCCCCCCCCC(=O)O,OC(=O)CCCCCCCCCCCCC(=O)O,1.0,0.0,Dyn,2.5,14.746654272653885,471.0008322580204,0.8550777127151913,0.0392525361597756
C12,CC(C)(C1=CC=C(C=C1)OCC2CO2)C3=CC=C(C=C3)OCC4CO4,OC(=O)CCCCCCCCCCC(=O)O,OC(=O)CCCCCCCCCCC(=O)O,1.0,0.0,Dyn,10.0,7.982195692998141,516.2975483864003,0.9040599624211382,0.0683108206479917
C10,CC(C)(C1=CC=C(C=C1)OCC2CO2)C3=CC=C(C=C3)OCC4CO4,OC(=O)CCCCCCCCC(=O)O,OC(=O)CCCCCCCCC(=O)O,1.0,0.0,Dyn,10.0,6.99,508.32,0.7005140519738638,0.0957865192262755
C8,CC(C)(C1=CC=C(C=C1)OCC2CO2)C3=CC=C(C=C3)OCC4CO4,OC(=O)CCCCCCC(=O)O,OC(=O)CCCCCCC(=O)O,1.0,0.0,Iso,160.0,21.0,433.2,0.5211096805786416,0.0163430250638748
C8,CC(C)(C1=CC=C(C=C1)OCC2CO2)C3=CC=C(C=C3)OCC4CO4,OC(=O)CCCCCCC(=O)O,OC(=O)CCCCCCC(=O)O,1.0,0.0,Dyn,5.0,3.660000000000369,453.75000000000034,0.200645871038721,0.0693113666206929
C6,CC(C)(C1=CC=C(C=C1)OCC2CO2)C3=CC=C(C=C3)OCC4CO4,OC(=O)CCCCC(=O)O,OC(=O)CCCCC(=O)O,1.0,0.0,Dyn,5.0,0.2000000000000001,436.67,0.0127183479043829,0.0644413140085392
C10,CC(C)(C1=CC=C(C=C1)OCC2CO2)C3=CC=C(C=C3)OCC4CO4,OC(=O)CCCCCCCCC(=O)O,OC(=O)CCCCCCCCC(=O)O,1.0,0.0,Iso,165.0,73.29500000000012,438.16,0.9784272120135727,0.0015626357821559
C6,CC(C)(C1=CC=C(C=C1)OCC2CO2)C3=CC=C(C=C3)OCC4CO4,OC(=O)CCCCC(=O)O,OC(=O)CCCCC(=O)O,1.0,0.0,Dyn,2.5,34.62000000000063,520.9500000000006,0.8790835142416238,0.0088790752546554
C14,CC(C)(C1=CC=C(C=C1)OCC2CO2)C3=CC=C(C=C3)OCC4CO4,OC(=O)CCCCCCCCCCCCC(=O)O,OC(=O)CCCCCCCCCCCCC(=O)O,1.0,0.0,Dyn,5.0,1.0216475816399604,440.5864064515999,0.0478187643499702,0.0465763616915636
C10,CC(C)(C1=CC=C(C=C1)OCC2CO2)C3=CC=C(C=C3)OCC4CO4,OC(=O)CCCCCCCCC(=O)O,OC(=O)CCCCCCCCC(=O)O,1.0,0.0,Dyn,2.5,32.410000000000004,516.13,0.9747487445425588,0.0058755626876081
C12,CC(C)(C1=CC=C(C=C1)OCC2CO2)C3=CC=C(C=C3)OCC4CO4,OC(=O)CCCCCCCCCCC(=O)O,OC(=O)CCCCCCCCCCC(=O)O,1.0,0.0,Dyn,5.0,2.1835528404254263,446.0425070967599,0.0844244574867008,0.0507652878023603
C10,CC(C)(C1=CC=C(C=C1)OCC2CO2)C3=CC=C(C=C3)OCC4CO4,OC(=O)CCCCCCCCC(=O)O,OC(=O)CCCCCCCCC(=O)O,1.0,0.0,Iso,180.0,0.97466,453.22,0.085409972990854,0.0772013120145295
C10,CC(C)(C1=CC=C(C=C1)OCC2CO2)C3=CC=C(C=C3)OCC4CO4,OC(=O)CCCCCCCCC(=O)O,OC(=O)CCCCCCCCC(=O)O,1.0,0.0,Dyn,5.0,19.39,532.5,0.9533933176232634,0.0169188641504592
C10,CC(C)(C1=CC=C(C=C1)OCC2CO2)C3=CC=C(C=C3)OCC4CO4,OC(=O)CCCCCCCCC(=O)O,OC(=O)CCCCCCCCC(=O)O,1.0,0.0,Iso,180.0,18.51854,453.18,0.7655797274586703,0.0161586251586112
C10,CC(C)(C1=CC=C(C=C1)OCC2CO2)C3=CC=C(C=C3)OCC4CO4,OC(=O)CCCCCCCCC(=O)O,OC(=O)CCCCCCCCC(=O)O,1.0,0.0,Dyn,5.0,3.39,452.5,0.1713140339105113,0.0628870988234046
C10,CC(C)(C1=CC=C(C=C1)OCC2CO2)C3=CC=C(C=C3)OCC4CO4,OC(=O)CCCCCCCCC(=O)O,OC(=O)CCCCCCCCC(=O)O,1.0,0.0,Iso,180.0,55.068290000000005,453.17,0.988087169612456,0.0015191869807243
C6,CC(C)(C1=CC=C(C=C1)OCC2CO2)C3=CC=C(C=C3)OCC4CO4,OC(=O)CCCCC(=O)O,OC(=O)CCCCC(=O)O,1.0,0.0,Iso,180.0,26.33364499999997,453.17,0.973172987974098,0.0026095680895017
C8,CC(C)(C1=CC=C(C=C1)OCC2CO2)C3=CC=C(C=C3)OCC4CO4,OC(=O)CCCCCCC(=O)O,OC(=O)CCCCCCC(=O)O,1.0,0.0,Dyn,2.5,20.0,484.15,0.9432117337344866,0.0184906606493669
C12,CC(C)(C1=CC=C(C=C1)OCC2CO2)C3=CC=C(C=C3)OCC4CO4,OC(=O)CCCCCCCCCCC(=O)O,OC(=O)CCCCCCCCCCC(=O)O,1.0,0.0,Dyn,2.5,21.3594859354412,487.37690322554937,0.7320526391321934,0.0132881474445727
C10,CC(C)(C1=CC=C(C=C1)OCC2CO2)C3=CC=C(C=C3)OCC4CO4,OC(=O)CCCCCCCCC(=O)O,OC(=O)CCCCCCCCC(=O)O,1.0,0.0,Dyn,10.0,11.19,550.3199999999999,0.9574907732456496,0.0288556009425245
C12,CC(C)(C1=CC=C(C=C1)OCC2CO2)C3=CC=C(C=C3)OCC4CO4,OC(=O)CCCCCCCCCCC(=O)O,OC(=O)CCCCCCCCCCC(=O)O,1.0,0.0,Iso,180.0,51.10471999999993,453.1676534939759,0.9333679473866388,0.0029169749794075
C6,CC(C)(C1=CC=C(C=C1)OCC2CO2)C3=CC=C(C=C3)OCC4CO4,OC(=O)CCCCC(=O)O,OC(=O)CCCCC(=O)O,1.0,0.0,Iso,165.0,2.388402000000001,438.21,0.2163266290785695,0.0898153207127555
C8,CC(C)(C1=CC=C(C=C1)OCC2CO2)C3=CC=C(C=C3)OCC4CO4,OC(=O)CCCCCCC(=O)O,OC(=O)CCCCCCC(=O)O,1.0,0.0,Iso,170.0,0.0,443.19,0.0105947370754412,0.0244878602663006
C8,CC(C)(C1=CC=C(C=C1)OCC2CO2)C3=CC=C(C=C3)OCC4CO4,OC(=O)CCCCCCC(=O)O,OC(=O)CCCCCCC(=O)O,1.0,0.0,Iso,180.0,27.731199999999955,453.17,0.9319620428701612,0.0065224595036234
C12,CC(C)(C1=CC=C(C=C1)OCC2CO2)C3=CC=C(C=C3)OCC4CO4,OC(=O)CCCCCCCCCCC(=O)O,OC(=O)CCCCCCCCCCC(=O)O,1.0,0.0,Dyn,2.5,1.2021763870943434,436.99303225804994,0.0412140505578765,0.0386769371001863
C10,CC(C)(C1=CC=C(C=C1)OCC2CO2)C3=CC=C(C=C3)OCC4CO4,OC(=O)CCCCCCCCC(=O)O,OC(=O)CCCCCCCCC(=O)O,1.0,0.0,Iso,170.0,11.588060000000006,443.2,0.500902856053923,0.0290436538354986
C12,CC(C)(C1=CC=C(C=C1)OCC2CO2)C3=CC=C(C=C3)OCC4CO4,OC(=O)CCCCCCCCCCC(=O)O,OC(=O)CCCCCCCCCCC(=O)O,1.0,0.0,Iso,160.0,85.49984109680994,433.15,0.987959473349322,0.0008260596323753
C8,CC(C)(C1=CC=C(C=C1)OCC2CO2)C3=CC=C(C=C3)OCC4CO4,OC(=O)CCCCCCC(=O)O,OC(=O)CCCCCCC(=O)O,1.0,0.0,Dyn,5.0,5.42,462.55000000000047,0.3316468743648623,0.080098735680023
C6,CC(C)(C1=CC=C(C=C1)OCC2CO2)C3=CC=C(C=C3)OCC4CO4,OC(=O)CCCCC(=O)O,OC(=O)CCCCC(=O)O,1.0,0.0,Iso,180.0,17.015585999999985,453.18,0.929122065107264,0.0079374362722339
C8,CC(C)(C1=CC=C(C=C1)OCC2CO2)C3=CC=C(C=C3)OCC4CO4,OC(=O)CCCCCCC(=O)O,OC(=O)CCCCCCC(=O)O,1.0,0.0,Iso,160.0,17.0,433.2,0.4502177506658069,0.0186158960992482
C8,CC(C)(C1=CC=C(C=C1)OCC2CO2)C3=CC=C(C=C3)OCC4CO4,OC(=O)CCCCCCC(=O)O,OC(=O)CCCCCCC(=O)O,1.0,0.0,Iso,170.0,54.6,443.17,0.9723194400254532,0.0017044679787282
C10,CC(C)(C1=CC=C(C=C1)OCC2CO2)C3=CC=C(C=C3)OCC4CO4,OC(=O)CCCCCCCCC(=O)O,OC(=O)CCCCCCCCC(=O)O,1.0,0.0,Iso,180.0,44.83436,453.17,0.9654729831140676,0.0029002660541097
C12,CC(C)(C1=CC=C(C=C1)OCC2CO2)C3=CC=C(C=C3)OCC4CO4,OC(=O)CCCCCCCCCCC(=O)O,OC(=O)CCCCCCCCCCC(=O)O,1.0,0.0,Dyn,5.0,19.776944030460843,533.9809638708392,0.9575564212238546,0.0113623959941474
C12,CC(C)(C1=CC=C(C=C1)OCC2CO2)C3=CC=C(C=C3)OCC4CO4,OC(=O)CCCCCCCCCCC(=O)O,OC(=O)CCCCCCCCCCC(=O)O,1.0,0.0,Iso,170.0,62.98419999999989,443.1662839156626,0.9658626446376144,0.0018736886381117
C12,CC(C)(C1=CC=C(C=C1)OCC2CO2)C3=CC=C(C=C3)OCC4CO4,OC(=O)CCCCCCCCCCC(=O)O,OC(=O)CCCCCCCCCCC(=O)O,1.0,0.0,Iso,160.0,61.62150709680009,433.15,0.9470902060594196,0.0030500663349244
C6,CC(C)(C1=CC=C(C=C1)OCC2CO2)C3=CC=C(C=C3)OCC4CO4,OC(=O)CCCCC(=O)O,OC(=O)CCCCC(=O)O,1.0,0.0,Dyn,10.0,4.48,483.41,0.6899557801642451,0.17150979153506
C10,CC(C)(C1=CC=C(C=C1)OCC2CO2)C3=CC=C(C=C3)OCC4CO4,OC(=O)CCCCCCCCC(=O)O,OC(=O)CCCCCCCCC(=O)O,1.0,0.0,Iso,165.0,21.91999999999999,438.17,0.6825835966119195,0.0142259957552442
C10,CC(C)(C1=CC=C(C=C1)OCC2CO2)C3=CC=C(C=C3)OCC4CO4,OC(=O)CCCCCCCCC(=O)O,OC(=O)CCCCCCCCC(=O)O,1.0,0.0,Dyn,2.5,3.1899999999999995,443.13,0.1297827080277129,0.0432058819028296
C8,CC(C)(C1=CC=C(C=C1)OCC2CO2)C3=CC=C(C=C3)OCC4CO4,OC(=O)CCCCCCC(=O)O,OC(=O)CCCCCCC(=O)O,1.0,0.0,Iso,170.0,23.8,443.18,0.7657890550429527,0.0180673605745191
C6,CC(C)(C1=CC=C(C=C1)OCC2CO2)C3=CC=C(C=C3)OCC4CO4,OC(=O)CCCCC(=O)O,OC(=O)CCCCC(=O)O,1.0,0.0,Dyn,5.0,25.21,561.67,0.9791164425339104,0.0078422260303806
C14,CC(C)(C1=CC=C(C=C1)OCC2CO2)C3=CC=C(C=C3)OCC4CO4,OC(=O)CCCCCCCCCCCCC(=O)O,OC(=O)CCCCCCCCCCCCC(=O)O,1.0,0.0,Dyn,10.0,9.5744294120847,532.3380451606391,0.9672177504620172,0.0091989158433395
C6,CC(C)(C1=CC=C(C=C1)OCC2CO2)C3=CC=C(C=C3)OCC4CO4,OC(=O)CCCCC(=O)O,OC(=O)CCCCC(=O)O,1.0,0.0,Iso,180.0,15.395053999999986,453.18,0.9140789128232236,0.0102766204880619
C10,CC(C)(C1=CC=C(C=C1)OCC2CO2)C3=CC=C(C=C3)OCC4CO4,OC(=O)CCCCCCCCC(=O)O,OC(=O)CCCCCCCCC(=O)O,1.0,0.0,Iso,165.0,25.344999999999985,438.17,0.7285657471883328,0.0122065895136885
C6,CC(C)(C1=CC=C(C=C1)OCC2CO2)C3=CC=C(C=C3)OCC4CO4,OC(=O)CCCCC(=O)O,OC(=O)CCCCC(=O)O,1.0,0.0,Dyn,10.0,1.99,458.41,0.2017640555906504,0.1504106127605803
C10,CC(C)(C1=CC=C(C=C1)OCC2CO2)C3=CC=C(C=C3)OCC4CO4,OC(=O)CCCCCCCCC(=O)O,OC(=O)CCCCCCCCC(=O)O,1.0,0.0,Dyn,10.0,2.99,468.32,0.210004025708229,0.1118330485308973
C8,CC(C)(C1=CC=C(C=C1)OCC2CO2)C3=CC=C(C=C3)OCC4CO4,OC(=O)CCCCCCC(=O)O,OC(=O)CCCCCCC(=O)O,1.0,0.0,Dyn,10.0,4.869999999999999,488.15,0.5029144273315215,0.1527050788487588
C10,CC(C)(C1=CC=C(C=C1)OCC2CO2)C3=CC=C(C=C3)OCC4CO4,OC(=O)CCCCCCCCC(=O)O,OC(=O)CCCCCCCCC(=O)O,1.0,0.0,Dyn,10.0,2.29,461.32,0.1398180548791301,0.0911062815124284
C8,CC(C)(C1=CC=C(C=C1)OCC2CO2)C3=CC=C(C=C3)OCC4CO4,OC(=O)CCCCCCC(=O)O,OC(=O)CCCCCCC(=O)O,1.0,0.0,Dyn,10.0,6.17,501.15,0.7025305064026186,0.1506690111307745
C12,CC(C)(C1=CC=C(C=C1)OCC2CO2)C3=CC=C(C=C3)OCC4CO4,OC(=O)CCCCCCCCCCC(=O)O,OC(=O)CCCCCCCCCCC(=O)O,1.0,0.0,Dyn,5.0,22.97551558006358,549.9697741933995,0.9835170659317362,0.0053055816374922
C6,CC(C)(C1=CC=C(C=C1)OCC2CO2)C3=CC=C(C=C3)OCC4CO4,OC(=O)CCCCC(=O)O,OC(=O)CCCCC(=O)O,1.0,0.0,Dyn,10.0,5.19,490.41,0.7875236891977258,0.0931023072526598
C12,CC(C)(C1=CC=C(C=C1)OCC2CO2)C3=CC=C(C=C3)OCC4CO4,OC(=O)CCCCCCCCCCC(=O)O,OC(=O)CCCCCCCCCCC(=O)O,1.0,0.0,Iso,160.0,27.729678193559984,433.15,0.6732810993440745,0.0148813917937644
C10,CC(C)(C1=CC=C(C=C1)OCC2CO2)C3=CC=C(C=C3)OCC4CO4,OC(=O)CCCCCCCCC(=O)O,OC(=O)CCCCCCCCC(=O)O,1.0,0.0,Iso,165.0,62.33500000000008,438.16,0.954795951891036,0.002644460554418
C14,CC(C)(C1=CC=C(C=C1)OCC2CO2)C3=CC=C(C=C3)OCC4CO4,OC(=O)CCCCCCCCCCCCC(=O)O,OC(=O)CCCCCCCCCCCCC(=O)O,1.0,0.0,Dyn,5.0,1.6630526725860677,443.8085354838498,0.0796467391305371,0.0543757310291111
C10,CC(C)(C1=CC=C(C=C1)OCC2CO2)C3=CC=C(C=C3)OCC4CO4,OC(=O)CCCCCCCCC(=O)O,OC(=O)CCCCCCCCC(=O)O,1.0,0.0,Iso,170.0,5.2673,443.22,0.27176899298869,0.0438007400222164
C10,CC(C)(C1=CC=C(C=C1)OCC2CO2)C3=CC=C(C=C3)OCC4CO4,OC(=O)CCCCCCCCC(=O)O,OC(=O)CCCCCCCCC(=O)O,1.0,0.0,Dyn,10.0,4.390000000000001,482.32,0.3842566656438175,0.1344952521979524
C10,CC(C)(C1=CC=C(C=C1)OCC2CO2)C3=CC=C(C=C3)OCC4CO4,OC(=O)CCCCCCCCC(=O)O,OC(=O)CCCCCCCCC(=O)O,1.0,0.0,Dyn,10.0,8.79,526.3199999999999,0.8452706373850349,0.0654529484793811
C14,CC(C)(C1=CC=C(C=C1)OCC2CO2)C3=CC=C(C=C3)OCC4CO4,OC(=O)CCCCCCCCCCCCC(=O)O,OC(=O)CCCCCCCCCCCCC(=O)O,1.0,0.0,Dyn,10.0,10.372380769406366,540.321632257359,0.973348781864159,0.0062675435951569
C12,CC(C)(C1=CC=C(C=C1)OCC2CO2)C3=CC=C(C=C3)OCC4CO4,OC(=O)CCCCCCCCCCC(=O)O,OC(=O)CCCCCCCCCCC(=O)O,1.0,0.0,Iso,170.0,76.04189999999996,443.16568514970055,0.9839353013505528,0.0009788059687977
C14,CC(C)(C1=CC=C(C=C1)OCC2CO2)C3=CC=C(C=C3)OCC4CO4,OC(=O)CCCCCCCCCCCCC(=O)O,OC(=O)CCCCCCCCCCCCC(=O)O,1.0,0.0,Dyn,10.0,11.868389437831706,555.2908580637089,0.9831507459211264,0.0070917908181357
C10,CC(C)(C1=CC=C(C=C1)OCC2CO2)C3=CC=C(C=C3)OCC4CO4,OC(=O)CCCCCCCCC(=O)O,OC(=O)CCCCCCCCC(=O)O,1.0,0.0,Iso,170.0,58.46703000000006,443.17,0.98800876073459,0.0020919591863514
C10,CC(C)(C1=CC=C(C=C1)OCC2CO2)C3=CC=C(C=C3)OCC4CO4,OC(=O)CCCCCCCCC(=O)O,OC(=O)CCCCCCCCC(=O)O,1.0,0.0,Dyn,5.0,13.19,501.5,0.7789055601772075,0.0379876383755584
C6,CC(C)(C1=CC=C(C=C1)OCC2CO2)C3=CC=C(C=C3)OCC4CO4,OC(=O)CCCCC(=O)O,OC(=O)CCCCC(=O)O,1.0,0.0,Dyn,10.0,5.799999999999999,496.41,0.8349968414403032,0.057801642451041
C8,CC(C)(C1=CC=C(C=C1)OCC2CO2)C3=CC=C(C=C3)OCC4CO4,OC(=O)CCCCCCC(=O)O,OC(=O)CCCCCCC(=O)O,1.0,0.0,Iso,180.0,6.066199999999999,453.24,0.4111723919331194,0.0477009144071257
C12,CC(C)(C1=CC=C(C=C1)OCC2CO2)C3=CC=C(C=C3)OCC4CO4,OC(=O)CCCCCCCCCCC(=O)O,OC(=O)CCCCCCCCCCC(=O)O,1.0,0.0,Dyn,2.5,19.74770432254096,483.3461935481494,0.7093645717463848,0.0146126161944938
C8,CC(C)(C1=CC=C(C=C1)OCC2CO2)C3=CC=C(C=C3)OCC4CO4,OC(=O)CCCCCCC(=O)O,OC(=O)CCCCCCC(=O)O,1.0,0.0,Iso,170.0,28.0,443.18,0.8315701559020044,0.0125562474432981
C14,CC(C)(C1=CC=C(C=C1)OCC2CO2)C3=CC=C(C=C3)OCC4CO4,OC(=O)CCCCCCCCCCCCC(=O)O,OC(=O)CCCCCCCCCCCCC(=O)O,1.0,0.0,Dyn,5.0,12.233292001668223,496.6514516127488,0.942686877065722,0.0356772376079119
C10,CC(C)(C1=CC=C(C=C1)OCC2CO2)C3=CC=C(C=C3)OCC4CO4,OC(=O)CCCCCCCCC(=O)O,OC(=O)CCCCCCCCC(=O)O,1.0,0.0,Iso,170.0,43.71859000000004,443.17,0.9355713955144987,0.0052914261772418
C12,CC(C)(C1=CC=C(C=C1)OCC2CO2)C3=CC=C(C=C3)OCC4CO4,OC(=O)CCCCCCCCCCC(=O)O,OC(=O)CCCCCCCCCCC(=O)O,1.0,0.0,Dyn,2.5,48.76982864506388,555.8989677413485,0.9645439377085652,0.0047446117194331
C6,CC(C)(C1=CC=C(C=C1)OCC2CO2)C3=CC=C(C=C3)OCC4CO4,OC(=O)CCCCC(=O)O,OC(=O)CCCCC(=O)O,1.0,0.0,Iso,180.0,34.436304999999955,453.17,0.9884586582088896,0.0011960520410215
C8,CC(C)(C1=CC=C(C=C1)OCC2CO2)C3=CC=C(C=C3)OCC4CO4,OC(=O)CCCCCCC(=O)O,OC(=O)CCCCCCC(=O)O,1.0,0.0,Dyn,5.0,10.38,487.3500000000008,0.7405385699860412,0.0753603586165058
C14,CC(C)(C1=CC=C(C=C1)OCC2CO2)C3=CC=C(C=C3)OCC4CO4,OC(=O)CCCCCCCCCCCCC(=O)O,OC(=O)CCCCCCCCCCCCC(=O)O,1.0,0.0,Dyn,10.0,3.674540490314203,473.4590903223296,0.3299312694309728,0.1573509088477899
C6,CC(C)(C1=CC=C(C=C1)OCC2CO2)C3=CC=C(C=C3)OCC4CO4,OC(=O)CCCCC(=O)O,OC(=O)CCCCC(=O)O,1.0,0.0,Iso,170.0,53.71000000000007,443.17,0.9795825565003864,0.0012496437647462
C6,CC(C)(C1=CC=C(C=C1)OCC2CO2)C3=CC=C(C=C3)OCC4CO4,OC(=O)CCCCC(=O)O,OC(=O)CCCCC(=O)O,1.0,0.0,Iso,180.0,7.697526999999997,453.22,0.7337012774767632,0.0413739735546217
C6,CC(C)(C1=CC=C(C=C1)OCC2CO2)C3=CC=C(C=C3)OCC4CO4,OC(=O)CCCCC(=O)O,OC(=O)CCCCC(=O)O,1.0,0.0,Dyn,5.0,13.61,503.67,0.8591303842690755,0.0140869615730921
C12,CC(C)(C1=CC=C(C=C1)OCC2CO2)C3=CC=C(C=C3)OCC4CO4,OC(=O)CCCCCCCCCCC(=O)O,OC(=O)CCCCCCCCCCC(=O)O,1.0,0.0,Iso,180.0,0.7515399999999999,453.18592604790416,0.0592995041415956,0.0911552842442138
C8,CC(C)(C1=CC=C(C=C1)OCC2CO2)C3=CC=C(C=C3)OCC4CO4,OC(=O)CCCCCCC(=O)O,OC(=O)CCCCCCC(=O)O,1.0,0.0,Iso,180.0,25.13139999999996,453.18,0.9124371013114624,0.0084125371419231
C14,CC(C)(C1=CC=C(C=C1)OCC2CO2)C3=CC=C(C=C3)OCC4CO4,OC(=O)CCCCCCCCCCCCC(=O)O,OC(=O)CCCCCCCCCCCCC(=O)O,1.0,0.0,Iso,160.0,0.0,433.15,0.0113898672794141,0.0278697442216048
C8,CC(C)(C1=CC=C(C=C1)OCC2CO2)C3=CC=C(C=C3)OCC4CO4,OC(=O)CCCCCCC(=O)O,OC(=O)CCCCCCC(=O)O,1.0,0.0,Dyn,10.0,0.2999999999999998,442.15,0.0208611426249147,0.0447303716963783
C12,CC(C)(C1=CC=C(C=C1)OCC2CO2)C3=CC=C(C=C3)OCC4CO4,OC(=O)CCCCCCCCCCC(=O)O,OC(=O)CCCCCCCCCCC(=O)O,1.0,0.0,Iso,160.0,33.12156006453,433.15,0.7462647041445473,0.0118867331113978
C10,CC(C)(C1=CC=C(C=C1)OCC2CO2)C3=CC=C(C=C3)OCC4CO4,OC(=O)CCCCCCCCC(=O)O,OC(=O)CCCCCCCCC(=O)O,1.0,0.0,Iso,180.0,36.06242,453.17242,0.9306094455957188,0.0049718846641882
C12,CC(C)(C1=CC=C(C=C1)OCC2CO2)C3=CC=C(C=C3)OCC4CO4,OC(=O)CCCCCCCCCCC(=O)O,OC(=O)CCCCCCCCCCC(=O)O,1.0,0.0,Iso,170.0,45.31789999999995,443.16883125748495,0.9169880835875884,0.0038972723672724
C6,CC(C)(C1=CC=C(C=C1)OCC2CO2)C3=CC=C(C=C3)OCC4CO4,OC(=O)CCCCC(=O)O,OC(=O)CCCCC(=O)O,1.0,0.0,Dyn,5.0,8.0,475.67,0.6833192947805629,0.0634639402829009
C6,CC(C)(C1=CC=C(C=C1)OCC2CO2)C3=CC=C(C=C3)OCC4CO4,OC(=O)CCCCC(=O)O,OC(=O)CCCCC(=O)O,1.0,0.0,Dyn,2.5,22.35,490.2600000000004,0.7762404205790819,0.0086242180767854
C14,CC(C)(C1=CC=C(C=C1)OCC2CO2)C3=CC=C(C=C3)OCC4CO4,OC(=O)CCCCCCCCCCCCC(=O)O,OC(=O)CCCCCCCCCCCCC(=O)O,1.0,0.0,Iso,160.0,20.73793470948,433.15,0.6870906986644977,0.0221162696705675
C8,CC(C)(C1=CC=C(C=C1)OCC2CO2)C3=CC=C(C=C3)OCC4CO4,OC(=O)CCCCCCC(=O)O,OC(=O)CCCCCCC(=O)O,1.0,0.0,Iso,180.0,22.098299999999966,453.18,0.8822853520345498,0.0113230921117856
C8,CC(C)(C1=CC=C(C=C1)OCC2CO2)C3=CC=C(C=C3)OCC4CO4,OC(=O)CCCCCCC(=O)O,OC(=O)CCCCCCC(=O)O,1.0,0.0,Dyn,5.0,2.07,445.7500000000002,0.1013698144007973,0.0560287883627072
C6,CC(C)(C1=CC=C(C=C1)OCC2CO2)C3=CC=C(C=C3)OCC4CO4,OC(=O)CCCCC(=O)O,OC(=O)CCCCC(=O)O,1.0,0.0,Dyn,10.0,8.709999999999999,525.41,0.9223941882501576,0.018635502210993
C12,CC(C)(C1=CC=C(C=C1)OCC2CO2)C3=CC=C(C=C3)OCC4CO4,OC(=O)CCCCCCCCCCC(=O)O,OC(=O)CCCCCCCCCCC(=O)O,1.0,0.0,Iso,160.0,47.75666800002005,433.15,0.8816993783955753,0.0066720201076474
C10,CC(C)(C1=CC=C(C=C1)OCC2CO2)C3=CC=C(C=C3)OCC4CO4,OC(=O)CCCCCCCCC(=O)O,OC(=O)CCCCCCCCC(=O)O,1.0,0.0,Dyn,5.0,0.9899999999999998,440.5,0.0464062097977461,0.0416012523790157
C10,CC(C)(C1=CC=C(C=C1)OCC2CO2)C3=CC=C(C=C3)OCC4CO4,OC(=O)CCCCCCCCC(=O)O,OC(=O)CCCCCCCCC(=O)O,1.0,0.0,Iso,170.0,48.98589000000005,443.17,0.9597483265739476,0.0039378055272496
C14,CC(C)(C1=CC=C(C=C1)OCC2CO2)C3=CC=C(C=C3)OCC4CO4,OC(=O)CCCCCCCCCCCCC(=O)O,OC(=O)CCCCCCCCCCCCC(=O)O,1.0,0.0,Dyn,10.0,3.475884094998856,471.46319354814966,0.2999741064492294,0.1489538694624962
C6,CC(C)(C1=CC=C(C=C1)OCC2CO2)C3=CC=C(C=C3)OCC4CO4,OC(=O)CCCCC(=O)O,OC(=O)CCCCC(=O)O,1.0,0.0,Dyn,5.0,19.81,534.67,0.9278805658020852,0.0100206221499316
C12,CC(C)(C1=CC=C(C=C1)OCC2CO2)C3=CC=C(C=C3)OCC4CO4,OC(=O)CCCCCCCCCCC(=O)O,OC(=O)CCCCCCCCCCC(=O)O,1.0,0.0,Dyn,10.0,0.9967656789234614,446.3801935483,0.0406929451951122,0.0536577679885009
C12,CC(C)(C1=CC=C(C=C1)OCC2CO2)C3=CC=C(C=C3)OCC4CO4,OC(=O)CCCCCCCCCCC(=O)O,OC(=O)CCCCCCCCCCC(=O)O,1.0,0.0,Dyn,5.0,19.177382091286898,530.9830619353592,0.9500741997032012,0.0130858722315578
C6,CC(C)(C1=CC=C(C=C1)OCC2CO2)C3=CC=C(C=C3)OCC4CO4,OC(=O)CCCCC(=O)O,OC(=O)CCCCC(=O)O,1.0,0.0,Dyn,2.5,15.65,473.52000000000027,0.7001804723668043,0.0162587717841034
C6,CC(C)(C1=CC=C(C=C1)OCC2CO2)C3=CC=C(C=C3)OCC4CO4,OC(=O)CCCCC(=O)O,OC(=O)CCCCC(=O)O,1.0,0.0,Dyn,10.0,1.89,457.41,0.1872046746683512,0.145593809222993
C14,CC(C)(C1=CC=C(C=C1)OCC2CO2)C3=CC=C(C=C3)OCC4CO4,OC(=O)CCCCCCCCCCCCC(=O)O,OC(=O)CCCCCCCCCCCCC(=O)O,1.0,0.0,Iso,160.0,10.36896735474,433.15,0.3894329881764105,0.0349447279060067
C8,CC(C)(C1=CC=C(C=C1)OCC2CO2)C3=CC=C(C=C3)OCC4CO4,OC(=O)CCCCCCC(=O)O,OC(=O)CCCCCCC(=O)O,1.0,0.0,Dyn,5.0,6.699999999999999,468.95000000000056,0.4365968854950103,0.083929763944139
C8,CC(C)(C1=CC=C(C=C1)OCC2CO2)C3=CC=C(C=C3)OCC4CO4,OC(=O)CCCCCCC(=O)O,OC(=O)CCCCCCC(=O)O,1.0,0.0,Dyn,5.0,14.56,508.1500000000011,0.954955172936653,0.0231878026512331
C14,CC(C)(C1=CC=C(C=C1)OCC2CO2)C3=CC=C(C=C3)OCC4CO4,OC(=O)CCCCCCCCCCCCC(=O)O,OC(=O)CCCCCCCCCCCCC(=O)O,1.0,0.0,Dyn,10.0,8.775822288779821,524.3544580639192,0.957041072488394,0.0160418399498301
C14,CC(C)(C1=CC=C(C=C1)OCC2CO2)C3=CC=C(C=C3)OCC4CO4,OC(=O)CCCCCCCCCCCCC(=O)O,OC(=O)CCCCCCCCCCCCC(=O)O,1.0,0.0,Dyn,5.0,8.486182167253805,477.9631032256992,0.6954334770793844,0.0931883599037582
C12,CC(C)(C1=CC=C(C=C1)OCC2CO2)C3=CC=C(C=C3)OCC4CO4,OC(=O)CCCCCCCCCCC(=O)O,OC(=O)CCCCCCCCCCC(=O)O,1.0,0.0,Dyn,2.5,54.81735954827694,571.0141290315985,0.9885289210233592,0.0029209918790053
C14,CC(C)(C1=CC=C(C=C1)OCC2CO2)C3=CC=C(C=C3)OCC4CO4,OC(=O)CCCCCCCCCCCCC(=O)O,OC(=O)CCCCCCCCCCCCC(=O)O,1.0,0.0,Iso,170.0,34.955600000000025,443.173968313253,0.9724651765468092,0.0034473831087192
C10,CC(C)(C1=CC=C(C=C1)OCC2CO2)C3=CC=C(C=C3)OCC4CO4,OC(=O)CCCCCCCCC(=O)O,OC(=O)CCCCCCCCC(=O)O,1.0,0.0,Dyn,5.0,11.19,491.5,0.6910551561355781,0.0497989208956907
C10,CC(C)(C1=CC=C(C=C1)OCC2CO2)C3=CC=C(C=C3)OCC4CO4,OC(=O)CCCCCCCCC(=O)O,OC(=O)CCCCCCCCC(=O)O,1.0,0.0,Iso,170.0,37.39783000000004,443.17217,0.8955141746170745,0.007383385363593
C10,CC(C)(C1=CC=C(C=C1)OCC2CO2)C3=CC=C(C=C3)OCC4CO4,OC(=O)CCCCCCCCC(=O)O,OC(=O)CCCCCCCCC(=O)O,1.0,0.0,Iso,170.0,37.92456000000004,443.18,0.8994032251896399,0.00713727251814
C14,CC(C)(C1=CC=C(C=C1)OCC2CO2)C3=CC=C(C=C3)OCC4CO4,OC(=O)CCCCCCCCCCCCC(=O)O,OC(=O)CCCCCCCCCCCCC(=O)O,1.0,0.0,Iso,160.0,29.95479458036,433.15,0.8406811013708122,0.012055020431368
C12,CC(C)(C1=CC=C(C=C1)OCC2CO2)C3=CC=C(C=C3)OCC4CO4,OC(=O)CCCCCCCCCCC(=O)O,OC(=O)CCCCCCCCCCC(=O)O,1.0,0.0,Dyn,10.0,11.38123626839814,550.2574064506205,0.9881973434535104,0.0064574493135475
C12,CC(C)(C1=CC=C(C=C1)OCC2CO2)C3=CC=C(C=C3)OCC4CO4,OC(=O)CCCCCCCCCCC(=O)O,OC(=O)CCCCCCCCCCC(=O)O,1.0,0.0,Iso,160.0,31.581022387109996,433.15,0.7270813959179678,0.0126306544250313
C10,CC(C)(C1=CC=C(C=C1)OCC2CO2)C3=CC=C(C=C3)OCC4CO4,OC(=O)CCCCCCCCC(=O)O,OC(=O)CCCCCCCCC(=O)O,1.0,0.0,Iso,165.0,14.385000000000003,438.17,0.5520682292940347,0.0206628531502025
C12,CC(C)(C1=CC=C(C=C1)OCC2CO2)C3=CC=C(C=C3)OCC4CO4,OC(=O)CCCCCCCCCCC(=O)O,OC(=O)CCCCCCCCCCC(=O)O,1.0,0.0,Iso,160.0,19.256720967749995,433.15,0.5213660868097878,0.0204075478550637
C12,CC(C)(C1=CC=C(C=C1)OCC2CO2)C3=CC=C(C=C3)OCC4CO4,OC(=O)CCCCCCCCCCC(=O)O,OC(=O)CCCCCCCCCCC(=O)O,1.0,0.0,Dyn,2.5,19.34475367738071,482.3385161287994,0.7033110265878736,0.0150230437181798
C6,CC(C)(C1=CC=C(C=C1)OCC2CO2)C3=CC=C(C=C3)OCC4CO4,OC(=O)CCCCC(=O)O,OC(=O)CCCCC(=O)O,1.0,0.0,Dyn,2.5,3.34,442.83,0.159958674443544,0.0507627131224546
C6,CC(C)(C1=CC=C(C=C1)OCC2CO2)C3=CC=C(C=C3)OCC4CO4,OC(=O)CCCCC(=O)O,OC(=O)CCCCC(=O)O,1.0,0.0,Iso,170.0,24.89000000000001,443.17,0.8992315037970079,0.005831670902149
C10,CC(C)(C1=CC=C(C=C1)OCC2CO2)C3=CC=C(C=C3)OCC4CO4,OC(=O)CCCCCCCCC(=O)O,OC(=O)CCCCCCCCC(=O)O,1.0,0.0,Iso,180.0,42.88504,453.17,0.9592136993511208,0.0034526976834639
C6,CC(C)(C1=CC=C(C=C1)OCC2CO2)C3=CC=C(C=C3)OCC4CO4,OC(=O)CCCCC(=O)O,OC(=O)CCCCC(=O)O,1.0,0.0,Dyn,10.0,6.91,507.41,0.8814118761844598,0.0292166771951997
C14,CC(C)(C1=CC=C(C=C1)OCC2CO2)C3=CC=C(C=C3)OCC4CO4,OC(=O)CCCCCCCCCCCCC(=O)O,OC(=O)CCCCCCCCCCCCC(=O)O,1.0,0.0,Iso,160.0,50.11667554790988,433.15,0.9694988774686252,0.0024635039881511
C8,CC(C)(C1=CC=C(C=C1)OCC2CO2)C3=CC=C(C=C3)OCC4CO4,OC(=O)CCCCCCC(=O)O,OC(=O)CCCCCCC(=O)O,1.0,0.0,Dyn,2.5,18.39,480.15,0.9028456813338348,0.0299297981697375
C12,CC(C)(C1=CC=C(C=C1)OCC2CO2)C3=CC=C(C=C3)OCC4CO4,OC(=O)CCCCCCCCCCC(=O)O,OC(=O)CCCCCCCCCCC(=O)O,1.0,0.0,Iso,170.0,71.43329999999993,443.16557155688616,0.978815266824017,0.0011991607283914
C8,CC(C)(C1=CC=C(C=C1)OCC2CO2)C3=CC=C(C=C3)OCC4CO4,OC(=O)CCCCCCC(=O)O,OC(=O)CCCCCCC(=O)O,1.0,0.0,Iso,160.0,99.0,433.17,0.9792916194554874,0.0010462422226322
C12,CC(C)(C1=CC=C(C=C1)OCC2CO2)C3=CC=C(C=C3)OCC4CO4,OC(=O)CCCCCCCCCCC(=O)O,OC(=O)CCCCCCCCCCC(=O)O,1.0,0.0,Iso,180.0,32.316219999999966,453.1694140718563,0.8564670589592708,0.0056036624604408
C6,CC(C)(C1=CC=C(C=C1)OCC2CO2)C3=CC=C(C=C3)OCC4CO4,OC(=O)CCCCC(=O)O,OC(=O)CCCCC(=O)O,1.0,0.0,Dyn,10.0,13.11,569.41,0.9896083385975994,0.0097915350600132
C10,CC(C)(C1=CC=C(C=C1)OCC2CO2)C3=CC=C(C=C3)OCC4CO4,OC(=O)CCCCCCCCC(=O)O,OC(=O)CCCCCCCCC(=O)O,1.0,0.0,Dyn,2.5,16.39,476.13,0.7058392708399376,0.0318606802572508
C8,CC(C)(C1=CC=C(C=C1)OCC2CO2)C3=CC=C(C=C3)OCC4CO4,OC(=O)CCCCCCC(=O)O,OC(=O)CCCCCCC(=O)O,1.0,0.0,Iso,170.0,67.2,443.17,0.9877505567928732,0.000795418390073
C12,CC(C)(C1=CC=C(C=C1)OCC2CO2)C3=CC=C(C=C3)OCC4CO4,OC(=O)CCCCCCCCCCC(=O)O,OC(=O)CCCCCCCCCCC(=O)O,1.0,0.0,Iso,160.0,41.59451729034003,433.15,0.8334883265625764,0.0087053976642638
C6,CC(C)(C1=CC=C(C=C1)OCC2CO2)C3=CC=C(C=C3)OCC4CO4,OC(=O)CCCCC(=O)O,OC(=O)CCCCC(=O)O,1.0,0.0,Iso,180.0,26.738777999999968,453.17,0.974230210122902,0.0026095680895014
C8,CC(C)(C1=CC=C(C=C1)OCC2CO2)C3=CC=C(C=C3)OCC4CO4,OC(=O)CCCCCCC(=O)O,OC(=O)CCCCCCC(=O)O,1.0,0.0,Dyn,2.5,4.78,446.15,0.2021060549078601,0.0487103547699636
C6,CC(C)(C1=CC=C(C=C1)OCC2CO2)C3=CC=C(C=C3)OCC4CO4,OC(=O)CCCCC(=O)O,OC(=O)CCCCC(=O)O,1.0,0.0,Dyn,10.0,9.51,533.41,0.9368288060644346,0.0168982943777629
C12,CC(C)(C1=CC=C(C=C1)OCC2CO2)C3=CC=C(C=C3)OCC4CO4,OC(=O)CCCCCCCCCCC(=O)O,OC(=O)CCCCCCCCCCC(=O)O,1.0,0.0,Dyn,2.5,43.93281206442784,543.8068387091487,0.940107063403782,0.0054124261287447
C14,CC(C)(C1=CC=C(C=C1)OCC2CO2)C3=CC=C(C=C3)OCC4CO4,OC(=O)CCCCCCCCCCCCC(=O)O,OC(=O)CCCCCCCCCCCCC(=O)O,1.0,0.0,Dyn,5.0,4.619130780591476,458.63032903219954,0.3005487750300834,0.0982597410718806
C14,CC(C)(C1=CC=C(C=C1)OCC2CO2)C3=CC=C(C=C3)OCC4CO4,OC(=O)CCCCCCCCCCCCC(=O)O,OC(=O)CCCCCCCCCCCCC(=O)O,1.0,0.0,Dyn,2.5,31.14112251606988,511.9403419353909,0.9878025558471828,0.0010930302390583
C14,CC(C)(C1=CC=C(C=C1)OCC2CO2)C3=CC=C(C=C3)OCC4CO4,OC(=O)CCCCCCCCCCCCC(=O)O,OC(=O)CCCCCCCCCCCCC(=O)O,1.0,0.0,Dyn,10.0,6.970113118166581,506.39138709629935,0.8672126739907334,0.111241808012363
C6,CC(C)(C1=CC=C(C=C1)OCC2CO2)C3=CC=C(C=C3)OCC4CO4,OC(=O)CCCCC(=O)O,OC(=O)CCCCC(=O)O,1.0,0.0,Iso,165.0,24.68015400000002,438.17,0.918767945706082,0.0062951039402214
C10,CC(C)(C1=CC=C(C=C1)OCC2CO2)C3=CC=C(C=C3)OCC4CO4,OC(=O)CCCCCCCCC(=O)O,OC(=O)CCCCCCCCC(=O)O,1.0,0.0,Dyn,5.0,0.6000000000000001,438.5,0.0307827560382787,0.0383866681904284
C10,CC(C)(C1=CC=C(C=C1)OCC2CO2)C3=CC=C(C=C3)OCC4CO4,OC(=O)CCCCCCCCC(=O)O,OC(=O)CCCCCCCCC(=O)O,1.0,0.0,Iso,165.0,26.029999999999983,438.17,0.7369272610052094,0.01199623469686
C6,CC(C)(C1=CC=C(C=C1)OCC2CO2)C3=CC=C(C=C3)OCC4CO4,OC(=O)CCCCC(=O)O,OC(=O)CCCCC(=O)O,1.0,0.0,Dyn,2.5,12.66,466.0800000000002,0.6350796432401341,0.0279933635934823
C10,CC(C)(C1=CC=C(C=C1)OCC2CO2)C3=CC=C(C=C3)OCC4CO4,OC(=O)CCCCCCCCC(=O)O,OC(=O)CCCCCCCCC(=O)O,1.0,0.0,Iso,170.0,52.14627000000005,443.17,0.97109139074393,0.0031994669908901
C6,CC(C)(C1=CC=C(C=C1)OCC2CO2)C3=CC=C(C=C3)OCC4CO4,OC(=O)CCCCC(=O)O,OC(=O)CCCCC(=O)O,1.0,0.0,Iso,165.0,43.38930299999994,438.17,0.988149308274602,0.0015737759850555
C6,CC(C)(C1=CC=C(C=C1)OCC2CO2)C3=CC=C(C=C3)OCC4CO4,OC(=O)CCCCC(=O)O,OC(=O)CCCCC(=O)O,1.0,0.0,Dyn,5.0,18.61,528.67,0.9157105928141972,0.0103110749658725
C14,CC(C)(C1=CC=C(C=C1)OCC2CO2)C3=CC=C(C=C3)OCC4CO4,OC(=O)CCCCCCCCCCCCC(=O)O,OC(=O)CCCCCCCCCCCCC(=O)O,1.0,0.0,Iso,170.0,21.424400000000013,443.1919419161677,0.8471766726161729,0.0170137744071029
C10,CC(C)(C1=CC=C(C=C1)OCC2CO2)C3=CC=C(C=C3)OCC4CO4,OC(=O)CCCCCCCCC(=O)O,OC(=O)CCCCCCCCC(=O)O,1.0,0.0,Iso,165.0,15.070000000000004,438.17,0.5662222837019234,0.0198094136076402
C12,CC(C)(C1=CC=C(C=C1)OCC2CO2)C3=CC=C(C=C3)OCC4CO4,OC(=O)CCCCCCCCCCC(=O)O,OC(=O)CCCCCCCCCCC(=O)O,1.0,0.0,Iso,160.0,79.33769038712998,433.15,0.9816944838725464,0.0011437748755967
C6,CC(C)(C1=CC=C(C=C1)OCC2CO2)C3=CC=C(C=C3)OCC4CO4,OC(=O)CCCCC(=O)O,OC(=O)CCCCC(=O)O,1.0,0.0,Dyn,10.0,5.5,493.41,0.8143398610233733,0.0748578648136446
C8,CC(C)(C1=CC=C(C=C1)OCC2CO2)C3=CC=C(C=C3)OCC4CO4,OC(=O)CCCCCCC(=O)O,OC(=O)CCCCCCC(=O)O,1.0,0.0,Iso,180.0,39.86360000000003,453.17,0.9802686318792344,0.0020116936643729
C10,CC(C)(C1=CC=C(C=C1)OCC2CO2)C3=CC=C(C=C3)OCC4CO4,OC(=O)CCCCCCCCC(=O)O,OC(=O)CCCCCCCCC(=O)O,1.0,0.0,Iso,170.0,21.069200000000016,443.19,0.7095475543381389,0.0163763487364497
C8,CC(C)(C1=CC=C(C=C1)OCC2CO2)C3=CC=C(C=C3)OCC4CO4,OC(=O)CCCCCCC(=O)O,OC(=O)CCCCCCC(=O)O,1.0,0.0,Dyn,5.0,13.919999999999998,504.950000000001,0.9372921163084094,0.032261290644955
C6,CC(C)(C1=CC=C(C=C1)OCC2CO2)C3=CC=C(C=C3)OCC4CO4,OC(=O)CCCCC(=O)O,OC(=O)CCCCC(=O)O,1.0,0.0,Iso,170.0,62.22500000000008,443.17,0.9881769814924288,0.0008330958431641
C10,CC(C)(C1=CC=C(C=C1)OCC2CO2)C3=CC=C(C=C3)OCC4CO4,OC(=O)CCCCCCCCC(=O)O,OC(=O)CCCCCCCCC(=O)O,1.0,0.0,Iso,170.0,25.28304000000002,443.18,0.7723806110087358,0.0132498542042361
C14,CC(C)(C1=CC=C(C=C1)OCC2CO2)C3=CC=C(C=C3)OCC4CO4,OC(=O)CCCCCCCCCCCCC(=O)O,OC(=O)CCCCCCCCCCCCC(=O)O,1.0,0.0,Iso,180.0,2.9413,453.2274789156626,0.2589009646091673,0.0937314813882506
C10,CC(C)(C1=CC=C(C=C1)OCC2CO2)C3=CC=C(C=C3)OCC4CO4,OC(=O)CCCCCCCCC(=O)O,OC(=O)CCCCCCCCC(=O)O,1.0,0.0,Dyn,2.5,33.21,518.13,0.9792305691042692,0.0051923577239326
C8,CC(C)(C1=CC=C(C=C1)OCC2CO2)C3=CC=C(C=C3)OCC4CO4,OC(=O)CCCCCCC(=O)O,OC(=O)CCCCCCC(=O)O,1.0,0.0,Iso,180.0,15.59879999999998,453.2,0.7686160307460674,0.0248517320046943
C14,CC(C)(C1=CC=C(C=C1)OCC2CO2)C3=CC=C(C=C3)OCC4CO4,OC(=O)CCCCCCCCCCCCC(=O)O,OC(=O)CCCCCCCCCCCCC(=O)O,1.0,0.0,Iso,170.0,7.8932,443.23276347305386,0.4180372837554102,0.0465625267316876
C10,CC(C)(C1=CC=C(C=C1)OCC2CO2)C3=CC=C(C=C3)OCC4CO4,OC(=O)CCCCCCCCC(=O)O,OC(=O)CCCCCCCCC(=O)O,1.0,0.0,Iso,180.0,42.39771,453.17,0.9575310961890384,0.0034526976834639
C10,CC(C)(C1=CC=C(C=C1)OCC2CO2)C3=CC=C(C=C3)OCC4CO4,OC(=O)CCCCCCCCC(=O)O,OC(=O)CCCCCCCCC(=O)O,1.0,0.0,Dyn,5.0,2.19,446.5,0.1023744508551687,0.0533742280369201
C10,CC(C)(C1=CC=C(C=C1)OCC2CO2)C3=CC=C(C=C3)OCC4CO4,OC(=O)CCCCCCCCC(=O)O,OC(=O)CCCCCCCCC(=O)O,1.0,0.0,Iso,165.0,24.659999999999982,438.17,0.7198337083869565,0.0127475018998194
C12,CC(C)(C1=CC=C(C=C1)OCC2CO2)C3=CC=C(C=C3)OCC4CO4,OC(=O)CCCCCCCCCCC(=O)O,OC(=O)CCCCCCCCCCC(=O)O,1.0,0.0,Dyn,5.0,7.770085591497061,474.0229251612397,0.4843568884186461,0.0828387286518173
C10,CC(C)(C1=CC=C(C=C1)OCC2CO2)C3=CC=C(C=C3)OCC4CO4,OC(=O)CCCCCCCCC(=O)O,OC(=O)CCCCCCCCC(=O)O,1.0,0.0,Dyn,5.0,11.99,495.5,0.7291066392815164,0.0446913392653633
C6,CC(C)(C1=CC=C(C=C1)OCC2CO2)C3=CC=C(C=C3)OCC4CO4,OC(=O)CCCCC(=O)O,OC(=O)CCCCC(=O)O,1.0,0.0,Dyn,2.5,26.07,499.56000000000046,0.8067899458582912,0.0080586955799437
C8,CC(C)(C1=CC=C(C=C1)OCC2CO2)C3=CC=C(C=C3)OCC4CO4,OC(=O)CCCCCCC(=O)O,OC(=O)CCCCCCC(=O)O,1.0,0.0,Iso,170.0,48.3,443.17,0.958837098313713,0.0025567019680923
C12,CC(C)(C1=CC=C(C=C1)OCC2CO2)C3=CC=C(C=C3)OCC4CO4,OC(=O)CCCCCCCCCCC(=O)O,OC(=O)CCCCCCCCCCC(=O)O,1.0,0.0,Iso,170.0,9.217200000000004,443.1965386826347,0.4566127315916782,0.0320298809314129
C14,CC(C)(C1=CC=C(C=C1)OCC2CO2)C3=CC=C(C=C3)OCC4CO4,OC(=O)CCCCCCCCCCCCC(=O)O,OC(=O)CCCCCCCCCCCCC(=O)O,1.0,0.0,Dyn,2.5,23.11423520281873,491.8719548386407,0.9791590432640712,0.0015036579580664
C14,CC(C)(C1=CC=C(C=C1)OCC2CO2)C3=CC=C(C=C3)OCC4CO4,OC(=O)CCCCCCCCCCCCC(=O)O,OC(=O)CCCCCCCCCCCCC(=O)O,1.0,0.0,Dyn,2.5,25.04054263636627,496.6883677418607,0.9815722066756,0.0010901988369775
C10,CC(C)(C1=CC=C(C=C1)OCC2CO2)C3=CC=C(C=C3)OCC4CO4,OC(=O)CCCCCCCCC(=O)O,OC(=O)CCCCCCCCC(=O)O,1.0,0.0,Iso,165.0,53.43000000000006,438.16,0.9261420197563922,0.0037262853266797
C6,CC(C)(C1=CC=C(C=C1)OCC2CO2)C3=CC=C(C=C3)OCC4CO4,OC(=O)CCCCC(=O)O,OC(=O)CCCCC(=O)O,1.0,0.0,Iso,170.0,9.824999999999996,443.2,0.6775726433540994,0.0311369571382604
C6,CC(C)(C1=CC=C(C=C1)OCC2CO2)C3=CC=C(C=C3)OCC4CO4,OC(=O)CCCCC(=O)O,OC(=O)CCCCC(=O)O,1.0,0.0,Iso,180.0,29.97984199999996,453.17,0.981454561473063,0.0019571760671257
C6,CC(C)(C1=CC=C(C=C1)OCC2CO2)C3=CC=C(C=C3)OCC4CO4,OC(=O)CCCCC(=O)O,OC(=O)CCCCC(=O)O,1.0,0.0,Iso,170.0,37.33500000000004,443.17,0.9494111227320268,0.0026728491634846
C6,CC(C)(C1=CC=C(C=C1)OCC2CO2)C3=CC=C(C=C3)OCC4CO4,OC(=O)CCCCC(=O)O,OC(=O)CCCCC(=O)O,1.0,0.0,Dyn,5.0,4.19,456.67,0.3381742135990008,0.0990444102355569
C8,CC(C)(C1=CC=C(C=C1)OCC2CO2)C3=CC=C(C=C3)OCC4CO4,OC(=O)CCCCCCC(=O)O,OC(=O)CCCCCCC(=O)O,1.0,0.0,Iso,160.0,24.0,433.19,0.5685874310953289,0.0148638550249811
C6,CC(C)(C1=CC=C(C=C1)OCC2CO2)C3=CC=C(C=C3)OCC4CO4,OC(=O)CCCCC(=O)O,OC(=O)CCCCC(=O)O,1.0,0.0,Iso,180.0,13.774521999999989,453.18,0.8943417558697855,0.013433599850338
C12,CC(C)(C1=CC=C(C=C1)OCC2CO2)C3=CC=C(C=C3)OCC4CO4,OC(=O)CCCCCCCCCCC(=O)O,OC(=O)CCCCCCCCCCC(=O)O,1.0,0.0,Dyn,10.0,10.981979134092782,546.2621290313004,0.985282618365886,0.0078924286980395
C10,CC(C)(C1=CC=C(C=C1)OCC2CO2)C3=CC=C(C=C3)OCC4CO4,OC(=O)CCCCCCCCC(=O)O,OC(=O)CCCCCCCCC(=O)O,1.0,0.0,Dyn,10.0,0.7999999999999998,446.32,0.038784039052185,0.0471577936866754
C12,CC(C)(C1=CC=C(C=C1)OCC2CO2)C3=CC=C(C=C3)OCC4CO4,OC(=O)CCCCCCCCCCC(=O)O,OC(=O)CCCCCCCCCCC(=O)O,1.0,0.0,Iso,180.0,34.57083999999996,453.1697107784431,0.8686396677050882,0.0050663249642343
C14,CC(C)(C1=CC=C(C=C1)OCC2CO2)C3=CC=C(C=C3)OCC4CO4,OC(=O)CCCCCCCCCCCCC(=O)O,OC(=O)CCCCCCCCCCCCC(=O)O,1.0,0.0,Dyn,10.0,3.872892921600696,475.4549870965096,0.3617388564324113,0.1693943093070803
C12,CC(C)(C1=CC=C(C=C1)OCC2CO2)C3=CC=C(C=C3)OCC4CO4,OC(=O)CCCCCCCCCCC(=O)O,OC(=O)CCCCCCCCCCC(=O)O,1.0,0.0,Dyn,5.0,18.3772788909142,526.9858593547192,0.9381691260808364,0.0160737094276815
C10,CC(C)(C1=CC=C(C=C1)OCC2CO2)C3=CC=C(C=C3)OCC4CO4,OC(=O)CCCCCCCCC(=O)O,OC(=O)CCCCCCCCC(=O)O,1.0,0.0,Iso,165.0,58.91000000000008,438.17,0.944832946752266,0.0030050688118385
C12,CC(C)(C1=CC=C(C=C1)OCC2CO2)C3=CC=C(C=C3)OCC4CO4,OC(=O)CCCCCCCCCCC(=O)O,OC(=O)CCCCCCCCCCC(=O)O,1.0,0.0,Iso,160.0,50.83774335486006,433.15,0.9010327443590622,0.0056553313293392
C12,CC(C)(C1=CC=C(C=C1)OCC2CO2)C3=CC=C(C=C3)OCC4CO4,OC(=O)CCCCCCCCCCC(=O)O,OC(=O)CCCCCCCCCCC(=O)O,1.0,0.0,Iso,160.0,53.14854987099007,433.15,0.9135137780823258,0.0048928147456081
C14,CC(C)(C1=CC=C(C=C1)OCC2CO2)C3=CC=C(C=C3)OCC4CO4,OC(=O)CCCCCCCCCCCCC(=O)O,OC(=O)CCCCCCCCCCCCC(=O)O,1.0,0.0,Iso,160.0,42.05192316088993,433.15,0.9398291313605928,0.0049270079763019
C12,CC(C)(C1=CC=C(C=C1)OCC2CO2)C3=CC=C(C=C3)OCC4CO4,OC(=O)CCCCCCCCCCC(=O)O,OC(=O)CCCCCCCCCCC(=O)O,1.0,0.0,Dyn,5.0,2.781543982990728,449.04040903223984,0.1159572984169912,0.0563869837356992
C10,CC(C)(C1=CC=C(C=C1)OCC2CO2)C3=CC=C(C=C3)OCC4CO4,OC(=O)CCCCCCCCC(=O)O,OC(=O)CCCCCCCCC(=O)O,1.0,0.0,Dyn,2.5,28.81,507.13,0.9475845151868264,0.0091549465132495
C12,CC(C)(C1=CC=C(C=C1)OCC2CO2)C3=CC=C(C=C3)OCC4CO4,OC(=O)CCCCCCCCCCC(=O)O,OC(=O)CCCCCCCCCCC(=O)O,1.0,0.0,Iso,160.0,67.01338896777006,433.15,0.9613332680730262,0.0022240067025491
C12,CC(C)(C1=CC=C(C=C1)OCC2CO2)C3=CC=C(C=C3)OCC4CO4,OC(=O)CCCCCCCCCCC(=O)O,OC(=O)CCCCCCCCCCC(=O)O,1.0,0.0,Iso,160.0,17.716183290329997,433.15,0.4889773378669023,0.0212598232603415
C6,CC(C)(C1=CC=C(C=C1)OCC2CO2)C3=CC=C(C=C3)OCC4CO4,OC(=O)CCCCC(=O)O,OC(=O)CCCCC(=O)O,1.0,0.0,Dyn,2.5,39.83,533.9700000000007,0.9260586404415054,0.0086242180767675
C12,CC(C)(C1=CC=C(C=C1)OCC2CO2)C3=CC=C(C=C3)OCC4CO4,OC(=O)CCCCCCCCCCC(=O)O,OC(=O)CCCCCCCCCCC(=O)O,1.0,0.0,Iso,170.0,61.44799999999988,443.1658858083832,0.9629267169420298,0.0019486361836361
C10,CC(C)(C1=CC=C(C=C1)OCC2CO2)C3=CC=C(C=C3)OCC4CO4,OC(=O)CCCCCCCCC(=O)O,OC(=O)CCCCCCCCC(=O)O,1.0,0.0,Dyn,5.0,13.390000000000002,502.5,0.7865030878523193,0.0367107429679776
C8,CC(C)(C1=CC=C(C=C1)OCC2CO2)C3=CC=C(C=C3)OCC4CO4,OC(=O)CCCCCCC(=O)O,OC(=O)CCCCCCC(=O)O,1.0,0.0,Dyn,10.0,0.79,447.15,0.0454434026112161,0.0562280460998308
C10,CC(C)(C1=CC=C(C=C1)OCC2CO2)C3=CC=C(C=C3)OCC4CO4,OC(=O)CCCCCCCCC(=O)O,OC(=O)CCCCCCCCC(=O)O,1.0,0.0,Dyn,5.0,2.99,450.5,0.1470147143042292,0.0599821617711559
C12,CC(C)(C1=CC=C(C=C1)OCC2CO2)C3=CC=C(C=C3)OCC4CO4,OC(=O)CCCCCCCCCCC(=O)O,OC(=O)CCCCCCCCCCC(=O)O,1.0,0.0,Dyn,5.0,18.17749880490791,525.9865587095592,0.934837118715253,0.0166783758691465
C12,CC(C)(C1=CC=C(C=C1)OCC2CO2)C3=CC=C(C=C3)OCC4CO4,OC(=O)CCCCCCCCCCC(=O)O,OC(=O)CCCCCCCCCCC(=O)O,1.0,0.0,Iso,160.0,64.70258245164007,433.15,0.9557535118202732,0.0025417219457703
C10,CC(C)(C1=CC=C(C=C1)OCC2CO2)C3=CC=C(C=C3)OCC4CO4,OC(=O)CCCCCCCCC(=O)O,OC(=O)CCCCCCCCC(=O)O,1.0,0.0,Dyn,10.0,9.69,535.3199999999999,0.8978793244692681,0.0499694552907083
C8,CC(C)(C1=CC=C(C=C1)OCC2CO2)C3=CC=C(C=C3)OCC4CO4,OC(=O)CCCCCCC(=O)O,OC(=O)CCCCCCC(=O)O,1.0,0.0,Iso,160.0,43.0,433.18,0.7825259269645963,0.0077927006927085
C8,CC(C)(C1=CC=C(C=C1)OCC2CO2)C3=CC=C(C=C3)OCC4CO4,OC(=O)CCCCCCC(=O)O,OC(=O)CCCCCCC(=O)O,1.0,0.0,Dyn,2.5,8.77,456.15,0.4135639964899085,0.0558637332330449
C14,CC(C)(C1=CC=C(C=C1)OCC2CO2)C3=CC=C(C=C3)OCC4CO4,OC(=O)CCCCCCCCCCCCC(=O)O,OC(=O)CCCCCCCCCCCCC(=O)O,1.0,0.0,Iso,160.0,11.5210748386,433.15,0.4288658177043921,0.0336493115045167
C14,CC(C)(C1=CC=C(C=C1)OCC2CO2)C3=CC=C(C=C3)OCC4CO4,OC(=O)CCCCCCCCCCCCC(=O)O,OC(=O)CCCCCCCCCCCCC(=O)O,1.0,0.0,Dyn,2.5,20.54451100293032,485.4500709676806,0.9722705586166168,0.0042338939996367
C12,CC(C)(C1=CC=C(C=C1)OCC2CO2)C3=CC=C(C=C3)OCC4CO4,OC(=O)CCCCCCCCCCC(=O)O,OC(=O)CCCCCCCCCCC(=O)O,1.0,0.0,Iso,170.0,77.57809999999996,443.16504626506025,0.9854354959415116,0.0008993705462936
C6,CC(C)(C1=CC=C(C=C1)OCC2CO2)C3=CC=C(C=C3)OCC4CO4,OC(=O)CCCCC(=O)O,OC(=O)CCCCC(=O)O,1.0,0.0,Iso,180.0,18.636117999999986,453.17,0.940839610589842,0.0064151882200242
C8,CC(C)(C1=CC=C(C=C1)OCC2CO2)C3=CC=C(C=C3)OCC4CO4,OC(=O)CCCCCCC(=O)O,OC(=O)CCCCCCC(=O)O,1.0,0.0,Iso,170.0,39.9,443.17,0.9287702831689468,0.0047156947411483
C8,CC(C)(C1=CC=C(C=C1)OCC2CO2)C3=CC=C(C=C3)OCC4CO4,OC(=O)CCCCCCC(=O)O,OC(=O)CCCCCCC(=O)O,1.0,0.0,Dyn,2.5,15.98,474.15,0.8001441644728595,0.0510843675567251
C14,CC(C)(C1=CC=C(C=C1)OCC2CO2)C3=CC=C(C=C3)OCC4CO4,OC(=O)CCCCCCCCCCCCC(=O)O,OC(=O)CCCCCCCCCCCCC(=O)O,1.0,0.0,Dyn,5.0,4.747566835461429,459.2747548386495,0.3131688685258987,0.0995488233588697
C14,CC(C)(C1=CC=C(C=C1)OCC2CO2)C3=CC=C(C=C3)OCC4CO4,OC(=O)CCCCCCCCCCCCC(=O)O,OC(=O)CCCCCCCCCCCCC(=O)O,1.0,0.0,Dyn,5.0,0.7655141592253862,439.2975548386999,0.0364413259291845,0.0437285751942276
C10,CC(C)(C1=CC=C(C=C1)OCC2CO2)C3=CC=C(C=C3)OCC4CO4,OC(=O)CCCCCCCCC(=O)O,OC(=O)CCCCCCCCC(=O)O,1.0,0.0,Dyn,10.0,10.49,543.3199999999999,0.9336321178321983,0.0380049378267356
C6,CC(C)(C1=CC=C(C=C1)OCC2CO2)C3=CC=C(C=C3)OCC4CO4,OC(=O)CCCCC(=O)O,OC(=O)CCCCC(=O)O,1.0,0.0,Iso,165.0,23.08788600000001,438.17,0.9080025371965544,0.0069785686209313
C14,CC(C)(C1=CC=C(C=C1)OCC2CO2)C3=CC=C(C=C3)OCC4CO4,OC(=O)CCCCCCCCCCCCC(=O)O,OC(=O)CCCCCCCCCCCCC(=O)O,1.0,0.0,Iso,180.0,14.706499999999991,453.1793969879518,0.9146197630890724,0.0209211253125316
C12,CC(C)(C1=CC=C(C=C1)OCC2CO2)C3=CC=C(C=C3)OCC4CO4,OC(=O)CCCCCCCCCCC(=O)O,OC(=O)CCCCCCCCCCC(=O)O,1.0,0.0,Dyn,2.5,8.045592580628963,454.1235483869997,0.3528124887861497,0.0496169546535751
C12,CC(C)(C1=CC=C(C=C1)OCC2CO2)C3=CC=C(C=C3)OCC4CO4,OC(=O)CCCCCCCCCCC(=O)O,OC(=O)CCCCCCCCCCC(=O)O,1.0,0.0,Iso,170.0,13.057700000000004,443.1887550299401,0.5656607802183901,0.0241261085707941
C12,CC(C)(C1=CC=C(C=C1)OCC2CO2)C3=CC=C(C=C3)OCC4CO4,OC(=O)CCCCCCCCCCC(=O)O,OC(=O)CCCCCCCCCCC(=O)O,1.0,0.0,Iso,160.0,32.35129122582,433.15,0.7368103954340841,0.0122740376285981
C8,CC(C)(C1=CC=C(C=C1)OCC2CO2)C3=CC=C(C=C3)OCC4CO4,OC(=O)CCCCCCC(=O)O,OC(=O)CCCCCCC(=O)O,1.0,0.0,Iso,160.0,9.0,433.21,0.273972836665715,0.0247129628449322
C12,CC(C)(C1=CC=C(C=C1)OCC2CO2)C3=CC=C(C=C3)OCC4CO4,OC(=O)CCCCCCCCCCC(=O)O,OC(=O)CCCCCCCCCCC(=O)O,1.0,0.0,Dyn,5.0,5.173745448838883,461.0320167741597,0.274194816530579,0.0763996276803518
C8,CC(C)(C1=CC=C(C=C1)OCC2CO2)C3=CC=C(C=C3)OCC4CO4,OC(=O)CCCCCCC(=O)O,OC(=O)CCCCCCC(=O)O,1.0,0.0,Iso,180.0,1.2999,453.28,0.1142033361068188,0.0756296233120987
C12,CC(C)(C1=CC=C(C=C1)OCC2CO2)C3=CC=C(C=C3)OCC4CO4,OC(=O)CCCCCCCCCCC(=O)O,OC(=O)CCCCCCCCCCC(=O)O,1.0,0.0,Dyn,10.0,6.876686291396551,505.3105354832703,0.7718471769360681,0.1684660228738729
C10,CC(C)(C1=CC=C(C=C1)OCC2CO2)C3=CC=C(C=C3)OCC4CO4,OC(=O)CCCCCCCCC(=O)O,OC(=O)CCCCCCCCC(=O)O,1.0,0.0,Dyn,5.0,1.99,445.5,0.0920699049159834,0.0515227296959264
C8,CC(C)(C1=CC=C(C=C1)OCC2CO2)C3=CC=C(C=C3)OCC4CO4,OC(=O)CCCCCCC(=O)O,OC(=O)CCCCCCC(=O)O,1.0,0.0,Iso,170.0,60.2,443.17,0.9805917912822144,0.0011931275851099
C14,CC(C)(C1=CC=C(C=C1)OCC2CO2)C3=CC=C(C=C3)OCC4CO4,OC(=O)CCCCCCCCCCCCC(=O)O,OC(=O)CCCCCCCCCCCCC(=O)O,1.0,0.0,Dyn,10.0,8.075913032062275,517.3688193542893,0.9405050905188662,0.0316903745116357
C14,CC(C)(C1=CC=C(C=C1)OCC2CO2)C3=CC=C(C=C3)OCC4CO4,OC(=O)CCCCCCCCCCCCC(=O)O,OC(=O)CCCCCCCCCCCCC(=O)O,1.0,0.0,Iso,160.0,14.40134354825,433.15,0.5207431552475438,0.0300029352094617
C6,CC(C)(C1=CC=C(C=C1)OCC2CO2)C3=CC=C(C=C3)OCC4CO4,OC(=O)CCCCC(=O)O,OC(=O)CCCCC(=O)O,1.0,0.0,Iso,170.0,12.444999999999991,443.19,0.750466099768087,0.0220423275170515
C6,CC(C)(C1=CC=C(C=C1)OCC2CO2)C3=CC=C(C=C3)OCC4CO4,OC(=O)CCCCC(=O)O,OC(=O)CCCCC(=O)O,1.0,0.0,Iso,165.0,38.21443199999997,438.17,0.9776559645001304,0.0024918119763378
C6,CC(C)(C1=CC=C(C=C1)OCC2CO2)C3=CC=C(C=C3)OCC4CO4,OC(=O)CCCCC(=O)O,OC(=O)CCCCC(=O)O,1.0,0.0,Dyn,5.0,2.99,450.67,0.2247407708617735,0.0905050974469196
C6,CC(C)(C1=CC=C(C=C1)OCC2CO2)C3=CC=C(C=C3)OCC4CO4,OC(=O)CCCCC(=O)O,OC(=O)CCCCC(=O)O,1.0,0.0,Iso,165.0,26.272422000000024,438.17,0.9286870268859304,0.0059016599439583
C12,CC(C)(C1=CC=C(C=C1)OCC2CO2)C3=CC=C(C=C3)OCC4CO4,OC(=O)CCCCCCCCCCC(=O)O,OC(=O)CCCCCCCCCCC(=O)O,1.0,0.0,Dyn,2.5,27.40868270962267,502.4920645157992,0.8049916573971079,0.0110449788315086
C8,CC(C)(C1=CC=C(C=C1)OCC2CO2)C3=CC=C(C=C3)OCC4CO4,OC(=O)CCCCCCC(=O)O,OC(=O)CCCCCCC(=O)O,1.0,0.0,Iso,170.0,18.2,443.19,0.6362949411390392,0.0265328848688695
C12,CC(C)(C1=CC=C(C=C1)OCC2CO2)C3=CC=C(C=C3)OCC4CO4,OC(=O)CCCCCCCCCCC(=O)O,OC(=O)CCCCCCCCCCC(=O)O,1.0,0.0,Iso,170.0,25.34730000000001,443.1750431137724,0.7833170226239133,0.0110922367376216
C14,CC(C)(C1=CC=C(C=C1)OCC2CO2)C3=CC=C(C=C3)OCC4CO4,OC(=O)CCCCCCCCCCCCC(=O)O,OC(=O)CCCCCCCCCCCCC(=O)O,1.0,0.0,Iso,180.0,15.88301999999999,453.1765889820359,0.937737263281754,0.0160557109153738
C12,CC(C)(C1=CC=C(C=C1)OCC2CO2)C3=CC=C(C=C3)OCC4CO4,OC(=O)CCCCCCCCCCC(=O)O,OC(=O)CCCCCCCCCCC(=O)O,1.0,0.0,Dyn,2.5,31.43814606445296,512.5688387092991,0.8470175194660734,0.0096619698028082
C12,CC(C)(C1=CC=C(C=C1)OCC2CO2)C3=CC=C(C=C3)OCC4CO4,OC(=O)CCCCCCCCCCC(=O)O,OC(=O)CCCCCCCCCCC(=O)O,1.0,0.0,Iso,170.0,81.41859999999998,443.1659882035928,0.9887743941051176,0.0008244230007693
C12,CC(C)(C1=CC=C(C=C1)OCC2CO2)C3=CC=C(C=C3)OCC4CO4,OC(=O)CCCCCCCCCCC(=O)O,OC(=O)CCCCCCCCCCC(=O)O,1.0,0.0,Dyn,2.5,32.245700322515845,514.5841935479991,0.8547837651140123,0.0093829414040026
C14,CC(C)(C1=CC=C(C=C1)OCC2CO2)C3=CC=C(C=C3)OCC4CO4,OC(=O)CCCCCCCCCCCCC(=O)O,OC(=O)CCCCCCCCCCCCC(=O)O,1.0,0.0,Dyn,10.0,12.66667665236952,563.2744451604289,0.9887806296110464,0.007107590099026
C6,CC(C)(C1=CC=C(C=C1)OCC2CO2)C3=CC=C(C=C3)OCC4CO4,OC(=O)CCCCC(=O)O,OC(=O)CCCCC(=O)O,1.0,0.0,Dyn,10.0,3.0749999999999926,469.41,0.4037902716361336,0.2195198989260882
C14,CC(C)(C1=CC=C(C=C1)OCC2CO2)C3=CC=C(C=C3)OCC4CO4,OC(=O)CCCCCCCCCCCCC(=O)O,OC(=O)CCCCCCCCCCCCC(=O)O,1.0,0.0,Iso,170.0,21.988200000000013,443.19070646706587,0.8567690386268976,0.0160941773445967
C10,CC(C)(C1=CC=C(C=C1)OCC2CO2)C3=CC=C(C=C3)OCC4CO4,OC(=O)CCCCCCCCC(=O)O,OC(=O)CCCCCCCCC(=O)O,1.0,0.0,Iso,170.0,7.374220000000002,443.21,0.3589886653621064,0.0379707204939849
C6,CC(C)(C1=CC=C(C=C1)OCC2CO2)C3=CC=C(C=C3)OCC4CO4,OC(=O)CCCCC(=O)O,OC(=O)CCCCC(=O)O,1.0,0.0,Iso,170.0,38.64500000000004,443.17,0.952844345414033,0.0024992875294925
C6,CC(C)(C1=CC=C(C=C1)OCC2CO2)C3=CC=C(C=C3)OCC4CO4,OC(=O)CCCCC(=O)O,OC(=O)CCCCC(=O)O,1.0,0.0,Iso,170.0,56.33000000000007,443.17,0.9826292574234916,0.0010413698039551
C14,CC(C)(C1=CC=C(C=C1)OCC2CO2)C3=CC=C(C=C3)OCC4CO4,OC(=O)CCCCCCCCCCCCC(=O)O,OC(=O)CCCCCCCCCCCCC(=O)O,1.0,0.0,Dyn,10.0,12.566895065379562,562.2764967733389,0.9881133064652352,0.0066878385676353
C8,CC(C)(C1=CC=C(C=C1)OCC2CO2)C3=CC=C(C=C3)OCC4CO4,OC(=O)CCCCCCC(=O)O,OC(=O)CCCCCCC(=O)O,1.0,0.0,Iso,160.0,98.0,433.17,0.9782092999148334,0.0010823195406539
C14,CC(C)(C1=CC=C(C=C1)OCC2CO2)C3=CC=C(C=C3)OCC4CO4,OC(=O)CCCCCCCCCCCCC(=O)O,OC(=O)CCCCCCCCCCCCC(=O)O,1.0,0.0,Iso,160.0,1.1521074838599996,433.15,0.0470150352141286,0.0359177618865049
C6,CC(C)(C1=CC=C(C=C1)OCC2CO2)C3=CC=C(C=C3)OCC4CO4,OC(=O)CCCCC(=O)O,OC(=O)CCCCC(=O)O,1.0,0.0,Iso,170.0,51.74500000000006,443.17,0.9770815333545542,0.0013190684183432
C6,CC(C)(C1=CC=C(C=C1)OCC2CO2)C3=CC=C(C=C3)OCC4CO4,OC(=O)CCCCC(=O)O,OC(=O)CCCCC(=O)O,1.0,0.0,Dyn,2.5,48.39,555.3600000000008,0.9848037036068318,0.0045241799747071
C8,CC(C)(C1=CC=C(C=C1)OCC2CO2)C3=CC=C(C=C3)OCC4CO4,OC(=O)CCCCCCC(=O)O,OC(=O)CCCCCCC(=O)O,1.0,0.0,Dyn,5.0,2.23,446.5500000000002,0.1103344205388304,0.0568857288954724
C10,CC(C)(C1=CC=C(C=C1)OCC2CO2)C3=CC=C(C=C3)OCC4CO4,OC(=O)CCCCCCCCC(=O)O,OC(=O)CCCCCCCCC(=O)O,1.0,0.0,Dyn,2.5,34.010000000000005,520.13,0.9832204860921332,0.0045091527602572
C10,CC(C)(C1=CC=C(C=C1)OCC2CO2)C3=CC=C(C=C3)OCC4CO4,OC(=O)CCCCCCCCC(=O)O,OC(=O)CCCCCCCCC(=O)O,1.0,0.0,Dyn,10.0,1.2899999999999996,451.32,0.0650732509986852,0.0606776984209656
C8,CC(C)(C1=CC=C(C=C1)OCC2CO2)C3=CC=C(C=C3)OCC4CO4,OC(=O)CCCCCCC(=O)O,OC(=O)CCCCCCC(=O)O,1.0,0.0,Iso,180.0,0.0,453.25,0.010562259126186,0.0765924145884651
C10,CC(C)(C1=CC=C(C=C1)OCC2CO2)C3=CC=C(C=C3)OCC4CO4,OC(=O)CCCCCCCCC(=O)O,OC(=O)CCCCCCCCC(=O)O,1.0,0.0,Iso,165.0,63.70500000000008,438.16,0.9584188628505886,0.0024641564257082
C6,CC(C)(C1=CC=C(C=C1)OCC2CO2)C3=CC=C(C=C3)OCC4CO4,OC(=O)CCCCC(=O)O,OC(=O)CCCCC(=O)O,1.0,0.0,Dyn,5.0,16.21,516.67,0.8906735600801649,0.0107467541897821
C6,CC(C)(C1=CC=C(C=C1)OCC2CO2)C3=CC=C(C=C3)OCC4CO4,OC(=O)CCCCC(=O)O,OC(=O)CCCCC(=O)O,1.0,0.0,Dyn,2.5,1.85,439.11,0.0868176705986976,0.0487056250402057
C6,CC(C)(C1=CC=C(C=C1)OCC2CO2)C3=CC=C(C=C3)OCC4CO4,OC(=O)CCCCC(=O)O,OC(=O)CCCCC(=O)O,1.0,0.0,Dyn,5.0,16.41,517.67,0.8928229109181213,0.0106015277818122
C6,CC(C)(C1=CC=C(C=C1)OCC2CO2)C3=CC=C(C=C3)OCC4CO4,OC(=O)CCCCC(=O)O,OC(=O)CCCCC(=O)O,1.0,0.0,Iso,170.0,39.95500000000004,443.17,0.956027465781456,0.0023604382222983
C14,CC(C)(C1=CC=C(C=C1)OCC2CO2)C3=CC=C(C=C3)OCC4CO4,OC(=O)CCCCCCCCCCCCC(=O)O,OC(=O)CCCCCCCCCCCCC(=O)O,1.0,0.0,Dyn,2.5,8.308158047288023,454.9461225806202,0.4560629873082516,0.0703483705975751
C12,CC(C)(C1=CC=C(C=C1)OCC2CO2)C3=CC=C(C=C3)OCC4CO4,OC(=O)CCCCCCCCCCC(=O)O,OC(=O)CCCCCCCCCCC(=O)O,1.0,0.0,Dyn,10.0,6.576454256304919,502.3140774187802,0.7180286874271312,0.1821614883592453
C8,CC(C)(C1=CC=C(C=C1)OCC2CO2)C3=CC=C(C=C3)OCC4CO4,OC(=O)CCCCCCC(=O)O,OC(=O)CCCCCCC(=O)O,1.0,0.0,Dyn,5.0,5.74,464.1500000000005,0.3573913842997271,0.0814093506124806
C12,CC(C)(C1=CC=C(C=C1)OCC2CO2)C3=CC=C(C=C3)OCC4CO4,OC(=O)CCCCCCCCCCC(=O)O,OC(=O)CCCCCCCCCCC(=O)O,1.0,0.0,Dyn,5.0,10.37329920426037,487.0138335483196,0.6795088018834824,0.0606930690361578
C6,CC(C)(C1=CC=C(C=C1)OCC2CO2)C3=CC=C(C=C3)OCC4CO4,OC(=O)CCCCC(=O)O,OC(=O)CCCCC(=O)O,1.0,0.0,Dyn,10.0,10.61,544.41,0.9550379027163614,0.0159507264687298
C6,CC(C)(C1=CC=C(C=C1)OCC2CO2)C3=CC=C(C=C3)OCC4CO4,OC(=O)CCCCC(=O)O,OC(=O)CCCCC(=O)O,1.0,0.0,Iso,170.0,51.09000000000006,443.17,0.9761720703924333,0.0013884930719403
C6,CC(C)(C1=CC=C(C=C1)OCC2CO2)C3=CC=C(C=C3)OCC4CO4,OC(=O)CCCCC(=O)O,OC(=O)CCCCC(=O)O,1.0,0.0,Dyn,10.0,4.58,484.41,0.707106759317751,0.1470165967954972
C6,CC(C)(C1=CC=C(C=C1)OCC2CO2)C3=CC=C(C=C3)OCC4CO4,OC(=O)CCCCC(=O)O,OC(=O)CCCCC(=O)O,1.0,0.0,Dyn,2.5,30.160000000000004,509.7900000000005,0.8400857897627704,0.0084121471404749
C10,CC(C)(C1=CC=C(C=C1)OCC2CO2)C3=CC=C(C=C3)OCC4CO4,OC(=O)CCCCCCCCC(=O)O,OC(=O)CCCCCCCCC(=O)O,1.0,0.0,Iso,170.0,31.077070000000028,443.18,0.8402896564866448,0.0100906266635772
C10,CC(C)(C1=CC=C(C=C1)OCC2CO2)C3=CC=C(C=C3)OCC4CO4,OC(=O)CCCCCCCCC(=O)O,OC(=O)CCCCCCCCC(=O)O,1.0,0.0,Iso,180.0,39.47373,453.17,0.9463586111928108,0.0041432372201569
C10,CC(C)(C1=CC=C(C=C1)OCC2CO2)C3=CC=C(C=C3)OCC4CO4,OC(=O)CCCCCCCCC(=O)O,OC(=O)CCCCCCCCC(=O)O,1.0,0.0,Iso,180.0,16.56922,453.19,0.7313219270786712,0.0186445674907053
C8,CC(C)(C1=CC=C(C=C1)OCC2CO2)C3=CC=C(C=C3)OCC4CO4,OC(=O)CCCCCCC(=O)O,OC(=O)CCCCCCC(=O)O,1.0,0.0,Dyn,2.5,13.580000000000002,468.15,0.6738748903096403,0.0521812711545695
C14,CC(C)(C1=CC=C(C=C1)OCC2CO2)C3=CC=C(C=C3)OCC4CO4,OC(=O)CCCCCCCCCCCCC(=O)O,OC(=O)CCCCCCCCCCCCC(=O)O,1.0,0.0,Dyn,5.0,1.5346647224845609,443.16410967739984,0.072870389644671,0.0527802607683085
C14,CC(C)(C1=CC=C(C=C1)OCC2CO2)C3=CC=C(C=C3)OCC4CO4,OC(=O)CCCCCCCCCCCCC(=O)O,OC(=O)CCCCCCCCCCCCC(=O)O,1.0,0.0,Iso,170.0,20.29680000000001,443.1948253293413,0.8264650762337609,0.0188192326620801
C14,CC(C)(C1=CC=C(C=C1)OCC2CO2)C3=CC=C(C=C3)OCC4CO4,OC(=O)CCCCCCCCCCCCC(=O)O,OC(=O)CCCCCCCCCCCCC(=O)O,1.0,0.0,Dyn,2.5,13.457038351810525,467.7898903225404,0.7967424713521614,0.0489787453030327
C8,CC(C)(C1=CC=C(C=C1)OCC2CO2)C3=CC=C(C=C3)OCC4CO4,OC(=O)CCCCCCC(=O)O,OC(=O)CCCCCCC(=O)O,1.0,0.0,Dyn,5.0,6.379999999999999,467.3500000000005,0.4100055166807081,0.0825183324784032
C10,CC(C)(C1=CC=C(C=C1)OCC2CO2)C3=CC=C(C=C3)OCC4CO4,OC(=O)CCCCCCCCC(=O)O,OC(=O)CCCCCCCCC(=O)O,1.0,0.0,Iso,170.0,35.81764000000003,443.18,0.8832636653134932,0.0079986674772259
C6,CC(C)(C1=CC=C(C=C1)OCC2CO2)C3=CC=C(C=C3)OCC4CO4,OC(=O)CCCCC(=O)O,OC(=O)CCCCC(=O)O,1.0,0.0,Dyn,5.0,3.390000000000001,452.67,0.2613349211420604,0.0933370124023358
C12,CC(C)(C1=CC=C(C=C1)OCC2CO2)C3=CC=C(C=C3)OCC4CO4,OC(=O)CCCCCCCCCCC(=O)O,OC(=O)CCCCCCCCCCC(=O)O,1.0,0.0,Dyn,5.0,8.570142088696144,478.0201277418796,0.5499931259441264,0.0792982406235309
C10,CC(C)(C1=CC=C(C=C1)OCC2CO2)C3=CC=C(C=C3)OCC4CO4,OC(=O)CCCCCCCCC(=O)O,OC(=O)CCCCCCCCC(=O)O,1.0,0.0,Iso,180.0,4.8733,453.21,0.3471945284437334,0.0542239127684733
C8,CC(C)(C1=CC=C(C=C1)OCC2CO2)C3=CC=C(C=C3)OCC4CO4,OC(=O)CCCCCCC(=O)O,OC(=O)CCCCCCC(=O)O,1.0,0.0,Iso,180.0,11.699099999999987,453.22,0.6430357779626767,0.0370553972977486
C8,CC(C)(C1=CC=C(C=C1)OCC2CO2)C3=CC=C(C=C3)OCC4CO4,OC(=O)CCCCCCC(=O)O,OC(=O)CCCCCCC(=O)O,1.0,0.0,Iso,160.0,22.0,433.19,0.5374527056425165,0.0158018652935479
C14,CC(C)(C1=CC=C(C=C1)OCC2CO2)C3=CC=C(C=C3)OCC4CO4,OC(=O)CCCCCCCCCCCCC(=O)O,OC(=O)CCCCCCCCCCCCC(=O)O,1.0,0.0,Dyn,2.5,10.87718852765098,461.3680064515803,0.6383723991165455,0.0702557046985918
C6,CC(C)(C1=CC=C(C=C1)OCC2CO2)C3=CC=C(C=C3)OCC4CO4,OC(=O)CCCCC(=O)O,OC(=O)CCCCC(=O)O,1.0,0.0,Iso,165.0,7.165205999999999,438.194794,0.5856977916992951,0.0555560496556412
C8,CC(C)(C1=CC=C(C=C1)OCC2CO2)C3=CC=C(C=C3)OCC4CO4,OC(=O)CCCCCCC(=O)O,OC(=O)CCCCCCC(=O)O,1.0,0.0,Dyn,5.0,0.96,440.15000000000015,0.0454662401724056,0.0482494486007743
C12,CC(C)(C1=CC=C(C=C1)OCC2CO2)C3=CC=C(C=C3)OCC4CO4,OC(=O)CCCCCCCCCCC(=O)O,OC(=O)CCCCCCCCCCC(=O)O,1.0,0.0,Iso,180.0,56.36549999999992,453.1681363473054,0.9473289488865814,0.0023028749837426
C8,CC(C)(C1=CC=C(C=C1)OCC2CO2)C3=CC=C(C=C3)OCC4CO4,OC(=O)CCCCCCC(=O)O,OC(=O)CCCCCCC(=O)O,1.0,0.0,Dyn,10.0,7.479999999999999,514.15,0.875026163470176,0.0989528910939949
C10,CC(C)(C1=CC=C(C=C1)OCC2CO2)C3=CC=C(C=C3)OCC4CO4,OC(=O)CCCCCCCCC(=O)O,OC(=O)CCCCCCCCC(=O)O,1.0,0.0,Dyn,10.0,12.39,562.3199999999999,0.9841997989961064,0.0154834931886702
C12,CC(C)(C1=CC=C(C=C1)OCC2CO2)C3=CC=C(C=C3)OCC4CO4,OC(=O)CCCCCCCCCCC(=O)O,OC(=O)CCCCCCCCCCC(=O)O,1.0,0.0,Iso,180.0,83.42094000000009,453.1658276646706,0.9880004615207106,0.0008443874940392
C8,CC(C)(C1=CC=C(C=C1)OCC2CO2)C3=CC=C(C=C3)OCC4CO4,OC(=O)CCCCCCC(=O)O,OC(=O)CCCCCCC(=O)O,1.0,0.0,Dyn,2.5,7.97,454.15,0.3692177510342234,0.0551585809201452
C10,CC(C)(C1=CC=C(C=C1)OCC2CO2)C3=CC=C(C=C3)OCC4CO4,OC(=O)CCCCCCCCC(=O)O,OC(=O)CCCCCCCCC(=O)O,1.0,0.0,Dyn,5.0,0.8000000000000003,439.5,0.0384600896763644,0.0418216848493773
C12,CC(C)(C1=CC=C(C=C1)OCC2CO2)C3=CC=C(C=C3)OCC4CO4,OC(=O)CCCCCCCCCCC(=O)O,OC(=O)CCCCCCCCCCC(=O)O,1.0,0.0,Dyn,2.5,11.274164645138748,462.18496774179965,0.5063610104407652,0.0407678334725587
C8,CC(C)(C1=CC=C(C=C1)OCC2CO2)C3=CC=C(C=C3)OCC4CO4,OC(=O)CCCCCCC(=O)O,OC(=O)CCCCCCC(=O)O,1.0,0.0,Iso,180.0,2.1665,453.27,0.1790902967629462,0.0698994967903747
C10,CC(C)(C1=CC=C(C=C1)OCC2CO2)C3=CC=C(C=C3)OCC4CO4,OC(=O)CCCCCCCCC(=O)O,OC(=O)CCCCCCCCC(=O)O,1.0,0.0,Iso,165.0,19.864999999999995,438.17,0.6518547245640773,0.0153859523166138
C12,CC(C)(C1=CC=C(C=C1)OCC2CO2)C3=CC=C(C=C3)OCC4CO4,OC(=O)CCCCCCCCCCC(=O)O,OC(=O)CCCCCCCCCCC(=O)O,1.0,0.0,Dyn,5.0,14.977177132236449,509.9977483869993,0.8589842133534688,0.029946080389231
C8,CC(C)(C1=CC=C(C=C1)OCC2CO2)C3=CC=C(C=C3)OCC4CO4,OC(=O)CCCCCCC(=O)O,OC(=O)CCCCCCC(=O)O,1.0,0.0,Dyn,5.0,5.9,464.9500000000005,0.370416880397724,0.0819638415454492
C10,CC(C)(C1=CC=C(C=C1)OCC2CO2)C3=CC=C(C=C3)OCC4CO4,OC(=O)CCCCCCCCC(=O)O,OC(=O)CCCCCCCCC(=O)O,1.0,0.0,Iso,170.0,53.19973000000005,443.17,0.9743970837306108,0.003032848594519
C14,CC(C)(C1=CC=C(C=C1)OCC2CO2)C3=CC=C(C=C3)OCC4CO4,OC(=O)CCCCCCCCCCCCC(=O)O,OC(=O)CCCCCCCCCCCCC(=O)O,1.0,0.0,Iso,170.0,33.264200000000024,443.174105748503,0.9656624554583736,0.0043502691610026
C14,CC(C)(C1=CC=C(C=C1)OCC2CO2)C3=CC=C(C=C3)OCC4CO4,OC(=O)CCCCCCCCCCCCC(=O)O,OC(=O)CCCCCCCCCCCCC(=O)O,1.0,0.0,Iso,160.0,36.86743948351996,433.15,0.907613294956074,0.0074817528529033
C10,CC(C)(C1=CC=C(C=C1)OCC2CO2)C3=CC=C(C=C3)OCC4CO4,OC(=O)CCCCCCCCC(=O)O,OC(=O)CCCCCCCCC(=O)O,1.0,0.0,Dyn,5.0,8.59,478.5,0.5364869670477986,0.0669093193572863
C8,CC(C)(C1=CC=C(C=C1)OCC2CO2)C3=CC=C(C=C3)OCC4CO4,OC(=O)CCCCCCC(=O)O,OC(=O)CCCCCCC(=O)O,1.0,0.0,Iso,160.0,73.0,433.17,0.9312005545324292,0.0028140308057004
C6,CC(C)(C1=CC=C(C=C1)OCC2CO2)C3=CC=C(C=C3)OCC4CO4,OC(=O)CCCCC(=O)O,OC(=O)CCCCC(=O)O,1.0,0.0,Iso,170.0,8.514999999999997,443.21,0.6299849938611249,0.0380447101711633
C8,CC(C)(C1=CC=C(C=C1)OCC2CO2)C3=CC=C(C=C3)OCC4CO4,OC(=O)CCCCCCC(=O)O,OC(=O)CCCCCCC(=O)O,1.0,0.0,Dyn,5.0,3.180000000000341,451.3500000000003,0.1686346053960272,0.0649510515567684
C6,CC(C)(C1=CC=C(C=C1)OCC2CO2)C3=CC=C(C=C3)OCC4CO4,OC(=O)CCCCC(=O)O,OC(=O)CCCCC(=O)O,1.0,0.0,Iso,180.0,8.102659999999997,453.22,0.7504632395048677,0.0380880162895216
C14,CC(C)(C1=CC=C(C=C1)OCC2CO2)C3=CC=C(C=C3)OCC4CO4,OC(=O)CCCCCCCCCCCCC(=O)O,OC(=O)CCCCCCCCCCCCC(=O)O,1.0,0.0,Dyn,10.0,7.171864857377222,508.38728387047934,0.8885315738844599,0.089364826185563
C14,CC(C)(C1=CC=C(C=C1)OCC2CO2)C3=CC=C(C=C3)OCC4CO4,OC(=O)CCCCCCCCCCCCC(=O)O,OC(=O)CCCCCCCCCCCCC(=O)O,1.0,0.0,Iso,170.0,42.28500000000003,443.16917,0.9889397936045166,0.001231208253114
C6,CC(C)(C1=CC=C(C=C1)OCC2CO2)C3=CC=C(C=C3)OCC4CO4,OC(=O)CCCCC(=O)O,OC(=O)CCCCC(=O)O,1.0,0.0,Dyn,5.0,12.61,498.67,0.8434168869267187,0.016991489732493
C6,CC(C)(C1=CC=C(C=C1)OCC2CO2)C3=CC=C(C=C3)OCC4CO4,OC(=O)CCCCC(=O)O,OC(=O)CCCCC(=O)O,1.0,0.0,Iso,180.0,14.179654999999988,453.18,0.8997841504779525,0.0126649733159761
C14,CC(C)(C1=CC=C(C=C1)OCC2CO2)C3=CC=C(C=C3)OCC4CO4,OC(=O)CCCCCCCCCCCCC(=O)O,OC(=O)CCCCCCCCCCCCC(=O)O,1.0,0.0,Dyn,2.5,23.756669261212508,493.4774258063807,0.9800804329302912,0.0012306715599346
C14,CC(C)(C1=CC=C(C=C1)OCC2CO2)C3=CC=C(C=C3)OCC4CO4,OC(=O)CCCCCCCCCCCCC(=O)O,OC(=O)CCCCCCCCCCCCC(=O)O,1.0,0.0,Iso,180.0,17.647799999999982,453.1721282035928,0.9625147428337008,0.0103418835819516
C12,CC(C)(C1=CC=C(C=C1)OCC2CO2)C3=CC=C(C=C3)OCC4CO4,OC(=O)CCCCCCCCCCC(=O)O,OC(=O)CCCCCCCCCCC(=O)O,1.0,0.0,Dyn,5.0,22.17546797111881,545.9725716127595,0.9786410854356582,0.0066116875586865
C8,CC(C)(C1=CC=C(C=C1)OCC2CO2)C3=CC=C(C=C3)OCC4CO4,OC(=O)CCCCCCC(=O)O,OC(=O)CCCCCCC(=O)O,1.0,0.0,Iso,160.0,13.0,433.21,0.3685242717372455,0.0216247444222662
C8,CC(C)(C1=CC=C(C=C1)OCC2CO2)C3=CC=C(C=C3)OCC4CO4,OC(=O)CCCCCCC(=O)O,OC(=O)CCCCCCC(=O)O,1.0,0.0,Dyn,10.0,4.470000000000001,484.15,0.4423210520443341,0.1498545840435827
C10,CC(C)(C1=CC=C(C=C1)OCC2CO2)C3=CC=C(C=C3)OCC4CO4,OC(=O)CCCCCCCCC(=O)O,OC(=O)CCCCCCCCC(=O)O,1.0,0.0,Iso,170.0,3.160379999999999,443.23,0.1725169481583077,0.0486288095453237
C10,CC(C)(C1=CC=C(C=C1)OCC2CO2)C3=CC=C(C=C3)OCC4CO4,OC(=O)CCCCCCCCC(=O)O,OC(=O)CCCCCCCCC(=O)O,1.0,0.0,Iso,170.0,6.320760000000001,443.22,0.317062211197484,0.0403336376175379
C6,CC(C)(C1=CC=C(C=C1)OCC2CO2)C3=CC=C(C=C3)OCC4CO4,OC(=O)CCCCC(=O)O,OC(=O)CCCCC(=O)O,1.0,0.0,Iso,165.0,20.69948400000001,438.17,0.8903158444270425,0.0078367617803821
C12,CC(C)(C1=CC=C(C=C1)OCC2CO2)C3=CC=C(C=C3)OCC4CO4,OC(=O)CCCCCCCCCCC(=O)O,OC(=O)CCCCCCCCCCC(=O)O,1.0,0.0,Dyn,5.0,7.570199496693675,473.0236245160796,0.4677615103038293,0.0830241749989687
C8,CC(C)(C1=CC=C(C=C1)OCC2CO2)C3=CC=C(C=C3)OCC4CO4,OC(=O)CCCCCCC(=O)O,OC(=O)CCCCCCC(=O)O,1.0,0.0,Dyn,5.0,0.3199999999999998,436.9500000000001,0.0186321051459992,0.0403694603331314
C14,CC(C)(C1=CC=C(C=C1)OCC2CO2)C3=CC=C(C=C3)OCC4CO4,OC(=O)CCCCCCCCCCCCC(=O)O,OC(=O)CCCCCCCCCCCCC(=O)O,1.0,0.0,Dyn,10.0,10.970955733209756,546.309322579899,0.9771858899525742,0.0062672859087175
C10,CC(C)(C1=CC=C(C=C1)OCC2CO2)C3=CC=C(C=C3)OCC4CO4,OC(=O)CCCCCCCCC(=O)O,OC(=O)CCCCCCCCC(=O)O,1.0,0.0,Iso,165.0,35.62,438.17,0.8309994376254124,0.0078732802870171
C8,CC(C)(C1=CC=C(C=C1)OCC2CO2)C3=CC=C(C=C3)OCC4CO4,OC(=O)CCCCCCC(=O)O,OC(=O)CCCCCCC(=O)O,1.0,0.0,Iso,160.0,100.0,433.17,0.9803378616781196,0.0009740875865884
C6,CC(C)(C1=CC=C(C=C1)OCC2CO2)C3=CC=C(C=C3)OCC4CO4,OC(=O)CCCCC(=O)O,OC(=O)CCCCC(=O)O,1.0,0.0,Iso,165.0,22.291752000000013,438.17,0.9023753589141216,0.0070796181539718
C14,CC(C)(C1=CC=C(C=C1)OCC2CO2)C3=CC=C(C=C3)OCC4CO4,OC(=O)CCCCCCCCCCCCC(=O)O,OC(=O)CCCCCCCCCCCCC(=O)O,1.0,0.0,Iso,180.0,7.64738,453.2046945508982,0.6254993218526794,0.059704429243366
C14,CC(C)(C1=CC=C(C=C1)OCC2CO2)C3=CC=C(C=C3)OCC4CO4,OC(=O)CCCCCCCCCCCCC(=O)O,OC(=O)CCCCCCCCCCCCC(=O)O,1.0,0.0,Iso,170.0,14.658800000000006,443.211271497006,0.6875969011581171,0.0303108235407335
C12,CC(C)(C1=CC=C(C=C1)OCC2CO2)C3=CC=C(C=C3)OCC4CO4,OC(=O)CCCCCCCCCCC(=O)O,OC(=O)CCCCCCCCCCC(=O)O,1.0,0.0,Iso,160.0,20.797258645169997,433.15,0.552462066572254,0.0194853181441648
C6,CC(C)(C1=CC=C(C=C1)OCC2CO2)C3=CC=C(C=C3)OCC4CO4,OC(=O)CCCCC(=O)O,OC(=O)CCCCC(=O)O,1.0,0.0,Dyn,10.0,12.61,564.41,0.9841124447252052,0.011844598862919
C14,CC(C)(C1=CC=C(C=C1)OCC2CO2)C3=CC=C(C=C3)OCC4CO4,OC(=O)CCCCCCCCCCCCC(=O)O,OC(=O)CCCCCCCCCCCCC(=O)O,1.0,0.0,Dyn,5.0,3.333711993373463,452.18607096769966,0.1889095206616494,0.0783796482216552
C10,CC(C)(C1=CC=C(C=C1)OCC2CO2)C3=CC=C(C=C3)OCC4CO4,OC(=O)CCCCCCCCC(=O)O,OC(=O)CCCCCCCCC(=O)O,1.0,0.0,Iso,180.0,48.24567,453.17,0.9747609525687628,0.0024859423320941
C10,CC(C)(C1=CC=C(C=C1)OCC2CO2)C3=CC=C(C=C3)OCC4CO4,OC(=O)CCCCCCCCC(=O)O,OC(=O)CCCCCCCCC(=O)O,1.0,0.0,Dyn,10.0,5.99,498.32,0.5924111177111455,0.1176745482338963
C8,CC(C)(C1=CC=C(C=C1)OCC2CO2)C3=CC=C(C=C3)OCC4CO4,OC(=O)CCCCCCC(=O)O,OC(=O)CCCCCCC(=O)O,1.0,0.0,Dyn,2.5,6.7700000000000005,451.15,0.3038955747774853,0.0538501316284317
C8,CC(C)(C1=CC=C(C=C1)OCC2CO2)C3=CC=C(C=C3)OCC4CO4,OC(=O)CCCCCCC(=O)O,OC(=O)CCCCCCC(=O)O,1.0,0.0,Iso,160.0,16.0,433.2,0.4309163855241444,0.0193013651416624
C12,CC(C)(C1=CC=C(C=C1)OCC2CO2)C3=CC=C(C=C3)OCC4CO4,OC(=O)CCCCCCCCCCC(=O)O,OC(=O)CCCCCCCCCCC(=O)O,1.0,0.0,Iso,170.0,19.202500000000008,443.181905269461,0.6947786540786368,0.0173878305616768
C8,CC(C)(C1=CC=C(C=C1)OCC2CO2)C3=CC=C(C=C3)OCC4CO4,OC(=O)CCCCCCC(=O)O,OC(=O)CCCCCCC(=O)O,1.0,0.0,Iso,180.0,45.06320000000006,453.17,0.9890249217480884,0.00128016869551
C14,CC(C)(C1=CC=C(C=C1)OCC2CO2)C3=CC=C(C=C3)OCC4CO4,OC(=O)CCCCCCCCCCCCC(=O)O,OC(=O)CCCCCCCCCCCCC(=O)O,1.0,0.0,Dyn,5.0,6.67988513524068,468.94114193539934,0.512235092392762,0.1054218530646806
C6,CC(C)(C1=CC=C(C=C1)OCC2CO2)C3=CC=C(C=C3)OCC4CO4,OC(=O)CCCCC(=O)O,OC(=O)CCCCC(=O)O,1.0,0.0,Iso,170.0,55.02000000000007,443.17,0.9811741166840982,0.001110794457552
C6,CC(C)(C1=CC=C(C=C1)OCC2CO2)C3=CC=C(C=C3)OCC4CO4,OC(=O)CCCCC(=O)O,OC(=O)CCCCC(=O)O,1.0,0.0,Iso,170.0,5.895,443.23,0.501068618980492,0.0556091475312073
C6,CC(C)(C1=CC=C(C=C1)OCC2CO2)C3=CC=C(C=C3)OCC4CO4,OC(=O)CCCCC(=O)O,OC(=O)CCCCC(=O)O,1.0,0.0,Iso,170.0,16.375,443.18,0.8211086353508253,0.0132601088370292
C10,CC(C)(C1=CC=C(C=C1)OCC2CO2)C3=CC=C(C=C3)OCC4CO4,OC(=O)CCCCCCCCC(=O)O,OC(=O)CCCCCCCCC(=O)O,1.0,0.0,Iso,180.0,45.80902,453.17,0.9682997564263662,0.0027621581467713
C6,CC(C)(C1=CC=C(C=C1)OCC2CO2)C3=CC=C(C=C3)OCC4CO4,OC(=O)CCCCC(=O)O,OC(=O)CCCCC(=O)O,1.0,0.0,Dyn,10.0,8.209999999999999,520.41,0.9125710675931776,0.0202147820593801
C12,CC(C)(C1=CC=C(C=C1)OCC2CO2)C3=CC=C(C=C3)OCC4CO4,OC(=O)CCCCCCCCCCC(=O)O,OC(=O)CCCCCCCCCCC(=O)O,1.0,0.0,Dyn,2.5,21.7657649676982,488.38458064489936,0.7374513348164627,0.0130132284794037
C10,CC(C)(C1=CC=C(C=C1)OCC2CO2)C3=CC=C(C=C3)OCC4CO4,OC(=O)CCCCCCCCC(=O)O,OC(=O)CCCCCCCCC(=O)O,1.0,0.0,Iso,170.0,48.45916000000005,443.17,0.9576741662685792,0.0039378055272498
C6,CC(C)(C1=CC=C(C=C1)OCC2CO2)C3=CC=C(C=C3)OCC4CO4,OC(=O)CCCCC(=O)O,OC(=O)CCCCC(=O)O,1.0,0.0,Dyn,2.5,24.58,495.8400000000004,0.7948369209844899,0.0081293858920518
C14,CC(C)(C1=CC=C(C=C1)OCC2CO2)C3=CC=C(C=C3)OCC4CO4,OC(=O)CCCCCCCCCCCCC(=O)O,OC(=O)CCCCCCCCCCCCC(=O)O,1.0,0.0,Dyn,10.0,9.873744752547491,535.3318903219091,0.969803627652036,0.0075473808505375
C14,CC(C)(C1=CC=C(C=C1)OCC2CO2)C3=CC=C(C=C3)OCC4CO4,OC(=O)CCCCCCCCCCCCC(=O)O,OC(=O)CCCCCCCCCCCCC(=O)O,1.0,0.0,Dyn,10.0,7.070975154486683,507.38933548338935,0.8784327492707902,0.1000976742356602
C6,CC(C)(C1=CC=C(C=C1)OCC2CO2)C3=CC=C(C=C3)OCC4CO4,OC(=O)CCCCC(=O)O,OC(=O)CCCCC(=O)O,1.0,0.0,Dyn,10.0,12.21,560.41,0.979074542008844,0.0131080227416291
C6,CC(C)(C1=CC=C(C=C1)OCC2CO2)C3=CC=C(C=C3)OCC4CO4,OC(=O)CCCCC(=O)O,OC(=O)CCCCC(=O)O,1.0,0.0,Iso,170.0,7.859999999999998,443.21,0.6019280614796962,0.0428350112693568
C12,CC(C)(C1=CC=C(C=C1)OCC2CO2)C3=CC=C(C=C3)OCC4CO4,OC(=O)CCCCCCCCCCC(=O)O,OC(=O)CCCCCCCCCCC(=O)O,1.0,0.0,Iso,160.0,24.648602838719988,433.15,0.623513288630023,0.0169024509393737
C8,CC(C)(C1=CC=C(C=C1)OCC2CO2)C3=CC=C(C=C3)OCC4CO4,OC(=O)CCCCCCC(=O)O,OC(=O)CCCCCCC(=O)O,1.0,0.0,Iso,170.0,22.4,443.19,0.7382675787464206,0.0202263533475752
C14,CC(C)(C1=CC=C(C=C1)OCC2CO2)C3=CC=C(C=C3)OCC4CO4,OC(=O)CCCCCCCCCCCCC(=O)O,OC(=O)CCCCCCCCCCCCC(=O)O,1.0,0.0,Iso,160.0,12.67318232246,433.15,0.4668233126090703,0.0322929773563982
C8,CC(C)(C1=CC=C(C=C1)OCC2CO2)C3=CC=C(C=C3)OCC4CO4,OC(=O)CCCCCCC(=O)O,OC(=O)CCCCCCC(=O)O,1.0,0.0,Iso,170.0,10.5,443.19,0.4344177537384664,0.0289191400390891
C8,CC(C)(C1=CC=C(C=C1)OCC2CO2)C3=CC=C(C=C3)OCC4CO4,OC(=O)CCCCCCC(=O)O,OC(=O)CCCCCCC(=O)O,1.0,0.0,Dyn,5.0,13.75000000000108,504.15000000000106,0.9320899831918764,0.0306007830386245
C12,CC(C)(C1=CC=C(C=C1)OCC2CO2)C3=CC=C(C=C3)OCC4CO4,OC(=O)CCCCCCCCCCC(=O)O,OC(=O)CCCCCCCCCCC(=O)O,1.0,0.0,Iso,170.0,39.17309999999998,443.1695395209581,0.8891634726057633,0.0050470664489123
C8,CC(C)(C1=CC=C(C=C1)OCC2CO2)C3=CC=C(C=C3)OCC4CO4,OC(=O)CCCCCCC(=O)O,OC(=O)CCCCCCC(=O)O,1.0,0.0,Iso,170.0,63.7,443.17,0.984489341393573,0.0010226807872369
C6,CC(C)(C1=CC=C(C=C1)OCC2CO2)C3=CC=C(C=C3)OCC4CO4,OC(=O)CCCCC(=O)O,OC(=O)CCCCC(=O)O,1.0,0.0,Dyn,10.0,4.08,479.41,0.6153506001263424,0.1934617814276652
C8,CC(C)(C1=CC=C(C=C1)OCC2CO2)C3=CC=C(C=C3)OCC4CO4,OC(=O)CCCCCCC(=O)O,OC(=O)CCCCCCC(=O)O,1.0,0.0,Iso,180.0,37.26380000000001,453.17,0.9739688577201948,0.002651778012128
C6,CC(C)(C1=CC=C(C=C1)OCC2CO2)C3=CC=C(C=C3)OCC4CO4,OC(=O)CCCCC(=O)O,OC(=O)CCCCC(=O)O,1.0,0.0,Iso,180.0,19.85151699999998,453.17,0.9481146953878684,0.0053113735377667
C6,CC(C)(C1=CC=C(C=C1)OCC2CO2)C3=CC=C(C=C3)OCC4CO4,OC(=O)CCCCC(=O)O,OC(=O)CCCCC(=O)O,1.0,0.0,Dyn,10.0,2.58,464.41,0.3017150979153505,0.189418825015792
C6,CC(C)(C1=CC=C(C=C1)OCC2CO2)C3=CC=C(C=C3)OCC4CO4,OC(=O)CCCCC(=O)O,OC(=O)CCCCC(=O)O,1.0,0.0,Dyn,5.0,17.41,522.67,0.9033373028551512,0.0104563013738423
C14,CC(C)(C1=CC=C(C=C1)OCC2CO2)C3=CC=C(C=C3)OCC4CO4,OC(=O)CCCCCCCCCCCCC(=O)O,OC(=O)CCCCCCCCCCCCC(=O)O,1.0,0.0,Iso,160.0,28.22663335457,433.15,0.8185001345790587,0.0135036514906054
C12,CC(C)(C1=CC=C(C=C1)OCC2CO2)C3=CC=C(C=C3)OCC4CO4,OC(=O)CCCCCCCCCCC(=O)O,OC(=O)CCCCCCCCCCC(=O)O,1.0,0.0,Iso,170.0,55.303199999999904,443.1676004790419,0.9491681538195844,0.0024732690023075
C14,CC(C)(C1=CC=C(C=C1)OCC2CO2)C3=CC=C(C=C3)OCC4CO4,OC(=O)CCCCCCCCCCCCC(=O)O,OC(=O)CCCCCCCCCCCCC(=O)O,1.0,0.0,Dyn,2.5,14.42442974831702,470.1980967741504,0.8417095070110032,0.0414872385387168
C10,CC(C)(C1=CC=C(C=C1)OCC2CO2)C3=CC=C(C=C3)OCC4CO4,OC(=O)CCCCCCCCC(=O)O,OC(=O)CCCCCCCCC(=O)O,1.0,0.0,Iso,165.0,72.61000000000011,438.16,0.9772744676173514,0.0016828385346297
C12,CC(C)(C1=CC=C(C=C1)OCC2CO2)C3=CC=C(C=C3)OCC4CO4,OC(=O)CCCCCCCCCCC(=O)O,OC(=O)CCCCCCCCCCC(=O)O,1.0,0.0,Iso,160.0,15.405376774200002,433.15,0.4375938764933059,0.0227033038282614
C10,CC(C)(C1=CC=C(C=C1)OCC2CO2)C3=CC=C(C=C3)OCC4CO4,OC(=O)CCCCCCCCC(=O)O,OC(=O)CCCCCCCCC(=O)O,1.0,0.0,Dyn,5.0,4.19,456.5,0.2230282979175751,0.0677393013722156
C14,CC(C)(C1=CC=C(C=C1)OCC2CO2)C3=CC=C(C=C3)OCC4CO4,OC(=O)CCCCCCCCCCCCC(=O)O,OC(=O)CCCCCCCCCCCCC(=O)O,1.0,0.0,Iso,160.0,46.6603530963299,433.15,0.959158633203304,0.0034532388803251
C8,CC(C)(C1=CC=C(C=C1)OCC2CO2)C3=CC=C(C=C3)OCC4CO4,OC(=O)CCCCCCC(=O)O,OC(=O)CCCCCCC(=O)O,1.0,0.0,Dyn,5.0,13.43,502.550000000001,0.9205162451729128,0.0373021173082272
C10,CC(C)(C1=CC=C(C=C1)OCC2CO2)C3=CC=C(C=C3)OCC4CO4,OC(=O)CCCCCCCCC(=O)O,OC(=O)CCCCCCCCC(=O)O,1.0,0.0,Dyn,10.0,10.99,548.3199999999999,0.9513677554846756,0.0316707815222806
C6,CC(C)(C1=CC=C(C=C1)OCC2CO2)C3=CC=C(C=C3)OCC4CO4,OC(=O)CCCCC(=O)O,OC(=O)CCCCC(=O)O,1.0,0.0,Dyn,2.5,13.78,468.8700000000002,0.6638767556822647,0.0223381386251159
C12,CC(C)(C1=CC=C(C=C1)OCC2CO2)C3=CC=C(C=C3)OCC4CO4,OC(=O)CCCCCCCCCCC(=O)O,OC(=O)CCCCCCCCCCC(=O)O,1.0,0.0,Dyn,10.0,10.582335239185063,542.2668516119804,0.9816853977428198,0.0098587156960997
C6,CC(C)(C1=CC=C(C=C1)OCC2CO2)C3=CC=C(C=C3)OCC4CO4,OC(=O)CCCCC(=O)O,OC(=O)CCCCC(=O)O,1.0,0.0,Dyn,5.0,0.8000000000000003,439.67,0.0521014261233262,0.0691858607569201
C10,CC(C)(C1=CC=C(C=C1)OCC2CO2)C3=CC=C(C=C3)OCC4CO4,OC(=O)CCCCCCCCC(=O)O,OC(=O)CCCCCCCCC(=O)O,1.0,0.0,Dyn,2.5,14.39,471.13,0.6338567958671018,0.0381228369730853
C10,CC(C)(C1=CC=C(C=C1)OCC2CO2)C3=CC=C(C=C3)OCC4CO4,OC(=O)CCCCCCCCC(=O)O,OC(=O)CCCCCCCCC(=O)O,1.0,0.0,Dyn,5.0,14.390000000000002,507.5,0.8218092458719566,0.0335185044490233
C12,CC(C)(C1=CC=C(C=C1)OCC2CO2)C3=CC=C(C=C3)OCC4CO4,OC(=O)CCCCCCCCCCC(=O)O,OC(=O)CCCCCCCCCCC(=O)O,1.0,0.0,Iso,170.0,44.54979999999995,443.1688025903615,0.9139186415803084,0.0039961489484183
C10,CC(C)(C1=CC=C(C=C1)OCC2CO2)C3=CC=C(C=C3)OCC4CO4,OC(=O)CCCCCCCCC(=O)O,OC(=O)CCCCCCCCC(=O)O,1.0,0.0,Dyn,5.0,7.190000000000001,471.5,0.4382617878195669,0.0721126681431835
C6,CC(C)(C1=CC=C(C=C1)OCC2CO2)C3=CC=C(C=C3)OCC4CO4,OC(=O)CCCCC(=O)O,OC(=O)CCCCC(=O)O,1.0,0.0,Dyn,5.0,6.989999999999999,470.67,0.6078306079177438,0.0837956373987037
C6,CC(C)(C1=CC=C(C=C1)OCC2CO2)C3=CC=C(C=C3)OCC4CO4,OC(=O)CCCCC(=O)O,OC(=O)CCCCC(=O)O,1.0,0.0,Dyn,2.5,32.760000000000005,516.3000000000006,0.8624225145816456,0.008906979325186
C6,CC(C)(C1=CC=C(C=C1)OCC2CO2)C3=CC=C(C=C3)OCC4CO4,OC(=O)CCCCC(=O)O,OC(=O)CCCCC(=O)O,1.0,0.0,Dyn,2.5,36.48,525.6000000000006,0.8960845343028275,0.0091897405736112
C14,CC(C)(C1=CC=C(C=C1)OCC2CO2)C3=CC=C(C=C3)OCC4CO4,OC(=O)CCCCCCCCCCCCC(=O)O,OC(=O)CCCCCCCCCCCCC(=O)O,1.0,0.0,Iso,160.0,61.06169664457981,433.15,0.9883607300732062,0.0010948906614001
C12,CC(C)(C1=CC=C(C=C1)OCC2CO2)C3=CC=C(C=C3)OCC4CO4,OC(=O)CCCCCCCCCCC(=O)O,OC(=O)CCCCCCCCCCC(=O)O,1.0,0.0,Dyn,10.0,9.183566021624998,528.2833806443604,0.9581515921059822,0.0257479141540944
C12,CC(C)(C1=CC=C(C=C1)OCC2CO2)C3=CC=C(C=C3)OCC4CO4,OC(=O)CCCCCCCCCCC(=O)O,OC(=O)CCCCCCCCCCC(=O)O,1.0,0.0,Dyn,10.0,11.181746111772668,548.2597677409605,0.986831119544592,0.007180238979477
C14,CC(C)(C1=CC=C(C=C1)OCC2CO2)C3=CC=C(C=C3)OCC4CO4,OC(=O)CCCCCCCCCCCCC(=O)O,OC(=O)CCCCCCCCCCCCC(=O)O,1.0,0.0,Dyn,2.5,4.1406232995883245,444.5105612903101,0.1873825309701346,0.0578508292611182
C12,CC(C)(C1=CC=C(C=C1)OCC2CO2)C3=CC=C(C=C3)OCC4CO4,OC(=O)CCCCCCCCCCC(=O)O,OC(=O)CCCCCCCCCCC(=O)O,1.0,0.0,Dyn,5.0,16.777519781704115,518.9914541934393,0.9070913716345136,0.0222825533042277
C12,CC(C)(C1=CC=C(C=C1)OCC2CO2)C3=CC=C(C=C3)OCC4CO4,OC(=O)CCCCCCCCCCC(=O)O,OC(=O)CCCCCCCCCCC(=O)O,1.0,0.0,Dyn,5.0,0.7909705251247403,439.04740258064,0.0240814773737071,0.0379479453414296
C14,CC(C)(C1=CC=C(C=C1)OCC2CO2)C3=CC=C(C=C3)OCC4CO4,OC(=O)CCCCCCCCCCCCC(=O)O,OC(=O)CCCCCCCCCCCCC(=O)O,1.0,0.0,Dyn,10.0,12.167746095842986,558.2847032249789,0.985261678352644,0.0070496346440166
C12,CC(C)(C1=CC=C(C=C1)OCC2CO2)C3=CC=C(C=C3)OCC4CO4,OC(=O)CCCCCCCCCCC(=O)O,OC(=O)CCCCCCCCCCC(=O)O,1.0,0.0,Iso,160.0,58.54043174196008,433.15,0.9367627624687972,0.0036219537727231
C12,CC(C)(C1=CC=C(C=C1)OCC2CO2)C3=CC=C(C=C3)OCC4CO4,OC(=O)CCCCCCCCCCC(=O)O,OC(=O)CCCCCCCCCCC(=O)O,1.0,0.0,Iso,180.0,80.41478000000006,453.1662289156626,0.9851736471674168,0.000997912492955
C14,CC(C)(C1=CC=C(C=C1)OCC2CO2)C3=CC=C(C=C3)OCC4CO4,OC(=O)CCCCCCCCCCCCC(=O)O,OC(=O)CCCCCCCCCCCCC(=O)O,1.0,0.0,Dyn,5.0,3.719523238383176,454.1193483870496,0.2198981300027272,0.0839122575327154
C6,CC(C)(C1=CC=C(C=C1)OCC2CO2)C3=CC=C(C=C3)OCC4CO4,OC(=O)CCCCC(=O)O,OC(=O)CCCCC(=O)O,1.0,0.0,Iso,170.0,36.68000000000004,443.17,0.947614933381838,0.0027422738170822
C6,CC(C)(C1=CC=C(C=C1)OCC2CO2)C3=CC=C(C=C3)OCC4CO4,OC(=O)CCCCC(=O)O,OC(=O)CCCCC(=O)O,1.0,0.0,Iso,180.0,8.507792999999996,453.22,0.7658939518082905,0.0366455775280495
C6,CC(C)(C1=CC=C(C=C1)OCC2CO2)C3=CC=C(C=C3)OCC4CO4,OC(=O)CCCCC(=O)O,OC(=O)CCCCC(=O)O,1.0,0.0,Dyn,5.0,3.59,453.67,0.2800023236225275,0.0956751575706523
C12,CC(C)(C1=CC=C(C=C1)OCC2CO2)C3=CC=C(C=C3)OCC4CO4,OC(=O)CCCCCCCCCCC(=O)O,OC(=O)CCCCCCCCCCC(=O)O,1.0,0.0,Iso,180.0,65.38397999999995,453.1662447904191,0.9654436367832006,0.0016887749880781
C14,CC(C)(C1=CC=C(C=C1)OCC2CO2)C3=CC=C(C=C3)OCC4CO4,OC(=O)CCCCCCCCCCCCC(=O)O,OC(=O)CCCCCCCCCCCCC(=O)O,1.0,0.0,Dyn,2.5,28.894320805391335,506.3211935483008,0.9854332681340456,0.0010941442048298
C14,CC(C)(C1=CC=C(C=C1)OCC2CO2)C3=CC=C(C=C3)OCC4CO4,OC(=O)CCCCCCCCCCCCC(=O)O,OC(=O)CCCCCCCCCCCCC(=O)O,1.0,0.0,Dyn,10.0,5.768234667729298,494.41600645121946,0.6822930989988871,0.166032570365905
C12,CC(C)(C1=CC=C(C=C1)OCC2CO2)C3=CC=C(C=C3)OCC4CO4,OC(=O)CCCCCCCCCCC(=O)O,OC(=O)CCCCCCCCCCC(=O)O,1.0,0.0,Dyn,2.5,22.568329225761094,490.39993548359934,0.7478100667408231,0.0126289943004045
C14,CC(C)(C1=CC=C(C=C1)OCC2CO2)C3=CC=C(C=C3)OCC4CO4,OC(=O)CCCCCCCCCCCCC(=O)O,OC(=O)CCCCCCCCCCCCC(=O)O,1.0,0.0,Iso,160.0,24.77031090299,433.15,0.7658213855801482,0.0169374826463232
C6,CC(C)(C1=CC=C(C=C1)OCC2CO2)C3=CC=C(C=C3)OCC4CO4,OC(=O)CCCCC(=O)O,OC(=O)CCCCC(=O)O,1.0,0.0,Iso,180.0,10.938590999999992,453.2,0.8409259107528302,0.0238276291560272
C10,CC(C)(C1=CC=C(C=C1)OCC2CO2)C3=CC=C(C=C3)OCC4CO4,OC(=O)CCCCCCCCC(=O)O,OC(=O)CCCCCCCCC(=O)O,1.0,0.0,Iso,170.0,5.79403,443.22,0.2948401567805921,0.0421887008844984
C12,CC(C)(C1=CC=C(C=C1)OCC2CO2)C3=CC=C(C=C3)OCC4CO4,OC(=O)CCCCCCCCCCC(=O)O,OC(=O)CCCCCCCCCCC(=O)O,1.0,0.0,Iso,160.0,3.08107535484,433.15,0.0984586323508042,0.0324690414117701
C14,CC(C)(C1=CC=C(C=C1)OCC2CO2)C3=CC=C(C=C3)OCC4CO4,OC(=O)CCCCCCCCCCCCC(=O)O,OC(=O)CCCCCCCCCCCCC(=O)O,1.0,0.0,Dyn,5.0,10.165999898212748,486.340638709549,0.8347217539324325,0.0683392141465374
C10,CC(C)(C1=CC=C(C=C1)OCC2CO2)C3=CC=C(C=C3)OCC4CO4,OC(=O)CCCCCCCCC(=O)O,OC(=O)CCCCCCCCC(=O)O,1.0,0.0,Dyn,2.5,11.989999999999998,465.13,0.5345515879869611,0.043164889605009
C12,CC(C)(C1=CC=C(C=C1)OCC2CO2)C3=CC=C(C=C3)OCC4CO4,OC(=O)CCCCCCCCCCC(=O)O,OC(=O)CCCCCCCCCCC(=O)O,1.0,0.0,Dyn,2.5,4.4207434193459285,445.05445161284985,0.1775403001538852,0.0462634573305035
C6,CC(C)(C1=CC=C(C=C1)OCC2CO2)C3=CC=C(C=C3)OCC4CO4,OC(=O)CCCCC(=O)O,OC(=O)CCCCC(=O)O,1.0,0.0,Dyn,5.0,9.4,482.67,0.7567457666502077,0.0399372621917568
C8,CC(C)(C1=CC=C(C=C1)OCC2CO2)C3=CC=C(C=C3)OCC4CO4,OC(=O)CCCCCCC(=O)O,OC(=O)CCCCCCC(=O)O,1.0,0.0,Dyn,10.0,2.78,467.15,0.2121191637136898,0.1156486463814603
C10,CC(C)(C1=CC=C(C=C1)OCC2CO2)C3=CC=C(C=C3)OCC4CO4,OC(=O)CCCCCCCCC(=O)O,OC(=O)CCCCCCCCC(=O)O,1.0,0.0,Iso,180.0,55.555620000000005,453.17,0.9888275150037724,0.0015191869807238
C8,CC(C)(C1=CC=C(C=C1)OCC2CO2)C3=CC=C(C=C3)OCC4CO4,OC(=O)CCCCCCC(=O)O,OC(=O)CCCCCCC(=O)O,1.0,0.0,Iso,160.0,90.0,433.17,0.967674723052468,0.0014791700388938
C12,CC(C)(C1=CC=C(C=C1)OCC2CO2)C3=CC=C(C=C3)OCC4CO4,OC(=O)CCCCCCCCCCC(=O)O,OC(=O)CCCCCCCCCCC(=O)O,1.0,0.0,Iso,160.0,23.10806516129999,433.15,0.5962916854744329,0.0179293689579375
C10,CC(C)(C1=CC=C(C=C1)OCC2CO2)C3=CC=C(C=C3)OCC4CO4,OC(=O)CCCCCCCCC(=O)O,OC(=O)CCCCCCCCC(=O)O,1.0,0.0,Dyn,5.0,4.390000000000001,457.5,0.2365761581920182,0.0686969729279017
C12,CC(C)(C1=CC=C(C=C1)OCC2CO2)C3=CC=C(C=C3)OCC4CO4,OC(=O)CCCCCCCCCCC(=O)O,OC(=O)CCCCCCCCCCC(=O)O,1.0,0.0,Iso,170.0,23.04300000000001,443.1777602395209,0.7547405907774576,0.0130709416970065
C12,CC(C)(C1=CC=C(C=C1)OCC2CO2)C3=CC=C(C=C3)OCC4CO4,OC(=O)CCCCCCCCCCC(=O)O,OC(=O)CCCCCCCCCCC(=O)O,1.0,0.0,Iso,180.0,12.024640000000003,453.1782259036145,0.6489432982883421,0.0191079865255213
C10,CC(C)(C1=CC=C(C=C1)OCC2CO2)C3=CC=C(C=C3)OCC4CO4,OC(=O)CCCCCCCCC(=O)O,OC(=O)CCCCCCCCC(=O)O,1.0,0.0,Dyn,5.0,5.390000000000001,462.5,0.3069330951497765,0.0723999696098898
C10,CC(C)(C1=CC=C(C=C1)OCC2CO2)C3=CC=C(C=C3)OCC4CO4,OC(=O)CCCCCCCCC(=O)O,OC(=O)CCCCCCCCC(=O)O,1.0,0.0,Dyn,10.0,10.09,539.3199999999999,0.9169521728971304,0.0436352989862544
C10,CC(C)(C1=CC=C(C=C1)OCC2CO2)C3=CC=C(C=C3)OCC4CO4,OC(=O)CCCCCCCCC(=O)O,OC(=O)CCCCCCCCC(=O)O,1.0,0.0,Dyn,5.0,19.79,534.5,0.9600331737426888,0.0153227448909826
C8,CC(C)(C1=CC=C(C=C1)OCC2CO2)C3=CC=C(C=C3)OCC4CO4,OC(=O)CCCCCCC(=O)O,OC(=O)CCCCCCC(=O)O,1.0,0.0,Dyn,10.0,6.67,506.15,0.7757882228956631,0.1400814589972615
C6,CC(C)(C1=CC=C(C=C1)OCC2CO2)C3=CC=C(C=C3)OCC4CO4,OC(=O)CCCCC(=O)O,OC(=O)CCCCC(=O)O,1.0,0.0,Iso,180.0,13.36938899999999,453.18,0.8883722699440553,0.0147346326409604
C14,CC(C)(C1=CC=C(C=C1)OCC2CO2)C3=CC=C(C=C3)OCC4CO4,OC(=O)CCCCCCCCCCCCC(=O)O,OC(=O)CCCCCCCCCCCCC(=O)O,1.0,0.0,Iso,180.0,2.35304,453.2269035928143,0.2037525789403705,0.0937483182075897
C12,CC(C)(C1=CC=C(C=C1)OCC2CO2)C3=CC=C(C=C3)OCC4CO4,OC(=O)CCCCCCCCCCC(=O)O,OC(=O)CCCCCCCCCCC(=O)O,1.0,0.0,Dyn,5.0,21.9760498238986,544.9732709675994,0.9773160907356372,0.0066443035325064
C12,CC(C)(C1=CC=C(C=C1)OCC2CO2)C3=CC=C(C=C3)OCC4CO4,OC(=O)CCCCCCCCCCC(=O)O,OC(=O)CCCCCCCCCCC(=O)O,1.0,0.0,Iso,160.0,44.67559264518004,433.15,0.8591356272331261,0.0076887088859557
C10,CC(C)(C1=CC=C(C=C1)OCC2CO2)C3=CC=C(C=C3)OCC4CO4,OC(=O)CCCCCCCCC(=O)O,OC(=O)CCCCCCCCC(=O)O,1.0,0.0,Dyn,5.0,8.99,480.5,0.5630591604795763,0.0648343643199669
C14,CC(C)(C1=CC=C(C=C1)OCC2CO2)C3=CC=C(C=C3)OCC4CO4,OC(=O)CCCCCCCCCCCCC(=O)O,OC(=O)CCCCCCCCCCCCC(=O)O,1.0,0.0,Iso,160.0,21.31398845141,433.15,0.6996857543796099,0.0212254714744219
C8,CC(C)(C1=CC=C(C=C1)OCC2CO2)C3=CC=C(C=C3)OCC4CO4,OC(=O)CCCCCCC(=O)O,OC(=O)CCCCCCC(=O)O,1.0,0.0,Iso,170.0,56.7,443.17,0.975739739102768,0.0014772055815643
C10,CC(C)(C1=CC=C(C=C1)OCC2CO2)C3=CC=C(C=C3)OCC4CO4,OC(=O)CCCCCCCCC(=O)O,OC(=O)CCCCCCCCC(=O)O,1.0,0.0,Dyn,2.5,27.2,503.13,0.931187596058618,0.010664662847615
C10,CC(C)(C1=CC=C(C=C1)OCC2CO2)C3=CC=C(C=C3)OCC4CO4,OC(=O)CCCCCCCCC(=O)O,OC(=O)CCCCCCCCC(=O)O,1.0,0.0,Iso,180.0,49.70766,453.17,0.9781934630194112,0.0022097265174169
C12,CC(C)(C1=CC=C(C=C1)OCC2CO2)C3=CC=C(C=C3)OCC4CO4,OC(=O)CCCCCCCCCCC(=O)O,OC(=O)CCCCCCCCCCC(=O)O,1.0,0.0,Iso,170.0,12.289600000000004,443.189549939759,0.546229243726388,0.0252981857726885
C8,CC(C)(C1=CC=C(C=C1)OCC2CO2)C3=CC=C(C=C3)OCC4CO4,OC(=O)CCCCCCC(=O)O,OC(=O)CCCCCCC(=O)O,1.0,0.0,Dyn,5.0,10.06,485.7500000000008,0.7158586826424678,0.0776287306149966
C10,CC(C)(C1=CC=C(C=C1)OCC2CO2)C3=CC=C(C=C3)OCC4CO4,OC(=O)CCCCCCCCC(=O)O,OC(=O)CCCCCCCCC(=O)O,1.0,0.0,Dyn,2.5,20.8,487.13,0.8272311287857753,0.0219991998303468
C12,CC(C)(C1=CC=C(C=C1)OCC2CO2)C3=CC=C(C=C3)OCC4CO4,OC(=O)CCCCCCCCCCC(=O)O,OC(=O)CCCCCCCCCCC(=O)O,1.0,0.0,Dyn,2.5,17.330021548352267,477.3001290320495,0.6699809824528973,0.0176512694165985
C12,CC(C)(C1=CC=C(C=C1)OCC2CO2)C3=CC=C(C=C3)OCC4CO4,OC(=O)CCCCCCCCCCC(=O)O,OC(=O)CCCCCCCCCCC(=O)O,1.0,0.0,Dyn,2.5,20.55525858060385,485.3615483868494,0.7210094549499443,0.0138599126625094
C6,CC(C)(C1=CC=C(C=C1)OCC2CO2)C3=CC=C(C=C3)OCC4CO4,OC(=O)CCCCC(=O)O,OC(=O)CCCCC(=O)O,1.0,0.0,Iso,170.0,26.200000000000017,443.17,0.906734573234505,0.005276273673373
C12,CC(C)(C1=CC=C(C=C1)OCC2CO2)C3=CC=C(C=C3)OCC4CO4,OC(=O)CCCCCCCCCCC(=O)O,OC(=O)CCCCCCCCCCC(=O)O,1.0,0.0,Iso,160.0,42.36478612905003,433.15,0.8401938231119377,0.0084512254696868
C14,CC(C)(C1=CC=C(C=C1)OCC2CO2)C3=CC=C(C=C3)OCC4CO4,OC(=O)CCCCCCCCCCCCC(=O)O,OC(=O)CCCCCCCCCCCCC(=O)O,1.0,0.0,Iso,160.0,6.91264490316,433.15,0.2633571893319146,0.038047286577878
C8,CC(C)(C1=CC=C(C=C1)OCC2CO2)C3=CC=C(C=C3)OCC4CO4,OC(=O)CCCCCCC(=O)O,OC(=O)CCCCCCC(=O)O,1.0,0.0,Iso,160.0,56.0,433.17,0.8653233718246247,0.0049786698870081
C12,CC(C)(C1=CC=C(C=C1)OCC2CO2)C3=CC=C(C=C3)OCC4CO4,OC(=O)CCCCCCCCCCC(=O)O,OC(=O)CCCCCCCCCCC(=O)O,1.0,0.0,Iso,160.0,12.324301419360006,433.15,0.3642661275248517,0.0246211295226577
C10,CC(C)(C1=CC=C(C=C1)OCC2CO2)C3=CC=C(C=C3)OCC4CO4,OC(=O)CCCCCCCCC(=O)O,OC(=O)CCCCCCCCC(=O)O,1.0,0.0,Iso,165.0,7.535000000000005,438.18,0.3577319918682117,0.0370945694133362
C8,CC(C)(C1=CC=C(C=C1)OCC2CO2)C3=CC=C(C=C3)OCC4CO4,OC(=O)CCCCCCC(=O)O,OC(=O)CCCCCCC(=O)O,1.0,0.0,Iso,170.0,7.699999999999999,443.2,0.3434537066496977,0.034827962365347
C12,CC(C)(C1=CC=C(C=C1)OCC2CO2)C3=CC=C(C=C3)OCC4CO4,OC(=O)CCCCCCCCCCC(=O)O,OC(=O)CCCCCCCCCCC(=O)O,1.0,0.0,Dyn,10.0,7.278553760052196,509.30581290259033,0.833921795158365,0.1280928936723017
C12,CC(C)(C1=CC=C(C=C1)OCC2CO2)C3=CC=C(C=C3)OCC4CO4,OC(=O)CCCCCCCCCCC(=O)O,OC(=O)CCCCCCCCCCC(=O)O,1.0,0.0,Iso,180.0,49.60163999999993,453.1679444910179,0.928983500634591,0.0029169749794075
C10,CC(C)(C1=CC=C(C=C1)OCC2CO2)C3=CC=C(C=C3)OCC4CO4,OC(=O)CCCCCCCCC(=O)O,OC(=O)CCCCCCCCC(=O)O,1.0,0.0,Iso,170.0,15.80190000000001,443.19,0.6092355876647095,0.021646092372007
C6,CC(C)(C1=CC=C(C=C1)OCC2CO2)C3=CC=C(C=C3)OCC4CO4,OC(=O)CCCCC(=O)O,OC(=O)CCCCC(=O)O,1.0,0.0,Iso,165.0,29.456958000000032,438.17,0.9460193161054556,0.0049836239526754
C14,CC(C)(C1=CC=C(C=C1)OCC2CO2)C3=CC=C(C=C3)OCC4CO4,OC(=O)CCCCCCCCCCCCC(=O)O,OC(=O)CCCCCCCCCCCCC(=O)O,1.0,0.0,Dyn,2.5,24.07753576888077,494.2801612902507,0.980475314215814,0.001228407051721
C12,CC(C)(C1=CC=C(C=C1)OCC2CO2)C3=CC=C(C=C3)OCC4CO4,OC(=O)CCCCCCCCCCC(=O)O,OC(=O)CCCCCCCCCCC(=O)O,1.0,0.0,Iso,180.0,48.098559999999935,453.1681295180723,0.9243106034383292,0.0031472624777819
C12,CC(C)(C1=CC=C(C=C1)OCC2CO2)C3=CC=C(C=C3)OCC4CO4,OC(=O)CCCCCCCCCCC(=O)O,OC(=O)CCCCCCCCCCC(=O)O,1.0,0.0,Dyn,10.0,10.782101960003413,544.2644903216404,0.9836053130929792,0.0087382224566356
C8,CC(C)(C1=CC=C(C=C1)OCC2CO2)C3=CC=C(C=C3)OCC4CO4,OC(=O)CCCCCCC(=O)O,OC(=O)CCCCCCC(=O)O,1.0,0.0,Dyn,2.5,11.57,463.15,0.5682587438886799,0.053826626551335
C6,CC(C)(C1=CC=C(C=C1)OCC2CO2)C3=CC=C(C=C3)OCC4CO4,OC(=O)CCCCC(=O)O,OC(=O)CCCCC(=O)O,1.0,0.0,Dyn,2.5,35.74,523.7400000000007,0.8892579708628672,0.0091897405736281
C6,CC(C)(C1=CC=C(C=C1)OCC2CO2)C3=CC=C(C=C3)OCC4CO4,OC(=O)CCCCC(=O)O,OC(=O)CCCCC(=O)O,1.0,0.0,Iso,180.0,17.420718999999984,453.179281,0.932337782476543,0.0073937762535875
C14,CC(C)(C1=CC=C(C=C1)OCC2CO2)C3=CC=C(C=C3)OCC4CO4,OC(=O)CCCCCCCCCCCCC(=O)O,OC(=O)CCCCCCCCCCCCC(=O)O,1.0,0.0,Dyn,10.0,4.171081031069165,478.4488322577796,0.4133558937902455,0.174755279216816
C6,CC(C)(C1=CC=C(C=C1)OCC2CO2)C3=CC=C(C=C3)OCC4CO4,OC(=O)CCCCC(=O)O,OC(=O)CCCCC(=O)O,1.0,0.0,Dyn,10.0,5.699999999999999,495.41,0.8286797220467464,0.0631711939355674
C12,CC(C)(C1=CC=C(C=C1)OCC2CO2)C3=CC=C(C=C3)OCC4CO4,OC(=O)CCCCCCCCCCC(=O)O,OC(=O)CCCCCCCCCCC(=O)O,1.0,0.0,Iso,170.0,49.15839999999993,443.16817796407184,0.9309769155489032,0.0032976920030766
C6,CC(C)(C1=CC=C(C=C1)OCC2CO2)C3=CC=C(C=C3)OCC4CO4,OC(=O)CCCCC(=O)O,OC(=O)CCCCC(=O)O,1.0,0.0,Dyn,2.5,20.86,486.5400000000004,0.7629273141003855,0.0092604308857284
C6,CC(C)(C1=CC=C(C=C1)OCC2CO2)C3=CC=C(C=C3)OCC4CO4,OC(=O)CCCCC(=O)O,OC(=O)CCCCC(=O)O,1.0,0.0,Dyn,5.0,15.21,511.67,0.879549217229661,0.0116181126376025
C8,CC(C)(C1=CC=C(C=C1)OCC2CO2)C3=CC=C(C=C3)OCC4CO4,OC(=O)CCCCCCC(=O)O,OC(=O)CCCCCCC(=O)O,1.0,0.0,Iso,160.0,32.0,433.19,0.6753762924398535,0.0115447417669757
C14,CC(C)(C1=CC=C(C=C1)OCC2CO2)C3=CC=C(C=C3)OCC4CO4,OC(=O)CCCCCCCCCCCCC(=O)O,OC(=O)CCCCCCCCCCCCC(=O)O,1.0,0.0,Dyn,10.0,7.675437589346274,513.3770258059293,0.9236116989278632,0.0483805190287746
C10,CC(C)(C1=CC=C(C=C1)OCC2CO2)C3=CC=C(C=C3)OCC4CO4,OC(=O)CCCCCCCCC(=O)O,OC(=O)CCCCCCCCC(=O)O,1.0,0.0,Iso,180.0,30.701790000000003,453.18,0.8982361607572521,0.0068932418710823
C10,CC(C)(C1=CC=C(C=C1)OCC2CO2)C3=CC=C(C=C3)OCC4CO4,OC(=O)CCCCCCCCC(=O)O,OC(=O)CCCCCCCCC(=O)O,1.0,0.0,Iso,165.0,12.330000000000007,438.18,0.5054314845783385,0.0237220132006543
C6,CC(C)(C1=CC=C(C=C1)OCC2CO2)C3=CC=C(C=C3)OCC4CO4,OC(=O)CCCCC(=O)O,OC(=O)CCCCC(=O)O,1.0,0.0,Dyn,10.0,11.91,557.41,0.9749684144030322,0.0137397346809853
C14,CC(C)(C1=CC=C(C=C1)OCC2CO2)C3=CC=C(C=C3)OCC4CO4,OC(=O)CCCCCCCCCCCCC(=O)O,OC(=O)CCCCCCCCCCCCC(=O)O,1.0,0.0,Dyn,10.0,4.770283240956452,484.4365225803196,0.5146912478442722,0.1693144932771411
C12,CC(C)(C1=CC=C(C=C1)OCC2CO2)C3=CC=C(C=C3)OCC4CO4,OC(=O)CCCCCCCCCCC(=O)O,OC(=O)CCCCCCCCCCC(=O)O,1.0,0.0,Dyn,5.0,10.57389723157256,488.0131341934795,0.6916837118036582,0.0567642840897602
C8,CC(C)(C1=CC=C(C=C1)OCC2CO2)C3=CC=C(C=C3)OCC4CO4,OC(=O)CCCCCCC(=O)O,OC(=O)CCCCCCC(=O)O,1.0,0.0,Dyn,2.5,16.380000000000003,475.15,0.8205779114955497,0.0480287075341608
C14,CC(C)(C1=CC=C(C=C1)OCC2CO2)C3=CC=C(C=C3)OCC4CO4,OC(=O)CCCCCCCCCCCCC(=O)O,OC(=O)CCCCCCCCCCCCC(=O)O,1.0,0.0,Iso,170.0,16.350200000000008,443.2047306024096,0.7364117026205617,0.0262067368134499
C12,CC(C)(C1=CC=C(C=C1)OCC2CO2)C3=CC=C(C=C3)OCC4CO4,OC(=O)CCCCCCCCCCC(=O)O,OC(=O)CCCCCCCCCCC(=O)O,1.0,0.0,Dyn,2.5,48.36855419345177,554.8912903219987,0.9626320912124584,0.0047644361319939
C6,CC(C)(C1=CC=C(C=C1)OCC2CO2)C3=CC=C(C=C3)OCC4CO4,OC(=O)CCCCC(=O)O,OC(=O)CCCCC(=O)O,1.0,0.0,Dyn,10.0,6.1,499.41,0.8512318382817434,0.0467466835123199
C10,CC(C)(C1=CC=C(C=C1)OCC2CO2)C3=CC=C(C=C3)OCC4CO4,OC(=O)CCCCCCCCC(=O)O,OC(=O)CCCCCCCCC(=O)O,1.0,0.0,Iso,180.0,33.62577,453.18,0.9171486202990592,0.0058005321082197
C14,CC(C)(C1=CC=C(C=C1)OCC2CO2)C3=CC=C(C=C3)OCC4CO4,OC(=O)CCCCCCCCCCCCC(=O)O,OC(=O)CCCCCCCCCCCCC(=O)O,1.0,0.0,Dyn,5.0,9.778448471592306,484.4073612901991,0.8064929680545496,0.0753005586477095
C10,CC(C)(C1=CC=C(C=C1)OCC2CO2)C3=CC=C(C=C3)OCC4CO4,OC(=O)CCCCCCCCC(=O)O,OC(=O)CCCCCCCCC(=O)O,1.0,0.0,Iso,165.0,79.46000000000014,438.16,0.9869081172143436,0.0012020275247354
C10,CC(C)(C1=CC=C(C=C1)OCC2CO2)C3=CC=C(C=C3)OCC4CO4,OC(=O)CCCCCCCCC(=O)O,OC(=O)CCCCCCCCC(=O)O,1.0,0.0,Iso,180.0,26.31582,453.18,0.8627668861005537,0.0092532297916832
C14,CC(C)(C1=CC=C(C=C1)OCC2CO2)C3=CC=C(C=C3)OCC4CO4,OC(=O)CCCCCCCCCCCCC(=O)O,OC(=O)CCCCCCCCCCCCC(=O)O,1.0,0.0,Dyn,2.5,24.39899377823486,495.0828967741207,0.9808701955013368,0.0010931037078274
C14,CC(C)(C1=CC=C(C=C1)OCC2CO2)C3=CC=C(C=C3)OCC4CO4,OC(=O)CCCCCCCCCCCCC(=O)O,OC(=O)CCCCCCCCCCCCC(=O)O,1.0,0.0,Dyn,5.0,2.81963978812415,449.6083677418997,0.1509576642804559,0.0708315540098534
C6,CC(C)(C1=CC=C(C=C1)OCC2CO2)C3=CC=C(C=C3)OCC4CO4,OC(=O)CCCCC(=O)O,OC(=O)CCCCC(=O)O,1.0,0.0,Dyn,10.0,0.3999999999999999,442.41,0.0287488945041061,0.0786670878079585
C12,CC(C)(C1=CC=C(C=C1)OCC2CO2)C3=CC=C(C=C3)OCC4CO4,OC(=O)CCCCCCCCCCC(=O)O,OC(=O)CCCCCCCCCCC(=O)O,1.0,0.0,Iso,180.0,45.09239999999994,453.16739976047904,0.9140994577131648,0.0035310749750723
C8,CC(C)(C1=CC=C(C=C1)OCC2CO2)C3=CC=C(C=C3)OCC4CO4,OC(=O)CCCCCCC(=O)O,OC(=O)CCCCCCC(=O)O,1.0,0.0,Dyn,2.5,1.59,438.15,0.0635577284693493,0.0387050269524883
C12,CC(C)(C1=CC=C(C=C1)OCC2CO2)C3=CC=C(C=C3)OCC4CO4,OC(=O)CCCCCCCCCCC(=O)O,OC(=O)CCCCCCCCCCC(=O)O,1.0,0.0,Iso,160.0,46.21613032260005,433.15,0.8708335372717928,0.0071803644968017
C14,CC(C)(C1=CC=C(C=C1)OCC2CO2)C3=CC=C(C=C3)OCC4CO4,OC(=O)CCCCCCCCCCCCC(=O)O,OC(=O)CCCCCCCCCCCCC(=O)O,1.0,0.0,Dyn,10.0,8.975542415582197,526.3503548380992,0.9601274420377716,0.014203020381003
C10,CC(C)(C1=CC=C(C=C1)OCC2CO2)C3=CC=C(C=C3)OCC4CO4,OC(=O)CCCCCCCCC(=O)O,OC(=O)CCCCCCCCC(=O)O,1.0,0.0,Iso,165.0,16.44,438.17,0.5929824214713465,0.0185112238809262
C10,CC(C)(C1=CC=C(C=C1)OCC2CO2)C3=CC=C(C=C3)OCC4CO4,OC(=O)CCCCCCCCC(=O)O,OC(=O)CCCCCCCCC(=O)O,1.0,0.0,Iso,180.0,24.3665,453.18,0.8432924371026113,0.0105445387252987
C12,CC(C)(C1=CC=C(C=C1)OCC2CO2)C3=CC=C(C=C3)OCC4CO4,OC(=O)CCCCCCCCCCC(=O)O,OC(=O)CCCCCCCCCCC(=O)O,1.0,0.0,Iso,160.0,37.74317309679002,433.15,0.7972639644637115,0.0099190662105354
C14,CC(C)(C1=CC=C(C=C1)OCC2CO2)C3=CC=C(C=C3)OCC4CO4,OC(=O)CCCCCCCCCCCCC(=O)O,OC(=O)CCCCCCCCCCCCC(=O)O,1.0,0.0,Iso,160.0,24.19425716106,433.15,0.7558351366696239,0.0175353391757982
C8,CC(C)(C1=CC=C(C=C1)OCC2CO2)C3=CC=C(C=C3)OCC4CO4,OC(=O)CCCCCCC(=O)O,OC(=O)CCCCCCC(=O)O,1.0,0.0,Dyn,10.0,3.37,473.15,0.2855356934887369,0.1317539420307072
C10,CC(C)(C1=CC=C(C=C1)OCC2CO2)C3=CC=C(C=C3)OCC4CO4,OC(=O)CCCCCCCCC(=O)O,OC(=O)CCCCCCCCC(=O)O,1.0,0.0,Dyn,10.0,5.789999999999999,496.32,0.5682568683368194,0.1218269395890407
C8,CC(C)(C1=CC=C(C=C1)OCC2CO2)C3=CC=C(C=C3)OCC4CO4,OC(=O)CCCCCCC(=O)O,OC(=O)CCCCCCC(=O)O,1.0,0.0,Dyn,10.0,8.49,524.15,0.9488947002786156,0.0476439846008127
C14,CC(C)(C1=CC=C(C=C1)OCC2CO2)C3=CC=C(C=C3)OCC4CO4,OC(=O)CCCCCCCCCCCCC(=O)O,OC(=O)CCCCCCCCCCCCC(=O)O,1.0,0.0,Dyn,10.0,4.07134393882342,477.4508838706896,0.3958137203667554,0.1758841472966486
C6,CC(C)(C1=CC=C(C=C1)OCC2CO2)C3=CC=C(C=C3)OCC4CO4,OC(=O)CCCCC(=O)O,OC(=O)CCCCC(=O)O,1.0,0.0,Iso,165.0,7.961339999999997,438.19,0.6287793265465935,0.0491375747929906
C8,CC(C)(C1=CC=C(C=C1)OCC2CO2)C3=CC=C(C=C3)OCC4CO4,OC(=O)CCCCCCC(=O)O,OC(=O)CCCCCCC(=O)O,1.0,0.0,Dyn,10.0,5.77,497.15,0.6416928029892732,0.1539267194795496
C6,CC(C)(C1=CC=C(C=C1)OCC2CO2)C3=CC=C(C=C3)OCC4CO4,OC(=O)CCCCC(=O)O,OC(=O)CCCCC(=O)O,1.0,0.0,Dyn,5.0,22.81,549.67,0.9579714775334746,0.0095849429260225
C6,CC(C)(C1=CC=C(C=C1)OCC2CO2)C3=CC=C(C=C3)OCC4CO4,OC(=O)CCCCC(=O)O,OC(=O)CCCCC(=O)O,1.0,0.0,Dyn,5.0,24.21,556.67,0.9708675825612127,0.0085683580702317
C14,CC(C)(C1=CC=C(C=C1)OCC2CO2)C3=CC=C(C=C3)OCC4CO4,OC(=O)CCCCCCCCCCCCC(=O)O,OC(=O)CCCCCCCCCCCCC(=O)O,1.0,0.0,Dyn,10.0,7.775411516054908,514.3749741930193,0.9284484893913716,0.0442204690629354
C8,CC(C)(C1=CC=C(C=C1)OCC2CO2)C3=CC=C(C=C3)OCC4CO4,OC(=O)CCCCCCC(=O)O,OC(=O)CCCCCCC(=O)O,1.0,0.0,Dyn,10.0,8.99,529.15,0.9692350167812702,0.031151836085146
C14,CC(C)(C1=CC=C(C=C1)OCC2CO2)C3=CC=C(C=C3)OCC4CO4,OC(=O)CCCCCCCCCCCCC(=O)O,OC(=O)CCCCCCCCCCCCC(=O)O,1.0,0.0,Dyn,10.0,0.098312414463404,437.53294838709,0.0112733371494381,0.0315334519562618
C8,CC(C)(C1=CC=C(C=C1)OCC2CO2)C3=CC=C(C=C3)OCC4CO4,OC(=O)CCCCCCC(=O)O,OC(=O)CCCCCCC(=O)O,1.0,0.0,Dyn,2.5,7.569999999999999,453.15,0.3471229785633697,0.0552369311771342
C10,CC(C)(C1=CC=C(C=C1)OCC2CO2)C3=CC=C(C=C3)OCC4CO4,OC(=O)CCCCCCCCC(=O)O,OC(=O)CCCCCCCCC(=O)O,1.0,0.0,Iso,170.0,57.94030000000006,443.17,0.9868420455628202,0.002215015609078
C12,CC(C)(C1=CC=C(C=C1)OCC2CO2)C3=CC=C(C=C3)OCC4CO4,OC(=O)CCCCCCCCCCC(=O)O,OC(=O)CCCCCCCCCCC(=O)O,1.0,0.0,Dyn,10.0,3.1875730118094894,468.3542193545601,0.2161955417394136,0.1113031204332525
C12,CC(C)(C1=CC=C(C=C1)OCC2CO2)C3=CC=C(C=C3)OCC4CO4,OC(=O)CCCCCCCCCCC(=O)O,OC(=O)CCCCCCCCCCC(=O)O,1.0,0.0,Iso,160.0,34.66209774195001,433.15,0.7642923074203023,0.0111673010957993
C10,CC(C)(C1=CC=C(C=C1)OCC2CO2)C3=CC=C(C=C3)OCC4CO4,OC(=O)CCCCCCCCC(=O)O,OC(=O)CCCCCCCCC(=O)O,1.0,0.0,Iso,165.0,65.07500000000009,438.16,0.9617947571538082,0.0024040550494708
C10,CC(C)(C1=CC=C(C=C1)OCC2CO2)C3=CC=C(C=C3)OCC4CO4,OC(=O)CCCCCCCCC(=O)O,OC(=O)CCCCCCCCC(=O)O,1.0,0.0,Iso,180.0,40.93572,453.17,0.9521467660703744,0.0038670214054797
C6,CC(C)(C1=CC=C(C=C1)OCC2CO2)C3=CC=C(C=C3)OCC4CO4,OC(=O)CCCCC(=O)O,OC(=O)CCCCC(=O)O,1.0,0.0,Dyn,10.0,3.58,474.41,0.5129816803537587,0.2130448515476901
C14,CC(C)(C1=CC=C(C=C1)OCC2CO2)C3=CC=C(C=C3)OCC4CO4,OC(=O)CCCCCCCCCCCCC(=O)O,OC(=O)CCCCCCCCCCCCC(=O)O,1.0,0.0,Dyn,10.0,1.2908951649392044,449.50832903216985,0.0715759122125068,0.0671738376190078
C14,CC(C)(C1=CC=C(C=C1)OCC2CO2)C3=CC=C(C=C3)OCC4CO4,OC(=O)CCCCCCCCCCCCC(=O)O,OC(=O)CCCCCCCCCCCCC(=O)O,1.0,0.0,Dyn,5.0,14.298896307483188,506.9622645159486,0.989820603404092,0.0109370181232427
C6,CC(C)(C1=CC=C(C=C1)OCC2CO2)C3=CC=C(C=C3)OCC4CO4,OC(=O)CCCCC(=O)O,OC(=O)CCCCC(=O)O,1.0,0.0,Dyn,5.0,2.1900000000000004,446.67,0.1565656859043248,0.0819657846582821
C12,CC(C)(C1=CC=C(C=C1)OCC2CO2)C3=CC=C(C=C3)OCC4CO4,OC(=O)CCCCCCCCCCC(=O)O,OC(=O)CCCCCCCCCCC(=O)O,1.0,0.0,Dyn,5.0,15.776953774622209,513.9949509676393,0.8820754716981132,0.0268215133923387
C10,CC(C)(C1=CC=C(C=C1)OCC2CO2)C3=CC=C(C=C3)OCC4CO4,OC(=O)CCCCCCCCC(=O)O,OC(=O)CCCCCCCCC(=O)O,1.0,0.0,Iso,180.0,27.77781,453.18,0.8757565825118303,0.0084245823476521
C14,CC(C)(C1=CC=C(C=C1)OCC2CO2)C3=CC=C(C=C3)OCC4CO4,OC(=O)CCCCCCCCCCCCC(=O)O,OC(=O)CCCCCCCCCCCCC(=O)O,1.0,0.0,Dyn,10.0,2.7806157509048424,464.4775548385197,0.206979846532511,0.1210527682731048
C10,CC(C)(C1=CC=C(C=C1)OCC2CO2)C3=CC=C(C=C3)OCC4CO4,OC(=O)CCCCCCCCC(=O)O,OC(=O)CCCCCCCCC(=O)O,1.0,0.0,Iso,170.0,54.25319000000005,443.17,0.9775083241886632,0.0028293132713298
C8,CC(C)(C1=CC=C(C=C1)OCC2CO2)C3=CC=C(C=C3)OCC4CO4,OC(=O)CCCCCCC(=O)O,OC(=O)CCCCCCC(=O)O,1.0,0.0,Dyn,5.0,9.9,484.9500000000008,0.7032767792908451,0.0786368959476425
C8,CC(C)(C1=CC=C(C=C1)OCC2CO2)C3=CC=C(C=C3)OCC4CO4,OC(=O)CCCCCCC(=O)O,OC(=O)CCCCCCC(=O)O,1.0,0.0,Iso,160.0,20.0,433.2,0.5042615730624616,0.01684810751618
C12,CC(C)(C1=CC=C(C=C1)OCC2CO2)C3=CC=C(C=C3)OCC4CO4,OC(=O)CCCCCCCCCCC(=O)O,OC(=O)CCCCCCCCCCC(=O)O,1.0,0.0,Dyn,5.0,14.37733166680208,506.9998464515194,0.8404921917119617,0.031269303331744
C14,CC(C)(C1=CC=C(C=C1)OCC2CO2)C3=CC=C(C=C3)OCC4CO4,OC(=O)CCCCCCCCCCCCC(=O)O,OC(=O)CCCCCCCCCCCCC(=O)O,1.0,0.0,Dyn,10.0,5.6684707199117055,493.4180580641295,0.6657289237203836,0.1660336789076277
C12,CC(C)(C1=CC=C(C=C1)OCC2CO2)C3=CC=C(C=C3)OCC4CO4,OC(=O)CCCCCCCCCCC(=O)O,OC(=O)CCCCCCCCCCC(=O)O,1.0,0.0,Iso,180.0,75.15400000000002,453.16636023952094,0.9795200184608284,0.0011514374918714
C8,CC(C)(C1=CC=C(C=C1)OCC2CO2)C3=CC=C(C=C3)OCC4CO4,OC(=O)CCCCCCC(=O)O,OC(=O)CCCCCCC(=O)O,1.0,0.0,Iso,160.0,44.0,433.18,0.7903186276573049,0.007504082148534
C8,CC(C)(C1=CC=C(C=C1)OCC2CO2)C3=CC=C(C=C3)OCC4CO4,OC(=O)CCCCCCC(=O)O,OC(=O)CCCCCCC(=O)O,1.0,0.0,Iso,180.0,38.130400000000016,453.17,0.9762272673243788,0.0024688967699122
C14,CC(C)(C1=CC=C(C=C1)OCC2CO2)C3=CC=C(C=C3)OCC4CO4,OC(=O)CCCCCCCCCCCCC(=O)O,OC(=O)CCCCCCCCCCCCC(=O)O,1.0,0.0,Iso,160.0,5.7605374193,433.15,0.2193230346280133,0.0388439256385117
C10,CC(C)(C1=CC=C(C=C1)OCC2CO2)C3=CC=C(C=C3)OCC4CO4,OC(=O)CCCCCCCCC(=O)O,OC(=O)CCCCCCCCC(=O)O,1.0,0.0,Iso,165.0,76.03500000000012,438.16,0.9825441562857916,0.0014424330296825
C10,CC(C)(C1=CC=C(C=C1)OCC2CO2)C3=CC=C(C=C3)OCC4CO4,OC(=O)CCCCCCCCC(=O)O,OC(=O)CCCCCCCCC(=O)O,1.0,0.0,Iso,170.0,30.550340000000027,443.18,0.8349120069899205,0.0102094991679309
C12,CC(C)(C1=CC=C(C=C1)OCC2CO2)C3=CC=C(C=C3)OCC4CO4,OC(=O)CCCCCCCCCCC(=O)O,OC(=O)CCCCCCCCCCC(=O)O,1.0,0.0,Iso,160.0,40.05397961292002,433.15,0.8195577949678413,0.0091892583456524
C10,CC(C)(C1=CC=C(C=C1)OCC2CO2)C3=CC=C(C=C3)OCC4CO4,OC(=O)CCCCCCCCC(=O)O,OC(=O)CCCCCCCCC(=O)O,1.0,0.0,Iso,180.0,12.67058,453.19,0.6451480657130569,0.0250997034581278
C6,CC(C)(C1=CC=C(C=C1)OCC2CO2)C3=CC=C(C=C3)OCC4CO4,OC(=O)CCCCC(=O)O,OC(=O)CCCCC(=O)O,1.0,0.0,Dyn,10.0,12.41,562.41,0.9816645609602022,0.012476310802273
C10,CC(C)(C1=CC=C(C=C1)OCC2CO2)C3=CC=C(C=C3)OCC4CO4,OC(=O)CCCCCCCCC(=O)O,OC(=O)CCCCCCCCC(=O)O,1.0,0.0,Iso,180.0,41.91038,453.17,0.955848493026956,0.0034526976834639
C14,CC(C)(C1=CC=C(C=C1)OCC2CO2)C3=CC=C(C=C3)OCC4CO4,OC(=O)CCCCCCCCCCCCC(=O)O,OC(=O)CCCCCCCCCCCCC(=O)O,1.0,0.0,Iso,160.0,8.06475238702,433.15,0.3064825229696518,0.037240942098561
C6,CC(C)(C1=CC=C(C=C1)OCC2CO2)C3=CC=C(C=C3)OCC4CO4,OC(=O)CCCCC(=O)O,OC(=O)CCCCC(=O)O,1.0,0.0,Iso,170.0,13.754999999999995,443.185,0.7781819835387204,0.0184669578568053
C8,CC(C)(C1=CC=C(C=C1)OCC2CO2)C3=CC=C(C=C3)OCC4CO4,OC(=O)CCCCCCC(=O)O,OC(=O)CCCCCCC(=O)O,1.0,0.0,Dyn,5.0,12.63,498.550000000001,0.8851094786898125,0.0491480599672875
C8,CC(C)(C1=CC=C(C=C1)OCC2CO2)C3=CC=C(C=C3)OCC4CO4,OC(=O)CCCCCCC(=O)O,OC(=O)CCCCCCC(=O)O,1.0,0.0,Dyn,5.0,14.239999999999998,506.5500000000011,0.946688217208822,0.02671638131558
C6,CC(C)(C1=CC=C(C=C1)OCC2CO2)C3=CC=C(C=C3)OCC4CO4,OC(=O)CCCCC(=O)O,OC(=O)CCCCC(=O)O,1.0,0.0,Dyn,5.0,14.41,507.67,0.8698771384588573,0.0126346974933927
C10,CC(C)(C1=CC=C(C=C1)OCC2CO2)C3=CC=C(C=C3)OCC4CO4,OC(=O)CCCCCCCCC(=O)O,OC(=O)CCCCCCCCC(=O)O,1.0,0.0,Iso,180.0,32.65111,453.18,0.9112258571685288,0.0060767479228965
C6,CC(C)(C1=CC=C(C=C1)OCC2CO2)C3=CC=C(C=C3)OCC4CO4,OC(=O)CCCCC(=O)O,OC(=O)CCCCC(=O)O,1.0,0.0,Dyn,5.0,12.41,497.67,0.8398733625722502,0.0177176217723424
C10,CC(C)(C1=CC=C(C=C1)OCC2CO2)C3=CC=C(C=C3)OCC4CO4,OC(=O)CCCCCCCCC(=O)O,OC(=O)CCCCCCCCC(=O)O,1.0,0.0,Iso,170.0,16.85536000000001,443.19,0.6319027633648845,0.0205606239727784
C8,CC(C)(C1=CC=C(C=C1)OCC2CO2)C3=CC=C(C=C3)OCC4CO4,OC(=O)CCCCCCC(=O)O,OC(=O)CCCCCCC(=O)O,1.0,0.0,Iso,160.0,78.0,433.17,0.944368775610386,0.0023811029894387
C8,CC(C)(C1=CC=C(C=C1)OCC2CO2)C3=CC=C(C=C3)OCC4CO4,OC(=O)CCCCCCC(=O)O,OC(=O)CCCCCCC(=O)O,1.0,0.0,Dyn,2.5,6.38,450.15,0.2827065312774226,0.0543308807693913
C12,CC(C)(C1=CC=C(C=C1)OCC2CO2)C3=CC=C(C=C3)OCC4CO4,OC(=O)CCCCCCCCCCC(=O)O,OC(=O)CCCCCCCCCCC(=O)O,1.0,0.0,Iso,180.0,9.770020000000002,453.1813067664671,0.5994584040641459,0.0235651680222644
C6,CC(C)(C1=CC=C(C=C1)OCC2CO2)C3=CC=C(C=C3)OCC4CO4,OC(=O)CCCCC(=O)O,OC(=O)CCCCC(=O)O,1.0,0.0,Dyn,5.0,7.8,474.67,0.6699003746841324,0.0670946004821517
C6,CC(C)(C1=CC=C(C=C1)OCC2CO2)C3=CC=C(C=C3)OCC4CO4,OC(=O)CCCCC(=O)O,OC(=O)CCCCC(=O)O,1.0,0.0,Dyn,2.5,5.57,448.4100000000001,0.2767242957654391,0.0564815593717338
C8,CC(C)(C1=CC=C(C=C1)OCC2CO2)C3=CC=C(C=C3)OCC4CO4,OC(=O)CCCCCCC(=O)O,OC(=O)CCCCCCC(=O)O,1.0,0.0,Dyn,10.0,1.5900000000000003,455.15,0.0980382894750773,0.0783478857880032
C12,CC(C)(C1=CC=C(C=C1)OCC2CO2)C3=CC=C(C=C3)OCC4CO4,OC(=O)CCCCCCCCCCC(=O)O,OC(=O)CCCCCCCCCCC(=O)O,1.0,0.0,Dyn,2.5,26.19650838704413,499.4690322577492,0.7913272812074154,0.0113486354339475
C14,CC(C)(C1=CC=C(C=C1)OCC2CO2)C3=CC=C(C=C3)OCC4CO4,OC(=O)CCCCCCCCCCCCC(=O)O,OC(=O)CCCCCCCCCCCCC(=O)O,1.0,0.0,Dyn,2.5,9.91299982901841,458.9597999999703,0.56964880666405,0.0713708994460862
C10,CC(C)(C1=CC=C(C=C1)OCC2CO2)C3=CC=C(C=C3)OCC4CO4,OC(=O)CCCCCCCCC(=O)O,OC(=O)CCCCCCCCC(=O)O,1.0,0.0,Iso,170.0,42.13840000000004,443.17,0.9267562142166836,0.0057836518681481
C6,CC(C)(C1=CC=C(C=C1)OCC2CO2)C3=CC=C(C=C3)OCC4CO4,OC(=O)CCCCC(=O)O,OC(=O)CCCCC(=O)O,1.0,0.0,Dyn,2.5,12.29,465.1500000000002,0.6239635916616547,0.0300433826445388
C10,CC(C)(C1=CC=C(C=C1)OCC2CO2)C3=CC=C(C=C3)OCC4CO4,OC(=O)CCCCCCCCC(=O)O,OC(=O)CCCCCCCCC(=O)O,1.0,0.0,Dyn,10.0,4.99,488.32,0.4653479422437551,0.1352694268573861
C12,CC(C)(C1=CC=C(C=C1)OCC2CO2)C3=CC=C(C=C3)OCC4CO4,OC(=O)CCCCCCCCCCC(=O)O,OC(=O)CCCCCCCCCCC(=O)O,1.0,0.0,Dyn,2.5,27.004068258010573,501.4843870964492,0.8004727474972191,0.011168434251135
C12,CC(C)(C1=CC=C(C=C1)OCC2CO2)C3=CC=C(C=C3)OCC4CO4,OC(=O)CCCCCCCCCCC(=O)O,OC(=O)CCCCCCCCCCC(=O)O,1.0,0.0,Iso,160.0,18.48645212904,433.15,0.5053531172408254,0.0207888061469291
C12,CC(C)(C1=CC=C(C=C1)OCC2CO2)C3=CC=C(C=C3)OCC4CO4,OC(=O)CCCCCCCCCCC(=O)O,OC(=O)CCCCCCCCCCC(=O)O,1.0,0.0,Dyn,10.0,4.3830904530088,480.34005161252014,0.3657100938009899,0.1399418686914471
C6,CC(C)(C1=CC=C(C=C1)OCC2CO2)C3=CC=C(C=C3)OCC4CO4,OC(=O)CCCCC(=O)O,OC(=O)CCCCC(=O)O,1.0,0.0,Iso,180.0,16.205319999999986,453.18,0.9220739174485706,0.0090296818692949
C14,CC(C)(C1=CC=C(C=C1)OCC2CO2)C3=CC=C(C=C3)OCC4CO4,OC(=O)CCCCCCCCCCCCC(=O)O,OC(=O)CCCCCCCCCCCCC(=O)O,1.0,0.0,Dyn,2.5,22.47233436708496,490.26648387090063,0.9780621508042854,0.0017762455304733
C6,CC(C)(C1=CC=C(C=C1)OCC2CO2)C3=CC=C(C=C3)OCC4CO4,OC(=O)CCCCC(=O)O,OC(=O)CCCCC(=O)O,1.0,0.0,Iso,165.0,31.845360000000017,438.17,0.956906081962934,0.0039952926340602
C6,CC(C)(C1=CC=C(C=C1)OCC2CO2)C3=CC=C(C=C3)OCC4CO4,OC(=O)CCCCC(=O)O,OC(=O)CCCCC(=O)O,1.0,0.0,Iso,165.0,14.728478999999991,438.17,0.8290785695640824,0.0137252413504655
C14,CC(C)(C1=CC=C(C=C1)OCC2CO2)C3=CC=C(C=C3)OCC4CO4,OC(=O)CCCCCCCCCCCCC(=O)O,OC(=O)CCCCCCCCCCCCC(=O)O,1.0,0.0,Dyn,5.0,14.170066237133804,506.3178387094986,0.9882936939147058,0.011852120279414
C6,CC(C)(C1=CC=C(C=C1)OCC2CO2)C3=CC=C(C=C3)OCC4CO4,OC(=O)CCCCC(=O)O,OC(=O)CCCCC(=O)O,1.0,0.0,Dyn,5.0,16.81,519.67,0.897063522030846,0.0104563013738418
C14,CC(C)(C1=CC=C(C=C1)OCC2CO2)C3=CC=C(C=C3)OCC4CO4,OC(=O)CCCCCCCCCCCCC(=O)O,OC(=O)CCCCCCCCCCCCC(=O)O,1.0,0.0,Iso,170.0,40.59360000000003,443.1699113173653,0.9864408348373362,0.0015595304539443
C6,CC(C)(C1=CC=C(C=C1)OCC2CO2)C3=CC=C(C=C3)OCC4CO4,OC(=O)CCCCC(=O)O,OC(=O)CCCCC(=O)O,1.0,0.0,Iso,165.0,24.28208700000002,438.17,0.9161576611850692,0.0065573999377312
C14,CC(C)(C1=CC=C(C=C1)OCC2CO2)C3=CC=C(C=C3)OCC4CO4,OC(=O)CCCCCCCCCCCCC(=O)O,OC(=O)CCCCCCCCCCCCC(=O)O,1.0,0.0,Dyn,2.5,1.901351594480172,438.89141290322,0.0768105004982994,0.0433221763505992
C14,CC(C)(C1=CC=C(C=C1)OCC2CO2)C3=CC=C(C=C3)OCC4CO4,OC(=O)CCCCCCCCCCCCC(=O)O,OC(=O)CCCCCCCCCCCCC(=O)O,1.0,0.0,Dyn,2.5,17.003005721793976,476.6199806451105,0.9276838330473156,0.0226452206897381
C6,CC(C)(C1=CC=C(C=C1)OCC2CO2)C3=CC=C(C=C3)OCC4CO4,OC(=O)CCCCC(=O)O,OC(=O)CCCCC(=O)O,1.0,0.0,Iso,180.0,4.051330000000002,453.3,0.5015813840799965,0.086935575388468
C12,CC(C)(C1=CC=C(C=C1)OCC2CO2)C3=CC=C(C=C3)OCC4CO4,OC(=O)CCCCCCCCCCC(=O)O,OC(=O)CCCCCCCCCCC(=O)O,1.0,0.0,Iso,180.0,13.527720000000004,453.1772911377245,0.676683324248008,0.0166091985354418
C6,CC(C)(C1=CC=C(C=C1)OCC2CO2)C3=CC=C(C=C3)OCC4CO4,OC(=O)CCCCC(=O)O,OC(=O)CCCCC(=O)O,1.0,0.0,Dyn,5.0,19.41,532.67,0.9238432716605188,0.0101658485579015
C12,CC(C)(C1=CC=C(C=C1)OCC2CO2)C3=CC=C(C=C3)OCC4CO4,OC(=O)CCCCCCCCCCC(=O)O,OC(=O)CCCCCCCCCCC(=O)O,1.0,0.0,Iso,180.0,55.61395999999992,453.1672673493976,0.9454828660436136,0.0024563999826592
C8,CC(C)(C1=CC=C(C=C1)OCC2CO2)C3=CC=C(C=C3)OCC4CO4,OC(=O)CCCCCCC(=O)O,OC(=O)CCCCCCC(=O)O,1.0,0.0,Dyn,5.0,3.98,455.3500000000004,0.2229021289225743,0.0716301468856571
C14,CC(C)(C1=CC=C(C=C1)OCC2CO2)C3=CC=C(C=C3)OCC4CO4,OC(=O)CCCCCCCCCCCCC(=O)O,OC(=O)CCCCCCCCCCCCC(=O)O,1.0,0.0,Iso,160.0,9.79291361281,433.15,0.3691775920302845,0.0355674332519544
C10,CC(C)(C1=CC=C(C=C1)OCC2CO2)C3=CC=C(C=C3)OCC4CO4,OC(=O)CCCCCCCCC(=O)O,OC(=O)CCCCCCCCC(=O)O,1.0,0.0,Dyn,5.0,16.189999999999998,516.5,0.8778649542647986,0.0287301466705909
C8,CC(C)(C1=CC=C(C=C1)OCC2CO2)C3=CC=C(C=C3)OCC4CO4,OC(=O)CCCCCCC(=O)O,OC(=O)CCCCCCC(=O)O,1.0,0.0,Iso,170.0,11.9,443.19,0.474109131403118,0.0268169628653244
C14,CC(C)(C1=CC=C(C=C1)OCC2CO2)C3=CC=C(C=C3)OCC4CO4,OC(=O)CCCCCCCCCCCCC(=O)O,OC(=O)CCCCCCCCCCCCC(=O)O,1.0,0.0,Dyn,10.0,2.1847791698480794,458.4898645159798,0.1431663387963147,0.0975286404877232
C12,CC(C)(C1=CC=C(C=C1)OCC2CO2)C3=CC=C(C=C3)OCC4CO4,OC(=O)CCCCCCCCCCC(=O)O,OC(=O)CCCCCCCCCCC(=O)O,1.0,0.0,Dyn,5.0,6.371587348967399,467.0278206451197,0.3687726228034524,0.081702092648947
C14,CC(C)(C1=CC=C(C=C1)OCC2CO2)C3=CC=C(C=C3)OCC4CO4,OC(=O)CCCCCCCCCCCCC(=O)O,OC(=O)CCCCCCCCCCCCC(=O)O,1.0,0.0,Dyn,10.0,6.668048856580236,503.3975419350294,0.8275329951399295,0.1406158023681101
C14,CC(C)(C1=CC=C(C=C1)OCC2CO2)C3=CC=C(C=C3)OCC4CO4,OC(=O)CCCCCCCCCCCCC(=O)O,OC(=O)CCCCCCCCCCCCC(=O)O,1.0,0.0,Dyn,10.0,3.773828674426023,474.4570387094196,0.3455543554388143,0.1633737847425402
C6,CC(C)(C1=CC=C(C=C1)OCC2CO2)C3=CC=C(C=C3)OCC4CO4,OC(=O)CCCCC(=O)O,OC(=O)CCCCC(=O)O,1.0,0.0,Dyn,5.0,3.1900000000000004,451.67,0.2428417903511574,0.0924656539545148
C6,CC(C)(C1=CC=C(C=C1)OCC2CO2)C3=CC=C(C=C3)OCC4CO4,OC(=O)CCCCC(=O)O,OC(=O)CCCCC(=O)O,1.0,0.0,Dyn,5.0,13.009999999999998,500.67,0.8500682564117459,0.0156844520607621
C10,CC(C)(C1=CC=C(C=C1)OCC2CO2)C3=CC=C(C=C3)OCC4CO4,OC(=O)CCCCCCCCC(=O)O,OC(=O)CCCCCCCCC(=O)O,1.0,0.0,Iso,165.0,13.700000000000006,438.17,0.5373460365765796,0.0214922521422701
C14,CC(C)(C1=CC=C(C=C1)OCC2CO2)C3=CC=C(C=C3)OCC4CO4,OC(=O)CCCCCCCCCCCCC(=O)O,OC(=O)CCCCCCCCCCCCC(=O)O,1.0,0.0,Dyn,10.0,8.376141293399492,520.3626645155592,0.9490608690758324,0.022940004235671
C10,CC(C)(C1=CC=C(C=C1)OCC2CO2)C3=CC=C(C=C3)OCC4CO4,OC(=O)CCCCCCCCC(=O)O,OC(=O)CCCCCCCCC(=O)O,1.0,0.0,Iso,180.0,38.9864,453.1764,0.9442721832718286,0.0042813451274952
C14,CC(C)(C1=CC=C(C=C1)OCC2CO2)C3=CC=C(C=C3)OCC4CO4,OC(=O)CCCCCCCCCCCCC(=O)O,OC(=O)CCCCCCCCCCCCC(=O)O,1.0,0.0,Dyn,10.0,1.3902197723793108,450.5062774192599,0.0782479272642602,0.0703074334525507
C14,CC(C)(C1=CC=C(C=C1)OCC2CO2)C3=CC=C(C=C3)OCC4CO4,OC(=O)CCCCCCCCCCCCC(=O)O,OC(=O)CCCCCCCCCCCCC(=O)O,1.0,0.0,Dyn,10.0,1.0923837332738486,447.5124322579899,0.0590528393840688,0.061736353708448
C10,CC(C)(C1=CC=C(C=C1)OCC2CO2)C3=CC=C(C=C3)OCC4CO4,OC(=O)CCCCCCCCC(=O)O,OC(=O)CCCCCCCCC(=O)O,1.0,0.0,Iso,180.0,51.65698,453.17,0.9822990147348925,0.0019335107027395
C6,CC(C)(C1=CC=C(C=C1)OCC2CO2)C3=CC=C(C=C3)OCC4CO4,OC(=O)CCCCC(=O)O,OC(=O)CCCCC(=O)O,1.0,0.0,Dyn,5.0,22.41,547.67,0.954079409799878,0.0097301693339907
C12,CC(C)(C1=CC=C(C=C1)OCC2CO2)C3=CC=C(C=C3)OCC4CO4,OC(=O)CCCCCCCCCCC(=O)O,OC(=O)CCCCCCCCCCC(=O)O,1.0,0.0,Iso,180.0,6.012320000000001,453.1963206586826,0.4754843031140903,0.0434499538268051
C8,CC(C)(C1=CC=C(C=C1)OCC2CO2)C3=CC=C(C=C3)OCC4CO4,OC(=O)CCCCCCC(=O)O,OC(=O)CCCCCCC(=O)O,1.0,0.0,Iso,170.0,1.4000000000000004,443.21,0.0649101177219217,0.051912413072133
C12,CC(C)(C1=CC=C(C=C1)OCC2CO2)C3=CC=C(C=C3)OCC4CO4,OC(=O)CCCCCCCCCCC(=O)O,OC(=O)CCCCCCCCCCC(=O)O,1.0,0.0,Iso,170.0,48.39029999999994,443.1677816867469,0.9283288239019054,0.0034475870941256
C8,CC(C)(C1=CC=C(C=C1)OCC2CO2)C3=CC=C(C=C3)OCC4CO4,OC(=O)CCCCCCC(=O)O,OC(=O)CCCCCCC(=O)O,1.0,0.0,Iso,180.0,16.898699999999977,453.2,0.7993002892349141,0.0209700776386655
C8,CC(C)(C1=CC=C(C=C1)OCC2CO2)C3=CC=C(C=C3)OCC4CO4,OC(=O)CCCCCCC(=O)O,OC(=O)CCCCCCC(=O)O,1.0,0.0,Iso,170.0,18.9,443.19,0.6548679605472478,0.0260783600745421
C14,CC(C)(C1=CC=C(C=C1)OCC2CO2)C3=CC=C(C=C3)OCC4CO4,OC(=O)CCCCCCCCCCCCC(=O)O,OC(=O)CCCCCCCCCCCCC(=O)O,1.0,0.0,Iso,160.0,47.236406838259896,433.15,0.9611252277847204,0.0032073459765276
C12,CC(C)(C1=CC=C(C=C1)OCC2CO2)C3=CC=C(C=C3)OCC4CO4,OC(=O)CCCCCCCCCCC(=O)O,OC(=O)CCCCCCCCCCC(=O)O,1.0,0.0,Dyn,10.0,11.082010179817598,547.2609483861304,0.9860721062618596,0.0076102290102863
C8,CC(C)(C1=CC=C(C=C1)OCC2CO2)C3=CC=C(C=C3)OCC4CO4,OC(=O)CCCCCCC(=O)O,OC(=O)CCCCCCC(=O)O,1.0,0.0,Dyn,5.0,14.88,509.75000000000114,0.9621736367185152,0.0201633066532459
C10,CC(C)(C1=CC=C(C=C1)OCC2CO2)C3=CC=C(C=C3)OCC4CO4,OC(=O)CCCCCCCCC(=O)O,OC(=O)CCCCCCCCC(=O)O,1.0,0.0,Dyn,2.5,5.19,448.13,0.2189764824454583,0.0462393119415481
C12,CC(C)(C1=CC=C(C=C1)OCC2CO2)C3=CC=C(C=C3)OCC4CO4,OC(=O)CCCCCCCCCCC(=O)O,OC(=O)CCCCCCCCCCC(=O)O,1.0,0.0,Dyn,10.0,11.281412441399004,549.2585870957905,0.9875467476095164,0.0065174404102911
C14,CC(C)(C1=CC=C(C=C1)OCC2CO2)C3=CC=C(C=C3)OCC4CO4,OC(=O)CCCCCCCCCCCCC(=O)O,OC(=O)CCCCCCCCCCCCC(=O)O,1.0,0.0,Iso,160.0,53.57299799948986,433.15,0.9771891093845424,0.0019554911894139
C8,CC(C)(C1=CC=C(C=C1)OCC2CO2)C3=CC=C(C=C3)OCC4CO4,OC(=O)CCCCCCC(=O)O,OC(=O)CCCCCCC(=O)O,1.0,0.0,Iso,160.0,42.0,433.18,0.7744806850457351,0.0080452419188612
C12,CC(C)(C1=CC=C(C=C1)OCC2CO2)C3=CC=C(C=C3)OCC4CO4,OC(=O)CCCCCCCCCCC(=O)O,OC(=O)CCCCCCCCCCC(=O)O,1.0,0.0,Dyn,10.0,3.8849772357981833,475.3459548383702,0.2991975969932026,0.1291814469131632
C8,CC(C)(C1=CC=C(C=C1)OCC2CO2)C3=CC=C(C=C3)OCC4CO4,OC(=O)CCCCCCC(=O)O,OC(=O)CCCCCCC(=O)O,1.0,0.0,Dyn,10.0,4.57,485.15,0.4573065104486923,0.1514834382179685
C14,CC(C)(C1=CC=C(C=C1)OCC2CO2)C3=CC=C(C=C3)OCC4CO4,OC(=O)CCCCCCCCCCCCC(=O)O,OC(=O)CCCCCCCCCCCCC(=O)O,1.0,0.0,Iso,160.0,48.964568064049885,433.15,0.966381215881091,0.0027714038402772
C6,CC(C)(C1=CC=C(C=C1)OCC2CO2)C3=CC=C(C=C3)OCC4CO4,OC(=O)CCCCC(=O)O,OC(=O)CCCCC(=O)O,1.0,0.0,Iso,170.0,7.204999999999998,443.22,0.5714155791005411,0.0465839425635957
C6,CC(C)(C1=CC=C(C=C1)OCC2CO2)C3=CC=C(C=C3)OCC4CO4,OC(=O)CCCCC(=O)O,OC(=O)CCCCC(=O)O,1.0,0.0,Iso,180.0,30.38497499999996,453.17,0.9822474780846658,0.0018484440633972
C8,CC(C)(C1=CC=C(C=C1)OCC2CO2)C3=CC=C(C=C3)OCC4CO4,OC(=O)CCCCCCC(=O)O,OC(=O)CCCCCCC(=O)O,1.0,0.0,Iso,170.0,13.3,443.19,0.5110563156220171,0.0255102040816327
C14,CC(C)(C1=CC=C(C=C1)OCC2CO2)C3=CC=C(C=C3)OCC4CO4,OC(=O)CCCCCCCCCCCCC(=O)O,OC(=O)CCCCCCCCCCCCC(=O)O,1.0,0.0,Iso,160.0,62.21380412843981,433.15,0.9895558336817608,0.0010036497729506
C10,CC(C)(C1=CC=C(C=C1)OCC2CO2)C3=CC=C(C=C3)OCC4CO4,OC(=O)CCCCCCCCC(=O)O,OC(=O)CCCCCCCCC(=O)O,1.0,0.0,Iso,180.0,26.80315,453.18,0.8672762625749347,0.0089770139770062
C10,CC(C)(C1=CC=C(C=C1)OCC2CO2)C3=CC=C(C=C3)OCC4CO4,OC(=O)CCCCCCCCC(=O)O,OC(=O)CCCCCCCCC(=O)O,1.0,0.0,Iso,165.0,52.74500000000005,438.165,0.923507175422172,0.0038464880791536
C12,CC(C)(C1=CC=C(C=C1)OCC2CO2)C3=CC=C(C=C3)OCC4CO4,OC(=O)CCCCCCCCCCC(=O)O,OC(=O)CCCCCCCCCCC(=O)O,1.0,0.0,Iso,180.0,72.14784,453.1668091017964,0.9757124725972076,0.0013049624907877
C12,CC(C)(C1=CC=C(C=C1)OCC2CO2)C3=CC=C(C=C3)OCC4CO4,OC(=O)CCCCCCCCCCC(=O)O,OC(=O)CCCCCCCCCCC(=O)O,1.0,0.0,Iso,180.0,60.87473999999991,453.1679577108433,0.9570785739010038,0.0019958249859104
C12,CC(C)(C1=CC=C(C=C1)OCC2CO2)C3=CC=C(C=C3)OCC4CO4,OC(=O)CCCCCCCCCCC(=O)O,OC(=O)CCCCCCCCCCC(=O)O,1.0,0.0,Iso,170.0,69.89709999999992,443.1650593413173,0.97680041448391,0.0013490558194405
C12,CC(C)(C1=CC=C(C=C1)OCC2CO2)C3=CC=C(C=C3)OCC4CO4,OC(=O)CCCCCCCCCCC(=O)O,OC(=O)CCCCCCCCCCC(=O)O,1.0,0.0,Iso,180.0,52.607799999999926,453.1679705389221,0.9376370139610016,0.0027329299505829
C14,CC(C)(C1=CC=C(C=C1)OCC2CO2)C3=CC=C(C=C3)OCC4CO4,OC(=O)CCCCCCCCCCCCC(=O)O,OC(=O)CCCCCCCCCCCCC(=O)O,1.0,0.0,Iso,170.0,23.67960000000001,443.1869574850299,0.8826304076561582,0.013727111896694
C10,CC(C)(C1=CC=C(C=C1)OCC2CO2)C3=CC=C(C=C3)OCC4CO4,OC(=O)CCCCCCCCC(=O)O,OC(=O)CCCCCCCCC(=O)O,1.0,0.0,Iso,170.0,24.75631000000002,443.18,0.7652070627751101,0.013619023472416
C10,CC(C)(C1=CC=C(C=C1)OCC2CO2)C3=CC=C(C=C3)OCC4CO4,OC(=O)CCCCCCCCC(=O)O,OC(=O)CCCCCCCCC(=O)O,1.0,0.0,Iso,165.0,8.905000000000005,438.18,0.4069171250884114,0.0325088344064703
C6,CC(C)(C1=CC=C(C=C1)OCC2CO2)C3=CC=C(C=C3)OCC4CO4,OC(=O)CCCCC(=O)O,OC(=O)CCCCC(=O)O,1.0,0.0,Dyn,2.5,7.790000000000141,453.9900000000001,0.4099861376297977,0.0591938350309336
C8,CC(C)(C1=CC=C(C=C1)OCC2CO2)C3=CC=C(C=C3)OCC4CO4,OC(=O)CCCCCCC(=O)O,OC(=O)CCCCCCC(=O)O,1.0,0.0,Dyn,10.0,6.469999999999999,504.15,0.746998225363377,0.1457824486076132
C12,CC(C)(C1=CC=C(C=C1)OCC2CO2)C3=CC=C(C=C3)OCC4CO4,OC(=O)CCCCCCCCCCC(=O)O,OC(=O)CCCCCCCCCCC(=O)O,1.0,0.0,Dyn,10.0,10.682269509149757,543.2656709668104,0.982670621298699,0.0093626049073997
C14,CC(C)(C1=CC=C(C=C1)OCC2CO2)C3=CC=C(C=C3)OCC4CO4,OC(=O)CCCCCCCCCCCCC(=O)O,OC(=O)CCCCCCCCCCCCC(=O)O,1.0,0.0,Dyn,5.0,13.911996100008691,505.02898709659866,0.984730905106138,0.0141878186421871
C10,CC(C)(C1=CC=C(C=C1)OCC2CO2)C3=CC=C(C=C3)OCC4CO4,OC(=O)CCCCCCCCC(=O)O,OC(=O)CCCCCCCCC(=O)O,1.0,0.0,Dyn,5.0,17.39,522.5,0.9104257871581352,0.0248994604478459
C6,CC(C)(C1=CC=C(C=C1)OCC2CO2)C3=CC=C(C=C3)OCC4CO4,OC(=O)CCCCC(=O)O,OC(=O)CCCCC(=O)O,1.0,0.0,Iso,180.0,35.65170399999995,453.16829600000005,0.989912338663495,0.0010873200372922
C6,CC(C)(C1=CC=C(C=C1)OCC2CO2)C3=CC=C(C=C3)OCC4CO4,OC(=O)CCCCC(=O)O,OC(=O)CCCCC(=O)O,1.0,0.0,Dyn,10.0,0.1999999999999997,440.41,0.0138021162349967,0.0730211623499692
C10,CC(C)(C1=CC=C(C=C1)OCC2CO2)C3=CC=C(C=C3)OCC4CO4,OC(=O)CCCCCCCCC(=O)O,OC(=O)CCCCCCCCC(=O)O,1.0,0.0,Iso,180.0,49.22033,453.17,0.9771165969956784,0.0022097265174169
C12,CC(C)(C1=CC=C(C=C1)OCC2CO2)C3=CC=C(C=C3)OCC4CO4,OC(=O)CCCCCCCCCCC(=O)O,OC(=O)CCCCCCCCCCC(=O)O,1.0,0.0,Iso,170.0,11.521500000000003,443.19103197604784,0.5257722882483264,0.0266331929150651
C14,CC(C)(C1=CC=C(C=C1)OCC2CO2)C3=CC=C(C=C3)OCC4CO4,OC(=O)CCCCCCCCCCCCC(=O)O,OC(=O)CCCCCCCCCCCCC(=O)O,1.0,0.0,Iso,180.0,1.1765199999999996,453.21062373493976,0.0952697513813007,0.0917783065769617
C14,CC(C)(C1=CC=C(C=C1)OCC2CO2)C3=CC=C(C=C3)OCC4CO4,OC(=O)CCCCCCCCCCCCC(=O)O,OC(=O)CCCCCCCCCCCCC(=O)O,1.0,0.0,Dyn,5.0,13.00832774156467,500.5180064514488,0.9665097851994626,0.0249932555041647
C8,CC(C)(C1=CC=C(C=C1)OCC2CO2)C3=CC=C(C=C3)OCC4CO4,OC(=O)CCCCCCC(=O)O,OC(=O)CCCCCCC(=O)O,1.0,0.0,Dyn,5.0,6.539999999999999,468.15000000000055,0.4232084498772526,0.0836777226109852
C14,CC(C)(C1=CC=C(C=C1)OCC2CO2)C3=CC=C(C=C3)OCC4CO4,OC(=O)CCCCCCCCCCCCC(=O)O,OC(=O)CCCCCCCCCCCCC(=O)O,1.0,0.0,Dyn,5.0,13.65374632454706,503.7401354836987,0.9804662849418287,0.0171489810981699
C10,CC(C)(C1=CC=C(C=C1)OCC2CO2)C3=CC=C(C=C3)OCC4CO4,OC(=O)CCCCCCCCC(=O)O,OC(=O)CCCCCCCCC(=O)O,1.0,0.0,Dyn,10.0,8.49,523.3199999999999,0.8248605781817874,0.0693238217765482
C8,CC(C)(C1=CC=C(C=C1)OCC2CO2)C3=CC=C(C=C3)OCC4CO4,OC(=O)CCCCCCC(=O)O,OC(=O)CCCCCCC(=O)O,1.0,0.0,Iso,160.0,53.0,433.18,0.8493050426229459,0.0055198296573352
C12,CC(C)(C1=CC=C(C=C1)OCC2CO2)C3=CC=C(C=C3)OCC4CO4,OC(=O)CCCCCCCCCCC(=O)O,OC(=O)CCCCCCCCCCC(=O)O,1.0,0.0,Dyn,5.0,2.980659001356766,450.0397096773999,0.1271847937191305,0.0582509183692619
C12,CC(C)(C1=CC=C(C=C1)OCC2CO2)C3=CC=C(C=C3)OCC4CO4,OC(=O)CCCCCCCCCCC(=O)O,OC(=O)CCCCCCCCCCC(=O)O,1.0,0.0,Dyn,5.0,6.970991248175167,470.0257225805997,0.4180180341898721,0.082864887774203
C12,CC(C)(C1=CC=C(C=C1)OCC2CO2)C3=CC=C(C=C3)OCC4CO4,OC(=O)CCCCCCCCCCC(=O)O,OC(=O)CCCCCCCCCCC(=O)O,1.0,0.0,Dyn,2.5,20.15064645157241,484.3538709674994,0.7152526104265136,0.0142280572191727
C6,CC(C)(C1=CC=C(C=C1)OCC2CO2)C3=CC=C(C=C3)OCC4CO4,OC(=O)CCCCC(=O)O,OC(=O)CCCCC(=O)O,1.0,0.0,Dyn,5.0,18.41,527.67,0.9136774231026168,0.0101658485579015
C8,CC(C)(C1=CC=C(C=C1)OCC2CO2)C3=CC=C(C=C3)OCC4CO4,OC(=O)CCCCCCC(=O)O,OC(=O)CCCCCCC(=O)O,1.0,0.0,Iso,180.0,20.36509999999997,453.19,0.8601442212448988,0.0136081932332718
C12,CC(C)(C1=CC=C(C=C1)OCC2CO2)C3=CC=C(C=C3)OCC4CO4,OC(=O)CCCCCCCCCCC(=O)O,OC(=O)CCCCCCCCCCC(=O)O,1.0,0.0,Iso,180.0,70.64475999999999,453.166009879518,0.9736356293988692,0.0013817249902456
C14,CC(C)(C1=CC=C(C=C1)OCC2CO2)C3=CC=C(C=C3)OCC4CO4,OC(=O)CCCCCCCCCCCCC(=O)O,OC(=O)CCCCCCCCCCCCC(=O)O,1.0,0.0,Dyn,10.0,11.270166243407786,549.303167741169,0.979146151693395,0.0062734784724916
C10,CC(C)(C1=CC=C(C=C1)OCC2CO2)C3=CC=C(C=C3)OCC4CO4,OC(=O)CCCCCCCCC(=O)O,OC(=O)CCCCCCCCC(=O)O,1.0,0.0,Dyn,5.0,14.79,509.5,0.8350251133404286,0.0322416090414408
C8,CC(C)(C1=CC=C(C=C1)OCC2CO2)C3=CC=C(C=C3)OCC4CO4,OC(=O)CCCCCCC(=O)O,OC(=O)CCCCCCC(=O)O,1.0,0.0,Iso,180.0,24.69809999999996,453.18,0.9086730853044892,0.0086868590052464
C12,CC(C)(C1=CC=C(C=C1)OCC2CO2)C3=CC=C(C=C3)OCC4CO4,OC(=O)CCCCCCCCCCC(=O)O,OC(=O)CCCCCCCCCCC(=O)O,1.0,0.0,Iso,180.0,29.31005999999997,453.1704325748503,0.8382369908849661,0.0063712874550217
C10,CC(C)(C1=CC=C(C=C1)OCC2CO2)C3=CC=C(C=C3)OCC4CO4,OC(=O)CCCCCCCCC(=O)O,OC(=O)CCCCCCCCC(=O)O,1.0,0.0,Iso,180.0,19.98053,453.18,0.7883285222100253,0.0140870065485327
C8,CC(C)(C1=CC=C(C=C1)OCC2CO2)C3=CC=C(C=C3)OCC4CO4,OC(=O)CCCCCCC(=O)O,OC(=O)CCCCCCC(=O)O,1.0,0.0,Iso,160.0,25.0,433.19,0.58345128612031,0.0143587725726759
C12,CC(C)(C1=CC=C(C=C1)OCC2CO2)C3=CC=C(C=C3)OCC4CO4,OC(=O)CCCCCCCCCCC(=O)O,OC(=O)CCCCCCCCCCC(=O)O,1.0,0.0,Dyn,2.5,50.38328612893102,559.9296774187485,0.9719132369299222,0.0043133793762538
C14,CC(C)(C1=CC=C(C=C1)OCC2CO2)C3=CC=C(C=C3)OCC4CO4,OC(=O)CCCCCCCCCCCCC(=O)O,OC(=O)CCCCCCCCCCCCC(=O)O,1.0,0.0,Iso,170.0,34.391800000000025,443.1730214371257,0.9703827109074922,0.0036936247593418
C14,CC(C)(C1=CC=C(C=C1)OCC2CO2)C3=CC=C(C=C3)OCC4CO4,OC(=O)CCCCCCCCCCCCC(=O)O,OC(=O)CCCCCCCCCCCCC(=O)O,1.0,0.0,Iso,180.0,6.47086,453.2104074698795,0.5484105541699128,0.0674176194398735
C12,CC(C)(C1=CC=C(C=C1)OCC2CO2)C3=CC=C(C=C3)OCC4CO4,OC(=O)CCCCCCCCCCC(=O)O,OC(=O)CCCCCCCCCCC(=O)O,1.0,0.0,Iso,160.0,39.28371077421002,433.15,0.812305974154855,0.0094146620615358
C12,CC(C)(C1=CC=C(C=C1)OCC2CO2)C3=CC=C(C=C3)OCC4CO4,OC(=O)CCCCCCCCCCC(=O)O,OC(=O)CCCCCCCCCCC(=O)O,1.0,0.0,Iso,160.0,30.81075354839999,433.15,0.7169986784787823,0.0130898680207178
C8,CC(C)(C1=CC=C(C=C1)OCC2CO2)C3=CC=C(C=C3)OCC4CO4,OC(=O)CCCCCCC(=O)O,OC(=O)CCCCCCC(=O)O,1.0,0.0,Dyn,2.5,0.7999999999999998,436.15,0.0343048765199949,0.0367000639659533
C6,CC(C)(C1=CC=C(C=C1)OCC2CO2)C3=CC=C(C=C3)OCC4CO4,OC(=O)CCCCC(=O)O,OC(=O)CCCCC(=O)O,1.0,0.0,Iso,170.0,17.03,443.18,0.8297940066390795,0.0124270129938654
C12,CC(C)(C1=CC=C(C=C1)OCC2CO2)C3=CC=C(C=C3)OCC4CO4,OC(=O)CCCCCCCCCCC(=O)O,OC(=O)CCCCCCCCCCC(=O)O,1.0,0.0,Dyn,2.5,12.08339354836294,464.2003225804996,0.5382739334016938,0.035605665976182
C8,CC(C)(C1=CC=C(C=C1)OCC2CO2)C3=CC=C(C=C3)OCC4CO4,OC(=O)CCCCCCC(=O)O,OC(=O)CCCCCCC(=O)O,1.0,0.0,Dyn,10.0,1.39,453.15,0.0832401493007736,0.0725247321145705
C12,CC(C)(C1=CC=C(C=C1)OCC2CO2)C3=CC=C(C=C3)OCC4CO4,OC(=O)CCCCCCCCCCC(=O)O,OC(=O)CCCCCCCCCCC(=O)O,1.0,0.0,Dyn,5.0,14.777115763175948,508.9984477418393,0.8529402898883205,0.0302103474225479
C14,CC(C)(C1=CC=C(C=C1)OCC2CO2)C3=CC=C(C=C3)OCC4CO4,OC(=O)CCCCCCCCCCCCC(=O)O,OC(=O)CCCCCCCCCCCCC(=O)O,1.0,0.0,Dyn,2.5,22.793452179517462,491.06921935477067,0.978632534883374,0.0016413224592707
C10,CC(C)(C1=CC=C(C=C1)OCC2CO2)C3=CC=C(C=C3)OCC4CO4,OC(=O)CCCCCCCCC(=O)O,OC(=O)CCCCCCCCC(=O)O,1.0,0.0,Dyn,10.0,1.89,457.32,0.1062223936354397,0.0796696104071596
C10,CC(C)(C1=CC=C(C=C1)OCC2CO2)C3=CC=C(C=C3)OCC4CO4,OC(=O)CCCCCCCCC(=O)O,OC(=O)CCCCCCCCC(=O)O,1.0,0.0,Iso,170.0,22.649390000000015,443.19,0.7346331620638675,0.0150957005451346
C12,CC(C)(C1=CC=C(C=C1)OCC2CO2)C3=CC=C(C=C3)OCC4CO4,OC(=O)CCCCCCCCCCC(=O)O,OC(=O)CCCCCCCCCCC(=O)O,1.0,0.0,Iso,160.0,59.31070058067009,433.15,0.939552640595174,0.0034046677235503
C14,CC(C)(C1=CC=C(C=C1)OCC2CO2)C3=CC=C(C=C3)OCC4CO4,OC(=O)CCCCCCCCCCCCC(=O)O,OC(=O)CCCCCCCCCCCCC(=O)O,1.0,0.0,Dyn,10.0,4.271126145205023,479.4467806448696,0.4308393056453355,0.1705867440739153
C14,CC(C)(C1=CC=C(C=C1)OCC2CO2)C3=CC=C(C=C3)OCC4CO4,OC(=O)CCCCCCCCCCCCC(=O)O,OC(=O)CCCCCCCCCCCCC(=O)O,1.0,0.0,Iso,180.0,10.58868,453.1927943712575,0.7814065730392453,0.0422890690698621
C14,CC(C)(C1=CC=C(C=C1)OCC2CO2)C3=CC=C(C=C3)OCC4CO4,OC(=O)CCCCCCCCCCCCC(=O)O,OC(=O)CCCCCCCCCCCCC(=O)O,1.0,0.0,Iso,170.0,31.572800000000026,443.1750604191616,0.9571012078300708,0.0054173163137014
C14,CC(C)(C1=CC=C(C=C1)OCC2CO2)C3=CC=C(C=C3)OCC4CO4,OC(=O)CCCCCCCCCCCCC(=O)O,OC(=O)CCCCCCCCCCCCC(=O)O,1.0,0.0,Dyn,10.0,9.07538467777776,527.3483032251892,0.9615455037226204,0.0129423755168504
C14,CC(C)(C1=CC=C(C=C1)OCC2CO2)C3=CC=C(C=C3)OCC4CO4,OC(=O)CCCCCCCCCCCCC(=O)O,OC(=O)CCCCCCCCCCCCC(=O)O,1.0,0.0,Iso,160.0,49.54062180597988,433.15,0.9679595103356852,0.002703049466725
C8,CC(C)(C1=CC=C(C=C1)OCC2CO2)C3=CC=C(C=C3)OCC4CO4,OC(=O)CCCCCCC(=O)O,OC(=O)CCCCCCC(=O)O,1.0,0.0,Iso,180.0,38.56370000000002,453.17,0.977297040294782,0.0023774561488042
C14,CC(C)(C1=CC=C(C=C1)OCC2CO2)C3=CC=C(C=C3)OCC4CO4,OC(=O)CCCCCCCCCCCCC(=O)O,OC(=O)CCCCCCCCCCCCC(=O)O,1.0,0.0,Iso,170.0,41.72120000000003,443.1697534939759,0.9881530843629968,0.001395369353529
C8,CC(C)(C1=CC=C(C=C1)OCC2CO2)C3=CC=C(C=C3)OCC4CO4,OC(=O)CCCCCCC(=O)O,OC(=O)CCCCCCC(=O)O,1.0,0.0,Iso,170.0,51.8,443.17,0.9670299077314668,0.0019885459751829
C8,CC(C)(C1=CC=C(C=C1)OCC2CO2)C3=CC=C(C=C3)OCC4CO4,OC(=O)CCCCCCC(=O)O,OC(=O)CCCCCCC(=O)O,1.0,0.0,Dyn,2.5,13.98,469.15,0.6947473987714681,0.0524946721825242
C6,CC(C)(C1=CC=C(C=C1)OCC2CO2)C3=CC=C(C=C3)OCC4CO4,OC(=O)CCCCC(=O)O,OC(=O)CCCCC(=O)O,1.0,0.0,Dyn,2.5,36.85000000000068,526.5300000000007,0.8994847383150699,0.0089479052953863
C14,CC(C)(C1=CC=C(C=C1)OCC2CO2)C3=CC=C(C=C3)OCC4CO4,OC(=O)CCCCCCCCCCCCC(=O)O,OC(=O)CCCCCCCCCCCCC(=O)O,1.0,0.0,Dyn,2.5,30.820358859166973,511.13760645152087,0.9874515502600514,0.0010942810370738
C12,CC(C)(C1=CC=C(C=C1)OCC2CO2)C3=CC=C(C=C3)OCC4CO4,OC(=O)CCCCCCCCCCC(=O)O,OC(=O)CCCCCCCCCCC(=O)O,1.0,0.0,Dyn,5.0,16.577200980260763,517.9921535482792,0.9024447963646032,0.0231959019145011
C10,CC(C)(C1=CC=C(C=C1)OCC2CO2)C3=CC=C(C=C3)OCC4CO4,OC(=O)CCCCCCCCC(=O)O,OC(=O)CCCCCCCCC(=O)O,1.0,0.0,Iso,165.0,21.234999999999992,438.17,0.6727070473028662,0.0144183201592018
C8,CC(C)(C1=CC=C(C=C1)OCC2CO2)C3=CC=C(C=C3)OCC4CO4,OC(=O)CCCCCCC(=O)O,OC(=O)CCCCCCC(=O)O,1.0,0.0,Dyn,2.5,3.58,443.15,0.1463363419832017,0.0453099536166478
C6,CC(C)(C1=CC=C(C=C1)OCC2CO2)C3=CC=C(C=C3)OCC4CO4,OC(=O)CCCCC(=O)O,OC(=O)CCCCC(=O)O,1.0,0.0,Iso,165.0,12.738143999999988,438.18,0.7954581049334377,0.0197536558352193
C6,CC(C)(C1=CC=C(C=C1)OCC2CO2)C3=CC=C(C=C3)OCC4CO4,OC(=O)CCCCC(=O)O,OC(=O)CCCCC(=O)O,1.0,0.0,Dyn,10.0,8.11,519.41,0.9105180037902716,0.0205306380290604
C12,CC(C)(C1=CC=C(C=C1)OCC2CO2)C3=CC=C(C=C3)OCC4CO4,OC(=O)CCCCCCCCCCC(=O)O,OC(=O)CCCCCCCCCCC(=O)O,1.0,0.0,Iso,180.0,21.043119999999988,453.1713639520958,0.773104880581516,0.0095185499328038
C14,CC(C)(C1=CC=C(C=C1)OCC2CO2)C3=CC=C(C=C3)OCC4CO4,OC(=O)CCCCCCCCCCCCC(=O)O,OC(=O)CCCCCCCCCCCCC(=O)O,1.0,0.0,Dyn,2.5,15.069102456112844,471.8035677418905,0.8677346216960681,0.0369178182834919
C6,CC(C)(C1=CC=C(C=C1)OCC2CO2)C3=CC=C(C=C3)OCC4CO4,OC(=O)CCCCC(=O)O,OC(=O)CCCCC(=O)O,1.0,0.0,Dyn,10.0,0.5,443.41,0.0366156032849019,0.0817593177511063
C10,CC(C)(C1=CC=C(C=C1)OCC2CO2)C3=CC=C(C=C3)OCC4CO4,OC(=O)CCCCCCCCC(=O)O,OC(=O)CCCCCCCCC(=O)O,1.0,0.0,Iso,165.0,10.275000000000006,438.18,0.4499762452315493,0.0287404781164247
C12,CC(C)(C1=CC=C(C=C1)OCC2CO2)C3=CC=C(C=C3)OCC4CO4,OC(=O)CCCCCCCCCCC(=O)O,OC(=O)CCCCCCCCCCC(=O)O,1.0,0.0,Dyn,5.0,11.977722979866453,495.0082387095995,0.7587259376945895,0.0389339664425853
C6,CC(C)(C1=CC=C(C=C1)OCC2CO2)C3=CC=C(C=C3)OCC4CO4,OC(=O)CCCCC(=O)O,OC(=O)CCCCC(=O)O,1.0,0.0,Iso,180.0,14.989920999999988,453.18,0.9096075062772566,0.0110368855313363
C6,CC(C)(C1=CC=C(C=C1)OCC2CO2)C3=CC=C(C=C3)OCC4CO4,OC(=O)CCCCC(=O)O,OC(=O)CCCCC(=O)O,1.0,0.0,Dyn,10.0,6.51,503.41,0.8681301326595072,0.0360075805432725
C14,CC(C)(C1=CC=C(C=C1)OCC2CO2)C3=CC=C(C=C3)OCC4CO4,OC(=O)CCCCCCCCCCCCC(=O)O,OC(=O)CCCCCCCCCCCCC(=O)O,1.0,0.0,Dyn,2.5,18.292556261635283,479.8309225805905,0.9523071158485164,0.0138545541236076
C14,CC(C)(C1=CC=C(C=C1)OCC2CO2)C3=CC=C(C=C3)OCC4CO4,OC(=O)CCCCCCCCCCCCC(=O)O,OC(=O)CCCCCCCCCCCCC(=O)O,1.0,0.0,Dyn,10.0,6.167334478247608,498.4077999995794,0.74848849342269,0.1650079206229064
C10,CC(C)(C1=CC=C(C=C1)OCC2CO2)C3=CC=C(C=C3)OCC4CO4,OC(=O)CCCCCCCCC(=O)O,OC(=O)CCCCCCCCC(=O)O,1.0,0.0,Dyn,10.0,11.39,552.3199999999999,0.9631211344051664,0.0263923179352339
C14,CC(C)(C1=CC=C(C=C1)OCC2CO2)C3=CC=C(C=C3)OCC4CO4,OC(=O)CCCCCCCCCCCCC(=O)O,OC(=O)CCCCCCCCCCCCC(=O)O,1.0,0.0,Iso,160.0,12.09712858053,433.15,0.4480288573800462,0.0330020961842808
C12,CC(C)(C1=CC=C(C=C1)OCC2CO2)C3=CC=C(C=C3)OCC4CO4,OC(=O)CCCCCCCCCCC(=O)O,OC(=O)CCCCCCCCCCC(=O)O,1.0,0.0,Iso,170.0,60.67989999999989,443.16686445783125,0.9614299694893788,0.0019486361836363
C12,CC(C)(C1=CC=C(C=C1)OCC2CO2)C3=CC=C(C=C3)OCC4CO4,OC(=O)CCCCCCCCCCC(=O)O,OC(=O)CCCCCCCCCCC(=O)O,1.0,0.0,Iso,160.0,72.40527083874002,433.15,0.9718075473545104,0.0016521192647507
C14,CC(C)(C1=CC=C(C=C1)OCC2CO2)C3=CC=C(C=C3)OCC4CO4,OC(=O)CCCCCCCCCCCCC(=O)O,OC(=O)CCCCCCCCCCCCC(=O)O,1.0,0.0,Iso,170.0,14.095000000000006,443.21274,0.6696746725901248,0.0317882734444701
C12,CC(C)(C1=CC=C(C=C1)OCC2CO2)C3=CC=C(C=C3)OCC4CO4,OC(=O)CCCCCCCCCCC(=O)O,OC(=O)CCCCCCCCCCC(=O)O,1.0,0.0,Iso,170.0,41.47739999999996,443.1684359281437,0.9004662943987104,0.0045718002769926
C12,CC(C)(C1=CC=C(C=C1)OCC2CO2)C3=CC=C(C=C3)OCC4CO4,OC(=O)CCCCCCCCCCC(=O)O,OC(=O)CCCCCCCCCCC(=O)O,1.0,0.0,Iso,170.0,27.651600000000013,443.1734153293413,0.8076103851246329,0.0095183382816076
C10,CC(C)(C1=CC=C(C=C1)OCC2CO2)C3=CC=C(C=C3)OCC4CO4,OC(=O)CCCCCCCCC(=O)O,OC(=O)CCCCCCCCC(=O)O,1.0,0.0,Dyn,10.0,8.59,524.3199999999999,0.8317929603594422,0.0682681290591382
C6,CC(C)(C1=CC=C(C=C1)OCC2CO2)C3=CC=C(C=C3)OCC4CO4,OC(=O)CCCCC(=O)O,OC(=O)CCCCC(=O)O,1.0,0.0,Dyn,5.0,2.79,449.67,0.2071974207789944,0.0877167504138951
C10,CC(C)(C1=CC=C(C=C1)OCC2CO2)C3=CC=C(C=C3)OCC4CO4,OC(=O)CCCCCCCCC(=O)O,OC(=O)CCCCCCCCC(=O)O,1.0,0.0,Iso,180.0,51.16965,453.17,0.9812894528376428,0.0020716186100784
C12,CC(C)(C1=CC=C(C=C1)OCC2CO2)C3=CC=C(C=C3)OCC4CO4,OC(=O)CCCCCCCCCCC(=O)O,OC(=O)CCCCCCCCCCC(=O)O,1.0,0.0,Dyn,5.0,17.577303816442786,522.9886567740792,0.9239129741551536,0.0189646097762241
C10,CC(C)(C1=CC=C(C=C1)OCC2CO2)C3=CC=C(C=C3)OCC4CO4,OC(=O)CCCCCCCCC(=O)O,OC(=O)CCCCCCCCC(=O)O,1.0,0.0,Dyn,2.5,0.3999999999999999,436.13,0.0226042461461774,0.0347054107086288
C6,CC(C)(C1=CC=C(C=C1)OCC2CO2)C3=CC=C(C=C3)OCC4CO4,OC(=O)CCCCC(=O)O,OC(=O)CCCCC(=O)O,1.0,0.0,Iso,180.0,0.4051330000000002,453.3,0.0446247218184221,0.1558269301445053
C8,CC(C)(C1=CC=C(C=C1)OCC2CO2)C3=CC=C(C=C3)OCC4CO4,OC(=O)CCCCCCC(=O)O,OC(=O)CCCCCCC(=O)O,1.0,0.0,Iso,170.0,16.8,443.19,0.5995068405981546,0.0260783600745421
C12,CC(C)(C1=CC=C(C=C1)OCC2CO2)C3=CC=C(C=C3)OCC4CO4,OC(=O)CCCCCCCCCCC(=O)O,OC(=O)CCCCCCCCCCC(=O)O,1.0,0.0,Dyn,2.5,40.306292903144815,534.7377419349989,0.9189029477196886,0.006297462299786
C6,CC(C)(C1=CC=C(C=C1)OCC2CO2)C3=CC=C(C=C3)OCC4CO4,OC(=O)CCCCC(=O)O,OC(=O)CCCCC(=O)O,1.0,0.0,Dyn,2.5,2.97,441.9,0.1413961760782575,0.0501689145007744
C10,CC(C)(C1=CC=C(C=C1)OCC2CO2)C3=CC=C(C=C3)OCC4CO4,OC(=O)CCCCCCCCC(=O)O,OC(=O)CCCCCCCCC(=O)O,1.0,0.0,Dyn,5.0,18.19,526.5,0.9295153735014832,0.0220264457807864
C10,CC(C)(C1=CC=C(C=C1)OCC2CO2)C3=CC=C(C=C3)OCC4CO4,OC(=O)CCCCCCCCC(=O)O,OC(=O)CCCCCCCCC(=O)O,1.0,0.0,Iso,165.0,36.99,438.17,0.8417446621759038,0.0074525706533597
C10,CC(C)(C1=CC=C(C=C1)OCC2CO2)C3=CC=C(C=C3)OCC4CO4,OC(=O)CCCCCCCCC(=O)O,OC(=O)CCCCCCCCC(=O)O,1.0,0.0,Dyn,2.5,9.19,458.13,0.4076558308537547,0.0464989298277447
C6,CC(C)(C1=CC=C(C=C1)OCC2CO2)C3=CC=C(C=C3)OCC4CO4,OC(=O)CCCCC(=O)O,OC(=O)CCCCC(=O)O,1.0,0.0,Dyn,10.0,9.91,537.41,0.9435723310170562,0.0167403663929244
C6,CC(C)(C1=CC=C(C=C1)OCC2CO2)C3=CC=C(C=C3)OCC4CO4,OC(=O)CCCCC(=O)O,OC(=O)CCCCC(=O)O,1.0,0.0,Dyn,2.5,49.510000000000005,558.1500000000009,0.9895116783930136,0.003746586541548
C10,CC(C)(C1=CC=C(C=C1)OCC2CO2)C3=CC=C(C=C3)OCC4CO4,OC(=O)CCCCCCCCC(=O)O,OC(=O)CCCCCCCCC(=O)O,1.0,0.0,Iso,165.0,66.44500000000009,438.16,0.9650059736861388,0.0021636495445238
C10,CC(C)(C1=CC=C(C=C1)OCC2CO2)C3=CC=C(C=C3)OCC4CO4,OC(=O)CCCCCCCCC(=O)O,OC(=O)CCCCCCCCC(=O)O,1.0,0.0,Iso,170.0,23.17612000000002,443.18,0.7425845204120063,0.014814516619204
C12,CC(C)(C1=CC=C(C=C1)OCC2CO2)C3=CC=C(C=C3)OCC4CO4,OC(=O)CCCCCCCCCCC(=O)O,OC(=O)CCCCCCCCCCC(=O)O,1.0,0.0,Iso,170.0,34.564499999999995,443.17034,0.8625295031949801,0.00632252108592
C14,CC(C)(C1=CC=C(C=C1)OCC2CO2)C3=CC=C(C=C3)OCC4CO4,OC(=O)CCCCCCCCCCCCC(=O)O,OC(=O)CCCCCCCCCCCCC(=O)O,1.0,0.0,Dyn,5.0,4.490575336861937,457.9859032257496,0.2881896596666244,0.0961384053829772
C14,CC(C)(C1=CC=C(C=C1)OCC2CO2)C3=CC=C(C=C3)OCC4CO4,OC(=O)CCCCCCCCCCCCC(=O)O,OC(=O)CCCCCCCCCCCCC(=O)O,1.0,0.0,Iso,170.0,6.765599999999999,443.2370585542168,0.3632306262395131,0.0494320772158698
C12,CC(C)(C1=CC=C(C=C1)OCC2CO2)C3=CC=C(C=C3)OCC4CO4,OC(=O)CCCCCCCCCCC(=O)O,OC(=O)CCCCCCCCCCC(=O)O,1.0,0.0,Iso,170.0,35.332599999999985,443.1701220958084,0.8673858316410753,0.0061187714711419
C8,CC(C)(C1=CC=C(C=C1)OCC2CO2)C3=CC=C(C=C3)OCC4CO4,OC(=O)CCCCCCC(=O)O,OC(=O)CCCCCCC(=O)O,1.0,0.0,Dyn,10.0,0.69,446.15,0.0400620756325858,0.0538132697863024
C6,CC(C)(C1=CC=C(C=C1)OCC2CO2)C3=CC=C(C=C3)OCC4CO4,OC(=O)CCCCC(=O)O,OC(=O)CCCCC(=O)O,1.0,0.0,Iso,165.0,9.951674999999994,438.18,0.7169582354476637,0.035100345468288
C8,CC(C)(C1=CC=C(C=C1)OCC2CO2)C3=CC=C(C=C3)OCC4CO4,OC(=O)CCCCCCC(=O)O,OC(=O)CCCCCCC(=O)O,1.0,0.0,Iso,170.0,11.2,443.19,0.4546611517658288,0.0277828280532702
C12,CC(C)(C1=CC=C(C=C1)OCC2CO2)C3=CC=C(C=C3)OCC4CO4,OC(=O)CCCCCCCCCCC(=O)O,OC(=O)CCCCCCCCCCC(=O)O,1.0,0.0,Iso,170.0,59.143699999999896,443.16639054216864,0.9582062057452074,0.0021734788202097
C8,CC(C)(C1=CC=C(C=C1)OCC2CO2)C3=CC=C(C=C3)OCC4CO4,OC(=O)CCCCCCC(=O)O,OC(=O)CCCCCCC(=O)O,1.0,0.0,Iso,170.0,6.300000000000001,443.2,0.291011772192173,0.0383618926412435
C14,CC(C)(C1=CC=C(C=C1)OCC2CO2)C3=CC=C(C=C3)OCC4CO4,OC(=O)CCCCCCCCCCCCC(=O)O,OC(=O)CCCCCCCCCCCCC(=O)O,1.0,0.0,Dyn,2.5,6.383524020889304,450.1297096774002,0.324918204677509,0.0660249134934709
C10,CC(C)(C1=CC=C(C=C1)OCC2CO2)C3=CC=C(C=C3)OCC4CO4,OC(=O)CCCCCCCCC(=O)O,OC(=O)CCCCCCCCC(=O)O,1.0,0.0,Dyn,5.0,11.79,494.5,0.7200406818876854,0.045329786969155
C10,CC(C)(C1=CC=C(C=C1)OCC2CO2)C3=CC=C(C=C3)OCC4CO4,OC(=O)CCCCCCCCC(=O)O,OC(=O)CCCCCCCCC(=O)O,1.0,0.0,Iso,170.0,20.542470000000016,443.19,0.7008671934601727,0.0164797161315402
C6,CC(C)(C1=CC=C(C=C1)OCC2CO2)C3=CC=C(C=C3)OCC4CO4,OC(=O)CCCCC(=O)O,OC(=O)CCCCC(=O)O,1.0,0.0,Dyn,10.0,9.81,536.41,0.9418982943777636,0.0167403663929252
C12,CC(C)(C1=CC=C(C=C1)OCC2CO2)C3=CC=C(C=C3)OCC4CO4,OC(=O)CCCCCCCCCCC(=O)O,OC(=O)CCCCCCCCCCC(=O)O,1.0,0.0,Iso,170.0,51.46269999999993,443.16789383233527,0.9384030856024408,0.0029979018209788
C12,CC(C)(C1=CC=C(C=C1)OCC2CO2)C3=CC=C(C=C3)OCC4CO4,OC(=O)CCCCCCCCCCC(=O)O,OC(=O)CCCCCCCCCCC(=O)O,1.0,0.0,Dyn,10.0,1.494145316060536,451.37429032245007,0.0696388426905948,0.0653290798134047
C14,CC(C)(C1=CC=C(C=C1)OCC2CO2)C3=CC=C(C=C3)OCC4CO4,OC(=O)CCCCCCCCCCCCC(=O)O,OC(=O)CCCCCCCCCCCCC(=O)O,1.0,0.0,Dyn,2.5,13.135135789559664,466.9871548386704,0.7801451259336455,0.0515601531794628
C14,CC(C)(C1=CC=C(C=C1)OCC2CO2)C3=CC=C(C=C3)OCC4CO4,OC(=O)CCCCCCCCCCCCC(=O)O,OC(=O)CCCCCCCCCCCCC(=O)O,1.0,0.0,Iso,170.0,18.04160000000001,443.1989346987952,0.7787016453987547,0.022676977070005
C12,CC(C)(C1=CC=C(C=C1)OCC2CO2)C3=CC=C(C=C3)OCC4CO4,OC(=O)CCCCCCCCCCC(=O)O,OC(=O)CCCCCCCCCCC(=O)O,1.0,0.0,Iso,180.0,61.62627999999992,453.1675844311377,0.9585785162109148,0.0019190624864523
C14,CC(C)(C1=CC=C(C=C1)OCC2CO2)C3=CC=C(C=C3)OCC4CO4,OC(=O)CCCCCCCCCCCCC(=O)O,OC(=O)CCCCCCCCCCCCC(=O)O,1.0,0.0,Dyn,10.0,1.9860456958685928,456.4939677417998,0.1248983689098803,0.0900434121276601
C6,CC(C)(C1=CC=C(C=C1)OCC2CO2)C3=CC=C(C=C3)OCC4CO4,OC(=O)CCCCC(=O)O,OC(=O)CCCCC(=O)O,1.0,0.0,Iso,165.0,13.136210999999989,438.17,0.803321383450796,0.0182042209187331
C6,CC(C)(C1=CC=C(C=C1)OCC2CO2)C3=CC=C(C=C3)OCC4CO4,OC(=O)CCCCC(=O)O,OC(=O)CCCCC(=O)O,1.0,0.0,Dyn,5.0,6.19,466.67,0.534926951116791,0.0939614859566065
C12,CC(C)(C1=CC=C(C=C1)OCC2CO2)C3=CC=C(C=C3)OCC4CO4,OC(=O)CCCCCCCCCCC(=O)O,OC(=O)CCCCCCCCCCC(=O)O,1.0,0.0,Iso,160.0,7.702688387100002,433.15,0.2407865406800808,0.0282487600577655
C10,CC(C)(C1=CC=C(C=C1)OCC2CO2)C3=CC=C(C=C3)OCC4CO4,OC(=O)CCCCCCCCC(=O)O,OC(=O)CCCCCCCCC(=O)O,1.0,0.0,Dyn,10.0,11.89,557.3199999999999,0.975050462111892,0.0200581616307768
C12,CC(C)(C1=CC=C(C=C1)OCC2CO2)C3=CC=C(C=C3)OCC4CO4,OC(=O)CCCCCCCCCCC(=O)O,OC(=O)CCCCCCCCCCC(=O)O,1.0,0.0,Dyn,5.0,19.577099846243524,532.9816632256792,0.9552151791392832,0.0117153375953405
C14,CC(C)(C1=CC=C(C=C1)OCC2CO2)C3=CC=C(C=C3)OCC4CO4,OC(=O)CCCCCCCCCCCCC(=O)O,OC(=O)CCCCCCCCCCCCC(=O)O,1.0,0.0,Dyn,2.5,21.18748408237296,487.0555419354206,0.9748153491233196,0.003142433684367
C10,CC(C)(C1=CC=C(C=C1)OCC2CO2)C3=CC=C(C=C3)OCC4CO4,OC(=O)CCCCCCCCC(=O)O,OC(=O)CCCCCCCCC(=O)O,1.0,0.0,Dyn,5.0,12.99,500.5,0.7711803429613373,0.0386260860793509
C14,CC(C)(C1=CC=C(C=C1)OCC2CO2)C3=CC=C(C=C3)OCC4CO4,OC(=O)CCCCCCCCCCCCC(=O)O,OC(=O)CCCCCCCCCCCCC(=O)O,1.0,0.0,Iso,160.0,21.89004219334,433.15,0.7117735069609432,0.020495877295875
C6,CC(C)(C1=CC=C(C=C1)OCC2CO2)C3=CC=C(C=C3)OCC4CO4,OC(=O)CCCCC(=O)O,OC(=O)CCCCC(=O)O,1.0,0.0,Iso,170.0,37.99000000000004,443.17,0.9511618389341092,0.0025687121830895
C12,CC(C)(C1=CC=C(C=C1)OCC2CO2)C3=CC=C(C=C3)OCC4CO4,OC(=O)CCCCCCCCCCC(=O)O,OC(=O)CCCCCCCCCCC(=O)O,1.0,0.0,Dyn,5.0,8.370515700231167,477.0208270967196,0.5338109763558986,0.0810621767626017
C12,CC(C)(C1=CC=C(C=C1)OCC2CO2)C3=CC=C(C=C3)OCC4CO4,OC(=O)CCCCCCCCCCC(=O)O,OC(=O)CCCCCCCCCCC(=O)O,1.0,0.0,Iso,180.0,64.63243999999995,453.1668779640719,0.9641167647398176,0.001765537487536
C14,CC(C)(C1=CC=C(C=C1)OCC2CO2)C3=CC=C(C=C3)OCC4CO4,OC(=O)CCCCCCCCCCCCC(=O)O,OC(=O)CCCCCCCCCCCCC(=O)O,1.0,0.0,Dyn,10.0,0.7946175346650017,444.5185870967199,0.0421740859520914,0.0543039414737731
C14,CC(C)(C1=CC=C(C=C1)OCC2CO2)C3=CC=C(C=C3)OCC4CO4,OC(=O)CCCCCCCCCCCCC(=O)O,OC(=O)CCCCCCCCCCCCC(=O)O,1.0,0.0,Dyn,5.0,13.524692311866971,503.0957096772487,0.9780634003358184,0.0186192165288734
C6,CC(C)(C1=CC=C(C=C1)OCC2CO2)C3=CC=C(C=C3)OCC4CO4,OC(=O)CCCCC(=O)O,OC(=O)CCCCC(=O)O,1.0,0.0,Dyn,5.0,8.600000000000001,478.67,0.7189578552964071,0.0521362804612392
C10,CC(C)(C1=CC=C(C=C1)OCC2CO2)C3=CC=C(C=C3)OCC4CO4,OC(=O)CCCCCCCCC(=O)O,OC(=O)CCCCCCCCC(=O)O,1.0,0.0,Dyn,2.5,11.19,463.13,0.4992872805818938,0.0444493149367187
C10,CC(C)(C1=CC=C(C=C1)OCC2CO2)C3=CC=C(C=C3)OCC4CO4,OC(=O)CCCCCCCCC(=O)O,OC(=O)CCCCCCCCC(=O)O,1.0,0.0,Dyn,5.0,17.59,523.5,0.9154056792477044,0.024261012744054
C6,CC(C)(C1=CC=C(C=C1)OCC2CO2)C3=CC=C(C=C3)OCC4CO4,OC(=O)CCCCC(=O)O,OC(=O)CCCCC(=O)O,1.0,0.0,Dyn,2.5,9.29,457.71000000000015,0.4967174953574155,0.0538660178238541
C8,CC(C)(C1=CC=C(C=C1)OCC2CO2)C3=CC=C(C=C3)OCC4CO4,OC(=O)CCCCCCC(=O)O,OC(=O)CCCCCCC(=O)O,1.0,0.0,Dyn,2.5,4.38,445.15,0.1830073962642597,0.0477466466090008
C14,CC(C)(C1=CC=C(C=C1)OCC2CO2)C3=CC=C(C=C3)OCC4CO4,OC(=O)CCCCCCCCCCCCC(=O)O,OC(=O)CCCCCCCCCCCCC(=O)O,1.0,0.0,Iso,160.0,35.715331999659966,433.15,0.898624037378684,0.0080291981836032
C14,CC(C)(C1=CC=C(C=C1)OCC2CO2)C3=CC=C(C=C3)OCC4CO4,OC(=O)CCCCCCCCCCCCC(=O)O,OC(=O)CCCCCCCCCCCCC(=O)O,1.0,0.0,Iso,160.0,30.53084832229,433.15,0.8475463483695842,0.0115875928331549
C6,CC(C)(C1=CC=C(C=C1)OCC2CO2)C3=CC=C(C=C3)OCC4CO4,OC(=O)CCCCC(=O)O,OC(=O)CCCCC(=O)O,1.0,0.0,Iso,165.0,27.466623000000027,438.17,0.9355781780214044,0.0055082159476938
C12,CC(C)(C1=CC=C(C=C1)OCC2CO2)C3=CC=C(C=C3)OCC4CO4,OC(=O)CCCCCCCCCCC(=O)O,OC(=O)CCCCCCCCCCC(=O)O,1.0,0.0,Iso,180.0,27.80697999999997,453.1704593413174,0.8282566055151724,0.0067550999523123
C14,CC(C)(C1=CC=C(C=C1)OCC2CO2)C3=CC=C(C=C3)OCC4CO4,OC(=O)CCCCCCCCCCCCC(=O)O,OC(=O)CCCCCCCCCCCCC(=O)O,1.0,0.0,Dyn,5.0,0.1261319614836216,436.07542580645,0.0117815504049277,0.031299847966345
C10,CC(C)(C1=CC=C(C=C1)OCC2CO2)C3=CC=C(C=C3)OCC4CO4,OC(=O)CCCCCCCCC(=O)O,OC(=O)CCCCCCCCC(=O)O,1.0,0.0,Iso,180.0,5.8479600000000005,453.21,0.3983034514229102,0.0490762443598247
C6,CC(C)(C1=CC=C(C=C1)OCC2CO2)C3=CC=C(C=C3)OCC4CO4,OC(=O)CCCCC(=O)O,OC(=O)CCCCC(=O)O,1.0,0.0,Dyn,2.5,13.409999999999998,467.9400000000002,0.6549577590040031,0.0241053964277339
C8,CC(C)(C1=CC=C(C=C1)OCC2CO2)C3=CC=C(C=C3)OCC4CO4,OC(=O)CCCCCCC(=O)O,OC(=O)CCCCCCC(=O)O,1.0,0.0,Dyn,2.5,9.97,459.15,0.4805064560611758,0.0557070327190673
C8,CC(C)(C1=CC=C(C=C1)OCC2CO2)C3=CC=C(C=C3)OCC4CO4,OC(=O)CCCCCCC(=O)O,OC(=O)CCCCCCC(=O)O,1.0,0.0,Dyn,5.0,2.87,449.7500000000003,0.1482817636602401,0.0671572533596053
C12,CC(C)(C1=CC=C(C=C1)OCC2CO2)C3=CC=C(C=C3)OCC4CO4,OC(=O)CCCCCCCCCCC(=O)O,OC(=O)CCCCCCCCCCC(=O)O,1.0,0.0,Iso,180.0,21.794659999999983,453.1721320481928,0.7802584515980154,0.0090363711188417
C14,CC(C)(C1=CC=C(C=C1)OCC2CO2)C3=CC=C(C=C3)OCC4CO4,OC(=O)CCCCCCCCCCCCC(=O)O,OC(=O)CCCCCCCCCCCCC(=O)O,1.0,0.0,Dyn,5.0,7.712020416985281,474.0965483869993,0.6195302452371829,0.1010120652532911
C14,CC(C)(C1=CC=C(C=C1)OCC2CO2)C3=CC=C(C=C3)OCC4CO4,OC(=O)CCCCCCCCCCCCC(=O)O,OC(=O)CCCCCCCCCCCCC(=O)O,1.0,0.0,Dyn,2.5,14.102359011847067,469.3953612902804,0.8275423960345941,0.0439875759334345
C6,CC(C)(C1=CC=C(C=C1)OCC2CO2)C3=CC=C(C=C3)OCC4CO4,OC(=O)CCCCC(=O)O,OC(=O)CCCCC(=O)O,1.0,0.0,Dyn,10.0,7.709999999999999,515.41,0.9018319646241312,0.0221099178774487
C12,CC(C)(C1=CC=C(C=C1)OCC2CO2)C3=CC=C(C=C3)OCC4CO4,OC(=O)CCCCCCCCCCC(=O)O,OC(=O)CCCCCCCCCCC(=O)O,1.0,0.0,Dyn,2.5,20.9565407096353,486.3692258061994,0.726571190211346,0.0136034591547384
C14,CC(C)(C1=CC=C(C=C1)OCC2CO2)C3=CC=C(C=C3)OCC4CO4,OC(=O)CCCCCCCCCCCCC(=O)O,OC(=O)CCCCCCCCCCCCC(=O)O,1.0,0.0,Dyn,10.0,10.272723613773106,539.3236838702691,0.9726814587183475,0.0066961889647661
C10,CC(C)(C1=CC=C(C=C1)OCC2CO2)C3=CC=C(C=C3)OCC4CO4,OC(=O)CCCCCCCCC(=O)O,OC(=O)CCCCCCCCC(=O)O,1.0,0.0,Dyn,5.0,10.59,488.5,0.6595796843386862,0.0539488309703314
C10,CC(C)(C1=CC=C(C=C1)OCC2CO2)C3=CC=C(C=C3)OCC4CO4,OC(=O)CCCCCCCCC(=O)O,OC(=O)CCCCCCCCC(=O)O,1.0,0.0,Iso,180.0,32.16378,453.17,0.9081298673502972,0.0063529637375736
C12,CC(C)(C1=CC=C(C=C1)OCC2CO2)C3=CC=C(C=C3)OCC4CO4,OC(=O)CCCCCCCCCCC(=O)O,OC(=O)CCCCCCCCCCC(=O)O,1.0,0.0,Dyn,5.0,21.376457275708063,541.9753690321194,0.9728641085435658,0.0076940686291311
C10,CC(C)(C1=CC=C(C=C1)OCC2CO2)C3=CC=C(C=C3)OCC4CO4,OC(=O)CCCCCCCCC(=O)O,OC(=O)CCCCCCCCC(=O)O,1.0,0.0,Dyn,5.0,13.99,505.5,0.8081464650108311,0.0344761760047092
C12,CC(C)(C1=CC=C(C=C1)OCC2CO2)C3=CC=C(C=C3)OCC4CO4,OC(=O)CCCCCCCCCCC(=O)O,OC(=O)CCCCCCCCCCC(=O)O,1.0,0.0,Iso,180.0,42.08623999999995,453.1681383233533,0.9027922002999884,0.0039659092534373
C6,CC(C)(C1=CC=C(C=C1)OCC2CO2)C3=CC=C(C=C3)OCC4CO4,OC(=O)CCCCC(=O)O,OC(=O)CCCCC(=O)O,1.0,0.0,Iso,165.0,15.524612999999997,438.17,0.8396763247193944,0.012231911547846
C10,CC(C)(C1=CC=C(C=C1)OCC2CO2)C3=CC=C(C=C3)OCC4CO4,OC(=O)CCCCCCCCC(=O)O,OC(=O)CCCCCCCCC(=O)O,1.0,0.0,Dyn,5.0,16.79,519.5,0.8946561288744997,0.0271340274111132
C14,CC(C)(C1=CC=C(C=C1)OCC2CO2)C3=CC=C(C=C3)OCC4CO4,OC(=O)CCCCCCCCCCCCC(=O)O,OC(=O)CCCCCCCCCCCCC(=O)O,1.0,0.0,Dyn,2.5,28.251902512213437,504.7157225805608,0.9848190083565654,0.0009566497420661
C8,CC(C)(C1=CC=C(C=C1)OCC2CO2)C3=CC=C(C=C3)OCC4CO4,OC(=O)CCCCCCC(=O)O,OC(=O)CCCCCCC(=O)O,1.0,0.0,Dyn,2.5,5.98,449.15,0.2619499811959383,0.0518913752037107
C6,CC(C)(C1=CC=C(C=C1)OCC2CO2)C3=CC=C(C=C3)OCC4CO4,OC(=O)CCCCC(=O)O,OC(=O)CCCCC(=O)O,1.0,0.0,Iso,165.0,29.85502500000003,438.17,0.9480031323414252,0.0047213279551662
C14,CC(C)(C1=CC=C(C=C1)OCC2CO2)C3=CC=C(C=C3)OCC4CO4,OC(=O)CCCCCCCCCCCCC(=O)O,OC(=O)CCCCCCCCCCCCC(=O)O,1.0,0.0,Dyn,2.5,12.48967000069321,465.3816838709304,0.7441864537273298,0.0571393504504788
C10,CC(C)(C1=CC=C(C=C1)OCC2CO2)C3=CC=C(C=C3)OCC4CO4,OC(=O)CCCCCCCCC(=O)O,OC(=O)CCCCCCCCC(=O)O,1.0,0.0,Dyn,10.0,6.59,504.32,0.6599297049409233,0.1044783892662796
C6,CC(C)(C1=CC=C(C=C1)OCC2CO2)C3=CC=C(C=C3)OCC4CO4,OC(=O)CCCCC(=O)O,OC(=O)CCCCC(=O)O,1.0,0.0,Iso,165.0,19.107216000000005,438.17,0.8770932706865048,0.0087615650084003
C12,CC(C)(C1=CC=C(C=C1)OCC2CO2)C3=CC=C(C=C3)OCC4CO4,OC(=O)CCCCCCCCCCC(=O)O,OC(=O)CCCCCCCCCCC(=O)O,1.0,0.0,Dyn,2.5,39.90501077411336,533.7300645156488,0.9163306451612904,0.0064102096064104
C8,CC(C)(C1=CC=C(C=C1)OCC2CO2)C3=CC=C(C=C3)OCC4CO4,OC(=O)CCCCCCC(=O)O,OC(=O)CCCCCCC(=O)O,1.0,0.0,Dyn,5.0,7.66,473.7500000000006,0.5177340314676734,0.0849379292767827
C8,CC(C)(C1=CC=C(C=C1)OCC2CO2)C3=CC=C(C=C3)OCC4CO4,OC(=O)CCCCCCC(=O)O,OC(=O)CCCCCCC(=O)O,1.0,0.0,Dyn,2.5,24.41,495.15,0.9882474614516736,0.0040742133634202
C6,CC(C)(C1=CC=C(C=C1)OCC2CO2)C3=CC=C(C=C3)OCC4CO4,OC(=O)CCCCC(=O)O,OC(=O)CCCCC(=O)O,1.0,0.0,Dyn,10.0,8.51,523.41,0.9185407454200883,0.0192672141503481
C8,CC(C)(C1=CC=C(C=C1)OCC2CO2)C3=CC=C(C=C3)OCC4CO4,OC(=O)CCCCCCC(=O)O,OC(=O)CCCCCCC(=O)O,1.0,0.0,Dyn,10.0,6.869999999999999,508.15,0.8034787438602378,0.1260422873037393
C10,CC(C)(C1=CC=C(C=C1)OCC2CO2)C3=CC=C(C=C3)OCC4CO4,OC(=O)CCCCCCCCC(=O)O,OC(=O)CCCCCCCCC(=O)O,1.0,0.0,Dyn,5.0,2.7900000000000005,449.5,0.1353311213248555,0.0584179648968686
C10,CC(C)(C1=CC=C(C=C1)OCC2CO2)C3=CC=C(C=C3)OCC4CO4,OC(=O)CCCCCCCCC(=O)O,OC(=O)CCCCCCCCC(=O)O,1.0,0.0,Iso,170.0,27.916690000000024,443.18,0.8055908342856108,0.0117310918349448
C6,CC(C)(C1=CC=C(C=C1)OCC2CO2)C3=CC=C(C=C3)OCC4CO4,OC(=O)CCCCC(=O)O,OC(=O)CCCCC(=O)O,1.0,0.0,Iso,165.0,31.44729300000002,438.17,0.955245591229444,0.0041713850519889
C14,CC(C)(C1=CC=C(C=C1)OCC2CO2)C3=CC=C(C=C3)OCC4CO4,OC(=O)CCCCCCCCCCCCC(=O)O,OC(=O)CCCCCCCCCCCCC(=O)O,1.0,0.0,Dyn,2.5,28.57294988748041,505.5184580644308,0.9851261382453056,0.0009556866275779
C8,CC(C)(C1=CC=C(C=C1)OCC2CO2)C3=CC=C(C=C3)OCC4CO4,OC(=O)CCCCCCC(=O)O,OC(=O)CCCCCCC(=O)O,1.0,0.0,Iso,160.0,5.0,433.22,0.1666319923554568,0.0280717611527617
C6,CC(C)(C1=CC=C(C=C1)OCC2CO2)C3=CC=C(C=C3)OCC4CO4,OC(=O)CCCCC(=O)O,OC(=O)CCCCC(=O)O,1.0,0.0,Iso,170.0,47.16000000000005,443.17,0.9702605611386476,0.0016661916863283
C12,CC(C)(C1=CC=C(C=C1)OCC2CO2)C3=CC=C(C=C3)OCC4CO4,OC(=O)CCCCCCCCCCC(=O)O,OC(=O)CCCCCCCCCCC(=O)O,1.0,0.0,Dyn,5.0,15.57719788970398,512.9956503224793,0.876527801949042,0.0277722468669302
C12,CC(C)(C1=CC=C(C=C1)OCC2CO2)C3=CC=C(C=C3)OCC4CO4,OC(=O)CCCCCCCCCCC(=O)O,OC(=O)CCCCCCCCCCC(=O)O,1.0,0.0,Dyn,2.5,18.135915806415166,479.3154838707495,0.6839734561691793,0.0165157884698464
C14,CC(C)(C1=CC=C(C=C1)OCC2CO2)C3=CC=C(C=C3)OCC4CO4,OC(=O)CCCCCCCCCCCCC(=O)O,OC(=O)CCCCCCCCCCCCC(=O)O,1.0,0.0,Iso,160.0,52.42089051562986,433.15,0.9748787379566664,0.0020495937854067
C10,CC(C)(C1=CC=C(C=C1)OCC2CO2)C3=CC=C(C=C3)OCC4CO4,OC(=O)CCCCCCCCC(=O)O,OC(=O)CCCCCCCCC(=O)O,1.0,0.0,Iso,165.0,30.824999999999985,438.17,0.7889077993862459,0.0095080377206575
C6,CC(C)(C1=CC=C(C=C1)OCC2CO2)C3=CC=C(C=C3)OCC4CO4,OC(=O)CCCCC(=O)O,OC(=O)CCCCC(=O)O,1.0,0.0,Iso,165.0,2.786469000000001,438.21,0.252079144348734,0.0879732998569672
C8,CC(C)(C1=CC=C(C=C1)OCC2CO2)C3=CC=C(C=C3)OCC4CO4,OC(=O)CCCCCCC(=O)O,OC(=O)CCCCCCC(=O)O,1.0,0.0,Dyn,5.0,14.070000000001109,505.7500000000011,0.9421313099051885,0.0268053370803731
C6,CC(C)(C1=CC=C(C=C1)OCC2CO2)C3=CC=C(C=C3)OCC4CO4,OC(=O)CCCCC(=O)O,OC(=O)CCCCC(=O)O,1.0,0.0,Iso,165.0,17.913015,438.17,0.8659879926912033,0.0097049519078419
C12,CC(C)(C1=CC=C(C=C1)OCC2CO2)C3=CC=C(C=C3)OCC4CO4,OC(=O)CCCCCCCCCCC(=O)O,OC(=O)CCCCCCCCCCC(=O)O,1.0,0.0,Dyn,5.0,2.582243492190394,448.0411083870799,0.1050615638058857,0.0546698834877494
C12,CC(C)(C1=CC=C(C=C1)OCC2CO2)C3=CC=C(C=C3)OCC4CO4,OC(=O)CCCCCCCCCCC(=O)O,OC(=O)CCCCCCCCCCC(=O)O,1.0,0.0,Iso,180.0,38.328539999999954,453.1698471084337,0.8868189963036623,0.0045197389741191
C6,CC(C)(C1=CC=C(C=C1)OCC2CO2)C3=CC=C(C=C3)OCC4CO4,OC(=O)CCCCC(=O)O,OC(=O)CCCCC(=O)O,1.0,0.0,Dyn,5.0,4.59,458.67,0.3779081588195997,0.0999157686833772
C12,CC(C)(C1=CC=C(C=C1)OCC2CO2)C3=CC=C(C=C3)OCC4CO4,OC(=O)CCCCCCCCCCC(=O)O,OC(=O)CCCCCCCCCCC(=O)O,1.0,0.0,Dyn,10.0,7.58047547020568,512.3022709670803,0.8694561455837344,0.0978731382193442
C10,CC(C)(C1=CC=C(C=C1)OCC2CO2)C3=CC=C(C=C3)OCC4CO4,OC(=O)CCCCCCCCC(=O)O,OC(=O)CCCCCCCCC(=O)O,1.0,0.0,Dyn,10.0,9.99,538.3199999999999,0.9123775044550232,0.045746684421072
C6,CC(C)(C1=CC=C(C=C1)OCC2CO2)C3=CC=C(C=C3)OCC4CO4,OC(=O)CCCCC(=O)O,OC(=O)CCCCC(=O)O,1.0,0.0,Dyn,10.0,7.609999999999999,514.41,0.8995262160454832,0.0230574857864807
C12,CC(C)(C1=CC=C(C=C1)OCC2CO2)C3=CC=C(C=C3)OCC4CO4,OC(=O)CCCCCCCCCCC(=O)O,OC(=O)CCCCCCCCCCC(=O)O,1.0,0.0,Dyn,2.5,30.22763967735861,509.5458064512491,0.8349756898333187,0.0101176064059089
C12,CC(C)(C1=CC=C(C=C1)OCC2CO2)C3=CC=C(C=C3)OCC4CO4,OC(=O)CCCCCCCCCCC(=O)O,OC(=O)CCCCCCCCCCC(=O)O,1.0,0.0,Dyn,2.5,47.96560335474232,553.8836129026486,0.9606854838709676,0.0048308804809168
C14,CC(C)(C1=CC=C(C=C1)OCC2CO2)C3=CC=C(C=C3)OCC4CO4,OC(=O)CCCCCCCCCCCCC(=O)O,OC(=O)CCCCCCCCCCCCC(=O)O,1.0,0.0,Dyn,2.5,16.358092479820428,475.0145096773705,0.9107501065820804,0.027548558231417
C10,CC(C)(C1=CC=C(C=C1)OCC2CO2)C3=CC=C(C=C3)OCC4CO4,OC(=O)CCCCCCCCC(=O)O,OC(=O)CCCCCCCCC(=O)O,1.0,0.0,Iso,170.0,41.61167000000004,443.17,0.923709791268174,0.0057836518681481
C12,CC(C)(C1=CC=C(C=C1)OCC2CO2)C3=CC=C(C=C3)OCC4CO4,OC(=O)CCCCCCCCCCC(=O)O,OC(=O)CCCCCCCCCCC(=O)O,1.0,0.0,Iso,170.0,75.27379999999995,443.1650764457832,0.9831328075528178,0.001044777760363
C6,CC(C)(C1=CC=C(C=C1)OCC2CO2)C3=CC=C(C=C3)OCC4CO4,OC(=O)CCCCC(=O)O,OC(=O)CCCCC(=O)O,1.0,0.0,Dyn,5.0,1.99,445.67,0.1404484591478114,0.080586133782567
C10,CC(C)(C1=CC=C(C=C1)OCC2CO2)C3=CC=C(C=C3)OCC4CO4,OC(=O)CCCCCCCCC(=O)O,OC(=O)CCCCCCCCC(=O)O,1.0,0.0,Iso,180.0,35.57509,453.17491,0.9280518887893536,0.0052481004788649
C12,CC(C)(C1=CC=C(C=C1)OCC2CO2)C3=CC=C(C=C3)OCC4CO4,OC(=O)CCCCCCCCCCC(=O)O,OC(=O)CCCCCCCCCCC(=O)O,1.0,0.0,Iso,170.0,82.18669999999999,443.1640463855422,0.9894076334120084,0.0007494754552445
C10,CC(C)(C1=CC=C(C=C1)OCC2CO2)C3=CC=C(C=C3)OCC4CO4,OC(=O)CCCCCCCCC(=O)O,OC(=O)CCCCCCCCC(=O)O,1.0,0.0,Dyn,2.5,23.2,493.13,0.8747821942575803,0.0170801240918842
C14,CC(C)(C1=CC=C(C=C1)OCC2CO2)C3=CC=C(C=C3)OCC4CO4,OC(=O)CCCCCCCCCCCCC(=O)O,OC(=O)CCCCCCCCCCCCC(=O)O,1.0,0.0,Dyn,10.0,1.7875642997770926,454.4980709676198,0.1080480351948798,0.0830863503748791
C8,CC(C)(C1=CC=C(C=C1)OCC2CO2)C3=CC=C(C=C3)OCC4CO4,OC(=O)CCCCCCC(=O)O,OC(=O)CCCCCCC(=O)O,1.0,0.0,Iso,160.0,54.0,433.18,0.8548248722802811,0.0053394430672262
C12,CC(C)(C1=CC=C(C=C1)OCC2CO2)C3=CC=C(C=C3)OCC4CO4,OC(=O)CCCCCCCCCCC(=O)O,OC(=O)CCCCCCCCCCC(=O)O,1.0,0.0,Dyn,5.0,0.989265414934358,440.0467032258,0.0316063610136873,0.03951417217009
C14,CC(C)(C1=CC=C(C=C1)OCC2CO2)C3=CC=C(C=C3)OCC4CO4,OC(=O)CCCCCCCCCCCCC(=O)O,OC(=O)CCCCCCCCCCCCC(=O)O,1.0,0.0,Dyn,5.0,2.1771723595776757,446.3862387096498,0.1089687358552944,0.0617084381497615
C6,CC(C)(C1=CC=C(C=C1)OCC2CO2)C3=CC=C(C=C3)OCC4CO4,OC(=O)CCCCC(=O)O,OC(=O)CCCCC(=O)O,1.0,0.0,Iso,170.0,11.134999999999994,443.195,0.7170433359101451,0.0264855053472602
C8,CC(C)(C1=CC=C(C=C1)OCC2CO2)C3=CC=C(C=C3)OCC4CO4,OC(=O)CCCCCCC(=O)O,OC(=O)CCCCCCC(=O)O,1.0,0.0,Iso,170.0,21.0,443.19,0.707445116131085,0.0226694241170856
C6,CC(C)(C1=CC=C(C=C1)OCC2CO2)C3=CC=C(C=C3)OCC4CO4,OC(=O)CCCCC(=O)O,OC(=O)CCCCC(=O)O,1.0,0.0,Iso,180.0,11.343723999999993,453.193724,0.850579269635699,0.0216252406740904
C12,CC(C)(C1=CC=C(C=C1)OCC2CO2)C3=CC=C(C=C3)OCC4CO4,OC(=O)CCCCCCCCCCC(=O)O,OC(=O)CCCCCCCCCCC(=O)O,1.0,0.0,Iso,180.0,2.25462,453.2259343373494,0.1946479583964101,0.0863201073867094
C6,CC(C)(C1=CC=C(C=C1)OCC2CO2)C3=CC=C(C=C3)OCC4CO4,OC(=O)CCCCC(=O)O,OC(=O)CCCCC(=O)O,1.0,0.0,Iso,165.0,42.99123599999994,438.17,0.9875228399895588,0.0015737759850555
C10,CC(C)(C1=CC=C(C=C1)OCC2CO2)C3=CC=C(C=C3)OCC4CO4,OC(=O)CCCCCCCCC(=O)O,OC(=O)CCCCCCCCC(=O)O,1.0,0.0,Iso,180.0,21.44252,453.18,0.8086040249213721,0.0128071605712263
C14,CC(C)(C1=CC=C(C=C1)OCC2CO2)C3=CC=C(C=C3)OCC4CO4,OC(=O)CCCCCCCCCCCCC(=O)O,OC(=O)CCCCCCCCCCCCC(=O)O,1.0,0.0,Dyn,2.5,26.00507059999039,499.0965741934707,0.9825813477386026,0.0009618553035282
C10,CC(C)(C1=CC=C(C=C1)OCC2CO2)C3=CC=C(C=C3)OCC4CO4,OC(=O)CCCCCCCCC(=O)O,OC(=O)CCCCCCCCC(=O)O,1.0,0.0,Dyn,2.5,9.59,459.13,0.4262554027848526,0.046252976040822
C6,CC(C)(C1=CC=C(C=C1)OCC2CO2)C3=CC=C(C=C3)OCC4CO4,OC(=O)CCCCC(=O)O,OC(=O)CCCCC(=O)O,1.0,0.0,Iso,180.0,27.95417699999997,453.17,0.9772256728778468,0.0022833720783138
C8,CC(C)(C1=CC=C(C=C1)OCC2CO2)C3=CC=C(C=C3)OCC4CO4,OC(=O)CCCCCCC(=O)O,OC(=O)CCCCCCC(=O)O,1.0,0.0,Dyn,2.5,22.81,491.15,0.9789707910241946,0.0070515231289958
C12,CC(C)(C1=CC=C(C=C1)OCC2CO2)C3=CC=C(C=C3)OCC4CO4,OC(=O)CCCCCCCCCCC(=O)O,OC(=O)CCCCCCCCCCC(=O)O,1.0,0.0,Dyn,10.0,5.579493755839723,492.3258838704802,0.5451961779227128,0.1616768081007192
C8,CC(C)(C1=CC=C(C=C1)OCC2CO2)C3=CC=C(C=C3)OCC4CO4,OC(=O)CCCCCCC(=O)O,OC(=O)CCCCCCC(=O)O,1.0,0.0,Iso,180.0,14.298899999999982,453.21,0.7323808391774634,0.0292911741594804
C14,CC(C)(C1=CC=C(C=C1)OCC2CO2)C3=CC=C(C=C3)OCC4CO4,OC(=O)CCCCCCCCCCCCC(=O)O,OC(=O)CCCCCCCCCCCCC(=O)O,1.0,0.0,Iso,170.0,27.062400000000014,443.1812350898204,0.9228099403026516,0.0095213438240812
C8,CC(C)(C1=CC=C(C=C1)OCC2CO2)C3=CC=C(C=C3)OCC4CO4,OC(=O)CCCCCCC(=O)O,OC(=O)CCCCCCC(=O)O,1.0,0.0,Iso,160.0,26.0,433.19,0.597810058692986,0.0139619220744361
C10,CC(C)(C1=CC=C(C=C1)OCC2CO2)C3=CC=C(C=C3)OCC4CO4,OC(=O)CCCCCCCCC(=O)O,OC(=O)CCCCCCCCC(=O)O,1.0,0.0,Dyn,10.0,2.39,462.32,0.148928683030373,0.0948012060233605
C6,CC(C)(C1=CC=C(C=C1)OCC2CO2)C3=CC=C(C=C3)OCC4CO4,OC(=O)CCCCC(=O)O,OC(=O)CCCCC(=O)O,1.0,0.0,Dyn,10.0,0.8999999999999999,447.41,0.0712413139608338,0.095641187618445
C10,CC(C)(C1=CC=C(C=C1)OCC2CO2)C3=CC=C(C=C3)OCC4CO4,OC(=O)CCCCCCCCC(=O)O,OC(=O)CCCCCCCCC(=O)O,1.0,0.0,Dyn,2.5,12.39,466.13,0.5518175438289648,0.0424953487406073
C12,CC(C)(C1=CC=C(C=C1)OCC2CO2)C3=CC=C(C=C3)OCC4CO4,OC(=O)CCCCCCCCCCC(=O)O,OC(=O)CCCCCCCCCCC(=O)O,1.0,0.0,Dyn,2.5,28.212909032201367,504.5074193544992,0.8138119415826585,0.0107634120976832
C14,CC(C)(C1=CC=C(C=C1)OCC2CO2)C3=CC=C(C=C3)OCC4CO4,OC(=O)CCCCCCCCCCCCC(=O)O,OC(=O)CCCCCCCCCCCCC(=O)O,1.0,0.0,Iso,160.0,4.60842993544,433.15,0.1748990038671304,0.0389742005954962
C12,CC(C)(C1=CC=C(C=C1)OCC2CO2)C3=CC=C(C=C3)OCC4CO4,OC(=O)CCCCCCCCCCC(=O)O,OC(=O)CCCCCCCCCCC(=O)O,1.0,0.0,Dyn,2.5,44.74203632249073,545.8221935478487,0.944452169076752,0.0052191877360697
C14,CC(C)(C1=CC=C(C=C1)OCC2CO2)C3=CC=C(C=C3)OCC4CO4,OC(=O)CCCCCCCCCCCCC(=O)O,OC(=O)CCCCCCCCCCCCC(=O)O,1.0,0.0,Dyn,5.0,9.51974048251526,483.1185096772991,0.7862030573139277,0.0796681214710008
C12,CC(C)(C1=CC=C(C=C1)OCC2CO2)C3=CC=C(C=C3)OCC4CO4,OC(=O)CCCCCCCCCCC(=O)O,OC(=O)CCCCCCCCCCC(=O)O,1.0,0.0,Iso,170.0,52.23079999999992,443.1675849101797,0.9407057739911346,0.0029229542754543
C6,CC(C)(C1=CC=C(C=C1)OCC2CO2)C3=CC=C(C=C3)OCC4CO4,OC(=O)CCCCC(=O)O,OC(=O)CCCCC(=O)O,1.0,0.0,Iso,165.0,34.631829,438.17,0.9672765805272774,0.0032547129998933
C10,CC(C)(C1=CC=C(C=C1)OCC2CO2)C3=CC=C(C=C3)OCC4CO4,OC(=O)CCCCCCCCC(=O)O,OC(=O)CCCCCCCCC(=O)O,1.0,0.0,Iso,165.0,78.77500000000013,438.16,0.9860847283599,0.0012020275247352
C8,CC(C)(C1=CC=C(C=C1)OCC2CO2)C3=CC=C(C=C3)OCC4CO4,OC(=O)CCCCCCC(=O)O,OC(=O)CCCCCCC(=O)O,1.0,0.0,Iso,180.0,16.03209999999998,453.2,0.7793842862237015,0.0238961775141164
C12,CC(C)(C1=CC=C(C=C1)OCC2CO2)C3=CC=C(C=C3)OCC4CO4,OC(=O)CCCCCCCCCCC(=O)O,OC(=O)CCCCCCCCCCC(=O)O,1.0,0.0,Dyn,10.0,7.881829692197114,515.2987290315704,0.8965248588654309,0.0750762558592464
C12,CC(C)(C1=CC=C(C=C1)OCC2CO2)C3=CC=C(C=C3)OCC4CO4,OC(=O)CCCCCCCCCCC(=O)O,OC(=O)CCCCCCCCCCC(=O)O,1.0,0.0,Dyn,2.5,53.20557103215116,566.9834193541985,0.983210511679644,0.0035223725599764
C8,CC(C)(C1=CC=C(C=C1)OCC2CO2)C3=CC=C(C=C3)OCC4CO4,OC(=O)CCCCCCC(=O)O,OC(=O)CCCCCCC(=O)O,1.0,0.0,Iso,180.0,31.630899999999976,453.17,0.9536336621894688,0.0045939768044589
C6,CC(C)(C1=CC=C(C=C1)OCC2CO2)C3=CC=C(C=C3)OCC4CO4,OC(=O)CCCCC(=O)O,OC(=O)CCCCC(=O)O,1.0,0.0,Dyn,5.0,11.6,493.67,0.8237822765691714,0.0207466297100033
C10,CC(C)(C1=CC=C(C=C1)OCC2CO2)C3=CC=C(C=C3)OCC4CO4,OC(=O)CCCCCCCCC(=O)O,OC(=O)CCCCCCCCC(=O)O,1.0,0.0,Dyn,5.0,18.99,530.5,0.9461150138000468,0.018834207261832
C12,CC(C)(C1=CC=C(C=C1)OCC2CO2)C3=CC=C(C=C3)OCC4CO4,OC(=O)CCCCCCCCCCC(=O)O,OC(=O)CCCCCCCCCCC(=O)O,1.0,0.0,Iso,180.0,78.91170000000005,453.1655734730539,0.9836737048575054,0.0010746749924134
C10,CC(C)(C1=CC=C(C=C1)OCC2CO2)C3=CC=C(C=C3)OCC4CO4,OC(=O)CCCCCCCCC(=O)O,OC(=O)CCCCCCCCC(=O)O,1.0,0.0,Iso,170.0,51.61954000000005,443.17,0.9693413179862757,0.003322523413617
C6,CC(C)(C1=CC=C(C=C1)OCC2CO2)C3=CC=C(C=C3)OCC4CO4,OC(=O)CCCCC(=O)O,OC(=O)CCCCC(=O)O,1.0,0.0,Dyn,2.5,28.3,505.1400000000005,0.8247587162922096,0.0082000762041528
C14,CC(C)(C1=CC=C(C=C1)OCC2CO2)C3=CC=C(C=C3)OCC4CO4,OC(=O)CCCCCCCCCCCCC(=O)O,OC(=O)CCCCCCCCCCCCC(=O)O,1.0,0.0,Dyn,5.0,13.137187538777509,501.16243225789873,0.969730411035418,0.0230471950007745
C10,CC(C)(C1=CC=C(C=C1)OCC2CO2)C3=CC=C(C=C3)OCC4CO4,OC(=O)CCCCCCCCC(=O)O,OC(=O)CCCCCCCCC(=O)O,1.0,0.0,Dyn,5.0,17.99,525.5,0.924982394804568,0.0226648934845764
C10,CC(C)(C1=CC=C(C=C1)OCC2CO2)C3=CC=C(C=C3)OCC4CO4,OC(=O)CCCCCCCCC(=O)O,OC(=O)CCCCCCCCC(=O)O,1.0,0.0,Dyn,5.0,14.19,506.5,0.8150417002117729,0.0338377283009178
C12,CC(C)(C1=CC=C(C=C1)OCC2CO2)C3=CC=C(C=C3)OCC4CO4,OC(=O)CCCCCCCCCCC(=O)O,OC(=O)CCCCCCCCCCC(=O)O,1.0,0.0,Dyn,10.0,1.8925621196948976,455.3695677417701,0.0971689596767686,0.0753830899945309
C10,CC(C)(C1=CC=C(C=C1)OCC2CO2)C3=CC=C(C=C3)OCC4CO4,OC(=O)CCCCCCCCC(=O)O,OC(=O)CCCCCCCCC(=O)O,1.0,0.0,Dyn,5.0,18.39,527.5,0.9339206626576406,0.0210687742250998
C6,CC(C)(C1=CC=C(C=C1)OCC2CO2)C3=CC=C(C=C3)OCC4CO4,OC(=O)CCCCC(=O)O,OC(=O)CCCCC(=O)O,1.0,0.0,Iso,170.0,28.16500000000002,443.17,0.9166477195216226,0.0046514517909996
C6,CC(C)(C1=CC=C(C=C1)OCC2CO2)C3=CC=C(C=C3)OCC4CO4,OC(=O)CCCCC(=O)O,OC(=O)CCCCC(=O)O,1.0,0.0,Dyn,10.0,11.11,549.41,0.9629974731522424,0.0153190145293747
C12,CC(C)(C1=CC=C(C=C1)OCC2CO2)C3=CC=C(C=C3)OCC4CO4,OC(=O)CCCCCCCCCCC(=O)O,OC(=O)CCCCCCCCCCC(=O)O,1.0,0.0,Dyn,10.0,7.379433376973731,510.3046322574203,0.8468437572023977,0.1176241834707916
C8,CC(C)(C1=CC=C(C=C1)OCC2CO2)C3=CC=C(C=C3)OCC4CO4,OC(=O)CCCCCCC(=O)O,OC(=O)CCCCCCC(=O)O,1.0,0.0,Dyn,10.0,3.1749999999999994,471.15,0.2598730959712735,0.127518921177303
C14,CC(C)(C1=CC=C(C=C1)OCC2CO2)C3=CC=C(C=C3)OCC4CO4,OC(=O)CCCCCCCCCCCCC(=O)O,OC(=O)CCCCCCCCCCCCC(=O)O,1.0,0.0,Dyn,10.0,8.276203870081684,519.3647161284692,0.9465182624143283,0.0254419873666191
C14,CC(C)(C1=CC=C(C=C1)OCC2CO2)C3=CC=C(C=C3)OCC4CO4,OC(=O)CCCCCCCCCCCCC(=O)O,OC(=O)CCCCCCCCCCCCC(=O)O,1.0,0.0,Iso,160.0,32.835063290009984,433.15,0.8724896221625575,0.0099417781442223
C14,CC(C)(C1=CC=C(C=C1)OCC2CO2)C3=CC=C(C=C3)OCC4CO4,OC(=O)CCCCCCCCCCCCC(=O)O,OC(=O)CCCCCCCCCCCCC(=O)O,1.0,0.0,Iso,170.0,38.90220000000003,443.17063455089817,0.9833402748854644,0.0019699332049822
C12,CC(C)(C1=CC=C(C=C1)OCC2CO2)C3=CC=C(C=C3)OCC4CO4,OC(=O)CCCCCCCCCCC(=O)O,OC(=O)CCCCCCCCCCC(=O)O,1.0,0.0,Dyn,2.5,47.15804909667943,551.8682580639486,0.9567227474972192,0.004896956973626
C10,CC(C)(C1=CC=C(C=C1)OCC2CO2)C3=CC=C(C=C3)OCC4CO4,OC(=O)CCCCCCCCC(=O)O,OC(=O)CCCCCCCCC(=O)O,1.0,0.0,Dyn,10.0,8.69,525.3199999999999,0.838619773265356,0.0665086411967899
C6,CC(C)(C1=CC=C(C=C1)OCC2CO2)C3=CC=C(C=C3)OCC4CO4,OC(=O)CCCCC(=O)O,OC(=O)CCCCC(=O)O,1.0,0.0,Iso,180.0,2.8359310000000013,453.33,0.3776728042817497,0.1101428308352574
C14,CC(C)(C1=CC=C(C=C1)OCC2CO2)C3=CC=C(C=C3)OCC4CO4,OC(=O)CCCCCCCCCCCCC(=O)O,OC(=O)CCCCCCCCCCCCC(=O)O,1.0,0.0,Dyn,2.5,1.5818011066677613,438.08867741935,0.0636137630090393,0.0412978167537869
C8,CC(C)(C1=CC=C(C=C1)OCC2CO2)C3=CC=C(C=C3)OCC4CO4,OC(=O)CCCCCCC(=O)O,OC(=O)CCCCCCC(=O)O,1.0,0.0,Dyn,10.0,4.07,480.15,0.3829004517627052,0.1472076960102036
C12,CC(C)(C1=CC=C(C=C1)OCC2CO2)C3=CC=C(C=C3)OCC4CO4,OC(=O)CCCCCCCCCCC(=O)O,OC(=O)CCCCCCCCCCC(=O)O,1.0,0.0,Dyn,5.0,8.770913207364329,479.0194283870396,0.5659139224225316,0.0755397225984782
C10,CC(C)(C1=CC=C(C=C1)OCC2CO2)C3=CC=C(C=C3)OCC4CO4,OC(=O)CCCCCCCCC(=O)O,OC(=O)CCCCCCCCC(=O)O,1.0,0.0,Dyn,10.0,1.39,452.32,0.0711410208407818,0.0644817111793638
C12,CC(C)(C1=CC=C(C=C1)OCC2CO2)C3=CC=C(C=C3)OCC4CO4,OC(=O)CCCCCCCCCCC(=O)O,OC(=O)CCCCCCCCCCC(=O)O,1.0,0.0,Dyn,2.5,33.04992503219204,516.5995483866991,0.8622775305895439,0.0091441475918089
C12,CC(C)(C1=CC=C(C=C1)OCC2CO2)C3=CC=C(C=C3)OCC4CO4,OC(=O)CCCCCCCCCCC(=O)O,OC(=O)CCCCCCCCCCC(=O)O,1.0,0.0,Dyn,2.5,6.836756193534619,451.1005161289498,0.2929061412315056,0.0493571388768625
C8,CC(C)(C1=CC=C(C=C1)OCC2CO2)C3=CC=C(C=C3)OCC4CO4,OC(=O)CCCCCCC(=O)O,OC(=O)CCCCCCC(=O)O,1.0,0.0,Dyn,2.5,12.38,465.15,0.6110066441017927,0.0526513726965024
C10,CC(C)(C1=CC=C(C=C1)OCC2CO2)C3=CC=C(C=C3)OCC4CO4,OC(=O)CCCCCCCCC(=O)O,OC(=O)CCCCCCCCC(=O)O,1.0,0.0,Iso,170.0,33.71072000000003,443.18,0.8654388501892347,0.0087370060135854
C6,CC(C)(C1=CC=C(C=C1)OCC2CO2)C3=CC=C(C=C3)OCC4CO4,OC(=O)CCCCC(=O)O,OC(=O)CCCCC(=O)O,1.0,0.0,Iso,180.0,16.610452999999985,453.18,0.9257321395533236,0.0083674387273817
C10,CC(C)(C1=CC=C(C=C1)OCC2CO2)C3=CC=C(C=C3)OCC4CO4,OC(=O)CCCCCCCCC(=O)O,OC(=O)CCCCCCCCC(=O)O,1.0,0.0,Iso,165.0,54.80000000000006,438.17,0.9311646917684993,0.0036060825742064
C14,CC(C)(C1=CC=C(C=C1)OCC2CO2)C3=CC=C(C=C3)OCC4CO4,OC(=O)CCCCCCCCCCCCC(=O)O,OC(=O)CCCCCCCCCCCCC(=O)O,1.0,0.0,Dyn,2.5,32.74685092598187,515.9540193547409,0.98955758378284,0.0010931495778698
C12,CC(C)(C1=CC=C(C=C1)OCC2CO2)C3=CC=C(C=C3)OCC4CO4,OC(=O)CCCCCCCCCCC(=O)O,OC(=O)CCCCCCCCCCC(=O)O,1.0,0.0,Iso,180.0,50.35317999999993,453.1674646706587,0.931175724010615,0.0029169749794074
C14,CC(C)(C1=CC=C(C=C1)OCC2CO2)C3=CC=C(C=C3)OCC4CO4,OC(=O)CCCCCCCCCCCCC(=O)O,OC(=O)CCCCCCCCCCCCC(=O)O,1.0,0.0,Dyn,10.0,2.879919139483171,465.4755032256097,0.2190007966188175,0.1255238024577802
C6,CC(C)(C1=CC=C(C=C1)OCC2CO2)C3=CC=C(C=C3)OCC4CO4,OC(=O)CCCCC(=O)O,OC(=O)CCCCC(=O)O,1.0,0.0,Iso,165.0,37.02023099999998,438.17,0.9745248290263636,0.0027510784550758
C14,CC(C)(C1=CC=C(C=C1)OCC2CO2)C3=CC=C(C=C3)OCC4CO4,OC(=O)CCCCCCCCCCCCC(=O)O,OC(=O)CCCCCCCCCCCCC(=O)O,1.0,0.0,Iso,160.0,23.0421496772,433.15,0.7346502738803475,0.0189513511552239
C14,CC(C)(C1=CC=C(C=C1)OCC2CO2)C3=CC=C(C=C3)OCC4CO4,OC(=O)CCCCCCCCCCCCC(=O)O,OC(=O)CCCCCCCCCCCCC(=O)O,1.0,0.0,Dyn,10.0,6.267306056393404,499.4057483866694,0.7649845956539182,0.1626650959543572
C6,CC(C)(C1=CC=C(C=C1)OCC2CO2)C3=CC=C(C=C3)OCC4CO4,OC(=O)CCCCC(=O)O,OC(=O)CCCCC(=O)O,1.0,0.0,Dyn,10.0,0.6000000000000001,444.41,0.0447915350600126,0.0849020846493992
C6,CC(C)(C1=CC=C(C=C1)OCC2CO2)C3=CC=C(C=C3)OCC4CO4,OC(=O)CCCCC(=O)O,OC(=O)CCCCC(=O)O,1.0,0.0,Iso,180.0,31.60037399999996,453.17,0.984361922382274,0.0016309800559387
C10,CC(C)(C1=CC=C(C=C1)OCC2CO2)C3=CC=C(C=C3)OCC4CO4,OC(=O)CCCCCCCCC(=O)O,OC(=O)CCCCCCCCC(=O)O,1.0,0.0,Iso,165.0,36.305,438.17,0.8363926346220192,0.0078131789107804
C6,CC(C)(C1=CC=C(C=C1)OCC2CO2)C3=CC=C(C=C3)OCC4CO4,OC(=O)CCCCC(=O)O,OC(=O)CCCCC(=O)O,1.0,0.0,Dyn,5.0,12.010000000000002,495.67,0.8322634987946208,0.0194603386679832
C6,CC(C)(C1=CC=C(C=C1)OCC2CO2)C3=CC=C(C=C3)OCC4CO4,OC(=O)CCCCC(=O)O,OC(=O)CCCCC(=O)O,1.0,0.0,Iso,165.0,5.5729380000000015,438.2,0.4831623983294179,0.0707852057637051
C8,CC(C)(C1=CC=C(C=C1)OCC2CO2)C3=CC=C(C=C3)OCC4CO4,OC(=O)CCCCCCC(=O)O,OC(=O)CCCCCCC(=O)O,1.0,0.0,Iso,160.0,14.0,433.21,0.3901490161595117,0.0207805351805561
C14,CC(C)(C1=CC=C(C=C1)OCC2CO2)C3=CC=C(C=C3)OCC4CO4,OC(=O)CCCCCCCCCCCCC(=O)O,OC(=O)CCCCCCCCCCCCC(=O)O,1.0,0.0,Dyn,2.5,19.25845025827961,482.2391290322005,0.9638903002238538,0.0084363353588874
C14,CC(C)(C1=CC=C(C=C1)OCC2CO2)C3=CC=C(C=C3)OCC4CO4,OC(=O)CCCCCCCCCCCCC(=O)O,OC(=O)CCCCCCCCCCCCC(=O)O,1.0,0.0,Iso,180.0,21.76561999999997,453.1682763855422,0.9894364391569664,0.002963826085942
C6,CC(C)(C1=CC=C(C=C1)OCC2CO2)C3=CC=C(C=C3)OCC4CO4,OC(=O)CCCCC(=O)O,OC(=O)CCCCC(=O)O,1.0,0.0,Dyn,2.5,11.16,462.3600000000002,0.5848612455208867,0.0366175816702838
C6,CC(C)(C1=CC=C(C=C1)OCC2CO2)C3=CC=C(C=C3)OCC4CO4,OC(=O)CCCCC(=O)O,OC(=O)CCCCC(=O)O,1.0,0.0,Dyn,5.0,26.61,568.67,0.988962792994278,0.0059542827267705
C14,CC(C)(C1=CC=C(C=C1)OCC2CO2)C3=CC=C(C=C3)OCC4CO4,OC(=O)CCCCCCCCCCCCC(=O)O,OC(=O)CCCCCCCCCCCCC(=O)O,1.0,0.0,Dyn,10.0,0.893851345634368,445.5165354838099,0.0475628730151914,0.0565808242354808
C10,CC(C)(C1=CC=C(C=C1)OCC2CO2)C3=CC=C(C=C3)OCC4CO4,OC(=O)CCCCCCCCC(=O)O,OC(=O)CCCCCCCCC(=O)O,1.0,0.0,Iso,170.0,53.72646000000005,443.17,0.9759945760708018,0.0028738596963554
C14,CC(C)(C1=CC=C(C=C1)OCC2CO2)C3=CC=C(C=C3)OCC4CO4,OC(=O)CCCCCCCCCCCCC(=O)O,OC(=O)CCCCCCCCCCCCC(=O)O,1.0,0.0,Iso,170.0,8.457,443.2314643113772,0.4442892363267357,0.0454166251656944
C10,CC(C)(C1=CC=C(C=C1)OCC2CO2)C3=CC=C(C=C3)OCC4CO4,OC(=O)CCCCCCCCC(=O)O,OC(=O)CCCCCCCCC(=O)O,1.0,0.0,Dyn,5.0,1.19,441.5,0.0547264602735492,0.0438773184430303
C14,CC(C)(C1=CC=C(C=C1)OCC2CO2)C3=CC=C(C=C3)OCC4CO4,OC(=O)CCCCCCCCCCCCC(=O)O,OC(=O)CCCCCCCCCCCCC(=O)O,1.0,0.0,Iso,160.0,59.33353541878982,433.15,0.9862822890148502,0.0012773724383004
C12,CC(C)(C1=CC=C(C=C1)OCC2CO2)C3=CC=C(C=C3)OCC4CO4,OC(=O)CCCCCCCCCCC(=O)O,OC(=O)CCCCCCCCCCC(=O)O,1.0,0.0,Iso,160.0,36.972904258080014,433.15,0.7893886740737115,0.0102240802096954
C8,CC(C)(C1=CC=C(C=C1)OCC2CO2)C3=CC=C(C=C3)OCC4CO4,OC(=O)CCCCCCC(=O)O,OC(=O)CCCCCCC(=O)O,1.0,0.0,Dyn,2.5,20.8,486.15,0.957064059170114,0.0137590695199921
C10,CC(C)(C1=CC=C(C=C1)OCC2CO2)C3=CC=C(C=C3)OCC4CO4,OC(=O)CCCCCCCCC(=O)O,OC(=O)CCCCCCCCC(=O)O,1.0,0.0,Dyn,10.0,0.8999999999999999,447.32,0.0434998184208525,0.0494592038106291
C14,CC(C)(C1=CC=C(C=C1)OCC2CO2)C3=CC=C(C=C3)OCC4CO4,OC(=O)CCCCCCCCCCCCC(=O)O,OC(=O)CCCCCCCCCCCCC(=O)O,1.0,0.0,Iso,160.0,8.64080612895,433.15,0.3276909703073535,0.0367026397126251
C10,CC(C)(C1=CC=C(C=C1)OCC2CO2)C3=CC=C(C=C3)OCC4CO4,OC(=O)CCCCCCCCC(=O)O,OC(=O)CCCCCCCCC(=O)O,1.0,0.0,Dyn,5.0,19.99,535.5,0.9630977227208852,0.0143650733352951
C12,CC(C)(C1=CC=C(C=C1)OCC2CO2)C3=CC=C(C=C3)OCC4CO4,OC(=O)CCCCCCCCCCC(=O)O,OC(=O)CCCCCCCCCCC(=O)O,1.0,0.0,Iso,180.0,43.58931999999994,453.167651566265,0.9086188992731048,0.0036845999739884
C10,CC(C)(C1=CC=C(C=C1)OCC2CO2)C3=CC=C(C=C3)OCC4CO4,OC(=O)CCCCCCCCC(=O)O,OC(=O)CCCCCCCCC(=O)O,1.0,0.0,Iso,165.0,67.1300000000001,438.16,0.9664880736241378,0.0022838522969972
C8,CC(C)(C1=CC=C(C=C1)OCC2CO2)C3=CC=C(C=C3)OCC4CO4,OC(=O)CCCCCCC(=O)O,OC(=O)CCCCCCC(=O)O,1.0,0.0,Iso,180.0,10.39919999999999,453.22,0.5934304053250922,0.0381535991572537
C10,CC(C)(C1=CC=C(C=C1)OCC2CO2)C3=CC=C(C=C3)OCC4CO4,OC(=O)CCCCCCCCC(=O)O,OC(=O)CCCCCCCCC(=O)O,1.0,0.0,Dyn,10.0,10.59,544.3199999999999,0.937432611614872,0.0373011426817983
C8,CC(C)(C1=CC=C(C=C1)OCC2CO2)C3=CC=C(C=C3)OCC4CO4,OC(=O)CCCCCCC(=O)O,OC(=O)CCCCCCC(=O)O,1.0,0.0,Dyn,10.0,2.18,461.15,0.1495772716203922,0.0964485278008759
C10,CC(C)(C1=CC=C(C=C1)OCC2CO2)C3=CC=C(C=C3)OCC4CO4,OC(=O)CCCCCCCCC(=O)O,OC(=O)CCCCCCCCC(=O)O,1.0,0.0,Dyn,2.5,5.989999999999999,450.13,0.2561428324693978,0.0480135426779851
C10,CC(C)(C1=CC=C(C=C1)OCC2CO2)C3=CC=C(C=C3)OCC4CO4,OC(=O)CCCCCCCCC(=O)O,OC(=O)CCCCCCCCC(=O)O,1.0,0.0,Dyn,10.0,12.19,560.3199999999999,0.9808567720576437,0.0172429810510178
C6,CC(C)(C1=CC=C(C=C1)OCC2CO2)C3=CC=C(C=C3)OCC4CO4,OC(=O)CCCCC(=O)O,OC(=O)CCCCC(=O)O,1.0,0.0,Iso,170.0,62.88000000000008,443.17,0.9887226592697012,0.000763671189567
C8,CC(C)(C1=CC=C(C=C1)OCC2CO2)C3=CC=C(C=C3)OCC4CO4,OC(=O)CCCCCCC(=O)O,OC(=O)CCCCCCC(=O)O,1.0,0.0,Iso,170.0,41.3,443.17,0.935173401209036,0.0042611699468206
C12,CC(C)(C1=CC=C(C=C1)OCC2CO2)C3=CC=C(C=C3)OCC4CO4,OC(=O)CCCCCCCCCCC(=O)O,OC(=O)CCCCCCCCCCC(=O)O,1.0,0.0,Iso,170.0,20.73870000000001,443.17997656626505,0.720800073242137,0.0155877349953749
C6,CC(C)(C1=CC=C(C=C1)OCC2CO2)C3=CC=C(C=C3)OCC4CO4,OC(=O)CCCCC(=O)O,OC(=O)CCCCC(=O)O,1.0,0.0,Dyn,2.5,19.37,482.82000000000033,0.7482802814322715,0.01032078556729
C8,CC(C)(C1=CC=C(C=C1)OCC2CO2)C3=CC=C(C=C3)OCC4CO4,OC(=O)CCCCCCC(=O)O,OC(=O)CCCCCCC(=O)O,1.0,0.0,Dyn,2.5,21.61,488.15,0.9676570139150056,0.01081233546446
C14,CC(C)(C1=CC=C(C=C1)OCC2CO2)C3=CC=C(C=C3)OCC4CO4,OC(=O)CCCCCCCCCCCCC(=O)O,OC(=O)CCCCCCCCCCCCC(=O)O,1.0,0.0,Dyn,5.0,0.3820057722629197,437.36427741935,0.0205911725620569,0.0400677378336538
C10,CC(C)(C1=CC=C(C=C1)OCC2CO2)C3=CC=C(C=C3)OCC4CO4,OC(=O)CCCCCCCCC(=O)O,OC(=O)CCCCCCCCC(=O)O,1.0,0.0,Dyn,10.0,11.59,554.3199999999999,0.9682588389632252,0.0235771373554761
C14,CC(C)(C1=CC=C(C=C1)OCC2CO2)C3=CC=C(C=C3)OCC4CO4,OC(=O)CCCCCCCCCCCCC(=O)O,OC(=O)CCCCCCCCCCCCC(=O)O,1.0,0.0,Dyn,5.0,5.777973243244741,464.43016129024943,0.4178322976537955,0.103394373661969
C14,CC(C)(C1=CC=C(C=C1)OCC2CO2)C3=CC=C(C=C3)OCC4CO4,OC(=O)CCCCCCCCCCCCC(=O)O,OC(=O)CCCCCCCCCCCCC(=O)O,1.0,0.0,Dyn,10.0,11.369890097078663,550.301116128259,0.9797717671425932,0.0066982794484128
C6,CC(C)(C1=CC=C(C=C1)OCC2CO2)C3=CC=C(C=C3)OCC4CO4,OC(=O)CCCCC(=O)O,OC(=O)CCCCC(=O)O,1.0,0.0,Dyn,5.0,20.21,536.67,0.9319178599436522,0.0100206221499316
C8,CC(C)(C1=CC=C(C=C1)OCC2CO2)C3=CC=C(C=C3)OCC4CO4,OC(=O)CCCCCCC(=O)O,OC(=O)CCCCCCC(=O)O,1.0,0.0,Iso,160.0,101.0,433.17,0.981311949264708,0.0009740875865885
C8,CC(C)(C1=CC=C(C=C1)OCC2CO2)C3=CC=C(C=C3)OCC4CO4,OC(=O)CCCCCCC(=O)O,OC(=O)CCCCCCC(=O)O,1.0,0.0,Iso,180.0,21.231699999999968,453.18,0.8717064859938983,0.0126343506184725
C6,CC(C)(C1=CC=C(C=C1)OCC2CO2)C3=CC=C(C=C3)OCC4CO4,OC(=O)CCCCC(=O)O,OC(=O)CCCCC(=O)O,1.0,0.0,Iso,180.0,21.066915999999978,453.17,0.9543496586053476,0.0047090091103074
C6,CC(C)(C1=CC=C(C=C1)OCC2CO2)C3=CC=C(C=C3)OCC4CO4,OC(=O)CCCCC(=O)O,OC(=O)CCCCC(=O)O,1.0,0.0,Iso,165.0,12.34007699999999,438.18,0.7871051944661969,0.0209836798007392
C10,CC(C)(C1=CC=C(C=C1)OCC2CO2)C3=CC=C(C=C3)OCC4CO4,OC(=O)CCCCCCCCC(=O)O,OC(=O)CCCCCCCCC(=O)O,1.0,0.0,Iso,180.0,53.11897,453.17,0.9849911797942243,0.0016572948880623
C14,CC(C)(C1=CC=C(C=C1)OCC2CO2)C3=CC=C(C=C3)OCC4CO4,OC(=O)CCCCCCCCCCCCC(=O)O,OC(=O)CCCCCCCCCCCCC(=O)O,1.0,0.0,Dyn,5.0,9.648944440318832,483.76293548374906,0.7964964939187569,0.0771904475674831
C14,CC(C)(C1=CC=C(C=C1)OCC2CO2)C3=CC=C(C=C3)OCC4CO4,OC(=O)CCCCCCCCCCCCC(=O)O,OC(=O)CCCCCCCCCCCCC(=O)O,1.0,0.0,Iso,180.0,4.11782,453.22134844311375,0.3674911496938434,0.0839326481196467
C14,CC(C)(C1=CC=C(C=C1)OCC2CO2)C3=CC=C(C=C3)OCC4CO4,OC(=O)CCCCCCCCCCCCC(=O)O,OC(=O)CCCCCCCCCCCCC(=O)O,1.0,0.0,Iso,160.0,33.98717077386998,433.15,0.8836073007320617,0.0091240888450037
C10,CC(C)(C1=CC=C(C=C1)OCC2CO2)C3=CC=C(C=C3)OCC4CO4,OC(=O)CCCCCCCCC(=O)O,OC(=O)CCCCCCCCC(=O)O,1.0,0.0,Iso,180.0,13.64524,453.19,0.6692819524657877,0.0234664807783142
C14,CC(C)(C1=CC=C(C=C1)OCC2CO2)C3=CC=C(C=C3)OCC4CO4,OC(=O)CCCCCCCCCCCCC(=O)O,OC(=O)CCCCCCCCCCCCC(=O)O,1.0,0.0,Iso,160.0,2.88026870965,433.15,0.1095955517173167,0.0377702370472352
C14,CC(C)(C1=CC=C(C=C1)OCC2CO2)C3=CC=C(C=C3)OCC4CO4,OC(=O)CCCCCCCCCCCCC(=O)O,OC(=O)CCCCCCCCCCCCC(=O)O,1.0,0.0,Dyn,5.0,5.13396518364809,461.2080322579995,0.3520082230441149,0.1017496201339154
C12,CC(C)(C1=CC=C(C=C1)OCC2CO2)C3=CC=C(C=C3)OCC4CO4,OC(=O)CCCCCCCCCCC(=O)O,OC(=O)CCCCCCCCCCC(=O)O,1.0,0.0,Dyn,2.5,39.097456516050464,531.7147096769488,0.9109774749721912,0.0067010990165414
C6,CC(C)(C1=CC=C(C=C1)OCC2CO2)C3=CC=C(C=C3)OCC4CO4,OC(=O)CCCCC(=O)O,OC(=O)CCCCC(=O)O,1.0,0.0,Dyn,2.5,7.050000000000001,452.1300000000001,0.3642141605419417,0.0620660940280108
C6,CC(C)(C1=CC=C(C=C1)OCC2CO2)C3=CC=C(C=C3)OCC4CO4,OC(=O)CCCCC(=O)O,OC(=O)CCCCC(=O)O,1.0,0.0,Iso,180.0,33.62603899999996,453.17,0.9874014360600856,0.0013047840447505
C6,CC(C)(C1=CC=C(C=C1)OCC2CO2)C3=CC=C(C=C3)OCC4CO4,OC(=O)CCCCC(=O)O,OC(=O)CCCCC(=O)O,1.0,0.0,Dyn,2.5,10.79,461.4300000000002,0.5695080166348458,0.0414952132055157
C10,CC(C)(C1=CC=C(C=C1)OCC2CO2)C3=CC=C(C=C3)OCC4CO4,OC(=O)CCCCCCCCC(=O)O,OC(=O)CCCCCCCCC(=O)O,1.0,0.0,Dyn,2.5,34.410000000000004,521.13,0.985024147196236,0.0042358707747872
C12,CC(C)(C1=CC=C(C=C1)OCC2CO2)C3=CC=C(C=C3)OCC4CO4,OC(=O)CCCCCCCCCCC(=O)O,OC(=O)CCCCCCCCCCC(=O)O,1.0,0.0,Dyn,10.0,10.282760566677917,539.2703935474904,0.9783554048442038,0.011918141972147
C6,CC(C)(C1=CC=C(C=C1)OCC2CO2)C3=CC=C(C=C3)OCC4CO4,OC(=O)CCCCC(=O)O,OC(=O)CCCCC(=O)O,1.0,0.0,Dyn,5.0,21.81,544.67,0.948096081791513,0.0100206221499316
C14,CC(C)(C1=CC=C(C=C1)OCC2CO2)C3=CC=C(C=C3)OCC4CO4,OC(=O)CCCCCCCCCCCCC(=O)O,OC(=O)CCCCCCCCCCCCC(=O)O,1.0,0.0,Dyn,10.0,6.367263425886613,500.4036967737594,0.7812441707538762,0.1590746093352254
C6,CC(C)(C1=CC=C(C=C1)OCC2CO2)C3=CC=C(C=C3)OCC4CO4,OC(=O)CCCCC(=O)O,OC(=O)CCCCC(=O)O,1.0,0.0,Dyn,10.0,1.5900000000000003,454.41,0.1471636133922931,0.1282059380922289
C12,CC(C)(C1=CC=C(C=C1)OCC2CO2)C3=CC=C(C=C3)OCC4CO4,OC(=O)CCCCCCCCCCC(=O)O,OC(=O)CCCCCCCCCCC(=O)O,1.0,0.0,Dyn,2.5,3.6131891612830342,443.0390967741498,0.1410842019803768,0.0447452722973752
C8,CC(C)(C1=CC=C(C=C1)OCC2CO2)C3=CC=C(C=C3)OCC4CO4,OC(=O)CCCCCCC(=O)O,OC(=O)CCCCCCC(=O)O,1.0,0.0,Dyn,10.0,2.68,466.15,0.2009574404837045,0.1116172322998527
C14,CC(C)(C1=CC=C(C=C1)OCC2CO2)C3=CC=C(C=C3)OCC4CO4,OC(=O)CCCCCCCCCCCCC(=O)O,OC(=O)CCCCCCCCCCCCC(=O)O,1.0,0.0,Dyn,5.0,11.716440766190548,494.07374838694886,0.9218557396747432,0.0432019030394019
C14,CC(C)(C1=CC=C(C=C1)OCC2CO2)C3=CC=C(C=C3)OCC4CO4,OC(=O)CCCCCCCCCCCCC(=O)O,OC(=O)CCCCCCCCCCCCC(=O)O,1.0,0.0,Iso,160.0,40.32376193509994,433.15,0.9304761465979904,0.0057381054384899
C6,CC(C)(C1=CC=C(C=C1)OCC2CO2)C3=CC=C(C=C3)OCC4CO4,OC(=O)CCCCC(=O)O,OC(=O)CCCCC(=O)O,1.0,0.0,Iso,170.0,3.275000000000001,443.25,0.3196853258151062,0.0788802914169258
C8,CC(C)(C1=CC=C(C=C1)OCC2CO2)C3=CC=C(C=C3)OCC4CO4,OC(=O)CCCCCCC(=O)O,OC(=O)CCCCCCC(=O)O,1.0,0.0,Iso,160.0,29.0,433.19,0.6384331187855316,0.0126992159436731
C8,CC(C)(C1=CC=C(C=C1)OCC2CO2)C3=CC=C(C=C3)OCC4CO4,OC(=O)CCCCCCC(=O)O,OC(=O)CCCCCCC(=O)O,1.0,0.0,Dyn,10.0,8.19,521.15,0.932097141605252,0.0604712112241092
C8,CC(C)(C1=CC=C(C=C1)OCC2CO2)C3=CC=C(C=C3)OCC4CO4,OC(=O)CCCCCCC(=O)O,OC(=O)CCCCCCC(=O)O,1.0,0.0,Iso,160.0,8.0,433.21,0.2484553496288966,0.0255174870368183
C12,CC(C)(C1=CC=C(C=C1)OCC2CO2)C3=CC=C(C=C3)OCC4CO4,OC(=O)CCCCCCCCCCC(=O)O,OC(=O)CCCCCCCCCCC(=O)O,1.0,0.0,Iso,180.0,54.86241999999992,453.1667666467065,0.943636783200646,0.002456399982659
C10,CC(C)(C1=CC=C(C=C1)OCC2CO2)C3=CC=C(C=C3)OCC4CO4,OC(=O)CCCCCCCCC(=O)O,OC(=O)CCCCCCCCC(=O)O,1.0,0.0,Dyn,5.0,11.39,492.5,0.7010149403147162,0.0482028016362142
C10,CC(C)(C1=CC=C(C=C1)OCC2CO2)C3=CC=C(C=C3)OCC4CO4,OC(=O)CCCCCCCCC(=O)O,OC(=O)CCCCCCCCC(=O)O,1.0,0.0,Dyn,10.0,7.19,510.32,0.7194672552270864,0.0914933688421463
C12,CC(C)(C1=CC=C(C=C1)OCC2CO2)C3=CC=C(C=C3)OCC4CO4,OC(=O)CCCCCCCCCCC(=O)O,OC(=O)CCCCCCCCCCC(=O)O,1.0,0.0,Dyn,10.0,4.482741080718169,481.3388709673502,0.3796553888589148,0.1419497292695246
C12,CC(C)(C1=CC=C(C=C1)OCC2CO2)C3=CC=C(C=C3)OCC4CO4,OC(=O)CCCCCCCCCCC(=O)O,OC(=O)CCCCCCCCCCC(=O)O,1.0,0.0,Iso,160.0,30.040484709689988,433.15,0.7066222896578729,0.0134711263125834
C10,CC(C)(C1=CC=C(C=C1)OCC2CO2)C3=CC=C(C=C3)OCC4CO4,OC(=O)CCCCCCCCC(=O)O,OC(=O)CCCCCCCCC(=O)O,1.0,0.0,Iso,165.0,44.52500000000003,438.165,0.8867840325139791,0.0051687183563624
C10,CC(C)(C1=CC=C(C=C1)OCC2CO2)C3=CC=C(C=C3)OCC4CO4,OC(=O)CCCCCCCCC(=O)O,OC(=O)CCCCCCCCC(=O)O,1.0,0.0,Iso,180.0,9.7466,453.2,0.5587089184024963,0.033116397912246
C14,CC(C)(C1=CC=C(C=C1)OCC2CO2)C3=CC=C(C=C3)OCC4CO4,OC(=O)CCCCCCCCCCCCC(=O)O,OC(=O)CCCCCCCCCCCCC(=O)O,1.0,0.0,Iso,160.0,40.899815677029935,433.15,0.9337439561686588,0.0054410700357518
C8,CC(C)(C1=CC=C(C=C1)OCC2CO2)C3=CC=C(C=C3)OCC4CO4,OC(=O)CCCCCCC(=O)O,OC(=O)CCCCCCC(=O)O,1.0,0.0,Dyn,10.0,0.1999999999999997,441.15,0.0165568954690977,0.0430424715581699
C6,CC(C)(C1=CC=C(C=C1)OCC2CO2)C3=CC=C(C=C3)OCC4CO4,OC(=O)CCCCC(=O)O,OC(=O)CCCCC(=O)O,1.0,0.0,Dyn,2.5,37.6,528.3900000000007,0.9062851463395496,0.0090483599494187
C10,CC(C)(C1=CC=C(C=C1)OCC2CO2)C3=CC=C(C=C3)OCC4CO4,OC(=O)CCCCCCCCC(=O)O,OC(=O)CCCCCCCCC(=O)O,1.0,0.0,Iso,170.0,26.336500000000022,443.18,0.786167036018442,0.0126748115408351
C6,CC(C)(C1=CC=C(C=C1)OCC2CO2)C3=CC=C(C=C3)OCC4CO4,OC(=O)CCCCC(=O)O,OC(=O)CCCCC(=O)O,1.0,0.0,Dyn,5.0,7.590000000000001,473.67,0.655552005576694,0.0683255671782784
C6,CC(C)(C1=CC=C(C=C1)OCC2CO2)C3=CC=C(C=C3)OCC4CO4,OC(=O)CCCCC(=O)O,OC(=O)CCCCC(=O)O,1.0,0.0,Iso,180.0,14.584787999999987,453.18,0.9049151491123738,0.0115822635156425
C8,CC(C)(C1=CC=C(C=C1)OCC2CO2)C3=CC=C(C=C3)OCC4CO4,OC(=O)CCCCCCC(=O)O,OC(=O)CCCCCCC(=O)O,1.0,0.0,Iso,180.0,35.5306,453.17,0.9688074012441064,0.0031336700853661
C8,CC(C)(C1=CC=C(C=C1)OCC2CO2)C3=CC=C(C=C3)OCC4CO4,OC(=O)CCCCCCC(=O)O,OC(=O)CCCCCCC(=O)O,1.0,0.0,Iso,160.0,39.0,433.18,0.7483967841159745,0.0090193295054497
C6,CC(C)(C1=CC=C(C=C1)OCC2CO2)C3=CC=C(C=C3)OCC4CO4,OC(=O)CCCCC(=O)O,OC(=O)CCCCC(=O)O,1.0,0.0,Iso,165.0,0.3980670000000001,438.14,0.0295355938919342,0.0958279933720712
C12,CC(C)(C1=CC=C(C=C1)OCC2CO2)C3=CC=C(C=C3)OCC4CO4,OC(=O)CCCCCCCCCCC(=O)O,OC(=O)CCCCCCCCCCC(=O)O,1.0,0.0,Iso,170.0,74.50569999999995,443.1645661676646,0.9823268666167748,0.0010492656373426
C6,CC(C)(C1=CC=C(C=C1)OCC2CO2)C3=CC=C(C=C3)OCC4CO4,OC(=O)CCCCC(=O)O,OC(=O)CCCCC(=O)O,1.0,0.0,Iso,170.0,33.40500000000003,443.17,0.9375653676504024,0.0033323833726565
C6,CC(C)(C1=CC=C(C=C1)OCC2CO2)C3=CC=C(C=C3)OCC4CO4,OC(=O)CCCCC(=O)O,OC(=O)CCCCC(=O)O,1.0,0.0,Dyn,10.0,9.61,534.41,0.9385186355022108,0.0170562223626025
C10,CC(C)(C1=CC=C(C=C1)OCC2CO2)C3=CC=C(C=C3)OCC4CO4,OC(=O)CCCCCCCCC(=O)O,OC(=O)CCCCCCCCC(=O)O,1.0,0.0,Dyn,2.5,31.21,513.13,0.9670421925523008,0.0068320496367535
C12,CC(C)(C1=CC=C(C=C1)OCC2CO2)C3=CC=C(C=C3)OCC4CO4,OC(=O)CCCCCCCCCCC(=O)O,OC(=O)CCCCCCCCCCC(=O)O,1.0,0.0,Dyn,10.0,5.77888153067517,494.3235225801402,0.5776225075900906,0.1666294147368339
C8,CC(C)(C1=CC=C(C=C1)OCC2CO2)C3=CC=C(C=C3)OCC4CO4,OC(=O)CCCCCCC(=O)O,OC(=O)CCCCCCC(=O)O,1.0,0.0,Iso,170.0,53.9,443.17,0.97108654152084,0.0017612835780191
C10,CC(C)(C1=CC=C(C=C1)OCC2CO2)C3=CC=C(C=C3)OCC4CO4,OC(=O)CCCCCCCCC(=O)O,OC(=O)CCCCCCCCC(=O)O,1.0,0.0,Iso,170.0,40.03148000000004,443.17,0.9138575298176748,0.0063769068821131
C14,CC(C)(C1=CC=C(C=C1)OCC2CO2)C3=CC=C(C=C3)OCC4CO4,OC(=O)CCCCCCCCCCCCC(=O)O,OC(=O)CCCCCCCCCCCCC(=O)O,1.0,0.0,Dyn,5.0,1.4063218256575492,442.51968387094985,0.0662954579668678,0.0512294161995214
C12,CC(C)(C1=CC=C(C=C1)OCC2CO2)C3=CC=C(C=C3)OCC4CO4,OC(=O)CCCCCCCCCCC(=O)O,OC(=O)CCCCCCCCCCC(=O)O,1.0,0.0,Dyn,2.5,43.1285863224945,541.7914838704487,0.9356628332537849,0.0055312169427175
C10,CC(C)(C1=CC=C(C=C1)OCC2CO2)C3=CC=C(C=C3)OCC4CO4,OC(=O)CCCCCCCCC(=O)O,OC(=O)CCCCCCCCC(=O)O,1.0,0.0,Iso,165.0,32.87999999999999,438.17,0.8078951463697197,0.0088469225820528
C6,CC(C)(C1=CC=C(C=C1)OCC2CO2)C3=CC=C(C=C3)OCC4CO4,OC(=O)CCCCC(=O)O,OC(=O)CCCCC(=O)O,1.0,0.0,Dyn,5.0,17.61,523.67,0.9054285631299196,0.0103110749658713
C8,CC(C)(C1=CC=C(C=C1)OCC2CO2)C3=CC=C(C=C3)OCC4CO4,OC(=O)CCCCCCC(=O)O,OC(=O)CCCCCCC(=O)O,1.0,0.0,Dyn,5.0,12.79,499.350000000001,0.8929731682845785,0.0466276466356322
C14,CC(C)(C1=CC=C(C=C1)OCC2CO2)C3=CC=C(C=C3)OCC4CO4,OC(=O)CCCCCCCCCCCCC(=O)O,OC(=O)CCCCCCCCCCCCC(=O)O,1.0,0.0,Dyn,5.0,11.3288198965034,492.1404709675989,0.9037288455543072,0.0485324409748778
C10,CC(C)(C1=CC=C(C=C1)OCC2CO2)C3=CC=C(C=C3)OCC4CO4,OC(=O)CCCCCCCCC(=O)O,OC(=O)CCCCCCCCC(=O)O,1.0,0.0,Iso,165.0,39.04500000000001,438.17,0.8559892893577813,0.0057697321187303
C10,CC(C)(C1=CC=C(C=C1)OCC2CO2)C3=CC=C(C=C3)OCC4CO4,OC(=O)CCCCCCCCC(=O)O,OC(=O)CCCCCCCCC(=O)O,1.0,0.0,Dyn,2.5,28.41,506.13,0.9437585673902444,0.0095648694914554
C12,CC(C)(C1=CC=C(C=C1)OCC2CO2)C3=CC=C(C=C3)OCC4CO4,OC(=O)CCCCCCCCCCC(=O)O,OC(=O)CCCCCCCCCCC(=O)O,1.0,0.0,Iso,160.0,1.54053767742,433.15,0.0471460161962698,0.0335468710733686
C10,CC(C)(C1=CC=C(C=C1)OCC2CO2)C3=CC=C(C=C3)OCC4CO4,OC(=O)CCCCCCCCC(=O)O,OC(=O)CCCCCCCCC(=O)O,1.0,0.0,Iso,180.0,13.15791,453.19,0.6573799041993064,0.024422974712169
C10,CC(C)(C1=CC=C(C=C1)OCC2CO2)C3=CC=C(C=C3)OCC4CO4,OC(=O)CCCCCCCCC(=O)O,OC(=O)CCCCCCCCC(=O)O,1.0,0.0,Iso,170.0,36.34437000000003,443.18,0.8874768034337724,0.0077525546317729
C6,CC(C)(C1=CC=C(C=C1)OCC2CO2)C3=CC=C(C=C3)OCC4CO4,OC(=O)CCCCC(=O)O,OC(=O)CCCCC(=O)O,1.0,0.0,Dyn,2.5,38.340000000000686,530.2500000000007,0.9129809327021178,0.0089776696373029
C8,CC(C)(C1=CC=C(C=C1)OCC2CO2)C3=CC=C(C=C3)OCC4CO4,OC(=O)CCCCCCC(=O)O,OC(=O)CCCCCCC(=O)O,1.0,0.0,Dyn,10.0,8.79,527.15,0.9620884190911484,0.0374636460108947
C10,CC(C)(C1=CC=C(C=C1)OCC2CO2)C3=CC=C(C=C3)OCC4CO4,OC(=O)CCCCCCCCC(=O)O,OC(=O)CCCCCCCCC(=O)O,1.0,0.0,Iso,165.0,68.5000000000001,438.16,0.9694522735001354,0.0020434467920503
C12,CC(C)(C1=CC=C(C=C1)OCC2CO2)C3=CC=C(C=C3)OCC4CO4,OC(=O)CCCCCCCCCCC(=O)O,OC(=O)CCCCCCCCCCC(=O)O,1.0,0.0,Iso,160.0,26.959409354849985,433.15,0.6614284268840813,0.0153877086340963
C10,CC(C)(C1=CC=C(C=C1)OCC2CO2)C3=CC=C(C=C3)OCC4CO4,OC(=O)CCCCCCCCC(=O)O,OC(=O)CCCCCCCCC(=O)O,1.0,0.0,Dyn,2.5,32.010000000000005,515.13,0.9723438630704216,0.0060122036803431
C10,CC(C)(C1=CC=C(C=C1)OCC2CO2)C3=CC=C(C=C3)OCC4CO4,OC(=O)CCCCCCCCC(=O)O,OC(=O)CCCCCCCCC(=O)O,1.0,0.0,Iso,170.0,21.595930000000017,443.19,0.718173468508089,0.0159070115401709
C14,CC(C)(C1=CC=C(C=C1)OCC2CO2)C3=CC=C(C=C3)OCC4CO4,OC(=O)CCCCCCCCCCCCC(=O)O,OC(=O)CCCCCCCCCCCCC(=O)O,1.0,0.0,Dyn,2.5,21.82934505564216,488.6610129031606,0.9766581284557596,0.0023189285809833
C14,CC(C)(C1=CC=C(C=C1)OCC2CO2)C3=CC=C(C=C3)OCC4CO4,OC(=O)CCCCCCCCCCCCC(=O)O,OC(=O)CCCCCCCCCCCCC(=O)O,1.0,0.0,Dyn,5.0,5.649352095917804,463.7857354837994,0.4046067113582169,0.1028259082618887
C8,CC(C)(C1=CC=C(C=C1)OCC2CO2)C3=CC=C(C=C3)OCC4CO4,OC(=O)CCCCCCC(=O)O,OC(=O)CCCCCCC(=O)O,1.0,0.0,Iso,180.0,3.8997,453.25,0.293054399936606,0.0584879815979774
C12,CC(C)(C1=CC=C(C=C1)OCC2CO2)C3=CC=C(C=C3)OCC4CO4,OC(=O)CCCCCCCCCCC(=O)O,OC(=O)CCCCCCCCCCC(=O)O,1.0,0.0,Dyn,2.5,0.4012821290314456,434.97767741935,0.0115944979188054,0.036431900220156
C8,CC(C)(C1=CC=C(C=C1)OCC2CO2)C3=CC=C(C=C3)OCC4CO4,OC(=O)CCCCCCC(=O)O,OC(=O)CCCCCCC(=O)O,1.0,0.0,Dyn,10.0,3.97,479.15,0.3683425675791236,0.1455788418358166
C12,CC(C)(C1=CC=C(C=C1)OCC2CO2)C3=CC=C(C=C3)OCC4CO4,OC(=O)CCCCCCCCCCC(=O)O,OC(=O)CCCCCCCCCCC(=O)O,1.0,0.0,Iso,170.0,18.434400000000007,443.1831764457832,0.680789822117322,0.018212253562446
C12,CC(C)(C1=CC=C(C=C1)OCC2CO2)C3=CC=C(C=C3)OCC4CO4,OC(=O)CCCCCCCCCCC(=O)O,OC(=O)CCCCCCCCCCC(=O)O,1.0,0.0,Iso,170.0,17.666300000000007,443.18375874251495,0.6661436208809715,0.0190680917020576
C8,CC(C)(C1=CC=C(C=C1)OCC2CO2)C3=CC=C(C=C3)OCC4CO4,OC(=O)CCCCCCC(=O)O,OC(=O)CCCCCCC(=O)O,1.0,0.0,Iso,160.0,65.0,433.17,0.9047919577404726,0.0036798864382234
C6,CC(C)(C1=CC=C(C=C1)OCC2CO2)C3=CC=C(C=C3)OCC4CO4,OC(=O)CCCCC(=O)O,OC(=O)CCCCC(=O)O,1.0,0.0,Dyn,5.0,19.01,530.67,0.919805977518952,0.0101658485579013
C6,CC(C)(C1=CC=C(C=C1)OCC2CO2)C3=CC=C(C=C3)OCC4CO4,OC(=O)CCCCC(=O)O,OC(=O)CCCCC(=O)O,1.0,0.0,Iso,180.0,6.887260999999999,453.23,0.6967293158891678,0.0478189434704679
C6,CC(C)(C1=CC=C(C=C1)OCC2CO2)C3=CC=C(C=C3)OCC4CO4,OC(=O)CCCCC(=O)O,OC(=O)CCCCC(=O)O,1.0,0.0,Iso,165.0,23.884020000000017,438.17,0.913495170973636,0.0066885479364859
C6,CC(C)(C1=CC=C(C=C1)OCC2CO2)C3=CC=C(C=C3)OCC4CO4,OC(=O)CCCCC(=O)O,OC(=O)CCCCC(=O)O,1.0,0.0,Dyn,2.5,31.28,512.5800000000006,0.849501739335131,0.0086242180767849
C14,CC(C)(C1=CC=C(C=C1)OCC2CO2)C3=CC=C(C=C3)OCC4CO4,OC(=O)CCCCCCCCCCCCC(=O)O,OC(=O)CCCCCCCCCCCCC(=O)O,1.0,0.0,Dyn,10.0,2.582188818112117,462.4816580643397,0.1841802368141712,0.112867574102399
C14,CC(C)(C1=CC=C(C=C1)OCC2CO2)C3=CC=C(C=C3)OCC4CO4,OC(=O)CCCCCCCCCCCCC(=O)O,OC(=O)CCCCCCCCCCCCC(=O)O,1.0,0.0,Dyn,10.0,9.17528431315197,528.3462516122792,0.96283844231763,0.0121101720688476
C10,CC(C)(C1=CC=C(C=C1)OCC2CO2)C3=CC=C(C=C3)OCC4CO4,OC(=O)CCCCCCCCC(=O)O,OC(=O)CCCCCCCCC(=O)O,1.0,0.0,Dyn,10.0,8.389999999999999,522.3199999999999,0.8177522472178977,0.0710833096388953
C6,CC(C)(C1=CC=C(C=C1)OCC2CO2)C3=CC=C(C=C3)OCC4CO4,OC(=O)CCCCC(=O)O,OC(=O)CCCCC(=O)O,1.0,0.0,Iso,170.0,61.57000000000008,443.17,0.9876313037151562,0.0008330958431641
C6,CC(C)(C1=CC=C(C=C1)OCC2CO2)C3=CC=C(C=C3)OCC4CO4,OC(=O)CCCCC(=O)O,OC(=O)CCCCC(=O)O,1.0,0.0,Iso,165.0,21.49561800000001,438.17,0.8964761158966327,0.0074754359290133
C10,CC(C)(C1=CC=C(C=C1)OCC2CO2)C3=CC=C(C=C3)OCC4CO4,OC(=O)CCCCCCCCC(=O)O,OC(=O)CCCCCCCCC(=O)O,1.0,0.0,Dyn,10.0,2.0900000000000003,459.32,0.1223674542603534,0.085687058896393
C8,CC(C)(C1=CC=C(C=C1)OCC2CO2)C3=CC=C(C=C3)OCC4CO4,OC(=O)CCCCCCC(=O)O,OC(=O)CCCCCCC(=O)O,1.0,0.0,Dyn,10.0,3.47,474.15,0.2987110876918077,0.1344008300640885
C14,CC(C)(C1=CC=C(C=C1)OCC2CO2)C3=CC=C(C=C3)OCC4CO4,OC(=O)CCCCCCCCCCCCC(=O)O,OC(=O)CCCCCCCCCCCCC(=O)O,1.0,0.0,Iso,160.0,42.62797690281992,433.15,0.9426350267893732,0.0047445261994021
C14,CC(C)(C1=CC=C(C=C1)OCC2CO2)C3=CC=C(C=C3)OCC4CO4,OC(=O)CCCCCCCCCCCCC(=O)O,OC(=O)CCCCCCCCCCCCC(=O)O,1.0,0.0,Iso,170.0,2.8189999999999986,443.2462261077844,0.1485493264477569,0.0559266396095928
C14,CC(C)(C1=CC=C(C=C1)OCC2CO2)C3=CC=C(C=C3)OCC4CO4,OC(=O)CCCCCCCCCCCCC(=O)O,OC(=O)CCCCCCCCCCCCC(=O)O,1.0,0.0,Dyn,10.0,2.085522144103771,457.4919161288898,0.1338555677353163,0.0938046550476279
C6,CC(C)(C1=CC=C(C=C1)OCC2CO2)C3=CC=C(C=C3)OCC4CO4,OC(=O)CCCCC(=O)O,OC(=O)CCCCC(=O)O,1.0,0.0,Dyn,5.0,6.590000000000001,468.67,0.5722210926834935,0.0909117313892363
C14,CC(C)(C1=CC=C(C=C1)OCC2CO2)C3=CC=C(C=C3)OCC4CO4,OC(=O)CCCCCCCCCCCCC(=O)O,OC(=O)CCCCCCCCCCCCC(=O)O,1.0,0.0,Dyn,2.5,16.03593027834974,474.2117741935005,0.9011281746155776,0.0298667314867419
C8,CC(C)(C1=CC=C(C=C1)OCC2CO2)C3=CC=C(C=C3)OCC4CO4,OC(=O)CCCCCCC(=O)O,OC(=O)CCCCCCC(=O)O,1.0,0.0,Iso,180.0,40.73020000000003,453.17,0.98201196560878,0.0020116936643726
C8,CC(C)(C1=CC=C(C=C1)OCC2CO2)C3=CC=C(C=C3)OCC4CO4,OC(=O)CCCCCCC(=O)O,OC(=O)CCCCCCC(=O)O,1.0,0.0,Dyn,5.0,14.72,508.9500000000011,0.9586652213608504,0.0219275959854055
C6,CC(C)(C1=CC=C(C=C1)OCC2CO2)C3=CC=C(C=C3)OCC4CO4,OC(=O)CCCCC(=O)O,OC(=O)CCCCC(=O)O,1.0,0.0,Iso,170.0,9.169999999999996,443.2,0.6549042790232369,0.0346081898181107
C12,CC(C)(C1=CC=C(C=C1)OCC2CO2)C3=CC=C(C=C3)OCC4CO4,OC(=O)CCCCCCCCCCC(=O)O,OC(=O)CCCCCCCCCCC(=O)O,1.0,0.0,Dyn,5.0,9.37137258702644,482.0173303225196,0.6109636807461296,0.0723164398316382
C8,CC(C)(C1=CC=C(C=C1)OCC2CO2)C3=CC=C(C=C3)OCC4CO4,OC(=O)CCCCCCC(=O)O,OC(=O)CCCCCCC(=O)O,1.0,0.0,Iso,160.0,93.0,433.17,0.972004001215084,0.0013348607668065
C12,CC(C)(C1=CC=C(C=C1)OCC2CO2)C3=CC=C(C=C3)OCC4CO4,OC(=O)CCCCCCCCCCC(=O)O,OC(=O)CCCCCCCCCCC(=O)O,1.0,0.0,Dyn,2.5,37.08105587089322,526.676322580199,0.8963651368889006,0.0076261721561691
C12,CC(C)(C1=CC=C(C=C1)OCC2CO2)C3=CC=C(C=C3)OCC4CO4,OC(=O)CCCCCCCCCCC(=O)O,OC(=O)CCCCCCCCCCC(=O)O,1.0,0.0,Iso,160.0,38.51344193550002,433.15,0.8049043120747883,0.0096091931908637
C10,CC(C)(C1=CC=C(C=C1)OCC2CO2)C3=CC=C(C=C3)OCC4CO4,OC(=O)CCCCCCCCC(=O)O,OC(=O)CCCCCCCCC(=O)O,1.0,0.0,Dyn,2.5,11.59,464.13,0.5170670065565813,0.0437114535759496
C8,CC(C)(C1=CC=C(C=C1)OCC2CO2)C3=CC=C(C=C3)OCC4CO4,OC(=O)CCCCCCC(=O)O,OC(=O)CCCCCCC(=O)O,1.0,0.0,Iso,170.0,52.5,443.17,0.9684218899140948,0.001931730375892
C12,CC(C)(C1=CC=C(C=C1)OCC2CO2)C3=CC=C(C=C3)OCC4CO4,OC(=O)CCCCCCCCCCC(=O)O,OC(=O)CCCCCCCCCCC(=O)O,1.0,0.0,Dyn,2.5,38.28989290314932,529.6993548382488,0.905346218020022,0.0071306157141861
C8,CC(C)(C1=CC=C(C=C1)OCC2CO2)C3=CC=C(C=C3)OCC4CO4,OC(=O)CCCCCCC(=O)O,OC(=O)CCCCCCC(=O)O,1.0,0.0,Iso,180.0,44.629900000000056,453.17,0.9884306034311978,0.0013716093166177
C14,CC(C)(C1=CC=C(C=C1)OCC2CO2)C3=CC=C(C=C3)OCC4CO4,OC(=O)CCCCCCCCCCCCC(=O)O,OC(=O)CCCCCCCCCCCCC(=O)O,1.0,0.0,Iso,170.0,23.11580000000001,443.18863638554217,0.8744727626318132,0.0144690404830525
C14,CC(C)(C1=CC=C(C=C1)OCC2CO2)C3=CC=C(C=C3)OCC4CO4,OC(=O)CCCCCCCCCCCCC(=O)O,OC(=O)CCCCCCCCCCCCC(=O)O,1.0,0.0,Dyn,10.0,12.76643350842708,564.2723935475188,0.9894896604534712,0.0071085173085543
C8,CC(C)(C1=CC=C(C=C1)OCC2CO2)C3=CC=C(C=C3)OCC4CO4,OC(=O)CCCCCCC(=O)O,OC(=O)CCCCCCC(=O)O,1.0,0.0,Dyn,10.0,2.48,464.15,0.1795196834810568,0.1056922752405215
C14,CC(C)(C1=CC=C(C=C1)OCC2CO2)C3=CC=C(C=C3)OCC4CO4,OC(=O)CCCCCCCCCCCCC(=O)O,OC(=O)CCCCCCCCCCCCC(=O)O,1.0,0.0,Iso,160.0,22.46609593527,433.15,0.7234457609312946,0.0196745481333037
C8,CC(C)(C1=CC=C(C=C1)OCC2CO2)C3=CC=C(C=C3)OCC4CO4,OC(=O)CCCCCCC(=O)O,OC(=O)CCCCCCC(=O)O,1.0,0.0,Dyn,10.0,8.389999999999999,523.15,0.9437230882749376,0.0517161200367792
C6,CC(C)(C1=CC=C(C=C1)OCC2CO2)C3=CC=C(C=C3)OCC4CO4,OC(=O)CCCCC(=O)O,OC(=O)CCCCC(=O)O,1.0,0.0,Dyn,2.5,4.82,446.55000000000007,0.2365757330055195,0.0523452459779168
C14,CC(C)(C1=CC=C(C=C1)OCC2CO2)C3=CC=C(C=C3)OCC4CO4,OC(=O)CCCCCCCCCCCCC(=O)O,OC(=O)CCCCCCCCCCCCC(=O)O,1.0,0.0,Iso,160.0,5.18448367737,433.15,0.1970945293903835,0.0390321112767437
C14,CC(C)(C1=CC=C(C=C1)OCC2CO2)C3=CC=C(C=C3)OCC4CO4,OC(=O)CCCCCCCCCCCCC(=O)O,OC(=O)CCCCCCCCCCCCC(=O)O,1.0,0.0,Dyn,10.0,6.869373749993209,505.39343870920936,0.8549669374269719,0.1215586000369455
C14,CC(C)(C1=CC=C(C=C1)OCC2CO2)C3=CC=C(C=C3)OCC4CO4,OC(=O)CCCCCCCCCCCCC(=O)O,OC(=O)CCCCCCCCCCCCC(=O)O,1.0,0.0,Dyn,10.0,12.067877579517257,557.2867548378889,0.9845559510531086,0.0070665643738367
C14,CC(C)(C1=CC=C(C=C1)OCC2CO2)C3=CC=C(C=C3)OCC4CO4,OC(=O)CCCCCCCCCCCCC(=O)O,OC(=O)CCCCCCCCCCCCC(=O)O,1.0,0.0,Iso,180.0,9.41216,453.1985937724551,0.7246089329980622,0.0500282704290716
C8,CC(C)(C1=CC=C(C=C1)OCC2CO2)C3=CC=C(C=C3)OCC4CO4,OC(=O)CCCCCCC(=O)O,OC(=O)CCCCCCC(=O)O,1.0,0.0,Dyn,5.0,7.34,472.1500000000006,0.4905942207124014,0.084937929276798
C10,CC(C)(C1=CC=C(C=C1)OCC2CO2)C3=CC=C(C=C3)OCC4CO4,OC(=O)CCCCCCCCC(=O)O,OC(=O)CCCCCCCCC(=O)O,1.0,0.0,Iso,170.0,4.213839999999999,443.22384,0.223626293352381,0.0466639307267221
C6,CC(C)(C1=CC=C(C=C1)OCC2CO2)C3=CC=C(C=C3)OCC4CO4,OC(=O)CCCCC(=O)O,OC(=O)CCCCC(=O)O,1.0,0.0,Dyn,2.5,17.880000000000003,479.1000000000003,0.731619281772292,0.0118759724336057
C10,CC(C)(C1=CC=C(C=C1)OCC2CO2)C3=CC=C(C=C3)OCC4CO4,OC(=O)CCCCCCCCC(=O)O,OC(=O)CCCCCCCCC(=O)O,1.0,0.0,Dyn,10.0,7.889999999999999,517.3199999999999,0.7797824991484078,0.0795288513781711
C8,CC(C)(C1=CC=C(C=C1)OCC2CO2)C3=CC=C(C=C3)OCC4CO4,OC(=O)CCCCCCC(=O)O,OC(=O)CCCCCCC(=O)O,1.0,0.0,Iso,180.0,4.766300000000001,453.25,0.3432540908910813,0.0539678888153735
C12,CC(C)(C1=CC=C(C=C1)OCC2CO2)C3=CC=C(C=C3)OCC4CO4,OC(=O)CCCCCCCCCCC(=O)O,OC(=O)CCCCCCCCCCC(=O)O,1.0,0.0,Iso,160.0,6.162150709680001,433.15,0.1954964441342951,0.0298338339803734
C12,CC(C)(C1=CC=C(C=C1)OCC2CO2)C3=CC=C(C=C3)OCC4CO4,OC(=O)CCCCCCCCCCC(=O)O,OC(=O)CCCCCCCCCCC(=O)O,1.0,0.0,Dyn,2.5,46.352154838616535,549.8529032252486,0.952690489432703,0.0049878569058243
C6,CC(C)(C1=CC=C(C=C1)OCC2CO2)C3=CC=C(C=C3)OCC4CO4,OC(=O)CCCCC(=O)O,OC(=O)CCCCC(=O)O,1.0,0.0,Dyn,10.0,8.309999999999999,521.41,0.9145925457991156,0.0198989260897028
C6,CC(C)(C1=CC=C(C=C1)OCC2CO2)C3=CC=C(C=C3)OCC4CO4,OC(=O)CCCCC(=O)O,OC(=O)CCCCC(=O)O,1.0,0.0,Iso,180.0,28.359309999999965,453.17,0.9781507422580504,0.0021746400745843
C8,CC(C)(C1=CC=C(C=C1)OCC2CO2)C3=CC=C(C=C3)OCC4CO4,OC(=O)CCCCCCC(=O)O,OC(=O)CCCCCCC(=O)O,1.0,0.0,Dyn,5.0,15.2,511.3500000000012,0.9684645883943231,0.0176428933216204
C10,CC(C)(C1=CC=C(C=C1)OCC2CO2)C3=CC=C(C=C3)OCC4CO4,OC(=O)CCCCCCCCC(=O)O,OC(=O)CCCCCCCCC(=O)O,1.0,0.0,Iso,165.0,34.934999999999995,438.17,0.8254744984120945,0.0080656046909749
C12,CC(C)(C1=CC=C(C=C1)OCC2CO2)C3=CC=C(C=C3)OCC4CO4,OC(=O)CCCCCCCCCCC(=O)O,OC(=O)CCCCCCCCCCC(=O)O,1.0,0.0,Dyn,5.0,4.176761500358001,456.0355135483598,0.2023498536144112,0.0689511552569827
C6,CC(C)(C1=CC=C(C=C1)OCC2CO2)C3=CC=C(C=C3)OCC4CO4,OC(=O)CCCCC(=O)O,OC(=O)CCCCC(=O)O,1.0,0.0,Dyn,10.0,6.41,502.41,0.8643398610233732,0.03790271636134
C6,CC(C)(C1=CC=C(C=C1)OCC2CO2)C3=CC=C(C=C3)OCC4CO4,OC(=O)CCCCC(=O)O,OC(=O)CCCCC(=O)O,1.0,0.0,Dyn,2.5,33.1300000000006,517.2300000000006,0.8657180969319698,0.0086725851324539
C12,CC(C)(C1=CC=C(C=C1)OCC2CO2)C3=CC=C(C=C3)OCC4CO4,OC(=O)CCCCCCCCCCC(=O)O,OC(=O)CCCCCCCCCCC(=O)O,1.0,0.0,Dyn,10.0,3.984315747174794,476.3447741932001,0.3120302896270329,0.131216169503269
C6,CC(C)(C1=CC=C(C=C1)OCC2CO2)C3=CC=C(C=C3)OCC4CO4,OC(=O)CCCCC(=O)O,OC(=O)CCCCC(=O)O,1.0,0.0,Dyn,2.5,29.410000000000544,507.9300000000005,0.8338869562943021,0.0081219448065789
C12,CC(C)(C1=CC=C(C=C1)OCC2CO2)C3=CC=C(C=C3)OCC4CO4,OC(=O)CCCCCCCCCCC(=O)O,OC(=O)CCCCCCCCCCC(=O)O,1.0,0.0,Dyn,10.0,1.0961481693510948,447.3790129031301,0.0460255878085975,0.0558452615710979
C8,CC(C)(C1=CC=C(C=C1)OCC2CO2)C3=CC=C(C=C3)OCC4CO4,OC(=O)CCCCCCC(=O)O,OC(=O)CCCCCCC(=O)O,1.0,0.0,Dyn,2.5,7.170000000000001,452.15,0.325435627428858,0.0542183778362794
C12,CC(C)(C1=CC=C(C=C1)OCC2CO2)C3=CC=C(C=C3)OCC4CO4,OC(=O)CCCCCCCCCCC(=O)O,OC(=O)CCCCCCCCCCC(=O)O,1.0,0.0,Iso,180.0,17.285419999999995,453.1740928742514,0.7317555957658929,0.0121859318750513
C10,CC(C)(C1=CC=C(C=C1)OCC2CO2)C3=CC=C(C=C3)OCC4CO4,OC(=O)CCCCCCCCC(=O)O,OC(=O)CCCCCCCCC(=O)O,1.0,0.0,Dyn,5.0,17.79,524.5,0.9202578817965152,0.0236225650402644
C10,CC(C)(C1=CC=C(C=C1)OCC2CO2)C3=CC=C(C=C3)OCC4CO4,OC(=O)CCCCCCCCC(=O)O,OC(=O)CCCCCCCCC(=O)O,1.0,0.0,Dyn,2.5,32.81,517.13,0.977098969617602,0.0053289987166677
C6,CC(C)(C1=CC=C(C=C1)OCC2CO2)C3=CC=C(C=C3)OCC4CO4,OC(=O)CCCCC(=O)O,OC(=O)CCCCC(=O)O,1.0,0.0,Iso,165.0,29.05889100000003,438.17,0.9440354998694858,0.0049836239526757
C6,CC(C)(C1=CC=C(C=C1)OCC2CO2)C3=CC=C(C=C3)OCC4CO4,OC(=O)CCCCC(=O)O,OC(=O)CCCCC(=O)O,1.0,0.0,Iso,165.0,30.253092000000027,438.17,0.9498825371965544,0.0046053800094681
C8,CC(C)(C1=CC=C(C=C1)OCC2CO2)C3=CC=C(C=C3)OCC4CO4,OC(=O)CCCCCCC(=O)O,OC(=O)CCCCCCC(=O)O,1.0,0.0,Iso,180.0,33.79739999999999,453.17,0.9627326756210628,0.0037115748107679
C14,CC(C)(C1=CC=C(C=C1)OCC2CO2)C3=CC=C(C=C3)OCC4CO4,OC(=O)CCCCCCCCCCCCC(=O)O,OC(=O)CCCCCCCCCCCCC(=O)O,1.0,0.0,Iso,160.0,50.69272928983988,433.15,0.9709018251830154,0.0024635039881511
C12,CC(C)(C1=CC=C(C=C1)OCC2CO2)C3=CC=C(C=C3)OCC4CO4,OC(=O)CCCCCCCCCCC(=O)O,OC(=O)CCCCCCCCCCC(=O)O,1.0,0.0,Dyn,2.5,37.88861845153722,528.691677418899,0.9024610678531702,0.0071899672537363
C14,CC(C)(C1=CC=C(C=C1)OCC2CO2)C3=CC=C(C=C3)OCC4CO4,OC(=O)CCCCCCCCCCCCC(=O)O,OC(=O)CCCCCCCCCCCCC(=O)O,1.0,0.0,Iso,180.0,5.8826,453.2126688023952,0.506666048447692,0.0709626792952449
C12,CC(C)(C1=CC=C(C=C1)OCC2CO2)C3=CC=C(C=C3)OCC4CO4,OC(=O)CCCCCCCCCCC(=O)O,OC(=O)CCCCCCCCCCC(=O)O,1.0,0.0,Dyn,2.5,50.78622825796246,560.9373548380986,0.9736512791991102,0.0042270596746832
C6,CC(C)(C1=CC=C(C=C1)OCC2CO2)C3=CC=C(C=C3)OCC4CO4,OC(=O)CCCCC(=O)O,OC(=O)CCCCC(=O)O,1.0,0.0,Dyn,10.0,1.39,452.41,0.1232217308907137,0.1166456096020217
C6,CC(C)(C1=CC=C(C=C1)OCC2CO2)C3=CC=C(C=C3)OCC4CO4,OC(=O)CCCCC(=O)O,OC(=O)CCCCC(=O)O,1.0,0.0,Iso,180.0,22.282314999999976,453.17,0.9597374564997138,0.003914352134252
C10,CC(C)(C1=CC=C(C=C1)OCC2CO2)C3=CC=C(C=C3)OCC4CO4,OC(=O)CCCCCCCCC(=O)O,OC(=O)CCCCCCCCC(=O)O,1.0,0.0,Dyn,2.5,25.6,499.13,0.9115659495018616,0.0127975954171385
C6,CC(C)(C1=CC=C(C=C1)OCC2CO2)C3=CC=C(C=C3)OCC4CO4,OC(=O)CCCCC(=O)O,OC(=O)CCCCC(=O)O,1.0,0.0,Dyn,10.0,10.31,541.41,0.9501737207833229,0.016108654453568
C8,CC(C)(C1=CC=C(C=C1)OCC2CO2)C3=CC=C(C=C3)OCC4CO4,OC(=O)CCCCCCC(=O)O,OC(=O)CCCCCCC(=O)O,1.0,0.0,Dyn,5.0,0.7999999999999998,439.35000000000014,0.0384014207872412,0.0441551211572772
C12,CC(C)(C1=CC=C(C=C1)OCC2CO2)C3=CC=C(C=C3)OCC4CO4,OC(=O)CCCCCCCCCCC(=O)O,OC(=O)CCCCCCCCCCC(=O)O,1.0,0.0,Iso,170.0,79.11429999999997,443.1649894578313,0.986817108974728,0.0008993705462937
C10,CC(C)(C1=CC=C(C=C1)OCC2CO2)C3=CC=C(C=C3)OCC4CO4,OC(=O)CCCCCCCCC(=O)O,OC(=O)CCCCCCCCC(=O)O,1.0,0.0,Iso,170.0,17.382090000000012,443.19,0.6427326608300661,0.0197058248379511
C12,CC(C)(C1=CC=C(C=C1)OCC2CO2)C3=CC=C(C=C3)OCC4CO4,OC(=O)CCCCCCCCCCC(=O)O,OC(=O)CCCCCCCCCCC(=O)O,1.0,0.0,Dyn,2.5,49.98033399989957,558.9219999993986,0.9701404338153504,0.0043995377784279
C8,CC(C)(C1=CC=C(C=C1)OCC2CO2)C3=CC=C(C=C3)OCC4CO4,OC(=O)CCCCCCC(=O)O,OC(=O)CCCCCCC(=O)O,1.0,0.0,Dyn,2.5,21.21,487.15,0.9627052776733108,0.0123793406042372
C10,CC(C)(C1=CC=C(C=C1)OCC2CO2)C3=CC=C(C=C3)OCC4CO4,OC(=O)CCCCCCCCC(=O)O,OC(=O)CCCCCCCCC(=O)O,1.0,0.0,Dyn,5.0,12.19,496.5,0.7380449071345891,0.042775996153991
C12,CC(C)(C1=CC=C(C=C1)OCC2CO2)C3=CC=C(C=C3)OCC4CO4,OC(=O)CCCCCCCCCCC(=O)O,OC(=O)CCCCCCCCCCC(=O)O,1.0,0.0,Dyn,5.0,12.378277334271404,497.0068399999194,0.7740604696399722,0.0363115073220124
C6,CC(C)(C1=CC=C(C=C1)OCC2CO2)C3=CC=C(C=C3)OCC4CO4,OC(=O)CCCCC(=O)O,OC(=O)CCCCC(=O)O,1.0,0.0,Iso,165.0,21.89368500000001,438.17,0.8994518402505872,0.0073442879302588
C12,CC(C)(C1=CC=C(C=C1)OCC2CO2)C3=CC=C(C=C3)OCC4CO4,OC(=O)CCCCCCCCCCC(=O)O,OC(=O)CCCCCCCCCCC(=O)O,1.0,0.0,Iso,170.0,63.75229999999989,443.1670207784431,0.967301824880548,0.0017237935470627
C14,CC(C)(C1=CC=C(C=C1)OCC2CO2)C3=CC=C(C=C3)OCC4CO4,OC(=O)CCCCCCCCCCCCC(=O)O,OC(=O)CCCCCCCCCCCCC(=O)O,1.0,0.0,Iso,180.0,1.7647799999999996,453.2225482035928,0.1492592580082642,0.0926347549248739
C10,CC(C)(C1=CC=C(C=C1)OCC2CO2)C3=CC=C(C=C3)OCC4CO4,OC(=O)CCCCCCCCC(=O)O,OC(=O)CCCCCCCCC(=O)O,1.0,0.0,Iso,180.0,3.89864,453.22,0.2901498391767897,0.0600133824333149
C14,CC(C)(C1=CC=C(C=C1)OCC2CO2)C3=CC=C(C=C3)OCC4CO4,OC(=O)CCCCCCCCCCCCC(=O)O,OC(=O)CCCCCCCCCCCCC(=O)O,1.0,0.0,Dyn,10.0,5.069636198941049,487.4303677415895,0.5653781046996884,0.1689135901788788
C12,CC(C)(C1=CC=C(C=C1)OCC2CO2)C3=CC=C(C=C3)OCC4CO4,OC(=O)CCCCCCCCCCC(=O)O,OC(=O)CCCCCCCCCCC(=O)O,1.0,0.0,Dyn,5.0,13.37786553296369,502.0033432257194,0.8085357593340669,0.0324019104165167
C14,CC(C)(C1=CC=C(C=C1)OCC2CO2)C3=CC=C(C=C3)OCC4CO4,OC(=O)CCCCCCCCCCCCC(=O)O,OC(=O)CCCCCCCCCCCCC(=O)O,1.0,0.0,Dyn,5.0,5.391799666657116,462.49688387089947,0.3782655267872514,0.1021251249140373
C14,CC(C)(C1=CC=C(C=C1)OCC2CO2)C3=CC=C(C=C3)OCC4CO4,OC(=O)CCCCCCCCCCCCC(=O)O,OC(=O)CCCCCCCCCCCCC(=O)O,1.0,0.0,Dyn,5.0,4.87617819522384,459.9191806450995,0.3259719780608311,0.1006146739061492
C10,CC(C)(C1=CC=C(C=C1)OCC2CO2)C3=CC=C(C=C3)OCC4CO4,OC(=O)CCCCCCCCC(=O)O,OC(=O)CCCCCCCCC(=O)O,1.0,0.0,Iso,180.0,10.72126,453.19,0.590164188416556,0.0297778740357791
C8,CC(C)(C1=CC=C(C=C1)OCC2CO2)C3=CC=C(C=C3)OCC4CO4,OC(=O)CCCCCCC(=O)O,OC(=O)CCCCCCC(=O)O,1.0,0.0,Iso,180.0,17.331999999999976,453.19,0.8083866238757479,0.0201471120486943
C6,CC(C)(C1=CC=C(C=C1)OCC2CO2)C3=CC=C(C=C3)OCC4CO4,OC(=O)CCCCC(=O)O,OC(=O)CCCCC(=O)O,1.0,0.0,Iso,180.0,27.143910999999967,453.17,0.975287432271706,0.0023921040820431
C8,CC(C)(C1=CC=C(C=C1)OCC2CO2)C3=CC=C(C=C3)OCC4CO4,OC(=O)CCCCCCC(=O)O,OC(=O)CCCCCCC(=O)O,1.0,0.0,Iso,180.0,42.03010000000004,453.17,0.9844288600974684,0.0017373718010491
C12,CC(C)(C1=CC=C(C=C1)OCC2CO2)C3=CC=C(C=C3)OCC4CO4,OC(=O)CCCCCCCCCCC(=O)O,OC(=O)CCCCCCCCCCC(=O)O,1.0,0.0,Iso,180.0,59.37165999999991,453.1672258083832,0.9540209991923388,0.0020725874853684
C12,CC(C)(C1=CC=C(C=C1)OCC2CO2)C3=CC=C(C=C3)OCC4CO4,OC(=O)CCCCCCCCCCC(=O)O,OC(=O)CCCCCCCCCCC(=O)O,1.0,0.0,Dyn,5.0,16.177424481239743,515.9935522579592,0.8926224295102818,0.0250219855063171
C10,CC(C)(C1=CC=C(C=C1)OCC2CO2)C3=CC=C(C=C3)OCC4CO4,OC(=O)CCCCCCCCC(=O)O,OC(=O)CCCCCCCCC(=O)O,1.0,0.0,Iso,180.0,54.093630000000005,453.17,0.9866064788298234,0.0015191869807243
C6,CC(C)(C1=CC=C(C=C1)OCC2CO2)C3=CC=C(C=C3)OCC4CO4,OC(=O)CCCCC(=O)O,OC(=O)CCCCC(=O)O,1.0,0.0,Iso,165.0,1.9903350000000009,438.21,0.1804018350300182,0.0902481091086457
C12,CC(C)(C1=CC=C(C=C1)OCC2CO2)C3=CC=C(C=C3)OCC4CO4,OC(=O)CCCCCCCCCCC(=O)O,OC(=O)CCCCCCCCCCC(=O)O,1.0,0.0,Dyn,2.5,25.79522625801268,498.4613548383993,0.7867074527252502,0.0115126693862888
C10,CC(C)(C1=CC=C(C=C1)OCC2CO2)C3=CC=C(C=C3)OCC4CO4,OC(=O)CCCCCCCCC(=O)O,OC(=O)CCCCCCCCC(=O)O,1.0,0.0,Iso,165.0,80.83000000000014,438.16,0.9883902171523437,0.0010818247722602
C14,CC(C)(C1=CC=C(C=C1)OCC2CO2)C3=CC=C(C=C3)OCC4CO4,OC(=O)CCCCCCCCCCCCC(=O)O,OC(=O)CCCCCCCCCCCCC(=O)O,1.0,0.0,Dyn,5.0,7.970140175484895,475.3853999998992,0.6454585887522177,0.0987209309126978
C6,CC(C)(C1=CC=C(C=C1)OCC2CO2)C3=CC=C(C=C3)OCC4CO4,OC(=O)CCCCC(=O)O,OC(=O)CCCCC(=O)O,1.0,0.0,Dyn,10.0,1.4899999999999998,453.41,0.1348862918509158,0.1227732154137721
C14,CC(C)(C1=CC=C(C=C1)OCC2CO2)C3=CC=C(C=C3)OCC4CO4,OC(=O)CCCCCCCCCCCCC(=O)O,OC(=O)CCCCCCCCCCCCC(=O)O,1.0,0.0,Iso,170.0,37.77460000000003,443.1705950299401,0.980795039104077,0.0023803359560202
C6,CC(C)(C1=CC=C(C=C1)OCC2CO2)C3=CC=C(C=C3)OCC4CO4,OC(=O)CCCCC(=O)O,OC(=O)CCCCC(=O)O,1.0,0.0,Iso,165.0,36.622163999999984,438.17,0.9734273035760898,0.002757137492618
C8,CC(C)(C1=CC=C(C=C1)OCC2CO2)C3=CC=C(C=C3)OCC4CO4,OC(=O)CCCCCCC(=O)O,OC(=O)CCCCCCC(=O)O,1.0,0.0,Dyn,5.0,11.67,493.7500000000009,0.8302652845929868,0.0661356458222325
C6,CC(C)(C1=CC=C(C=C1)OCC2CO2)C3=CC=C(C=C3)OCC4CO4,OC(=O)CCCCC(=O)O,OC(=O)CCCCC(=O)O,1.0,0.0,Iso,180.0,4.861596000000002,453.28,0.570172186247302,0.0737058371719217
C6,CC(C)(C1=CC=C(C=C1)OCC2CO2)C3=CC=C(C=C3)OCC4CO4,OC(=O)CCCCC(=O)O,OC(=O)CCCCC(=O)O,1.0,0.0,Dyn,10.0,6.809999999999999,506.41,0.8783638660770687,0.0304801010739104
C8,CC(C)(C1=CC=C(C=C1)OCC2CO2)C3=CC=C(C=C3)OCC4CO4,OC(=O)CCCCCCC(=O)O,OC(=O)CCCCCCC(=O)O,1.0,0.0,Dyn,5.0,11.02,490.55000000000086,0.7873980946481851,0.0695634079533054
C8,CC(C)(C1=CC=C(C=C1)OCC2CO2)C3=CC=C(C=C3)OCC4CO4,OC(=O)CCCCCCC(=O)O,OC(=O)CCCCCCC(=O)O,1.0,0.0,Dyn,10.0,3.57,475.15,0.3121511706982165,0.1379639485705585
C12,CC(C)(C1=CC=C(C=C1)OCC2CO2)C3=CC=C(C=C3)OCC4CO4,OC(=O)CCCCCCCCCCC(=O)O,OC(=O)CCCCCCCCCCC(=O)O,1.0,0.0,Iso,170.0,65.2884999999999,443.16593982035926,0.9698923493178284,0.0016488460015383
C10,CC(C)(C1=CC=C(C=C1)OCC2CO2)C3=CC=C(C=C3)OCC4CO4,OC(=O)CCCCCCCCC(=O)O,OC(=O)CCCCCCCCC(=O)O,1.0,0.0,Dyn,5.0,15.590000000000002,513.5,0.8601161080994113,0.0300070420781735
C14,CC(C)(C1=CC=C(C=C1)OCC2CO2)C3=CC=C(C=C3)OCC4CO4,OC(=O)CCCCCCCCCCCCC(=O)O,OC(=O)CCCCCCCCCCCCC(=O)O,1.0,0.0,Dyn,2.5,11.199164250863737,462.1707419354504,0.6609930304466964,0.0684862854275972
C10,CC(C)(C1=CC=C(C=C1)OCC2CO2)C3=CC=C(C=C3)OCC4CO4,OC(=O)CCCCCCCCC(=O)O,OC(=O)CCCCCCCCC(=O)O,1.0,0.0,Iso,180.0,12.18325,453.19,0.6322633771999197,0.0264393501593115
C12,CC(C)(C1=CC=C(C=C1)OCC2CO2)C3=CC=C(C=C3)OCC4CO4,OC(=O)CCCCCCCCCCC(=O)O,OC(=O)CCCCCCCCCCC(=O)O,1.0,0.0,Iso,180.0,8.266940000000002,453.18450101796407,0.5590994197137052,0.0281453539342167
C6,CC(C)(C1=CC=C(C=C1)OCC2CO2)C3=CC=C(C=C3)OCC4CO4,OC(=O)CCCCC(=O)O,OC(=O)CCCCC(=O)O,1.0,0.0,Iso,180.0,25.92851199999997,453.17,0.9720717149024272,0.0027183000932307
C6,CC(C)(C1=CC=C(C=C1)OCC2CO2)C3=CC=C(C=C3)OCC4CO4,OC(=O)CCCCC(=O)O,OC(=O)CCCCC(=O)O,1.0,0.0,Dyn,2.5,4.45,445.62000000000006,0.2169905578950129,0.0529329057040719
C6,CC(C)(C1=CC=C(C=C1)OCC2CO2)C3=CC=C(C=C3)OCC4CO4,OC(=O)CCCCC(=O)O,OC(=O)CCCCC(=O)O,1.0,0.0,Iso,170.0,22.27000000000001,443.17,0.8816333954799691,0.0072201639740891
C6,CC(C)(C1=CC=C(C=C1)OCC2CO2)C3=CC=C(C=C3)OCC4CO4,OC(=O)CCCCC(=O)O,OC(=O)CCCCC(=O)O,1.0,0.0,Iso,165.0,1.1942010000000003,438.2,0.1057248916731923,0.0944029655783513
C14,CC(C)(C1=CC=C(C=C1)OCC2CO2)C3=CC=C(C=C3)OCC4CO4,OC(=O)CCCCCCCCCCCCC(=O)O,OC(=O)CCCCCCCCCCCCC(=O)O,1.0,0.0,Dyn,5.0,8.873807991469167,479.89638064504913,0.731047262482937,0.0888599827848275
C6,CC(C)(C1=CC=C(C=C1)OCC2CO2)C3=CC=C(C=C3)OCC4CO4,OC(=O)CCCCC(=O)O,OC(=O)CCCCC(=O)O,1.0,0.0,Iso,165.0,34.233762,438.17,0.9659618898459932,0.0033026869378376
C14,CC(C)(C1=CC=C(C=C1)OCC2CO2)C3=CC=C(C=C3)OCC4CO4,OC(=O)CCCCCCCCCCCCC(=O)O,OC(=O)CCCCCCCCCCCCC(=O)O,1.0,0.0,Dyn,10.0,3.27721718876686,469.4672967739697,0.2714221760529895,0.141978619518806
C10,CC(C)(C1=CC=C(C=C1)OCC2CO2)C3=CC=C(C=C3)OCC4CO4,OC(=O)CCCCCCCCC(=O)O,OC(=O)CCCCCCCCC(=O)O,1.0,0.0,Iso,165.0,65.76000000000009,438.16,0.9634415348626958,0.0022838522969972
C10,CC(C)(C1=CC=C(C=C1)OCC2CO2)C3=CC=C(C=C3)OCC4CO4,OC(=O)CCCCCCCCC(=O)O,OC(=O)CCCCCCCCC(=O)O,1.0,0.0,Iso,170.0,44.24532000000004,443.17,0.9383585484248372,0.0050705398984482
C12,CC(C)(C1=CC=C(C=C1)OCC2CO2)C3=CC=C(C=C3)OCC4CO4,OC(=O)CCCCCCCCCCC(=O)O,OC(=O)CCCCCCCCCCC(=O)O,1.0,0.0,Iso,160.0,4.621613032259999,433.15,0.1479742781233871,0.0311791175242916
C6,CC(C)(C1=CC=C(C=C1)OCC2CO2)C3=CC=C(C=C3)OCC4CO4,OC(=O)CCCCC(=O)O,OC(=O)CCCCC(=O)O,1.0,0.0,Iso,165.0,38.61249899999997,438.17,0.9786478726181154,0.0023606639775828
C8,CC(C)(C1=CC=C(C=C1)OCC2CO2)C3=CC=C(C=C3)OCC4CO4,OC(=O)CCCCCCC(=O)O,OC(=O)CCCCCCC(=O)O,1.0,0.0,Dyn,10.0,5.17,491.15,0.5488888364035878,0.1525014720769596
C14,CC(C)(C1=CC=C(C=C1)OCC2CO2)C3=CC=C(C=C3)OCC4CO4,OC(=O)CCCCCCCCCCCCC(=O)O,OC(=O)CCCCCCCCCCCCC(=O)O,1.0,0.0,Iso,160.0,35.13927825772997,433.15,0.8937916619180062,0.0084854026258535
C10,CC(C)(C1=CC=C(C=C1)OCC2CO2)C3=CC=C(C=C3)OCC4CO4,OC(=O)CCCCCCCCC(=O)O,OC(=O)CCCCCCCCC(=O)O,1.0,0.0,Dyn,2.5,1.99,440.13,0.0804990347680273,0.0399264980771879
C10,CC(C)(C1=CC=C(C=C1)OCC2CO2)C3=CC=C(C=C3)OCC4CO4,OC(=O)CCCCCCCCC(=O)O,OC(=O)CCCCCCCCC(=O)O,1.0,0.0,Dyn,10.0,0.6999999999999997,445.32,0.0343135322915288,0.0447050676065615
C8,CC(C)(C1=CC=C(C=C1)OCC2CO2)C3=CC=C(C=C3)OCC4CO4,OC(=O)CCCCCCC(=O)O,OC(=O)CCCCCCC(=O)O,1.0,0.0,Dyn,5.0,9.42,482.5500000000008,0.6647245369698352,0.0806532266130067
C10,CC(C)(C1=CC=C(C=C1)OCC2CO2)C3=CC=C(C=C3)OCC4CO4,OC(=O)CCCCCCCCC(=O)O,OC(=O)CCCCCCCCC(=O)O,1.0,0.0,Iso,165.0,63.02000000000008,438.16,0.9566074073708124,0.002644460554418
C8,CC(C)(C1=CC=C(C=C1)OCC2CO2)C3=CC=C(C=C3)OCC4CO4,OC(=O)CCCCCCC(=O)O,OC(=O)CCCCCCC(=O)O,1.0,0.0,Dyn,5.0,8.94,480.1500000000007,0.6254060889960052,0.0824175159451433
C8,CC(C)(C1=CC=C(C=C1)OCC2CO2)C3=CC=C(C=C3)OCC4CO4,OC(=O)CCCCCCC(=O)O,OC(=O)CCCCCCC(=O)O,1.0,0.0,Iso,160.0,47.0,433.18,0.8120371731064276,0.0067825357880982
C6,CC(C)(C1=CC=C(C=C1)OCC2CO2)C3=CC=C(C=C3)OCC4CO4,OC(=O)CCCCC(=O)O,OC(=O)CCCCC(=O)O,1.0,0.0,Dyn,2.5,13.030000000000229,467.0100000000002,0.6454371877697289,0.0250541348270523
C12,CC(C)(C1=CC=C(C=C1)OCC2CO2)C3=CC=C(C=C3)OCC4CO4,OC(=O)CCCCCCCCCCC(=O)O,OC(=O)CCCCCCCCCCC(=O)O,1.0,0.0,Iso,180.0,73.65092000000001,453.1665225149701,0.9776162455290182,0.0013049624907874
C10,CC(C)(C1=CC=C(C=C1)OCC2CO2)C3=CC=C(C=C3)OCC4CO4,OC(=O)CCCCCCCCC(=O)O,OC(=O)CCCCCCCCC(=O)O,1.0,0.0,Iso,170.0,55.833380000000055,443.17,0.981786279818485,0.0025841848772577
C6,CC(C)(C1=CC=C(C=C1)OCC2CO2)C3=CC=C(C=C3)OCC4CO4,OC(=O)CCCCC(=O)O,OC(=O)CCCCC(=O)O,1.0,0.0,Dyn,2.5,46.53,550.7100000000008,0.9752308215416002,0.0056552249683841
C14,CC(C)(C1=CC=C(C=C1)OCC2CO2)C3=CC=C(C=C3)OCC4CO4,OC(=O)CCCCCCCCCCCCC(=O)O,OC(=O)CCCCCCCCCCCCC(=O)O,1.0,0.0,Iso,160.0,15.55345103211,433.15,0.554538120167841,0.0285313412845181
C8,CC(C)(C1=CC=C(C=C1)OCC2CO2)C3=CC=C(C=C3)OCC4CO4,OC(=O)CCCCCCC(=O)O,OC(=O)CCCCCCC(=O)O,1.0,0.0,Dyn,5.0,12.31,496.95000000000095,0.8681723011010896,0.0544409279637412
C6,CC(C)(C1=CC=C(C=C1)OCC2CO2)C3=CC=C(C=C3)OCC4CO4,OC(=O)CCCCC(=O)O,OC(=O)CCCCC(=O)O,1.0,0.0,Dyn,2.5,11.91,464.2200000000002,0.6118797897104613,0.0317994788189301
C10,CC(C)(C1=CC=C(C=C1)OCC2CO2)C3=CC=C(C=C3)OCC4CO4,OC(=O)CCCCCCCCC(=O)O,OC(=O)CCCCCCCCC(=O)O,1.0,0.0,Iso,180.0,3.4113100000000003,453.22,0.2600523491495787,0.0617599778942626
C10,CC(C)(C1=CC=C(C=C1)OCC2CO2)C3=CC=C(C=C3)OCC4CO4,OC(=O)CCCCCCCCC(=O)O,OC(=O)CCCCCCCCC(=O)O,1.0,0.0,Iso,165.0,15.755000000000004,438.17,0.5797917320231569,0.0192564809462621
C10,CC(C)(C1=CC=C(C=C1)OCC2CO2)C3=CC=C(C=C3)OCC4CO4,OC(=O)CCCCCCCCC(=O)O,OC(=O)CCCCCCCCC(=O)O,1.0,0.0,Dyn,10.0,9.19,530.3199999999999,0.8703257445448838,0.0584149970299854
C6,CC(C)(C1=CC=C(C=C1)OCC2CO2)C3=CC=C(C=C3)OCC4CO4,OC(=O)CCCCC(=O)O,OC(=O)CCCCC(=O)O,1.0,0.0,Dyn,5.0,15.61,513.67,0.8841093264399198,0.0110372070057213
C8,CC(C)(C1=CC=C(C=C1)OCC2CO2)C3=CC=C(C=C3)OCC4CO4,OC(=O)CCCCCCC(=O)O,OC(=O)CCCCCCC(=O)O,1.0,0.0,Dyn,10.0,8.29,522.15,0.9381442627276628,0.0557882554727464
C12,CC(C)(C1=CC=C(C=C1)OCC2CO2)C3=CC=C(C=C3)OCC4CO4,OC(=O)CCCCCCCCCCC(=O)O,OC(=O)CCCCCCCCCCC(=O)O,1.0,0.0,Iso,170.0,6.144800000000002,443.2163522289157,0.3268390469366963,0.0500184565424673
C6,CC(C)(C1=CC=C(C=C1)OCC2CO2)C3=CC=C(C=C3)OCC4CO4,OC(=O)CCCCC(=O)O,OC(=O)CCCCC(=O)O,1.0,0.0,Dyn,10.0,13.01,568.41,0.9885818066961464,0.0102653190145295
C12,CC(C)(C1=CC=C(C=C1)OCC2CO2)C3=CC=C(C=C3)OCC4CO4,OC(=O)CCCCCCCCCCC(=O)O,OC(=O)CCCCCCCCCCC(=O)O,1.0,0.0,Iso,180.0,11.273100000000005,453.1791062275449,0.6336019549685676,0.0204132093032632
C6,CC(C)(C1=CC=C(C=C1)OCC2CO2)C3=CC=C(C=C3)OCC4CO4,OC(=O)CCCCC(=O)O,OC(=O)CCCCC(=O)O,1.0,0.0,Dyn,2.5,7.42,453.0600000000001,0.3871786153323057,0.0616419521553603
C14,CC(C)(C1=CC=C(C=C1)OCC2CO2)C3=CC=C(C=C3)OCC4CO4,OC(=O)CCCCCCCCCCCCC(=O)O,OC(=O)CCCCCCCCCCCCC(=O)O,1.0,0.0,Iso,160.0,2.30421496772,433.15,0.0883664408471432,0.0372772261981973
C8,CC(C)(C1=CC=C(C=C1)OCC2CO2)C3=CC=C(C=C3)OCC4CO4,OC(=O)CCCCCCC(=O)O,OC(=O)CCCCCCC(=O)O,1.0,0.0,Iso,160.0,104.0,433.17,0.9841259800704084,0.0008297783145013
C14,CC(C)(C1=CC=C(C=C1)OCC2CO2)C3=CC=C(C=C3)OCC4CO4,OC(=O)CCCCCCCCCCCCC(=O)O,OC(=O)CCCCCCCCCCCCC(=O)O,1.0,0.0,Dyn,2.5,25.36250737823337,497.49110322573074,0.9819232122627312,0.0010957211610912
C14,CC(C)(C1=CC=C(C=C1)OCC2CO2)C3=CC=C(C=C3)OCC4CO4,OC(=O)CCCCCCCCCCCCC(=O)O,OC(=O)CCCCCCCCCCCCC(=O)O,1.0,0.0,Iso,160.0,9.21685987088,433.15,0.3485928583272574,0.0361457330535449
C12,CC(C)(C1=CC=C(C=C1)OCC2CO2)C3=CC=C(C=C3)OCC4CO4,OC(=O)CCCCCCCCCCC(=O)O,OC(=O)CCCCCCCCCCC(=O)O,1.0,0.0,Dyn,10.0,2.1913661947439613,458.36602580626,0.1204965534834164,0.0834429230094007
C8,CC(C)(C1=CC=C(C=C1)OCC2CO2)C3=CC=C(C=C3)OCC4CO4,OC(=O)CCCCCCC(=O)O,OC(=O)CCCCCCC(=O)O,1.0,0.0,Dyn,10.0,5.369999999999999,493.15,0.5797149016538572,0.1533158991641531
C10,CC(C)(C1=CC=C(C=C1)OCC2CO2)C3=CC=C(C=C3)OCC4CO4,OC(=O)CCCCCCCCC(=O)O,OC(=O)CCCCCCCCC(=O)O,1.0,0.0,Iso,165.0,13.015000000000008,438.18,0.5216810636207867,0.0228685736580919
C14,CC(C)(C1=CC=C(C=C1)OCC2CO2)C3=CC=C(C=C3)OCC4CO4,OC(=O)CCCCCCCCCCCCC(=O)O,OC(=O)CCCCCCCCCCCCC(=O)O,1.0,0.0,Iso,170.0,3.946599999999998,443.2440053012048,0.2112884134065066,0.0546615918568639
C6,CC(C)(C1=CC=C(C=C1)OCC2CO2)C3=CC=C(C=C3)OCC4CO4,OC(=O)CCCCC(=O)O,OC(=O)CCCCC(=O)O,1.0,0.0,Iso,170.0,45.19500000000005,443.17,0.9668955481788004,0.0017356163399253
C6,CC(C)(C1=CC=C(C=C1)OCC2CO2)C3=CC=C(C=C3)OCC4CO4,OC(=O)CCCCC(=O)O,OC(=O)CCCCC(=O)O,1.0,0.0,Iso,180.0,24.71311299999997,453.17,0.9684595392273468,0.0030444961044183
C6,CC(C)(C1=CC=C(C=C1)OCC2CO2)C3=CC=C(C=C3)OCC4CO4,OC(=O)CCCCC(=O)O,OC(=O)CCCCC(=O)O,1.0,0.0,Dyn,5.0,25.41,562.67,0.9806848877399864,0.007551773214442
C12,CC(C)(C1=CC=C(C=C1)OCC2CO2)C3=CC=C(C=C3)OCC4CO4,OC(=O)CCCCCCCCCCC(=O)O,OC(=O)CCCCCCCCCCC(=O)O,1.0,0.0,Iso,160.0,68.55392664519005,433.15,0.9646615437325632,0.0020333775566163
C6,CC(C)(C1=CC=C(C=C1)OCC2CO2)C3=CC=C(C=C3)OCC4CO4,OC(=O)CCCCC(=O)O,OC(=O)CCCCC(=O)O,1.0,0.0,Dyn,2.5,47.65,553.5000000000009,0.9812465671017184,0.0049483218473356
C6,CC(C)(C1=CC=C(C=C1)OCC2CO2)C3=CC=C(C=C3)OCC4CO4,OC(=O)CCCCC(=O)O,OC(=O)CCCCC(=O)O,1.0,0.0,Dyn,10.0,2.3800000000000003,462.41,0.2658275426405557,0.1767845862286821
C8,CC(C)(C1=CC=C(C=C1)OCC2CO2)C3=CC=C(C=C3)OCC4CO4,OC(=O)CCCCCCC(=O)O,OC(=O)CCCCCCC(=O)O,1.0,0.0,Iso,170.0,20.3,443.19,0.6907015590200445,0.0239193673014864
C8,CC(C)(C1=CC=C(C=C1)OCC2CO2)C3=CC=C(C=C3)OCC4CO4,OC(=O)CCCCCCC(=O)O,OC(=O)CCCCCCC(=O)O,1.0,0.0,Iso,170.0,9.1,443.2,0.3910634743875278,0.0316519703649835
C14,CC(C)(C1=CC=C(C=C1)OCC2CO2)C3=CC=C(C=C3)OCC4CO4,OC(=O)CCCCCCCCCCCCC(=O)O,OC(=O)CCCCCCCCCCCCC(=O)O,1.0,0.0,Dyn,5.0,12.362058264155896,497.2958774191988,0.9472809016083772,0.0336880987510299
C12,CC(C)(C1=CC=C(C=C1)OCC2CO2)C3=CC=C(C=C3)OCC4CO4,OC(=O)CCCCCCCCCCC(=O)O,OC(=O)CCCCCCCCCCC(=O)O,1.0,0.0,Iso,180.0,51.85625999999993,453.16733,0.9355601707626628,0.0027634499804916
C8,CC(C)(C1=CC=C(C=C1)OCC2CO2)C3=CC=C(C=C3)OCC4CO4,OC(=O)CCCCCCC(=O)O,OC(=O)CCCCCCC(=O)O,1.0,0.0,Dyn,10.0,3.67,476.15,0.3259475655552723,0.1389819824295494
C10,CC(C)(C1=CC=C(C=C1)OCC2CO2)C3=CC=C(C=C3)OCC4CO4,OC(=O)CCCCCCCCC(=O)O,OC(=O)CCCCCCCCC(=O)O,1.0,0.0,Iso,170.0,1.58019,443.23,0.0909555980614379,0.0519387935094648
C12,CC(C)(C1=CC=C(C=C1)OCC2CO2)C3=CC=C(C=C3)OCC4CO4,OC(=O)CCCCCCCCCCC(=O)O,OC(=O)CCCCCCCCCCC(=O)O,1.0,0.0,Dyn,2.5,49.17277974183667,556.9066451606986,0.9664557842046716,0.0045533108702142
C6,CC(C)(C1=CC=C(C=C1)OCC2CO2)C3=CC=C(C=C3)OCC4CO4,OC(=O)CCCCC(=O)O,OC(=O)CCCCC(=O)O,1.0,0.0,Dyn,2.5,36.11,524.6700000000006,0.8926581748751096,0.0092604308857241
C12,CC(C)(C1=CC=C(C=C1)OCC2CO2)C3=CC=C(C=C3)OCC4CO4,OC(=O)CCCCCCCCCCC(=O)O,OC(=O)CCCCCCCCCCC(=O)O,1.0,0.0,Iso,170.0,28.419700000000013,443.1730128915663,0.8149214207587357,0.0090686530084609
C12,CC(C)(C1=CC=C(C=C1)OCC2CO2)C3=CC=C(C=C3)OCC4CO4,OC(=O)CCCCCCCCCCC(=O)O,OC(=O)CCCCCCCCCCC(=O)O,1.0,0.0,Iso,180.0,3.0061600000000004,453.2233516167664,0.2595209719018178,0.0844037236406787
C8,CC(C)(C1=CC=C(C=C1)OCC2CO2)C3=CC=C(C=C3)OCC4CO4,OC(=O)CCCCCCC(=O)O,OC(=O)CCCCCCC(=O)O,1.0,0.0,Dyn,10.0,2.98,469.15,0.2354504636940621,0.1206370122905191
C10,CC(C)(C1=CC=C(C=C1)OCC2CO2)C3=CC=C(C=C3)OCC4CO4,OC(=O)CCCCCCCCC(=O)O,OC(=O)CCCCCCCCC(=O)O,1.0,0.0,Dyn,10.0,3.79,476.32,0.3056145961482699,0.1283018549224833
C12,CC(C)(C1=CC=C(C=C1)OCC2CO2)C3=CC=C(C=C3)OCC4CO4,OC(=O)CCCCCCCCCCC(=O)O,OC(=O)CCCCCCCCCCC(=O)O,1.0,0.0,Dyn,5.0,9.57202403777571,483.0166309676796,0.6254740793113702,0.0704843335117919
C8,CC(C)(C1=CC=C(C=C1)OCC2CO2)C3=CC=C(C=C3)OCC4CO4,OC(=O)CCCCCCC(=O)O,OC(=O)CCCCCCC(=O)O,1.0,0.0,Iso,160.0,72.0,433.17,0.928278291772664,0.0029222627597654
C12,CC(C)(C1=CC=C(C=C1)OCC2CO2)C3=CC=C(C=C3)OCC4CO4,OC(=O)CCCCCCCCCCC(=O)O,OC(=O)CCCCCCCCCCC(=O)O,1.0,0.0,Dyn,5.0,11.37663828168648,492.0103367741195,0.7332516123162555,0.0444816188879987
C12,CC(C)(C1=CC=C(C=C1)OCC2CO2)C3=CC=C(C=C3)OCC4CO4,OC(=O)CCCCCCCCCCC(=O)O,OC(=O)CCCCCCCCCCC(=O)O,1.0,0.0,Iso,170.0,66.82469999999991,443.1659169879519,0.9723677393356744,0.0014989509104895
C8,CC(C)(C1=CC=C(C=C1)OCC2CO2)C3=CC=C(C=C3)OCC4CO4,OC(=O)CCCCCCC(=O)O,OC(=O)CCCCCCC(=O)O,1.0,0.0,Iso,180.0,42.46340000000004,453.17,0.9851816632988628,0.0016459311799416
C14,CC(C)(C1=CC=C(C=C1)OCC2CO2)C3=CC=C(C=C3)OCC4CO4,OC(=O)CCCCCCCCCCCCC(=O)O,OC(=O)CCCCCCCCCCCCC(=O)O,1.0,0.0,Dyn,10.0,3.3764516422900632,470.46524516105967,0.285511346772917,0.1454531119600307
C12,CC(C)(C1=CC=C(C=C1)OCC2CO2)C3=CC=C(C=C3)OCC4CO4,OC(=O)CCCCCCCCCCC(=O)O,OC(=O)CCCCCCCCCCC(=O)O,1.0,0.0,Iso,180.0,10.521560000000004,453.1807058083832,0.6171685704395985,0.0218662806091081
C6,CC(C)(C1=CC=C(C=C1)OCC2CO2)C3=CC=C(C=C3)OCC4CO4,OC(=O)CCCCC(=O)O,OC(=O)CCCCC(=O)O,1.0,0.0,Iso,165.0,37.41829799999998,438.17,0.9756199425737404,0.0026229599750929
C10,CC(C)(C1=CC=C(C=C1)OCC2CO2)C3=CC=C(C=C3)OCC4CO4,OC(=O)CCCCCCCCC(=O)O,OC(=O)CCCCCCCCC(=O)O,1.0,0.0,Dyn,10.0,3.99,478.32,0.331422764113204,0.1306947584152777
C14,CC(C)(C1=CC=C(C=C1)OCC2CO2)C3=CC=C(C=C3)OCC4CO4,OC(=O)CCCCCCCCCCCCC(=O)O,OC(=O)CCCCCCCCCCCCC(=O)O,1.0,0.0,Dyn,10.0,10.172954311749688,538.3257354831791,0.9720141355725362,0.00668866206616
C6,CC(C)(C1=CC=C(C=C1)OCC2CO2)C3=CC=C(C=C3)OCC4CO4,OC(=O)CCCCC(=O)O,OC(=O)CCCCC(=O)O,1.0,0.0,Dyn,10.0,12.01,558.41,0.9763423878711308,0.0138976626658249
C10,CC(C)(C1=CC=C(C=C1)OCC2CO2)C3=CC=C(C=C3)OCC4CO4,OC(=O)CCCCCCCCC(=O)O,OC(=O)CCCCCCCCC(=O)O,1.0,0.0,Dyn,2.5,16.8,477.13,0.7189021497454104,0.0315640693218017
C12,CC(C)(C1=CC=C(C=C1)OCC2CO2)C3=CC=C(C=C3)OCC4CO4,OC(=O)CCCCCCCCCCC(=O)O,OC(=O)CCCCCCCCCCC(=O)O,1.0,0.0,Iso,180.0,63.88089999999993,453.1670824550898,0.9627898926964348,0.0017655374875362
C12,CC(C)(C1=CC=C(C=C1)OCC2CO2)C3=CC=C(C=C3)OCC4CO4,OC(=O)CCCCCCCCCCC(=O)O,OC(=O)CCCCCCCCCCC(=O)O,1.0,0.0,Dyn,10.0,6.177337274014288,498.3187999994602,0.6458778042841522,0.1788948920574425
C14,CC(C)(C1=CC=C(C=C1)OCC2CO2)C3=CC=C(C=C3)OCC4CO4,OC(=O)CCCCCCCCCCCCC(=O)O,OC(=O)CCCCCCCCCCCCC(=O)O,1.0,0.0,Iso,160.0,59.90958916071982,433.15,0.9870097433852748,0.0011861315498505
C8,CC(C)(C1=CC=C(C=C1)OCC2CO2)C3=CC=C(C=C3)OCC4CO4,OC(=O)CCCCCCC(=O)O,OC(=O)CCCCCCC(=O)O,1.0,0.0,Dyn,5.0,15.84,514.5500000000012,0.9786672215608656,0.013358190657775
C14,CC(C)(C1=CC=C(C=C1)OCC2CO2)C3=CC=C(C=C3)OCC4CO4,OC(=O)CCCCCCCCCCCCC(=O)O,OC(=O)CCCCCCCCCCCCC(=O)O,1.0,0.0,Dyn,5.0,7.324800461085646,472.1632709676493,0.5798212752749042,0.1034437650324384
C14,CC(C)(C1=CC=C(C=C1)OCC2CO2)C3=CC=C(C=C3)OCC4CO4,OC(=O)CCCCCCCCCCCCC(=O)O,OC(=O)CCCCCCCCCCCCC(=O)O,1.0,0.0,Dyn,2.5,16.680849429698732,475.81724516124046,0.9196415952103972,0.0249637770059156
C6,CC(C)(C1=CC=C(C=C1)OCC2CO2)C3=CC=C(C=C3)OCC4CO4,OC(=O)CCCCC(=O)O,OC(=O)CCCCC(=O)O,1.0,0.0,Dyn,2.5,19.0,481.8900000000003,0.7443308136949764,0.0106742371278245
C10,CC(C)(C1=CC=C(C=C1)OCC2CO2)C3=CC=C(C=C3)OCC4CO4,OC(=O)CCCCCCCCC(=O)O,OC(=O)CCCCCCCCC(=O)O,1.0,0.0,Iso,180.0,34.60043,453.17043,0.9227377568746118,0.0055183776535263
C8,CC(C)(C1=CC=C(C=C1)OCC2CO2)C3=CC=C(C=C3)OCC4CO4,OC(=O)CCCCCCC(=O)O,OC(=O)CCCCCCC(=O)O,1.0,0.0,Iso,160.0,2.0,433.23,0.0767958627493754,0.0309615543263077
C8,CC(C)(C1=CC=C(C=C1)OCC2CO2)C3=CC=C(C=C3)OCC4CO4,OC(=O)CCCCCCC(=O)O,OC(=O)CCCCCCC(=O)O,1.0,0.0,Iso,180.0,18.631899999999973,453.19,0.8329117635405523,0.0171295715521351
C14,CC(C)(C1=CC=C(C=C1)OCC2CO2)C3=CC=C(C=C3)OCC4CO4,OC(=O)CCCCCCCCCCCCC(=O)O,OC(=O)CCCCCCCCCCCCC(=O)O,1.0,0.0,Dyn,5.0,3.205158873562309,451.5416451612497,0.1790439976413078,0.0767427739975045
C12,CC(C)(C1=CC=C(C=C1)OCC2CO2)C3=CC=C(C=C3)OCC4CO4,OC(=O)CCCCCCCCCCC(=O)O,OC(=O)CCCCCCCCCCC(=O)O,1.0,0.0,Iso,180.0,15.0308,453.1755402994012,0.70084683523227,0.0145788993731281
C6,CC(C)(C1=CC=C(C=C1)OCC2CO2)C3=CC=C(C=C3)OCC4CO4,OC(=O)CCCCC(=O)O,OC(=O)CCCCC(=O)O,1.0,0.0,Iso,170.0,39.30000000000004,443.17,0.9544813787458506,0.0023604382222985
C12,CC(C)(C1=CC=C(C=C1)OCC2CO2)C3=CC=C(C=C3)OCC4CO4,OC(=O)CCCCCCCCCCC(=O)O,OC(=O)CCCCCCCCCCC(=O)O,1.0,0.0,Iso,180.0,82.66940000000008,453.1655261445783,0.9873081804545978,0.0009211499934971
C10,CC(C)(C1=CC=C(C=C1)OCC2CO2)C3=CC=C(C=C3)OCC4CO4,OC(=O)CCCCCCCCC(=O)O,OC(=O)CCCCCCCCC(=O)O,1.0,0.0,Iso,180.0,7.797280000000001,453.2,0.486442647125138,0.0401148503871384
C10,CC(C)(C1=CC=C(C=C1)OCC2CO2)C3=CC=C(C=C3)OCC4CO4,OC(=O)CCCCCCCCC(=O)O,OC(=O)CCCCCCCCC(=O)O,1.0,0.0,Dyn,5.0,22.39,547.5,0.989593302428208,0.0070229247417003
C14,CC(C)(C1=CC=C(C=C1)OCC2CO2)C3=CC=C(C=C3)OCC4CO4,OC(=O)CCCCCCCCCCCCC(=O)O,OC(=O)CCCCCCCCCCCCC(=O)O,1.0,0.0,Iso,180.0,12.941719999999998,453.1851761077844,0.8681111701012107,0.0291110568532908
C12,CC(C)(C1=CC=C(C=C1)OCC2CO2)C3=CC=C(C=C3)OCC4CO4,OC(=O)CCCCCCCCCCC(=O)O,OC(=O)CCCCCCCCCCC(=O)O,1.0,0.0,Dyn,2.5,40.70923961282191,535.7454193543488,0.921440489432703,0.0061249163374584
C12,CC(C)(C1=CC=C(C=C1)OCC2CO2)C3=CC=C(C=C3)OCC4CO4,OC(=O)CCCCCCCCCCC(=O)O,OC(=O)CCCCCCCCCCC(=O)O,1.0,0.0,Iso,160.0,73.17553967745002,433.15,0.9730801233419804,0.0016521192647507
C12,CC(C)(C1=CC=C(C=C1)OCC2CO2)C3=CC=C(C=C3)OCC4CO4,OC(=O)CCCCCCCCCCC(=O)O,OC(=O)CCCCCCCCCCC(=O)O,1.0,0.0,Dyn,10.0,10.48236943572296,541.2680322571505,0.9806451612903224,0.0104059229903716
C10,CC(C)(C1=CC=C(C=C1)OCC2CO2)C3=CC=C(C=C3)OCC4CO4,OC(=O)CCCCCCCCC(=O)O,OC(=O)CCCCCCCCC(=O)O,1.0,0.0,Dyn,2.5,12.79,467.13,0.5688156833252077,0.0420854257624021
C14,CC(C)(C1=CC=C(C=C1)OCC2CO2)C3=CC=C(C=C3)OCC4CO4,OC(=O)CCCCCCCCCCCCC(=O)O,OC(=O)CCCCCCCCCCCCC(=O)O,1.0,0.0,Iso,160.0,56.45326670913984,433.15,0.982229328951056,0.0014598542152005
C6,CC(C)(C1=CC=C(C=C1)OCC2CO2)C3=CC=C(C=C3)OCC4CO4,OC(=O)CCCCC(=O)O,OC(=O)CCCCC(=O)O,1.0,0.0,Iso,170.0,59.60500000000008,443.17,0.9859033240871266,0.0009025204967611
C6,CC(C)(C1=CC=C(C=C1)OCC2CO2)C3=CC=C(C=C3)OCC4CO4,OC(=O)CCCCC(=O)O,OC(=O)CCCCC(=O)O,1.0,0.0,Iso,170.0,30.785000000000025,443.17,0.9279705334000272,0.0038877806014327
C10,CC(C)(C1=CC=C(C=C1)OCC2CO2)C3=CC=C(C=C3)OCC4CO4,OC(=O)CCCCCCCCC(=O)O,OC(=O)CCCCCCCCC(=O)O,1.0,0.0,Dyn,10.0,6.19,500.32,0.6157630406202406,0.1135221568787529
C12,CC(C)(C1=CC=C(C=C1)OCC2CO2)C3=CC=C(C=C3)OCC4CO4,OC(=O)CCCCCCCCCCC(=O)O,OC(=O)CCCCCCCCCCC(=O)O,1.0,0.0,Dyn,2.5,23.37588348382399,492.4152903222993,0.7579254727474972,0.0122497836419218
C6,CC(C)(C1=CC=C(C=C1)OCC2CO2)C3=CC=C(C=C3)OCC4CO4,OC(=O)CCCCC(=O)O,OC(=O)CCCCC(=O)O,1.0,0.0,Dyn,5.0,17.21,521.67,0.9012460425803828,0.0104563013738412
C8,CC(C)(C1=CC=C(C=C1)OCC2CO2)C3=CC=C(C=C3)OCC4CO4,OC(=O)CCCCCCC(=O)O,OC(=O)CCCCCCC(=O)O,1.0,0.0,Iso,170.0,62.3,443.17,0.9830178173719376,0.001079496386528
C8,CC(C)(C1=CC=C(C=C1)OCC2CO2)C3=CC=C(C=C3)OCC4CO4,OC(=O)CCCCCCC(=O)O,OC(=O)CCCCCCC(=O)O,1.0,0.0,Dyn,5.0,7.02,470.5500000000006,0.4634947365704409,0.0846858879436202
C14,CC(C)(C1=CC=C(C=C1)OCC2CO2)C3=CC=C(C=C3)OCC4CO4,OC(=O)CCCCCCCCCCCCC(=O)O,OC(=O)CCCCCCCCCCCCC(=O)O,1.0,0.0,Dyn,2.5,26.967163525072426,501.5047806450808,0.983546613103214,0.0009559427925548
C12,CC(C)(C1=CC=C(C=C1)OCC2CO2)C3=CC=C(C=C3)OCC4CO4,OC(=O)CCCCCCCCCCC(=O)O,OC(=O)CCCCCCCCCCC(=O)O,1.0,0.0,Dyn,5.0,23.37556936976481,551.9683754837196,0.98563705745177,0.0047767296642581
C8,CC(C)(C1=CC=C(C=C1)OCC2CO2)C3=CC=C(C=C3)OCC4CO4,OC(=O)CCCCCCC(=O)O,OC(=O)CCCCCCC(=O)O,1.0,0.0,Dyn,10.0,4.27,482.15,0.412335882761592,0.1495898952402441
C14,CC(C)(C1=CC=C(C=C1)OCC2CO2)C3=CC=C(C=C3)OCC4CO4,OC(=O)CCCCCCCCCCCCC(=O)O,OC(=O)CCCCCCCCCCCCC(=O)O,1.0,0.0,Dyn,2.5,10.234097343642825,459.7625354838403,0.5925658250926972,0.0713853721251913
C6,CC(C)(C1=CC=C(C=C1)OCC2CO2)C3=CC=C(C=C3)OCC4CO4,OC(=O)CCCCC(=O)O,OC(=O)CCCCC(=O)O,1.0,0.0,Dyn,2.5,26.44,500.49000000000046,0.8097716632228704,0.0080586955799467
C14,CC(C)(C1=CC=C(C=C1)OCC2CO2)C3=CC=C(C=C3)OCC4CO4,OC(=O)CCCCCCCCCCCCC(=O)O,OC(=O)CCCCCCCCCCCCC(=O)O,1.0,0.0,Iso,170.0,39.46600000000003,443.1695562650602,0.9844509232264332,0.0018057721045671
C12,CC(C)(C1=CC=C(C=C1)OCC2CO2)C3=CC=C(C=C3)OCC4CO4,OC(=O)CCCCCCCCCCC(=O)O,OC(=O)CCCCCCCCCCC(=O)O,1.0,0.0,Iso,160.0,16.94591445162,433.15,0.4722129755310191,0.0217643003239741
C10,CC(C)(C1=CC=C(C=C1)OCC2CO2)C3=CC=C(C=C3)OCC4CO4,OC(=O)CCCCCCCCC(=O)O,OC(=O)CCCCCCCCC(=O)O,1.0,0.0,Dyn,10.0,5.389999999999999,492.32,0.518343716657705,0.1256274333717126
C6,CC(C)(C1=CC=C(C=C1)OCC2CO2)C3=CC=C(C=C3)OCC4CO4,OC(=O)CCCCC(=O)O,OC(=O)CCCCC(=O)O,1.0,0.0,Iso,180.0,29.574708999999963,453.17,0.9807056957843266,0.0018484440633972
C10,CC(C)(C1=CC=C(C=C1)OCC2CO2)C3=CC=C(C=C3)OCC4CO4,OC(=O)CCCCCCCCC(=O)O,OC(=O)CCCCCCCCC(=O)O,1.0,0.0,Dyn,5.0,8.39,477.5,0.5229071843881659,0.0678989132981641
C10,CC(C)(C1=CC=C(C=C1)OCC2CO2)C3=CC=C(C=C3)OCC4CO4,OC(=O)CCCCCCCCC(=O)O,OC(=O)CCCCCCCCC(=O)O,1.0,0.0,Iso,170.0,28.970150000000025,443.18,0.8177979806753078,0.0110366844414994
C12,CC(C)(C1=CC=C(C=C1)OCC2CO2)C3=CC=C(C=C3)OCC4CO4,OC(=O)CCCCCCCCCCC(=O)O,OC(=O)CCCCCCCCCCC(=O)O,1.0,0.0,Dyn,10.0,7.681091355103769,513.3010903219104,0.8793037379934266,0.0895965980847797
C6,CC(C)(C1=CC=C(C=C1)OCC2CO2)C3=CC=C(C=C3)OCC4CO4,OC(=O)CCCCC(=O)O,OC(=O)CCCCC(=O)O,1.0,0.0,Dyn,2.5,37.23,527.4600000000007,0.9028849423273106,0.0091897405736188
C10,CC(C)(C1=CC=C(C=C1)OCC2CO2)C3=CC=C(C=C3)OCC4CO4,OC(=O)CCCCCCCCC(=O)O,OC(=O)CCCCCCCCC(=O)O,1.0,0.0,Dyn,5.0,0.2000000000000001,436.5,0.0163334076060828,0.0356413430641275
C12,CC(C)(C1=CC=C(C=C1)OCC2CO2)C3=CC=C(C=C3)OCC4CO4,OC(=O)CCCCCCCCCCC(=O)O,OC(=O)CCCCCCCCCCC(=O)O,1.0,0.0,Dyn,2.5,13.293896903199236,467.2233548385496,0.5785364114243243,0.0287602424246305
C14,CC(C)(C1=CC=C(C=C1)OCC2CO2)C3=CC=C(C=C3)OCC4CO4,OC(=O)CCCCCCCCCCCCC(=O)O,OC(=O)CCCCCCCCCCCCC(=O)O,1.0,0.0,Iso,160.0,39.171654451239945,433.15,0.9235133690524976,0.0062043804146025
C8,CC(C)(C1=CC=C(C=C1)OCC2CO2)C3=CC=C(C=C3)OCC4CO4,OC(=O)CCCCCCC(=O)O,OC(=O)CCCCCCC(=O)O,1.0,0.0,Iso,180.0,44.19660000000005,453.1633000000001,0.9878362851143072,0.001371609316618
C6,CC(C)(C1=CC=C(C=C1)OCC2CO2)C3=CC=C(C=C3)OCC4CO4,OC(=O)CCCCC(=O)O,OC(=O)CCCCC(=O)O,1.0,0.0,Iso,165.0,42.593168999999946,438.17,0.9868441660140956,0.0017049239838099
C14,CC(C)(C1=CC=C(C=C1)OCC2CO2)C3=CC=C(C=C3)OCC4CO4,OC(=O)CCCCCCCCCCCCC(=O)O,OC(=O)CCCCCCCCCCCCC(=O)O,1.0,0.0,Dyn,10.0,0.4968384419876654,441.5247419354499,0.0273073783896741,0.0480103671661296
C8,CC(C)(C1=CC=C(C=C1)OCC2CO2)C3=CC=C(C=C3)OCC4CO4,OC(=O)CCCCCCC(=O)O,OC(=O)CCCCCCC(=O)O,1.0,0.0,Dyn,10.0,4.969999999999999,489.15,0.5181849352163973,0.1531122923923545
C12,CC(C)(C1=CC=C(C=C1)OCC2CO2)C3=CC=C(C=C3)OCC4CO4,OC(=O)CCCCCCCCCCC(=O)O,OC(=O)CCCCCCCCCCC(=O)O,1.0,0.0,Iso,170.0,79.88239999999998,443.1663076047904,0.987507915491336,0.0008244230007692
C8,CC(C)(C1=CC=C(C=C1)OCC2CO2)C3=CC=C(C=C3)OCC4CO4,OC(=O)CCCCCCC(=O)O,OC(=O)CCCCCCC(=O)O,1.0,0.0,Dyn,10.0,1.0900000000000003,450.15,0.0630993674344813,0.0641564937936586
C6,CC(C)(C1=CC=C(C=C1)OCC2CO2)C3=CC=C(C=C3)OCC4CO4,OC(=O)CCCCC(=O)O,OC(=O)CCCCC(=O)O,1.0,0.0,Dyn,10.0,6.304999999999991,501.41,0.8602653190145294,0.0388051619889854
C14,CC(C)(C1=CC=C(C=C1)OCC2CO2)C3=CC=C(C=C3)OCC4CO4,OC(=O)CCCCCCCCCCCCC(=O)O,OC(=O)CCCCCCCCCCCCC(=O)O,1.0,0.0,Dyn,2.5,27.609718788757625,503.1102516128208,0.984160872880694,0.0010937605535526
C6,CC(C)(C1=CC=C(C=C1)OCC2CO2)C3=CC=C(C=C3)OCC4CO4,OC(=O)CCCCC(=O)O,OC(=O)CCCCC(=O)O,1.0,0.0,Dyn,2.5,49.13,557.2200000000009,0.9880469751262,0.0038544822810889
C14,CC(C)(C1=CC=C(C=C1)OCC2CO2)C3=CC=C(C=C3)OCC4CO4,OC(=O)CCCCCCCCCCCCC(=O)O,OC(=O)CCCCCCCCCCCCC(=O)O,1.0,0.0,Dyn,2.5,30.498906466299974,510.3348709676509,0.98710054467292,0.0010919364575293
C8,CC(C)(C1=CC=C(C=C1)OCC2CO2)C3=CC=C(C=C3)OCC4CO4,OC(=O)CCCCCCC(=O)O,OC(=O)CCCCCCC(=O)O,1.0,0.0,Iso,160.0,76.0,433.17,0.939390105723378,0.0025254122615258
C12,CC(C)(C1=CC=C(C=C1)OCC2CO2)C3=CC=C(C=C3)OCC4CO4,OC(=O)CCCCCCCCCCC(=O)O,OC(=O)CCCCCCCCCCC(=O)O,1.0,0.0,Dyn,10.0,9.583454664439364,532.2786580636804,0.9674034362446616,0.0189713023870216
C8,CC(C)(C1=CC=C(C=C1)OCC2CO2)C3=CC=C(C=C3)OCC4CO4,OC(=O)CCCCCCC(=O)O,OC(=O)CCCCCCC(=O)O,1.0,0.0,Iso,160.0,107.0,433.17,0.9865792376958908,0.0007576236784578
C8,CC(C)(C1=CC=C(C=C1)OCC2CO2)C3=CC=C(C=C3)OCC4CO4,OC(=O)CCCCCCC(=O)O,OC(=O)CCCCCCC(=O)O,1.0,0.0,Iso,160.0,59.0,433.17,0.8798264536693878,0.0045096647527248
C12,CC(C)(C1=CC=C(C=C1)OCC2CO2)C3=CC=C(C=C3)OCC4CO4,OC(=O)CCCCCCCCCCC(=O)O,OC(=O)CCCCCCCCCCC(=O)O,1.0,0.0,Iso,170.0,10.753400000000005,443.1935189221557,0.504160420164794,0.0281367895892884
C8,CC(C)(C1=CC=C(C=C1)OCC2CO2)C3=CC=C(C=C3)OCC4CO4,OC(=O)CCCCCCC(=O)O,OC(=O)CCCCCCC(=O)O,1.0,0.0,Dyn,5.0,13.27,501.750000000001,0.9142656201104024,0.0390664066406906
C12,CC(C)(C1=CC=C(C=C1)OCC2CO2)C3=CC=C(C=C3)OCC4CO4,OC(=O)CCCCCCCCCCC(=O)O,OC(=O)CCCCCCCCCCC(=O)O,1.0,0.0,Iso,160.0,28.499947032269983,433.15,0.684743771719446,0.0144242720422471
C6,CC(C)(C1=CC=C(C=C1)OCC2CO2)C3=CC=C(C=C3)OCC4CO4,OC(=O)CCCCC(=O)O,OC(=O)CCCCC(=O)O,1.0,0.0,Dyn,10.0,7.109999999999999,509.41,0.8871130764371447,0.0265319014529364
C6,CC(C)(C1=CC=C(C=C1)OCC2CO2)C3=CC=C(C=C3)OCC4CO4,OC(=O)CCCCC(=O)O,OC(=O)CCCCC(=O)O,1.0,0.0,Dyn,5.0,20.61,538.67,0.9359551540852188,0.0100206221499321
C12,CC(C)(C1=CC=C(C=C1)OCC2CO2)C3=CC=C(C=C3)OCC4CO4,OC(=O)CCCCCCCCCCC(=O)O,OC(=O)CCCCCCCCCCC(=O)O,1.0,0.0,Iso,180.0,41.33469999999995,453.1684120481928,0.8997923156801662,0.003991649971821
C6,CC(C)(C1=CC=C(C=C1)OCC2CO2)C3=CC=C(C=C3)OCC4CO4,OC(=O)CCCCC(=O)O,OC(=O)CCCCC(=O)O,1.0,0.0,Iso,165.0,26.670489000000025,438.17,0.931036282954842,0.0056393639464485
C14,CC(C)(C1=CC=C(C=C1)OCC2CO2)C3=CC=C(C=C3)OCC4CO4,OC(=O)CCCCCCCCCCCCC(=O)O,OC(=O)CCCCCCCCCCCCC(=O)O,1.0,0.0,Iso,170.0,1.1275999999999995,443.2315588023952,0.0540296056505619,0.0552780492990031
C6,CC(C)(C1=CC=C(C=C1)OCC2CO2)C3=CC=C(C=C3)OCC4CO4,OC(=O)CCCCC(=O)O,OC(=O)CCCCC(=O)O,1.0,0.0,Dyn,10.0,6.609999999999999,504.41,0.8717308907138345,0.0341124447252051
C14,CC(C)(C1=CC=C(C=C1)OCC2CO2)C3=CC=C(C=C3)OCC4CO4,OC(=O)CCCCCCCCCCCCC(=O)O,OC(=O)CCCCCCCCCCCCC(=O)O,1.0,0.0,Iso,180.0,15.294759999999991,453.1780278443114,0.9269268242654224,0.018376974494835
C14,CC(C)(C1=CC=C(C=C1)OCC2CO2)C3=CC=C(C=C3)OCC4CO4,OC(=O)CCCCCCCCCCCCC(=O)O,OC(=O)CCCCCCCCCCCCC(=O)O,1.0,0.0,Dyn,10.0,1.8868368006753704,455.4960193547098,0.1162962249871046,0.0867073855224569
C6,CC(C)(C1=CC=C(C=C1)OCC2CO2)C3=CC=C(C=C3)OCC4CO4,OC(=O)CCCCC(=O)O,OC(=O)CCCCC(=O)O,1.0,0.0,Iso,165.0,11.543942999999992,438.18,0.7674964395719132,0.0256796568477465
C6,CC(C)(C1=CC=C(C=C1)OCC2CO2)C3=CC=C(C=C3)OCC4CO4,OC(=O)CCCCC(=O)O,OC(=O)CCCCC(=O)O,1.0,0.0,Dyn,10.0,2.98,468.41,0.3821857233101705,0.2274162981680501
C6,CC(C)(C1=CC=C(C=C1)OCC2CO2)C3=CC=C(C=C3)OCC4CO4,OC(=O)CCCCC(=O)O,OC(=O)CCCCC(=O)O,1.0,0.0,Dyn,10.0,6.709999999999999,505.41,0.875142135186355,0.0322173089071377
C12,CC(C)(C1=CC=C(C=C1)OCC2CO2)C3=CC=C(C=C3)OCC4CO4,OC(=O)CCCCCCCCCCC(=O)O,OC(=O)CCCCCCCCCCC(=O)O,1.0,0.0,Iso,170.0,0.7681,443.1896230538922,0.0372722829052619,0.057587948196858
C12,CC(C)(C1=CC=C(C=C1)OCC2CO2)C3=CC=C(C=C3)OCC4CO4,OC(=O)CCCCCCCCCCC(=O)O,OC(=O)CCCCCCCCCCC(=O)O,1.0,0.0,Dyn,5.0,7.37045104558605,472.02432387091966,0.4511563583132139,0.0831303166484553
C8,CC(C)(C1=CC=C(C=C1)OCC2CO2)C3=CC=C(C=C3)OCC4CO4,OC(=O)CCCCCCC(=O)O,OC(=O)CCCCCCC(=O)O,1.0,0.0,Iso,170.0,69.3,443.17,0.9893811644925232,0.0006817871914911
C6,CC(C)(C1=CC=C(C=C1)OCC2CO2)C3=CC=C(C=C3)OCC4CO4,OC(=O)CCCCC(=O)O,OC(=O)CCCCC(=O)O,1.0,0.0,Dyn,10.0,0.9999999999999996,448.41,0.0808054327226783,0.0995893872394195
C10,CC(C)(C1=CC=C(C=C1)OCC2CO2)C3=CC=C(C=C3)OCC4CO4,OC(=O)CCCCCCCCC(=O)O,OC(=O)CCCCCCCCC(=O)O,1.0,0.0,Iso,165.0,47.26500000000004,438.165,0.9002052708414128,0.0045677045939947
C10,CC(C)(C1=CC=C(C=C1)OCC2CO2)C3=CC=C(C=C3)OCC4CO4,OC(=O)CCCCCCCCC(=O)O,OC(=O)CCCCCCCCC(=O)O,1.0,0.0,Iso,180.0,10.23393,453.19393,0.5748475325970711,0.0314297412830832
C12,CC(C)(C1=CC=C(C=C1)OCC2CO2)C3=CC=C(C=C3)OCC4CO4,OC(=O)CCCCCCCCCCC(=O)O,OC(=O)CCCCCCCCCCC(=O)O,1.0,0.0,Dyn,5.0,4.376214416902675,457.03481419351976,0.216102362629541,0.0705782884713781
C12,CC(C)(C1=CC=C(C=C1)OCC2CO2)C3=CC=C(C=C3)OCC4CO4,OC(=O)CCCCCCCCCCC(=O)O,OC(=O)CCCCCCCCCCC(=O)O,1.0,0.0,Dyn,10.0,2.8885091119264747,465.3577612900701,0.1845544276089709,0.1029601173673276
C10,CC(C)(C1=CC=C(C=C1)OCC2CO2)C3=CC=C(C=C3)OCC4CO4,OC(=O)CCCCCCCCC(=O)O,OC(=O)CCCCCCCCC(=O)O,1.0,0.0,Iso,165.0,69.8700000000001,438.16,0.9721694567198008,0.0019833454158135
C14,CC(C)(C1=CC=C(C=C1)OCC2CO2)C3=CC=C(C=C3)OCC4CO4,OC(=O)CCCCCCCCCCCCC(=O)O,OC(=O)CCCCCCCCCCCCC(=O)O,1.0,0.0,Dyn,5.0,9.390319285527587,482.4740838708491,0.7756695462032682,0.0813893809965527
C10,CC(C)(C1=CC=C(C=C1)OCC2CO2)C3=CC=C(C=C3)OCC4CO4,OC(=O)CCCCCCCCC(=O)O,OC(=O)CCCCCCCCC(=O)O,1.0,0.0,Dyn,5.0,15.19,511.5,0.8477940674162469,0.0309647136338587
C10,CC(C)(C1=CC=C(C=C1)OCC2CO2)C3=CC=C(C=C3)OCC4CO4,OC(=O)CCCCCCCCC(=O)O,OC(=O)CCCCCCCCC(=O)O,1.0,0.0,Dyn,2.5,7.180000000000001,453.13,0.3128215162559056,0.0476740423652666
C10,CC(C)(C1=CC=C(C=C1)OCC2CO2)C3=CC=C(C=C3)OCC4CO4,OC(=O)CCCCCCCCC(=O)O,OC(=O)CCCCCCCCC(=O)O,1.0,0.0,Dyn,5.0,21.39,542.5,0.9806550345751354,0.0102151632606545
C8,CC(C)(C1=CC=C(C=C1)OCC2CO2)C3=CC=C(C=C3)OCC4CO4,OC(=O)CCCCCCC(=O)O,OC(=O)CCCCCCC(=O)O,1.0,0.0,Dyn,2.5,17.18,477.15,0.8578099536166478,0.0402070587084212
C6,CC(C)(C1=CC=C(C=C1)OCC2CO2)C3=CC=C(C=C3)OCC4CO4,OC(=O)CCCCC(=O)O,OC(=O)CCCCC(=O)O,1.0,0.0,Iso,165.0,5.971005000000001,438.2,0.5113396528321587,0.0650629615279635
C12,CC(C)(C1=CC=C(C=C1)OCC2CO2)C3=CC=C(C=C3)OCC4CO4,OC(=O)CCCCCCCCCCC(=O)O,OC(=O)CCCCCCCCCCC(=O)O,1.0,0.0,Iso,170.0,2.3043,443.2207380120482,0.1253149030408664,0.0552823663927706
C14,CC(C)(C1=CC=C(C=C1)OCC2CO2)C3=CC=C(C=C3)OCC4CO4,OC(=O)CCCCCCCCCCCCC(=O)O,OC(=O)CCCCCCCCCCCCC(=O)O,1.0,0.0,Dyn,10.0,6.768677386874692,504.3954903221194,0.8416829566684081,0.131921157300675
C10,CC(C)(C1=CC=C(C=C1)OCC2CO2)C3=CC=C(C=C3)OCC4CO4,OC(=O)CCCCCCCCC(=O)O,OC(=O)CCCCCCCCC(=O)O,1.0,0.0,Dyn,10.0,0.2999999999999998,441.32,0.018960944999817,0.035393857839011
C14,CC(C)(C1=CC=C(C=C1)OCC2CO2)C3=CC=C(C=C3)OCC4CO4,OC(=O)CCCCCCCCCCCCC(=O)O,OC(=O)CCCCCCCCCCCCC(=O)O,1.0,0.0,Dyn,5.0,12.49131468872755,497.9403032256488,0.9516353048035524,0.0309306662787416
C10,CC(C)(C1=CC=C(C=C1)OCC2CO2)C3=CC=C(C=C3)OCC4CO4,OC(=O)CCCCCCCCC(=O)O,OC(=O)CCCCCCCCC(=O)O,1.0,0.0,Iso,180.0,6.3352900000000005,453.21,0.4222197775867836,0.0463120698376067
C8,CC(C)(C1=CC=C(C=C1)OCC2CO2)C3=CC=C(C=C3)OCC4CO4,OC(=O)CCCCCCC(=O)O,OC(=O)CCCCCCC(=O)O,1.0,0.0,Dyn,10.0,9.89,538.15,0.9888830702598104,0.012216406307902
C10,CC(C)(C1=CC=C(C=C1)OCC2CO2)C3=CC=C(C=C3)OCC4CO4,OC(=O)CCCCCCCCC(=O)O,OC(=O)CCCCCCCCC(=O)O,1.0,0.0,Iso,165.0,6.850000000000004,438.19,0.3309718540987886,0.0390658945539023
C12,CC(C)(C1=CC=C(C=C1)OCC2CO2)C3=CC=C(C=C3)OCC4CO4,OC(=O)CCCCCCCCCCC(=O)O,OC(=O)CCCCCCCCCCC(=O)O,1.0,0.0,Iso,180.0,84.17248000000009,453.16656491017966,0.9886350524979808,0.0007676249945808
C6,CC(C)(C1=CC=C(C=C1)OCC2CO2)C3=CC=C(C=C3)OCC4CO4,OC(=O)CCCCC(=O)O,OC(=O)CCCCC(=O)O,1.0,0.0,Dyn,5.0,23.61,553.67,0.965494205466322,0.0091492637021112
C12,CC(C)(C1=CC=C(C=C1)OCC2CO2)C3=CC=C(C=C3)OCC4CO4,OC(=O)CCCCCCCCCCC(=O)O,OC(=O)CCCCCCCCCCC(=O)O,1.0,0.0,Dyn,2.5,54.01146529021405,568.9987741928985,0.985956618464961,0.003278139458011
C10,CC(C)(C1=CC=C(C=C1)OCC2CO2)C3=CC=C(C=C3)OCC4CO4,OC(=O)CCCCCCCCC(=O)O,OC(=O)CCCCCCCCC(=O)O,1.0,0.0,Dyn,5.0,9.79,484.5,0.6135284514642477,0.0596948603044508
C10,CC(C)(C1=CC=C(C=C1)OCC2CO2)C3=CC=C(C=C3)OCC4CO4,OC(=O)CCCCCCCCC(=O)O,OC(=O)CCCCCCCCC(=O)O,1.0,0.0,Iso,165.0,32.194999999999986,438.17,0.8017938349582913,0.0089070239582896
C8,CC(C)(C1=CC=C(C=C1)OCC2CO2)C3=CC=C(C=C3)OCC4CO4,OC(=O)CCCCCCC(=O)O,OC(=O)CCCCCCC(=O)O,1.0,0.0,Dyn,5.0,11.18000000000091,491.3500000000009,0.7985282399207773,0.067547077288374
C14,CC(C)(C1=CC=C(C=C1)OCC2CO2)C3=CC=C(C=C3)OCC4CO4,OC(=O)CCCCCCCCCCCCC(=O)O,OC(=O)CCCCCCCCCCCCC(=O)O,1.0,0.0,Iso,160.0,25.34636464492,433.15,0.7754671595186025,0.0162571121560994
C14,CC(C)(C1=CC=C(C=C1)OCC2CO2)C3=CC=C(C=C3)OCC4CO4,OC(=O)CCCCCCCCCCCCC(=O)O,OC(=O)CCCCCCCCCCCCC(=O)O,1.0,0.0,Dyn,10.0,7.8755914931913535,515.3729225801093,0.9328784949710592,0.0400638469160831
C10,CC(C)(C1=CC=C(C=C1)OCC2CO2)C3=CC=C(C=C3)OCC4CO4,OC(=O)CCCCCCCCC(=O)O,OC(=O)CCCCCCCCC(=O)O,1.0,0.0,Dyn,5.0,10.99,490.5,0.6808399928749235,0.0510758163032729
C12,CC(C)(C1=CC=C(C=C1)OCC2CO2)C3=CC=C(C=C3)OCC4CO4,OC(=O)CCCCCCCCCCC(=O)O,OC(=O)CCCCCCCCCCC(=O)O,1.0,0.0,Dyn,10.0,2.091660471906349,457.3672064514301,0.1124600236778782,0.0806024927839604
C8,CC(C)(C1=CC=C(C=C1)OCC2CO2)C3=CC=C(C=C3)OCC4CO4,OC(=O)CCCCCCC(=O)O,OC(=O)CCCCCCC(=O)O,1.0,0.0,Iso,180.0,32.930799999999984,453.17,0.959309005903562,0.0040233873287456
C10,CC(C)(C1=CC=C(C=C1)OCC2CO2)C3=CC=C(C=C3)OCC4CO4,OC(=O)CCCCCCCCC(=O)O,OC(=O)CCCCCCCCC(=O)O,1.0,0.0,Dyn,5.0,5.59,463.5,0.3214130890717545,0.0727191934617842
C8,CC(C)(C1=CC=C(C=C1)OCC2CO2)C3=CC=C(C=C3)OCC4CO4,OC(=O)CCCCCCC(=O)O,OC(=O)CCCCCCC(=O)O,1.0,0.0,Iso,170.0,4.199999999999999,443.21,0.202326598790964,0.0441854915685651
C10,CC(C)(C1=CC=C(C=C1)OCC2CO2)C3=CC=C(C=C3)OCC4CO4,OC(=O)CCCCCCCCC(=O)O,OC(=O)CCCCCCCCC(=O)O,1.0,0.0,Iso,170.0,13.694980000000008,443.2,0.5588033261753198,0.0251962947789529
C6,CC(C)(C1=CC=C(C=C1)OCC2CO2)C3=CC=C(C=C3)OCC4CO4,OC(=O)CCCCC(=O)O,OC(=O)CCCCC(=O)O,1.0,0.0,Dyn,10.0,4.380000000000001,482.41,0.6721257106759315,0.1783006948831362
C6,CC(C)(C1=CC=C(C=C1)OCC2CO2)C3=CC=C(C=C3)OCC4CO4,OC(=O)CCCCC(=O)O,OC(=O)CCCCC(=O)O,1.0,0.0,Dyn,10.0,7.51,513.41,0.8971888818698673,0.0233733417561588
C12,CC(C)(C1=CC=C(C=C1)OCC2CO2)C3=CC=C(C=C3)OCC4CO4,OC(=O)CCCCCCCCCCC(=O)O,OC(=O)CCCCCCCCCCC(=O)O,1.0,0.0,Dyn,2.5,8.851486838691857,456.1389032256997,0.3927513545505395,0.0492277636528678
C6,CC(C)(C1=CC=C(C=C1)OCC2CO2)C3=CC=C(C=C3)OCC4CO4,OC(=O)CCCCC(=O)O,OC(=O)CCCCC(=O)O,1.0,0.0,Dyn,10.0,2.48,463.41,0.2835060012634238,0.1820909665192678
C6,CC(C)(C1=CC=C(C=C1)OCC2CO2)C3=CC=C(C=C3)OCC4CO4,OC(=O)CCCCC(=O)O,OC(=O)CCCCC(=O)O,1.0,0.0,Dyn,10.0,4.789999999999999,486.41,0.7383449147188881,0.1403979785217927
C8,CC(C)(C1=CC=C(C=C1)OCC2CO2)C3=CC=C(C=C3)OCC4CO4,OC(=O)CCCCCCC(=O)O,OC(=O)CCCCCCC(=O)O,1.0,0.0,Iso,170.0,23.1,443.18,0.7524260260897232,0.0190900413617563
C8,CC(C)(C1=CC=C(C=C1)OCC2CO2)C3=CC=C(C=C3)OCC4CO4,OC(=O)CCCCCCC(=O)O,OC(=O)CCCCCCC(=O)O,1.0,0.0,Iso,160.0,87.0,433.17,0.9628042851195252,0.0016595566290027
C8,CC(C)(C1=CC=C(C=C1)OCC2CO2)C3=CC=C(C=C3)OCC4CO4,OC(=O)CCCCCCC(=O)O,OC(=O)CCCCCCC(=O)O,1.0,0.0,Iso,180.0,23.398199999999964,453.18,0.8963905067554183,0.0098591277678487
C12,CC(C)(C1=CC=C(C=C1)OCC2CO2)C3=CC=C(C=C3)OCC4CO4,OC(=O)CCCCCCCCCCC(=O)O,OC(=O)CCCCCCCCCCC(=O)O,1.0,0.0,Iso,170.0,1.5362,443.2174923952096,0.0815055859152686,0.0570359551172995
C14,CC(C)(C1=CC=C(C=C1)OCC2CO2)C3=CC=C(C=C3)OCC4CO4,OC(=O)CCCCCCCCCCCCC(=O)O,OC(=O)CCCCCCCCCCCCC(=O)O,1.0,0.0,Iso,160.0,44.35613812860991,433.15,0.9503608842057808,0.0041345243231961
C6,CC(C)(C1=CC=C(C=C1)OCC2CO2)C3=CC=C(C=C3)OCC4CO4,OC(=O)CCCCC(=O)O,OC(=O)CCCCC(=O)O,1.0,0.0,Dyn,5.0,25.81,564.67,0.9836475064625751,0.0069708675825608
C10,CC(C)(C1=CC=C(C=C1)OCC2CO2)C3=CC=C(C=C3)OCC4CO4,OC(=O)CCCCCCCCC(=O)O,OC(=O)CCCCCCCCC(=O)O,1.0,0.0,Dyn,5.0,6.790000000000001,469.5,0.4091613414807772,0.0729426501581115
C10,CC(C)(C1=CC=C(C=C1)OCC2CO2)C3=CC=C(C=C3)OCC4CO4,OC(=O)CCCCCCCCC(=O)O,OC(=O)CCCCCCCCC(=O)O,1.0,0.0,Iso,165.0,57.54000000000007,438.16,0.9405513247091584,0.0031252715643121
C10,CC(C)(C1=CC=C(C=C1)OCC2CO2)C3=CC=C(C=C3)OCC4CO4,OC(=O)CCCCCCCCC(=O)O,OC(=O)CCCCCCCCC(=O)O,1.0,0.0,Iso,170.0,50.03935000000005,443.17,0.9637670121655986,0.0036916926817962
C12,CC(C)(C1=CC=C(C=C1)OCC2CO2)C3=CC=C(C=C3)OCC4CO4,OC(=O)CCCCCCCCCCC(=O)O,OC(=O)CCCCCCCCCCC(=O)O,1.0,0.0,Iso,170.0,23.81110000000001,443.1768803592814,0.7647803810949283,0.0123902740471571
C12,CC(C)(C1=CC=C(C=C1)OCC2CO2)C3=CC=C(C=C3)OCC4CO4,OC(=O)CCCCCCCCCCC(=O)O,OC(=O)CCCCCCCCCCC(=O)O,1.0,0.0,Dyn,10.0,6.277031436634921,499.3176193542903,0.6637125807449274,0.1802613362193915
C10,CC(C)(C1=CC=C(C=C1)OCC2CO2)C3=CC=C(C=C3)OCC4CO4,OC(=O)CCCCCCCCC(=O)O,OC(=O)CCCCCCCCC(=O)O,1.0,0.0,Dyn,5.0,18.79,529.5,0.9422204828069224,0.0194726549656221
C6,CC(C)(C1=CC=C(C=C1)OCC2CO2)C3=CC=C(C=C3)OCC4CO4,OC(=O)CCCCC(=O)O,OC(=O)CCCCC(=O)O,1.0,0.0,Dyn,10.0,3.78,476.41,0.5552116234996841,0.2051484523057445
C12,CC(C)(C1=CC=C(C=C1)OCC2CO2)C3=CC=C(C=C3)OCC4CO4,OC(=O)CCCCCCCCCCC(=O)O,OC(=O)CCCCCCCCCCC(=O)O,1.0,0.0,Dyn,2.5,41.11218716120771,536.7530967736989,0.92390850945495,0.0060138068097165
C12,CC(C)(C1=CC=C(C=C1)OCC2CO2)C3=CC=C(C=C3)OCC4CO4,OC(=O)CCCCCCCCCCC(=O)O,OC(=O)CCCCCCCCCCC(=O)O,1.0,0.0,Iso,160.0,63.93231361293007,433.15,0.9537467573784936,0.0026052649944146
C14,CC(C)(C1=CC=C(C=C1)OCC2CO2)C3=CC=C(C=C3)OCC4CO4,OC(=O)CCCCCCCCCCCCC(=O)O,OC(=O)CCCCCCCCCCCCC(=O)O,1.0,0.0,Dyn,10.0,6.467427265776307,501.4016451608494,0.7971776944538453,0.1545487630268269
C8,CC(C)(C1=CC=C(C=C1)OCC2CO2)C3=CC=C(C=C3)OCC4CO4,OC(=O)CCCCCCC(=O)O,OC(=O)CCCCCCC(=O)O,1.0,0.0,Iso,180.0,1.7332,453.28,0.1469736518879512,0.0741210359450612
C10,CC(C)(C1=CC=C(C=C1)OCC2CO2)C3=CC=C(C=C3)OCC4CO4,OC(=O)CCCCCCCCC(=O)O,OC(=O)CCCCCCCCC(=O)O,1.0,0.0,Dyn,10.0,1.5900000000000003,454.32,0.0843202887249202,0.0699220476497459
C6,CC(C)(C1=CC=C(C=C1)OCC2CO2)C3=CC=C(C=C3)OCC4CO4,OC(=O)CCCCC(=O)O,OC(=O)CCCCC(=O)O,1.0,0.0,Iso,165.0,6.369072,438.2,0.5372390707387105,0.062769189587145
C12,CC(C)(C1=CC=C(C=C1)OCC2CO2)C3=CC=C(C=C3)OCC4CO4,OC(=O)CCCCCCCCCCC(=O)O,OC(=O)CCCCCCCCCCC(=O)O,1.0,0.0,Dyn,10.0,4.582486700316343,482.33769032218015,0.3938142525566966,0.1438544714297614
C14,CC(C)(C1=CC=C(C=C1)OCC2CO2)C3=CC=C(C=C3)OCC4CO4,OC(=O)CCCCCCCCCCCCC(=O)O,OC(=O)CCCCCCCCCCCCC(=O)O,1.0,0.0,Dyn,10.0,3.575261595035447,472.46114193523965,0.3147767696171891,0.152645733730546
C8,CC(C)(C1=CC=C(C=C1)OCC2CO2)C3=CC=C(C=C3)OCC4CO4,OC(=O)CCCCCCC(=O)O,OC(=O)CCCCCCC(=O)O,1.0,0.0,Dyn,5.0,4.619999999999999,458.5500000000004,0.2696608370514524,0.0757888288828916
C12,CC(C)(C1=CC=C(C=C1)OCC2CO2)C3=CC=C(C=C3)OCC4CO4,OC(=O)CCCCCCCCCCC(=O)O,OC(=O)CCCCCCCCCCC(=O)O,1.0,0.0,Dyn,5.0,10.975573955256714,490.0117354837995,0.7137852724913343,0.0501323426750349
C6,CC(C)(C1=CC=C(C=C1)OCC2CO2)C3=CC=C(C=C3)OCC4CO4,OC(=O)CCCCC(=O)O,OC(=O)CCCCC(=O)O,1.0,0.0,Dyn,5.0,11.81,494.67,0.828139068808272,0.0206221499317437
C14,CC(C)(C1=CC=C(C=C1)OCC2CO2)C3=CC=C(C=C3)OCC4CO4,OC(=O)CCCCCCCCCCCCC(=O)O,OC(=O)CCCCCCCCCCCCC(=O)O,1.0,0.0,Dyn,2.5,8.629119712575832,455.7488580644903,0.4786421174855333,0.0706344417181931
C8,CC(C)(C1=CC=C(C=C1)OCC2CO2)C3=CC=C(C=C3)OCC4CO4,OC(=O)CCCCCCC(=O)O,OC(=O)CCCCCCC(=O)O,1.0,0.0,Dyn,10.0,7.984999999999999,519.15,0.918577651957842,0.0665115454541268
C14,CC(C)(C1=CC=C(C=C1)OCC2CO2)C3=CC=C(C=C3)OCC4CO4,OC(=O)CCCCCCCCCCCCC(=O)O,OC(=O)CCCCCCCCCCCCC(=O)O,1.0,0.0,Dyn,2.5,12.166530818744686,464.57894838706034,0.7247595460169018,0.0601193194625427
C6,CC(C)(C1=CC=C(C=C1)OCC2CO2)C3=CC=C(C=C3)OCC4CO4,OC(=O)CCCCC(=O)O,OC(=O)CCCCC(=O)O,1.0,0.0,Iso,180.0,20.66178299999998,453.17,0.9523809523809524,0.0048594072178651
C10,CC(C)(C1=CC=C(C=C1)OCC2CO2)C3=CC=C(C=C3)OCC4CO4,OC(=O)CCCCCCCCC(=O)O,OC(=O)CCCCCCCCC(=O)O,1.0,0.0,Iso,165.0,23.28999999999999,438.17,0.7017520891433708,0.0134266474512951
C12,CC(C)(C1=CC=C(C=C1)OCC2CO2)C3=CC=C(C=C3)OCC4CO4,OC(=O)CCCCCCCCCCC(=O)O,OC(=O)CCCCCCCCCCC(=O)O,1.0,0.0,Dyn,5.0,11.176266859510962,491.0110361289595,0.7238464779398562,0.0469385018795777
C10,CC(C)(C1=CC=C(C=C1)OCC2CO2)C3=CC=C(C=C3)OCC4CO4,OC(=O)CCCCCCCCC(=O)O,OC(=O)CCCCCCCCC(=O)O,1.0,0.0,Dyn,2.5,22.0,490.13,0.8525370406403106,0.0192663799756454
C12,CC(C)(C1=CC=C(C=C1)OCC2CO2)C3=CC=C(C=C3)OCC4CO4,OC(=O)CCCCCCCCCCC(=O)O,OC(=O)CCCCCCCCCCC(=O)O,1.0,0.0,Dyn,5.0,11.77755350917362,494.00893806443946,0.7506645915287645,0.0402726056971765
C6,CC(C)(C1=CC=C(C=C1)OCC2CO2)C3=CC=C(C=C3)OCC4CO4,OC(=O)CCCCC(=O)O,OC(=O)CCCCC(=O)O,1.0,0.0,Dyn,2.5,39.09,532.1100000000007,0.919598252818246,0.008765598701
C12,CC(C)(C1=CC=C(C=C1)OCC2CO2)C3=CC=C(C=C3)OCC4CO4,OC(=O)CCCCCCCCCCC(=O)O,OC(=O)CCCCCCCCCCC(=O)O,1.0,0.0,Iso,170.0,24.57920000000001,443.1767786746988,0.7742973505905497,0.0117428356117219
C6,CC(C)(C1=CC=C(C=C1)OCC2CO2)C3=CC=C(C=C3)OCC4CO4,OC(=O)CCCCC(=O)O,OC(=O)CCCCC(=O)O,1.0,0.0,Dyn,5.0,15.81,514.67,0.8863167678410641,0.011037207005723
C6,CC(C)(C1=CC=C(C=C1)OCC2CO2)C3=CC=C(C=C3)OCC4CO4,OC(=O)CCCCC(=O)O,OC(=O)CCCCC(=O)O,1.0,0.0,Dyn,5.0,6.39,467.67,0.5537192483081123,0.0925092218769058
C12,CC(C)(C1=CC=C(C=C1)OCC2CO2)C3=CC=C(C=C3)OCC4CO4,OC(=O)CCCCCCCCCCC(=O)O,OC(=O)CCCCCCCCCCC(=O)O,1.0,0.0,Iso,160.0,56.22962522583008,433.15,0.9277078948656452,0.0041262430642366
C6,CC(C)(C1=CC=C(C=C1)OCC2CO2)C3=CC=C(C=C3)OCC4CO4,OC(=O)CCCCC(=O)O,OC(=O)CCCCC(=O)O,1.0,0.0,Iso,165.0,28.66082400000003,438.17,0.9419994779430956,0.0051147719514304
C10,CC(C)(C1=CC=C(C=C1)OCC2CO2)C3=CC=C(C=C3)OCC4CO4,OC(=O)CCCCCCCCC(=O)O,OC(=O)CCCCCCCCC(=O)O,1.0,0.0,Dyn,2.5,24.0,495.13,0.8881183551485233,0.015577073171798
C10,CC(C)(C1=CC=C(C=C1)OCC2CO2)C3=CC=C(C=C3)OCC4CO4,OC(=O)CCCCCCCCC(=O)O,OC(=O)CCCCCCCCC(=O)O,1.0,0.0,Iso,180.0,27.29048,453.18,0.8716510307963492,0.0084245823476517
C14,CC(C)(C1=CC=C(C=C1)OCC2CO2)C3=CC=C(C=C3)OCC4CO4,OC(=O)CCCCCCCCCCCCC(=O)O,OC(=O)CCCCCCCCCCCCC(=O)O,1.0,0.0,Iso,170.0,35.519400000000026,443.1729916766467,0.974408811143505,0.0032011414580962
C12,CC(C)(C1=CC=C(C=C1)OCC2CO2)C3=CC=C(C=C3)OCC4CO4,OC(=O)CCCCCCCCCCC(=O)O,OC(=O)CCCCCCCCCCC(=O)O,1.0,0.0,Iso,170.0,9.985300000000004,443.193745,0.4812148831350964,0.0298731116126774
C12,CC(C)(C1=CC=C(C=C1)OCC2CO2)C3=CC=C(C=C3)OCC4CO4,OC(=O)CCCCCCCCCCC(=O)O,OC(=O)CCCCCCCCCCC(=O)O,1.0,0.0,Iso,170.0,15.362000000000004,443.18615,0.6187899372517416,0.021274718630473
C8,CC(C)(C1=CC=C(C=C1)OCC2CO2)C3=CC=C(C=C3)OCC4CO4,OC(=O)CCCCCCC(=O)O,OC(=O)CCCCCCC(=O)O,1.0,0.0,Dyn,5.0,10.86,489.75000000000085,0.7761066429223639,0.0705715732863827
C6,CC(C)(C1=CC=C(C=C1)OCC2CO2)C3=CC=C(C=C3)OCC4CO4,OC(=O)CCCCC(=O)O,OC(=O)CCCCC(=O)O,1.0,0.0,Iso,165.0,11.14587599999999,438.18,0.756386718872357,0.0279091728265749
C10,CC(C)(C1=CC=C(C=C1)OCC2CO2)C3=CC=C(C=C3)OCC4CO4,OC(=O)CCCCCCCCC(=O)O,OC(=O)CCCCCCCCC(=O)O,1.0,0.0,Iso,180.0,24.85383,453.18,0.8484311071596111,0.0102199851430532
C14,CC(C)(C1=CC=C(C=C1)OCC2CO2)C3=CC=C(C=C3)OCC4CO4,OC(=O)CCCCCCCCCCCCC(=O)O,OC(=O)CCCCCCCCCCCCC(=O)O,1.0,0.0,Dyn,2.5,0.3102760535146682,434.87773548387,0.0169163159532291,0.0342391275325871
C14,CC(C)(C1=CC=C(C=C1)OCC2CO2)C3=CC=C(C=C3)OCC4CO4,OC(=O)CCCCCCCCCCCCC(=O)O,OC(=O)CCCCCCCCCCCCC(=O)O,1.0,0.0,Dyn,10.0,8.176024337032096,518.3667677413792,0.9436776552662084,0.0283551645894965
C10,CC(C)(C1=CC=C(C=C1)OCC2CO2)C3=CC=C(C=C3)OCC4CO4,OC(=O)CCCCCCCCC(=O)O,OC(=O)CCCCCCCCC(=O)O,1.0,0.0,Iso,165.0,49.32000000000004,438.17,0.9094272260111832,0.0043272990890475
C12,CC(C)(C1=CC=C(C=C1)OCC2CO2)C3=CC=C(C=C3)OCC4CO4,OC(=O)CCCCCCCCCCC(=O)O,OC(=O)CCCCCCCCCCC(=O)O,1.0,0.0,Dyn,5.0,13.57800866556221,503.0026438708794,0.8150207791870051,0.0323303278576599
C12,CC(C)(C1=CC=C(C=C1)OCC2CO2)C3=CC=C(C=C3)OCC4CO4,OC(=O)CCCCCCCCCCC(=O)O,OC(=O)CCCCCCCCCCC(=O)O,1.0,0.0,Dyn,5.0,1.5860362373883974,443.04460516128,0.056332427467307,0.0451327640096289
C10,CC(C)(C1=CC=C(C=C1)OCC2CO2)C3=CC=C(C=C3)OCC4CO4,OC(=O)CCCCCCCCC(=O)O,OC(=O)CCCCCCCCC(=O)O,1.0,0.0,Iso,165.0,28.76999999999998,438.17,0.7680595935917292,0.0104937002909403
C6,CC(C)(C1=CC=C(C=C1)OCC2CO2)C3=CC=C(C=C3)OCC4CO4,OC(=O)CCCCC(=O)O,OC(=O)CCCCC(=O)O,1.0,0.0,Dyn,2.5,23.090000000000003,492.1200000000004,0.7825700311249455,0.008412147140468
C6,CC(C)(C1=CC=C(C=C1)OCC2CO2)C3=CC=C(C=C3)OCC4CO4,OC(=O)CCCCC(=O)O,OC(=O)CCCCC(=O)O,1.0,0.0,Dyn,5.0,24.81,559.67,0.9759505068401636,0.0079874524383516
C10,CC(C)(C1=CC=C(C=C1)OCC2CO2)C3=CC=C(C=C3)OCC4CO4,OC(=O)CCCCCCCCC(=O)O,OC(=O)CCCCCCCCC(=O)O,1.0,0.0,Iso,180.0,14.6199,453.19,0.6914778842005582,0.0217827934691592
C8,CC(C)(C1=CC=C(C=C1)OCC2CO2)C3=CC=C(C=C3)OCC4CO4,OC(=O)CCCCCCC(=O)O,OC(=O)CCCCCCC(=O)O,1.0,0.0,Iso,180.0,40.29690000000003,453.17,0.9811402987440072,0.0020116936643729
C12,CC(C)(C1=CC=C(C=C1)OCC2CO2)C3=CC=C(C=C3)OCC4CO4,OC(=O)CCCCCCCCCCC(=O)O,OC(=O)CCCCCCCCCCC(=O)O,1.0,0.0,Dyn,10.0,5.080931249888407,487.33178709633023,0.4673612324761847,0.1529240108569474
C12,CC(C)(C1=CC=C(C=C1)OCC2CO2)C3=CC=C(C=C3)OCC4CO4,OC(=O)CCCCCCCCCCC(=O)O,OC(=O)CCCCCCCCCCC(=O)O,1.0,0.0,Dyn,2.5,14.101454516100684,469.2387096772496,0.6009757705688598,0.025256140347552
C8,CC(C)(C1=CC=C(C=C1)OCC2CO2)C3=CC=C(C=C3)OCC4CO4,OC(=O)CCCCCCC(=O)O,OC(=O)CCCCCCC(=O)O,1.0,0.0,Iso,170.0,30.1,443.18,0.8564269805917913,0.010510885868824
C6,CC(C)(C1=CC=C(C=C1)OCC2CO2)C3=CC=C(C=C3)OCC4CO4,OC(=O)CCCCC(=O)O,OC(=O)CCCCC(=O)O,1.0,0.0,Dyn,2.5,43.9200000000008,544.2000000000007,0.9584652002197076,0.0068830040733761
C12,CC(C)(C1=CC=C(C=C1)OCC2CO2)C3=CC=C(C=C3)OCC4CO4,OC(=O)CCCCCCCCCCC(=O)O,OC(=O)CCCCCCCCCCC(=O)O,1.0,0.0,Dyn,10.0,1.1956410687415606,448.37783225796,0.051581794799525,0.0581486424438085
C6,CC(C)(C1=CC=C(C=C1)OCC2CO2)C3=CC=C(C=C3)OCC4CO4,OC(=O)CCCCC(=O)O,OC(=O)CCCCC(=O)O,1.0,0.0,Iso,165.0,17.116881,438.17,0.8578798277212216,0.0104015969624265
C10,CC(C)(C1=CC=C(C=C1)OCC2CO2)C3=CC=C(C=C3)OCC4CO4,OC(=O)CCCCCCCCC(=O)O,OC(=O)CCCCCCCCC(=O)O,1.0,0.0,Dyn,2.5,3.59,444.13,0.1470650607888448,0.0438617586679579
C6,CC(C)(C1=CC=C(C=C1)OCC2CO2)C3=CC=C(C=C3)OCC4CO4,OC(=O)CCCCC(=O)O,OC(=O)CCCCC(=O)O,1.0,0.0,Iso,180.0,32.41063999999996,453.17,0.985639399145412,0.0015222480522091
C10,CC(C)(C1=CC=C(C=C1)OCC2CO2)C3=CC=C(C=C3)OCC4CO4,OC(=O)CCCCCCCCC(=O)O,OC(=O)CCCCCCCCC(=O)O,1.0,0.0,Iso,180.0,31.676450000000003,453.18,0.9048992692790988,0.0066291795522506
C10,CC(C)(C1=CC=C(C=C1)OCC2CO2)C3=CC=C(C=C3)OCC4CO4,OC(=O)CCCCCCCCC(=O)O,OC(=O)CCCCCCCCC(=O)O,1.0,0.0,Iso,165.0,3.4250000000000016,438.19,0.1774427682991997,0.0481291820904076
C14,CC(C)(C1=CC=C(C=C1)OCC2CO2)C3=CC=C(C=C3)OCC4CO4,OC(=O)CCCCCCCCCCCCC(=O)O,OC(=O)CCCCCCCCCCCCC(=O)O,1.0,0.0,Iso,160.0,44.93219187053991,433.15,0.9527154659224,0.0039233582033516
C10,CC(C)(C1=CC=C(C=C1)OCC2CO2)C3=CC=C(C=C3)OCC4CO4,OC(=O)CCCCCCCCC(=O)O,OC(=O)CCCCCCCCC(=O)O,1.0,0.0,Iso,165.0,41.78500000000002,438.17,0.8719630331339908,0.0056495293662567
C6,CC(C)(C1=CC=C(C=C1)OCC2CO2)C3=CC=C(C=C3)OCC4CO4,OC(=O)CCCCC(=O)O,OC(=O)CCCCC(=O)O,1.0,0.0,Iso,170.0,20.960000000000008,443.17,0.8711290982674731,0.0081921091244475
C12,CC(C)(C1=CC=C(C=C1)OCC2CO2)C3=CC=C(C=C3)OCC4CO4,OC(=O)CCCCCCCCCCC(=O)O,OC(=O)CCCCCCCCCCC(=O)O,1.0,0.0,Iso,160.0,46.98639916131005,433.15,0.8763643482942588,0.0069261923022243
C6,CC(C)(C1=CC=C(C=C1)OCC2CO2)C3=CC=C(C=C3)OCC4CO4,OC(=O)CCCCC(=O)O,OC(=O)CCCCC(=O)O,1.0,0.0,Dyn,5.0,14.21,506.67,0.8673211536785849,0.0127799239013621
C14,CC(C)(C1=CC=C(C=C1)OCC2CO2)C3=CC=C(C=C3)OCC4CO4,OC(=O)CCCCCCCCCCCCC(=O)O,OC(=O)CCCCCCCCCCCCC(=O)O,1.0,0.0,Iso,160.0,51.84483677369987,433.15,0.9736037985588784,0.0022387279717451
C8,CC(C)(C1=CC=C(C=C1)OCC2CO2)C3=CC=C(C=C3)OCC4CO4,OC(=O)CCCCCCC(=O)O,OC(=O)CCCCCCC(=O)O,1.0,0.0,Dyn,5.0,15.68,513.7500000000011,0.9763686046024006,0.0143663559904069
C12,CC(C)(C1=CC=C(C=C1)OCC2CO2)C3=CC=C(C=C3)OCC4CO4,OC(=O)CCCCCCCCCCC(=O)O,OC(=O)CCCCCCCCCCC(=O)O,1.0,0.0,Dyn,10.0,3.4862140731738305,471.35067741905016,0.2502034244006691,0.1190983489858152
C12,CC(C)(C1=CC=C(C=C1)OCC2CO2)C3=CC=C(C=C3)OCC4CO4,OC(=O)CCCCCCCCCCC(=O)O,OC(=O)CCCCCCCCCCC(=O)O,1.0,0.0,Dyn,5.0,22.575414396102868,547.9711729030795,0.9811850752596988,0.0059469849299622
C6,CC(C)(C1=CC=C(C=C1)OCC2CO2)C3=CC=C(C=C3)OCC4CO4,OC(=O)CCCCC(=O)O,OC(=O)CCCCC(=O)O,1.0,0.0,Dyn,2.5,16.020000000000003,474.4500000000003,0.7061962179269226,0.015339797726741
C6,CC(C)(C1=CC=C(C=C1)OCC2CO2)C3=CC=C(C=C3)OCC4CO4,OC(=O)CCCCC(=O)O,OC(=O)CCCCC(=O)O,1.0,0.0,Dyn,2.5,10.41,460.50000000000017,0.5530301048832177,0.0433629256621794
C8,CC(C)(C1=CC=C(C=C1)OCC2CO2)C3=CC=C(C=C3)OCC4CO4,OC(=O)CCCCCCC(=O)O,OC(=O)CCCCCCC(=O)O,1.0,0.0,Iso,170.0,35.0,443.17,0.8998568246897868,0.0069315031134948
C14,CC(C)(C1=CC=C(C=C1)OCC2CO2)C3=CC=C(C=C3)OCC4CO4,OC(=O)CCCCCCCCCCCCC(=O)O,OC(=O)CCCCCCCCCCCCC(=O)O,1.0,0.0,Dyn,2.5,15.713558132240374,473.4090387096304,0.8907550623994392,0.0321774456674657
C6,CC(C)(C1=CC=C(C=C1)OCC2CO2)C3=CC=C(C=C3)OCC4CO4,OC(=O)CCCCC(=O)O,OC(=O)CCCCC(=O)O,1.0,0.0,Dyn,5.0,16.009999999999998,515.67,0.8885242092422087,0.0107467541897808
C8,CC(C)(C1=CC=C(C=C1)OCC2CO2)C3=CC=C(C=C3)OCC4CO4,OC(=O)CCCCCCC(=O)O,OC(=O)CCCCCCC(=O)O,1.0,0.0,Iso,160.0,57.0,433.17,0.8703020417116328,0.0048343606149211
C14,CC(C)(C1=CC=C(C=C1)OCC2CO2)C3=CC=C(C=C3)OCC4CO4,OC(=O)CCCCCCCCCCCCC(=O)O,OC(=O)CCCCCCCCCCCCC(=O)O,1.0,0.0,Dyn,2.5,26.325041017582187,499.8993096773408,0.9828891129817354,0.0010892649794867
C8,CC(C)(C1=CC=C(C=C1)OCC2CO2)C3=CC=C(C=C3)OCC4CO4,OC(=O)CCCCCCC(=O)O,OC(=O)CCCCCCC(=O)O,1.0,0.0,Iso,170.0,28.700000000000003,443.18,0.8403595291123132,0.0118176446525156
C8,CC(C)(C1=CC=C(C=C1)OCC2CO2)C3=CC=C(C=C3)OCC4CO4,OC(=O)CCCCCCC(=O)O,OC(=O)CCCCCCC(=O)O,1.0,0.0,Dyn,10.0,6.974999999999998,509.15,0.8167131840271302,0.1213884182340581
C12,CC(C)(C1=CC=C(C=C1)OCC2CO2)C3=CC=C(C=C3)OCC4CO4,OC(=O)CCCCCCCCCCC(=O)O,OC(=O)CCCCCCCCCCC(=O)O,1.0,0.0,Iso,160.0,49.29720567744005,433.15,0.8917820958347609,0.006100132669849
C10,CC(C)(C1=CC=C(C=C1)OCC2CO2)C3=CC=C(C=C3)OCC4CO4,OC(=O)CCCCCCCCC(=O)O,OC(=O)CCCCCCCCC(=O)O,1.0,0.0,Iso,170.0,7.900950000000003,443.21,0.3789889829679031,0.0361300671341256
C14,CC(C)(C1=CC=C(C=C1)OCC2CO2)C3=CC=C(C=C3)OCC4CO4,OC(=O)CCCCCCCCCCCCC(=O)O,OC(=O)CCCCCCCCCCCCC(=O)O,1.0,0.0,Dyn,2.5,15.39218519545088,472.6063032257604,0.8796621315574825,0.0345173148454091
C12,CC(C)(C1=CC=C(C=C1)OCC2CO2)C3=CC=C(C=C3)OCC4CO4,OC(=O)CCCCCCCCCCC(=O)O,OC(=O)CCCCCCCCCCC(=O)O,1.0,0.0,Iso,170.0,46.854099999999946,443.1683720481928,0.9228599389787576,0.0035974821851745
C8,CC(C)(C1=CC=C(C=C1)OCC2CO2)C3=CC=C(C=C3)OCC4CO4,OC(=O)CCCCCCC(=O)O,OC(=O)CCCCCCC(=O)O,1.0,0.0,Iso,160.0,102.0,433.17,0.9822860368512968,0.0009380102685667
C8,CC(C)(C1=CC=C(C=C1)OCC2CO2)C3=CC=C(C=C3)OCC4CO4,OC(=O)CCCCCCC(=O)O,OC(=O)CCCCCCC(=O)O,1.0,0.0,Iso,180.0,29.897699999999965,453.17,0.9449439359721066,0.0052633221509685
C6,CC(C)(C1=CC=C(C=C1)OCC2CO2)C3=CC=C(C=C3)OCC4CO4,OC(=O)CCCCC(=O)O,OC(=O)CCCCC(=O)O,1.0,0.0,Iso,170.0,46.50500000000005,443.17,0.9691692055841026,0.0016661916863283
C14,CC(C)(C1=CC=C(C=C1)OCC2CO2)C3=CC=C(C=C3)OCC4CO4,OC(=O)CCCCCCCCCCCCC(=O)O,OC(=O)CCCCCCCCCCCCC(=O)O,1.0,0.0,Dyn,10.0,12.367313896098077,560.2805999991589,0.9866688809677115,0.0070382808841442
C14,CC(C)(C1=CC=C(C=C1)OCC2CO2)C3=CC=C(C=C3)OCC4CO4,OC(=O)CCCCCCCCCCCCC(=O)O,OC(=O)CCCCCCCCCCCCC(=O)O,1.0,0.0,Iso,160.0,13.24923606439,433.15,0.4852139297913146,0.0315722697210431
C12,CC(C)(C1=CC=C(C=C1)OCC2CO2)C3=CC=C(C=C3)OCC4CO4,OC(=O)CCCCCCCCCCC(=O)O,OC(=O)CCCCCCCCCCC(=O)O,1.0,0.0,Iso,160.0,43.135054967760034,433.15,0.8467035387401498,0.0081970532751096
C10,CC(C)(C1=CC=C(C=C1)OCC2CO2)C3=CC=C(C=C3)OCC4CO4,OC(=O)CCCCCCCCC(=O)O,OC(=O)CCCCCCCCC(=O)O,1.0,0.0,Iso,180.0,47.27101,453.17,0.9722706998888808,0.0026240502394326
C8,CC(C)(C1=CC=C(C=C1)OCC2CO2)C3=CC=C(C=C3)OCC4CO4,OC(=O)CCCCCCC(=O)O,OC(=O)CCCCCCC(=O)O,1.0,0.0,Iso,180.0,24.26479999999996,453.18,0.9047961488173064,0.008947464775404
C10,CC(C)(C1=CC=C(C=C1)OCC2CO2)C3=CC=C(C=C3)OCC4CO4,OC(=O)CCCCCCCCC(=O)O,OC(=O)CCCCCCCCC(=O)O,1.0,0.0,Iso,165.0,6.165000000000004,438.19,0.3025361200105723,0.041512020566739
C10,CC(C)(C1=CC=C(C=C1)OCC2CO2)C3=CC=C(C=C3)OCC4CO4,OC(=O)CCCCCCCCC(=O)O,OC(=O)CCCCCCCCC(=O)O,1.0,0.0,Dyn,2.5,35.21,523.13,0.9883035310218776,0.0036893068038471
C14,CC(C)(C1=CC=C(C=C1)OCC2CO2)C3=CC=C(C=C3)OCC4CO4,OC(=O)CCCCCCCCCCCCC(=O)O,OC(=O)CCCCCCCCCCCCC(=O)O,1.0,0.0,Dyn,2.5,33.06794658776267,516.756754838611,0.9899085893699714,0.0010955320556738
C12,CC(C)(C1=CC=C(C=C1)OCC2CO2)C3=CC=C(C=C3)OCC4CO4,OC(=O)CCCCCCCCCCC(=O)O,OC(=O)CCCCCCCCCCC(=O)O,1.0,0.0,Iso,180.0,53.359339999999925,453.1677509638554,0.9396909201360626,0.0026404450114836
C8,CC(C)(C1=CC=C(C=C1)OCC2CO2)C3=CC=C(C=C3)OCC4CO4,OC(=O)CCCCCCC(=O)O,OC(=O)CCCCCCC(=O)O,1.0,0.0,Dyn,10.0,6.369999999999999,503.15,0.7323792591482559,0.146189662151212
C6,CC(C)(C1=CC=C(C=C1)OCC2CO2)C3=CC=C(C=C3)OCC4CO4,OC(=O)CCCCC(=O)O,OC(=O)CCCCC(=O)O,1.0,0.0,Iso,170.0,52.40000000000006,443.17,0.977945523168569,0.0012496437647462
C8,CC(C)(C1=CC=C(C=C1)OCC2CO2)C3=CC=C(C=C3)OCC4CO4,OC(=O)CCCCCCC(=O)O,OC(=O)CCCCCCC(=O)O,1.0,0.0,Iso,160.0,109.0,433.17,0.9880584077347846,0.0006854690424141
C14,CC(C)(C1=CC=C(C=C1)OCC2CO2)C3=CC=C(C=C3)OCC4CO4,OC(=O)CCCCCCCCCCCCC(=O)O,OC(=O)CCCCCCCCCCCCC(=O)O,1.0,0.0,Iso,170.0,6.201799999999999,443.24141425149696,0.333859006961781,0.0520958128374105
C14,CC(C)(C1=CC=C(C=C1)OCC2CO2)C3=CC=C(C=C3)OCC4CO4,OC(=O)CCCCCCCCCCCCC(=O)O,OC(=O)CCCCCCCCCCCCC(=O)O,1.0,0.0,Dyn,2.5,25.68284945028202,498.2938387096007,0.9822742178498628,0.0009531648962766
C6,CC(C)(C1=CC=C(C=C1)OCC2CO2)C3=CC=C(C=C3)OCC4CO4,OC(=O)CCCCC(=O)O,OC(=O)CCCCC(=O)O,1.0,0.0,Dyn,2.5,6.68,451.2000000000001,0.3415897261528011,0.06114711997065
C6,CC(C)(C1=CC=C(C=C1)OCC2CO2)C3=CC=C(C=C3)OCC4CO4,OC(=O)CCCCC(=O)O,OC(=O)CCCCC(=O)O,1.0,0.0,Dyn,10.0,3.274999999999993,471.41,0.4477258370183193,0.2192040429564106
C8,CC(C)(C1=CC=C(C=C1)OCC2CO2)C3=CC=C(C=C3)OCC4CO4,OC(=O)CCCCCCC(=O)O,OC(=O)CCCCCCC(=O)O,1.0,0.0,Dyn,10.0,7.18,511.15,0.8416957349267871,0.1166666802404518
C12,CC(C)(C1=CC=C(C=C1)OCC2CO2)C3=CC=C(C=C3)OCC4CO4,OC(=O)CCCCCCCCCCC(=O)O,OC(=O)CCCCCCCCCCC(=O)O,1.0,0.0,Dyn,2.5,10.063661290302454,459.1619354837497,0.4518349241083823,0.0467378609789658
C12,CC(C)(C1=CC=C(C=C1)OCC2CO2)C3=CC=C(C=C3)OCC4CO4,OC(=O)CCCCCCCCCCC(=O)O,OC(=O)CCCCCCCCCCC(=O)O,1.0,0.0,Iso,160.0,14.635107935490003,433.15,0.4198742942403188,0.0230044126965629
C6,CC(C)(C1=CC=C(C=C1)OCC2CO2)C3=CC=C(C=C3)OCC4CO4,OC(=O)CCCCC(=O)O,OC(=O)CCCCC(=O)O,1.0,0.0,Dyn,2.5,46.16,549.7800000000009,0.973059922056862,0.0058672959046983
C10,CC(C)(C1=CC=C(C=C1)OCC2CO2)C3=CC=C(C=C3)OCC4CO4,OC(=O)CCCCCCCCC(=O)O,OC(=O)CCCCCCCCC(=O)O,1.0,0.0,Dyn,5.0,11.59,493.5,0.710655500641959,0.0469259062286317
C6,CC(C)(C1=CC=C(C=C1)OCC2CO2)C3=CC=C(C=C3)OCC4CO4,OC(=O)CCCCC(=O)O,OC(=O)CCCCC(=O)O,1.0,0.0,Iso,165.0,30.651159000000025,438.17,0.9517157870007832,0.0044438319046007
C12,CC(C)(C1=CC=C(C=C1)OCC2CO2)C3=CC=C(C=C3)OCC4CO4,OC(=O)CCCCCCCCCCC(=O)O,OC(=O)CCCCCCCCCCC(=O)O,1.0,0.0,Dyn,2.5,29.82468941929526,508.53812903189913,0.8308537263626251,0.0102294598110061
C10,CC(C)(C1=CC=C(C=C1)OCC2CO2)C3=CC=C(C=C3)OCC4CO4,OC(=O)CCCCCCCCC(=O)O,OC(=O)CCCCCCCCC(=O)O,1.0,0.0,Dyn,10.0,10.19,540.3199999999999,0.9213157027957558,0.0422277086963742
C14,CC(C)(C1=CC=C(C=C1)OCC2CO2)C3=CC=C(C=C3)OCC4CO4,OC(=O)CCCCCCCCCCCCC(=O)O,OC(=O)CCCCCCCCCCCCC(=O)O,1.0,0.0,Dyn,10.0,11.66909768250197,553.2949612895289,0.98179208010884,0.0069343601665469
C6,CC(C)(C1=CC=C(C=C1)OCC2CO2)C3=CC=C(C=C3)OCC4CO4,OC(=O)CCCCC(=O)O,OC(=O)CCCCC(=O)O,1.0,0.0,Dyn,5.0,21.61,543.67,0.9460629120799326,0.0101658485579015
C10,CC(C)(C1=CC=C(C=C1)OCC2CO2)C3=CC=C(C=C3)OCC4CO4,OC(=O)CCCCCCCCC(=O)O,OC(=O)CCCCCCCCC(=O)O,1.0,0.0,Dyn,2.5,17.599999999999998,479.13,0.7437161540260995,0.0293778134380402
C10,CC(C)(C1=CC=C(C=C1)OCC2CO2)C3=CC=C(C=C3)OCC4CO4,OC(=O)CCCCCCCCC(=O)O,OC(=O)CCCCCCCCC(=O)O,1.0,0.0,Dyn,10.0,10.79,546.3199999999999,0.9446817016077496,0.03448596210204
C6,CC(C)(C1=CC=C(C=C1)OCC2CO2)C3=CC=C(C=C3)OCC4CO4,OC(=O)CCCCC(=O)O,OC(=O)CCCCC(=O)O,1.0,0.0,Dyn,5.0,11.4,492.67,0.8192221673589125,0.0228005460512941
C14,CC(C)(C1=CC=C(C=C1)OCC2CO2)C3=CC=C(C=C3)OCC4CO4,OC(=O)CCCCCCCCCCCCC(=O)O,OC(=O)CCCCCCCCCCCCC(=O)O,1.0,0.0,Dyn,2.5,2.8607617993320487,441.2996193548301,0.1203118844602423,0.0493050592022545
C8,CC(C)(C1=CC=C(C=C1)OCC2CO2)C3=CC=C(C=C3)OCC4CO4,OC(=O)CCCCCCC(=O)O,OC(=O)CCCCCCC(=O)O,1.0,0.0,Iso,180.0,38.99700000000002,453.17,0.9783271920440588,0.0022585833413642
C14,CC(C)(C1=CC=C(C=C1)OCC2CO2)C3=CC=C(C=C3)OCC4CO4,OC(=O)CCCCCCCCCCCCC(=O)O,OC(=O)CCCCCCCCCCCCC(=O)O,1.0,0.0,Iso,160.0,57.02932045106984,433.15,0.9830607053743984,0.0015510951036505
C6,CC(C)(C1=CC=C(C=C1)OCC2CO2)C3=CC=C(C=C3)OCC4CO4,OC(=O)CCCCC(=O)O,OC(=O)CCCCC(=O)O,1.0,0.0,Iso,165.0,11.94200999999999,438.18,0.7777186635343251,0.0235802790280827
C6,CC(C)(C1=CC=C(C=C1)OCC2CO2)C3=CC=C(C=C3)OCC4CO4,OC(=O)CCCCC(=O)O,OC(=O)CCCCC(=O)O,1.0,0.0,Dyn,2.5,31.65,513.5100000000006,0.8526927000235414,0.0087655987009908
C10,CC(C)(C1=CC=C(C=C1)OCC2CO2)C3=CC=C(C=C3)OCC4CO4,OC(=O)CCCCCCCCC(=O)O,OC(=O)CCCCCCCCC(=O)O,1.0,0.0,Dyn,10.0,4.19,480.32,0.3576883989223488,0.1330172823935792
C8,CC(C)(C1=CC=C(C=C1)OCC2CO2)C3=CC=C(C=C3)OCC4CO4,OC(=O)CCCCCCC(=O)O,OC(=O)CCCCCCC(=O)O,1.0,0.0,Iso,160.0,12.0,433.21,0.3460661412686757,0.0224581304685698
C6,CC(C)(C1=CC=C(C=C1)OCC2CO2)C3=CC=C(C=C3)OCC4CO4,OC(=O)CCCCC(=O)O,OC(=O)CCCCC(=O)O,1.0,0.0,Dyn,2.5,34.25,520.0200000000007,0.8756833102293847,0.0091897405736034
C6,CC(C)(C1=CC=C(C=C1)OCC2CO2)C3=CC=C(C=C3)OCC4CO4,OC(=O)CCCCC(=O)O,OC(=O)CCCCC(=O)O,1.0,0.0,Iso,165.0,33.437628000000004,438.17,0.963090576872879,0.0036721439651294
C6,CC(C)(C1=CC=C(C=C1)OCC2CO2)C3=CC=C(C=C3)OCC4CO4,OC(=O)CCCCC(=O)O,OC(=O)CCCCC(=O)O,1.0,0.0,Iso,170.0,41.26500000000004,443.17,0.9590286935564548,0.0021521642615074
C8,CC(C)(C1=CC=C(C=C1)OCC2CO2)C3=CC=C(C=C3)OCC4CO4,OC(=O)CCCCCCC(=O)O,OC(=O)CCCCCCC(=O)O,1.0,0.0,Dyn,2.5,11.170000000000002,462.15,0.5466340729597593,0.0540616773223017
C12,CC(C)(C1=CC=C(C=C1)OCC2CO2)C3=CC=C(C=C3)OCC4CO4,OC(=O)CCCCCCCCCCC(=O)O,OC(=O)CCCCCCCCCCC(=O)O,1.0,0.0,Dyn,5.0,22.77579669084789,548.9704735482395,0.9823767457467788,0.0057096261121593
C10,CC(C)(C1=CC=C(C=C1)OCC2CO2)C3=CC=C(C=C3)OCC4CO4,OC(=O)CCCCCCCCC(=O)O,OC(=O)CCCCCCCCC(=O)O,1.0,0.0,Dyn,5.0,15.79,514.5,0.866117516515046,0.0296878182262767
C12,CC(C)(C1=CC=C(C=C1)OCC2CO2)C3=CC=C(C=C3)OCC4CO4,OC(=O)CCCCCCCCCCC(=O)O,OC(=O)CCCCCCCCCCC(=O)O,1.0,0.0,Dyn,10.0,3.6854542811411295,473.34831612871017,0.274182535502661,0.1241038276404063
C10,CC(C)(C1=CC=C(C=C1)OCC2CO2)C3=CC=C(C=C3)OCC4CO4,OC(=O)CCCCCCCCC(=O)O,OC(=O)CCCCCCCCC(=O)O,1.0,0.0,Dyn,10.0,7.289999999999999,511.32,0.728616592111301,0.0900857785522649
C14,CC(C)(C1=CC=C(C=C1)OCC2CO2)C3=CC=C(C=C3)OCC4CO4,OC(=O)CCCCCCCCCCCCC(=O)O,OC(=O)CCCCCCCCCCCCC(=O)O,1.0,0.0,Dyn,2.5,3.820897288300992,443.7078258064401,0.1695693581446548,0.0557138681140065
C6,CC(C)(C1=CC=C(C=C1)OCC2CO2)C3=CC=C(C=C3)OCC4CO4,OC(=O)CCCCC(=O)O,OC(=O)CCCCC(=O)O,1.0,0.0,Iso,165.0,41.00090099999996,438.17,0.983868441660141,0.0019672199813191
C8,CC(C)(C1=CC=C(C=C1)OCC2CO2)C3=CC=C(C=C3)OCC4CO4,OC(=O)CCCCCCC(=O)O,OC(=O)CCCCCCC(=O)O,1.0,0.0,Dyn,2.5,5.580000000000001,448.15,0.2415162341732481,0.0510843675567257
C8,CC(C)(C1=CC=C(C=C1)OCC2CO2)C3=CC=C(C=C3)OCC4CO4,OC(=O)CCCCCCC(=O)O,OC(=O)CCCCCCC(=O)O,1.0,0.0,Iso,170.0,56.0,443.17,0.9746261533566656,0.0015908367801464
C10,CC(C)(C1=CC=C(C=C1)OCC2CO2)C3=CC=C(C=C3)OCC4CO4,OC(=O)CCCCCCCCC(=O)O,OC(=O)CCCCCCCCC(=O)O,1.0,0.0,Iso,170.0,16.32863000000001,443.19,0.6206372338998168,0.0213876738842815
C6,CC(C)(C1=CC=C(C=C1)OCC2CO2)C3=CC=C(C=C3)OCC4CO4,OC(=O)CCCCC(=O)O,OC(=O)CCCCC(=O)O,1.0,0.0,Iso,165.0,18.311082000000003,438.17,0.8698512137823022,0.0090492119140688
C14,CC(C)(C1=CC=C(C=C1)OCC2CO2)C3=CC=C(C=C3)OCC4CO4,OC(=O)CCCCCCCCCCCCC(=O)O,OC(=O)CCCCCCCCCCCCC(=O)O,1.0,0.0,Dyn,2.5,5.742925403344607,448.52423870966015,0.2837726914883562,0.0636033544010847
C8,CC(C)(C1=CC=C(C=C1)OCC2CO2)C3=CC=C(C=C3)OCC4CO4,OC(=O)CCCCCCC(=O)O,OC(=O)CCCCCCC(=O)O,1.0,0.0,Dyn,2.5,1.99,439.15,0.0790397392503447,0.0412403609094094
C14,CC(C)(C1=CC=C(C=C1)OCC2CO2)C3=CC=C(C=C3)OCC4CO4,OC(=O)CCCCCCCCCCCCC(=O)O,OC(=O)CCCCCCCCCCCCC(=O)O,1.0,0.0,Iso,170.0,20.86060000000001,443.1925754216867,0.8370753596086417,0.0179164828086754
C14,CC(C)(C1=CC=C(C=C1)OCC2CO2)C3=CC=C(C=C3)OCC4CO4,OC(=O)CCCCCCCCCCCCC(=O)O,OC(=O)CCCCCCCCCCCCC(=O)O,1.0,0.0,Dyn,2.5,0.6285164600337008,435.68047096774,0.0278125898180567,0.0358346178181298
C8,CC(C)(C1=CC=C(C=C1)OCC2CO2)C3=CC=C(C=C3)OCC4CO4,OC(=O)CCCCCCC(=O)O,OC(=O)CCCCCCC(=O)O,1.0,0.0,Iso,180.0,26.43129999999996,453.17,0.9227782400253576,0.0074185775904802
C14,CC(C)(C1=CC=C(C=C1)OCC2CO2)C3=CC=C(C=C3)OCC4CO4,OC(=O)CCCCCCCCCCCCC(=O)O,OC(=O)CCCCCCCCCCCCC(=O)O,1.0,0.0,Iso,160.0,20.16188096755,433.15,0.674055356293201,0.0228893903808512
C14,CC(C)(C1=CC=C(C=C1)OCC2CO2)C3=CC=C(C=C3)OCC4CO4,OC(=O)CCCCCCCCCCCCC(=O)O,OC(=O)CCCCCCCCCCCCC(=O)O,1.0,0.0,Dyn,10.0,10.57187203197306,542.317529031539,0.974604254758018,0.0066498748272857
C12,CC(C)(C1=CC=C(C=C1)OCC2CO2)C3=CC=C(C=C3)OCC4CO4,OC(=O)CCCCCCCCCCC(=O)O,OC(=O)CCCCCCCCCCC(=O)O,1.0,0.0,Iso,170.0,6.912900000000002,443.2110147904192,0.3652582234069654,0.0449146279121817
C6,CC(C)(C1=CC=C(C=C1)OCC2CO2)C3=CC=C(C=C3)OCC4CO4,OC(=O)CCCCC(=O)O,OC(=O)CCCCC(=O)O,1.0,0.0,Iso,180.0,34.031171999999955,453.17,0.9879300471344876,0.0013047840447505
C6,CC(C)(C1=CC=C(C=C1)OCC2CO2)C3=CC=C(C=C3)OCC4CO4,OC(=O)CCCCC(=O)O,OC(=O)CCCCC(=O)O,1.0,0.0,Dyn,2.5,5.199999999999999,447.4800000000001,0.2564669264771279,0.0547496467251653
C8,CC(C)(C1=CC=C(C=C1)OCC2CO2)C3=CC=C(C=C3)OCC4CO4,OC(=O)CCCCCCC(=O)O,OC(=O)CCCCCCC(=O)O,1.0,0.0,Dyn,5.0,6.859999999999999,469.75000000000057,0.4500256477260725,0.0841818052773019
C6,CC(C)(C1=CC=C(C=C1)OCC2CO2)C3=CC=C(C=C3)OCC4CO4,OC(=O)CCCCC(=O)O,OC(=O)CCCCC(=O)O,1.0,0.0,Dyn,5.0,4.989999999999999,460.67,0.4178163757297626,0.0993348630514967
C8,CC(C)(C1=CC=C(C=C1)OCC2CO2)C3=CC=C(C=C3)OCC4CO4,OC(=O)CCCCCCC(=O)O,OC(=O)CCCCCCC(=O)O,1.0,0.0,Dyn,10.0,9.79,537.15,0.9874985442115816,0.013845260482287
C8,CC(C)(C1=CC=C(C=C1)OCC2CO2)C3=CC=C(C=C3)OCC4CO4,OC(=O)CCCCCCC(=O)O,OC(=O)CCCCCCC(=O)O,1.0,0.0,Iso,180.0,11.265799999999988,453.22,0.6268176235191568,0.0374293894380797
C10,CC(C)(C1=CC=C(C=C1)OCC2CO2)C3=CC=C(C=C3)OCC4CO4,OC(=O)CCCCCCCCC(=O)O,OC(=O)CCCCCCCCC(=O)O,1.0,0.0,Iso,165.0,52.06000000000005,438.16,0.920872331087952,0.0038464880791532
C12,CC(C)(C1=CC=C(C=C1)OCC2CO2)C3=CC=C(C=C3)OCC4CO4,OC(=O)CCCCCCCCCCC(=O)O,OC(=O)CCCCCCCCCCC(=O)O,1.0,0.0,Dyn,10.0,8.182803689685082,518.2951870960603,0.9172323422927608,0.0573270085040338
C6,CC(C)(C1=CC=C(C=C1)OCC2CO2)C3=CC=C(C=C3)OCC4CO4,OC(=O)CCCCC(=O)O,OC(=O)CCCCC(=O)O,1.0,0.0,Dyn,2.5,32.02,514.4400000000005,0.855935971542908,0.0087655987009949
C6,CC(C)(C1=CC=C(C=C1)OCC2CO2)C3=CC=C(C=C3)OCC4CO4,OC(=O)CCCCC(=O)O,OC(=O)CCCCC(=O)O,1.0,0.0,Iso,165.0,4.378737000000002,438.21,0.3891501759331767,0.082295030856688
C6,CC(C)(C1=CC=C(C=C1)OCC2CO2)C3=CC=C(C=C3)OCC4CO4,OC(=O)CCCCC(=O)O,OC(=O)CCCCC(=O)O,1.0,0.0,Dyn,2.5,14.9,471.66000000000025,0.6871027646274168,0.0183087908351285
C10,CC(C)(C1=CC=C(C=C1)OCC2CO2)C3=CC=C(C=C3)OCC4CO4,OC(=O)CCCCCCCCC(=O)O,OC(=O)CCCCCCCCC(=O)O,1.0,0.0,Dyn,10.0,9.79,536.3199999999999,0.9028762699983388,0.0485618650008314
C12,CC(C)(C1=CC=C(C=C1)OCC2CO2)C3=CC=C(C=C3)OCC4CO4,OC(=O)CCCCCCCCCCC(=O)O,OC(=O)CCCCCCCCCCC(=O)O,1.0,0.0,Iso,180.0,47.34701999999994,453.1675237125749,0.9218299296180916,0.0033007874766981
C6,CC(C)(C1=CC=C(C=C1)OCC2CO2)C3=CC=C(C=C3)OCC4CO4,OC(=O)CCCCC(=O)O,OC(=O)CCCCC(=O)O,1.0,0.0,Iso,180.0,6.482128,453.24,0.6759801594643408,0.0512156660277662
C12,CC(C)(C1=CC=C(C=C1)OCC2CO2)C3=CC=C(C=C3)OCC4CO4,OC(=O)CCCCCCCCCCC(=O)O,OC(=O)CCCCCCCCCCC(=O)O,1.0,0.0,Dyn,10.0,6.776446157319265,504.31171612844025,0.7542700904155121,0.1753497906038712
C12,CC(C)(C1=CC=C(C=C1)OCC2CO2)C3=CC=C(C=C3)OCC4CO4,OC(=O)CCCCCCCCCCC(=O)O,OC(=O)CCCCCCCCCCC(=O)O,1.0,0.0,Dyn,2.5,6.030861935471721,449.0851612902498,0.2535764424623699,0.0485907186791311
C8,CC(C)(C1=CC=C(C=C1)OCC2CO2)C3=CC=C(C=C3)OCC4CO4,OC(=O)CCCCCCC(=O)O,OC(=O)CCCCCCC(=O)O,1.0,0.0,Iso,160.0,71.0,433.17,0.9252477970588326,0.0030304947138312
C6,CC(C)(C1=CC=C(C=C1)OCC2CO2)C3=CC=C(C=C3)OCC4CO4,OC(=O)CCCCC(=O)O,OC(=O)CCCCC(=O)O,1.0,0.0,Iso,165.0,44.583503999999934,438.17,0.9899765074393108,0.001442627986301
C8,CC(C)(C1=CC=C(C=C1)OCC2CO2)C3=CC=C(C=C3)OCC4CO4,OC(=O)CCCCCCC(=O)O,OC(=O)CCCCCCC(=O)O,1.0,0.0,Dyn,10.0,4.67,486.15,0.4724548542704891,0.151890651761564
C14,CC(C)(C1=CC=C(C=C1)OCC2CO2)C3=CC=C(C=C3)OCC4CO4,OC(=O)CCCCCCCCCCCCC(=O)O,OC(=O)CCCCCCCCCCCCC(=O)O,1.0,0.0,Dyn,2.5,7.345195481321911,452.5379161290102,0.3893502330457901,0.0686913162194392
C6,CC(C)(C1=CC=C(C=C1)OCC2CO2)C3=CC=C(C=C3)OCC4CO4,OC(=O)CCCCC(=O)O,OC(=O)CCCCC(=O)O,1.0,0.0,Dyn,2.5,48.760000000000005,556.2900000000009,0.9864776501974736,0.0042414187262876
C6,CC(C)(C1=CC=C(C=C1)OCC2CO2)C3=CC=C(C=C3)OCC4CO4,OC(=O)CCCCC(=O)O,OC(=O)CCCCC(=O)O,1.0,0.0,Dyn,5.0,12.21,496.67,0.8361555665282174,0.0185889802201637
C6,CC(C)(C1=CC=C(C=C1)OCC2CO2)C3=CC=C(C=C3)OCC4CO4,OC(=O)CCCCC(=O)O,OC(=O)CCCCC(=O)O,1.0,0.0,Iso,170.0,43.23000000000005,443.17,0.9631667500341048,0.0019438903007162
C10,CC(C)(C1=CC=C(C=C1)OCC2CO2)C3=CC=C(C=C3)OCC4CO4,OC(=O)CCCCCCCCC(=O)O,OC(=O)CCCCCCCCC(=O)O,1.0,0.0,Dyn,2.5,8.39,456.13,0.3700139701750972,0.0472231270892407
C10,CC(C)(C1=CC=C(C=C1)OCC2CO2)C3=CC=C(C=C3)OCC4CO4,OC(=O)CCCCCCCCC(=O)O,OC(=O)CCCCCCCCC(=O)O,1.0,0.0,Dyn,10.0,2.89,467.32,0.199183175354783,0.1082085035344608
C6,CC(C)(C1=CC=C(C=C1)OCC2CO2)C3=CC=C(C=C3)OCC4CO4,OC(=O)CCCCC(=O)O,OC(=O)CCCCC(=O)O,1.0,0.0,Dyn,5.0,0.4000000000000003,437.67,0.0256066107060907,0.0655247030119957
C6,CC(C)(C1=CC=C(C=C1)OCC2CO2)C3=CC=C(C=C3)OCC4CO4,OC(=O)CCCCC(=O)O,OC(=O)CCCCC(=O)O,1.0,0.0,Dyn,2.5,19.74000000000037,483.75000000000034,0.7520989720921727,0.010038024318881
C12,CC(C)(C1=CC=C(C=C1)OCC2CO2)C3=CC=C(C=C3)OCC4CO4,OC(=O)CCCCCCCCCCC(=O)O,OC(=O)CCCCCCCCCCC(=O)O,1.0,0.0,Iso,180.0,33.81929999999996,453.16802807228913,0.8647167416637821,0.0052198499631504
C12,CC(C)(C1=CC=C(C=C1)OCC2CO2)C3=CC=C(C=C3)OCC4CO4,OC(=O)CCCCCCCCCCC(=O)O,OC(=O)CCCCCCCCCCC(=O)O,1.0,0.0,Dyn,10.0,1.6934044154837855,453.3719290321101,0.0828937900400619,0.0704383059606606
C12,CC(C)(C1=CC=C(C=C1)OCC2CO2)C3=CC=C(C=C3)OCC4CO4,OC(=O)CCCCCCCCCCC(=O)O,OC(=O)CCCCCCCCCCC(=O)O,1.0,0.0,Dyn,2.5,10.869550193526647,461.17729032244966,0.4888576913407235,0.0432592534208885
C14,CC(C)(C1=CC=C(C=C1)OCC2CO2)C3=CC=C(C=C3)OCC4CO4,OC(=O)CCCCCCCCCCCCC(=O)O,OC(=O)CCCCCCCCCCCCC(=O)O,1.0,0.0,Iso,160.0,0.57605374193,433.15,0.0272614851636985,0.034686217333853
C14,CC(C)(C1=CC=C(C=C1)OCC2CO2)C3=CC=C(C=C3)OCC4CO4,OC(=O)CCCCCCCCCCCCC(=O)O,OC(=O)CCCCCCCCCCCCC(=O)O,1.0,0.0,Dyn,10.0,0.1979628148391392,438.53089677418,0.0144156582621086,0.0397431962568331
C14,CC(C)(C1=CC=C(C=C1)OCC2CO2)C3=CC=C(C=C3)OCC4CO4,OC(=O)CCCCCCCCCCCCC(=O)O,OC(=O)CCCCCCCCCCCCC(=O)O,1.0,0.0,Iso,170.0,5.637999999999998,443.24477508982034,0.3033229113063612,0.0541612196797086
C6,CC(C)(C1=CC=C(C=C1)OCC2CO2)C3=CC=C(C=C3)OCC4CO4,OC(=O)CCCCC(=O)O,OC(=O)CCCCC(=O)O,1.0,0.0,Iso,170.0,1.9650000000000003,443.27,0.2024510026829157,0.0937163398906075
C6,CC(C)(C1=CC=C(C=C1)OCC2CO2)C3=CC=C(C=C3)OCC4CO4,OC(=O)CCCCC(=O)O,OC(=O)CCCCC(=O)O,1.0,0.0,Dyn,5.0,1.0,440.67,0.0659385982747102,0.0742947729194022
C14,CC(C)(C1=CC=C(C=C1)OCC2CO2)C3=CC=C(C=C3)OCC4CO4,OC(=O)CCCCCCCCCCCCC(=O)O,OC(=O)CCCCCCCCCCCCC(=O)O,1.0,0.0,Dyn,2.5,27.93063508619705,503.9129870966908,0.9845118784678256,0.0009559944889161
C6,CC(C)(C1=CC=C(C=C1)OCC2CO2)C3=CC=C(C=C3)OCC4CO4,OC(=O)CCCCC(=O)O,OC(=O)CCCCC(=O)O,1.0,0.0,Iso,170.0,55.67500000000007,443.17,0.9819016870537948,0.0011107944575522
C8,CC(C)(C1=CC=C(C=C1)OCC2CO2)C3=CC=C(C=C3)OCC4CO4,OC(=O)CCCCCCC(=O)O,OC(=O)CCCCCCC(=O)O,1.0,0.0,Dyn,10.0,0.1,440.15,0.0124905831868043,0.0406631228229347
C12,CC(C)(C1=CC=C(C=C1)OCC2CO2)C3=CC=C(C=C3)OCC4CO4,OC(=O)CCCCCCCCCCC(=O)O,OC(=O)CCCCCCCCCCC(=O)O,1.0,0.0,Dyn,10.0,2.589854906371078,462.36130322558006,0.155429523886323,0.0947192722321112
C14,CC(C)(C1=CC=C(C=C1)OCC2CO2)C3=CC=C(C=C3)OCC4CO4,OC(=O)CCCCCCCCCCCCC(=O)O,OC(=O)CCCCCCCCCCCCC(=O)O,1.0,0.0,Dyn,10.0,11.469516150448165,551.299064515349,0.9804390902884046,0.0066930422656073
C8,CC(C)(C1=CC=C(C=C1)OCC2CO2)C3=CC=C(C=C3)OCC4CO4,OC(=O)CCCCCCC(=O)O,OC(=O)CCCCCCC(=O)O,1.0,0.0,Dyn,5.0,8.62,478.5500000000007,0.5988308508270296,0.0824175159451461
C12,CC(C)(C1=CC=C(C=C1)OCC2CO2)C3=CC=C(C=C3)OCC4CO4,OC(=O)CCCCCCCCCCC(=O)O,OC(=O)CCCCCCCCCCC(=O)O,1.0,0.0,Dyn,2.5,52.398016774088255,564.9680645154986,0.980186318131257,0.003780107137536
C14,CC(C)(C1=CC=C(C=C1)OCC2CO2)C3=CC=C(C=C3)OCC4CO4,OC(=O)CCCCCCCCCCCCC(=O)O,OC(=O)CCCCCCCCCCCCC(=O)O,1.0,0.0,Dyn,10.0,3.971874264638671,476.4529354835996,0.3785057326706161,0.1740026579758612
C14,CC(C)(C1=CC=C(C=C1)OCC2CO2)C3=CC=C(C=C3)OCC4CO4,OC(=O)CCCCCCCCCCCCC(=O)O,OC(=O)CCCCCCCCCCCCC(=O)O,1.0,0.0,Dyn,5.0,11.974784748480904,495.3625999998488,0.9327565631976112,0.0391858006711249
C12,CC(C)(C1=CC=C(C=C1)OCC2CO2)C3=CC=C(C=C3)OCC4CO4,OC(=O)CCCCCCCCCCC(=O)O,OC(=O)CCCCCCCCCCC(=O)O,1.0,0.0,Dyn,2.5,45.95087270958509,548.8452258058987,0.950674360400445,0.0050242183401593
C10,CC(C)(C1=CC=C(C=C1)OCC2CO2)C3=CC=C(C=C3)OCC4CO4,OC(=O)CCCCCCCCC(=O)O,OC(=O)CCCCCCCCC(=O)O,1.0,0.0,Iso,170.0,2.10692,443.23,0.1183133187666783,0.0519390273166681
C6,CC(C)(C1=CC=C(C=C1)OCC2CO2)C3=CC=C(C=C3)OCC4CO4,OC(=O)CCCCC(=O)O,OC(=O)CCCCC(=O)O,1.0,0.0,Dyn,5.0,6.79,469.67,0.5904034389613407,0.0871358447820156
C6,CC(C)(C1=CC=C(C=C1)OCC2CO2)C3=CC=C(C=C3)OCC4CO4,OC(=O)CCCCC(=O)O,OC(=O)CCCCC(=O)O,1.0,0.0,Dyn,10.0,9.31,531.41,0.9333228048010108,0.0176879343019584
C6,CC(C)(C1=CC=C(C=C1)OCC2CO2)C3=CC=C(C=C3)OCC4CO4,OC(=O)CCCCC(=O)O,OC(=O)CCCCC(=O)O,1.0,0.0,Dyn,5.0,9.8,484.67,0.7723140375845943,0.0354352435446856
C6,CC(C)(C1=CC=C(C=C1)OCC2CO2)C3=CC=C(C=C3)OCC4CO4,OC(=O)CCCCC(=O)O,OC(=O)CCCCC(=O)O,1.0,0.0,Iso,170.0,17.685000000000002,443.18,0.8379337001500614,0.011593917150701
C10,CC(C)(C1=CC=C(C=C1)OCC2CO2)C3=CC=C(C=C3)OCC4CO4,OC(=O)CCCCCCCCC(=O)O,OC(=O)CCCCCCCCC(=O)O,1.0,0.0,Iso,180.0,22.41718,453.18,0.8209037194279419,0.012153495845793
C10,CC(C)(C1=CC=C(C=C1)OCC2CO2)C3=CC=C(C=C3)OCC4CO4,OC(=O)CCCCCCCCC(=O)O,OC(=O)CCCCCCCCC(=O)O,1.0,0.0,Dyn,2.5,15.989999999999998,475.13,0.6923391407577125,0.0337503252055624
C12,CC(C)(C1=CC=C(C=C1)OCC2CO2)C3=CC=C(C=C3)OCC4CO4,OC(=O)CCCCCCCCCCC(=O)O,OC(=O)CCCCCCCCCCC(=O)O,1.0,0.0,Dyn,10.0,5.47980514784855,491.3270645156503,0.5293064335570635,0.1593937831598202
C6,CC(C)(C1=CC=C(C=C1)OCC2CO2)C3=CC=C(C=C3)OCC4CO4,OC(=O)CCCCC(=O)O,OC(=O)CCCCC(=O)O,1.0,0.0,Dyn,5.0,23.41,552.67,0.9636643527258996,0.0091492637021123
C6,CC(C)(C1=CC=C(C=C1)OCC2CO2)C3=CC=C(C=C3)OCC4CO4,OC(=O)CCCCC(=O)O,OC(=O)CCCCC(=O)O,1.0,0.0,Dyn,2.5,25.700000000000003,498.6300000000005,0.8038082284937108,0.0080586955799471
C14,CC(C)(C1=CC=C(C=C1)OCC2CO2)C3=CC=C(C=C3)OCC4CO4,OC(=O)CCCCCCCCCCCCC(=O)O,OC(=O)CCCCCCCCCCCCC(=O)O,1.0,0.0,Dyn,5.0,0.8935502382280922,439.9419806451499,0.0420401612374284,0.0451110300856275
C10,CC(C)(C1=CC=C(C=C1)OCC2CO2)C3=CC=C(C=C3)OCC4CO4,OC(=O)CCCCCCCCC(=O)O,OC(=O)CCCCCCCCC(=O)O,1.0,0.0,Iso,180.0,11.69592,453.19,0.6187230926515336,0.0277846316631154
C14,CC(C)(C1=CC=C(C=C1)OCC2CO2)C3=CC=C(C=C3)OCC4CO4,OC(=O)CCCCCCCCCCCCC(=O)O,OC(=O)CCCCCCCCCCCCC(=O)O,1.0,0.0,Dyn,10.0,1.688168735261332,453.5001225805298,0.1001162747319364,0.0797999438062015
C14,CC(C)(C1=CC=C(C=C1)OCC2CO2)C3=CC=C(C=C3)OCC4CO4,OC(=O)CCCCCCCCCCCCC(=O)O,OC(=O)CCCCCCCCCCCCC(=O)O,1.0,0.0,Dyn,5.0,10.941440478142177,490.20719354824894,0.8833267058956253,0.0547699977131506
C6,CC(C)(C1=CC=C(C=C1)OCC2CO2)C3=CC=C(C=C3)OCC4CO4,OC(=O)CCCCC(=O)O,OC(=O)CCCCC(=O)O,1.0,0.0,Iso,170.0,60.91500000000008,443.17,0.9870856259378836,0.0008330958431641
C12,CC(C)(C1=CC=C(C=C1)OCC2CO2)C3=CC=C(C=C3)OCC4CO4,OC(=O)CCCCCCCCCCC(=O)O,OC(=O)CCCCCCCCCCC(=O)O,1.0,0.0,Iso,180.0,81.91786000000008,453.1659767065868,0.9866158993884852,0.0009211499934968
C8,CC(C)(C1=CC=C(C=C1)OCC2CO2)C3=CC=C(C=C3)OCC4CO4,OC(=O)CCCCCCC(=O)O,OC(=O)CCCCCCC(=O)O,1.0,0.0,Dyn,5.0,12.95,500.150000000001,0.9004335917462797,0.0438551919708096
C6,CC(C)(C1=CC=C(C=C1)OCC2CO2)C3=CC=C(C=C3)OCC4CO4,OC(=O)CCCCC(=O)O,OC(=O)CCCCC(=O)O,1.0,0.0,Dyn,2.5,0.7399999999999998,436.32,0.0341040462427747,0.0467475033949022
C10,CC(C)(C1=CC=C(C=C1)OCC2CO2)C3=CC=C(C=C3)OCC4CO4,OC(=O)CCCCCCCCC(=O)O,OC(=O)CCCCCCCCC(=O)O,1.0,0.0,Iso,165.0,76.72000000000013,438.16,0.9835322229111242,0.001322230277209
C6,CC(C)(C1=CC=C(C=C1)OCC2CO2)C3=CC=C(C=C3)OCC4CO4,OC(=O)CCCCC(=O)O,OC(=O)CCCCC(=O)O,1.0,0.0,Dyn,10.0,10.41,542.41,0.9517845862286796,0.0164245104232486
C12,CC(C)(C1=CC=C(C=C1)OCC2CO2)C3=CC=C(C=C3)OCC4CO4,OC(=O)CCCCCCCCCCC(=O)O,OC(=O)CCCCCCCCCCC(=O)O,1.0,0.0,Iso,180.0,23.297739999999983,453.17052413173656,0.7935848621206877,0.0084105803623116
C8,CC(C)(C1=CC=C(C=C1)OCC2CO2)C3=CC=C(C=C3)OCC4CO4,OC(=O)CCCCCCC(=O)O,OC(=O)CCCCCCC(=O)O,1.0,0.0,Iso,170.0,49.7,443.17,0.9623767101495386,0.0023294395709284
C12,CC(C)(C1=CC=C(C=C1)OCC2CO2)C3=CC=C(C=C3)OCC4CO4,OC(=O)CCCCCCCCCCC(=O)O,OC(=O)CCCCCCCCCCC(=O)O,1.0,0.0,Iso,180.0,25.55235999999998,453.1707677245509,0.8118726202838351,0.0075227249468935
C10,CC(C)(C1=CC=C(C=C1)OCC2CO2)C3=CC=C(C=C3)OCC4CO4,OC(=O)CCCCCCCCC(=O)O,OC(=O)CCCCCCCCC(=O)O,1.0,0.0,Dyn,5.0,3.99,455.5,0.2098188149261411,0.0660474149571697
C10,CC(C)(C1=CC=C(C=C1)OCC2CO2)C3=CC=C(C=C3)OCC4CO4,OC(=O)CCCCCCCCC(=O)O,OC(=O)CCCCCCCCC(=O)O,1.0,0.0,Iso,170.0,36.871100000000034,443.18,0.8915603065349662,0.0075064417863199
C12,CC(C)(C1=CC=C(C=C1)OCC2CO2)C3=CC=C(C=C3)OCC4CO4,OC(=O)CCCCCCCCCCC(=O)O,OC(=O)CCCCCCCCCCC(=O)O,1.0,0.0,Dyn,10.0,5.978054238576689,496.3211612898002,0.6111091519031988,0.1726498725806811
C8,CC(C)(C1=CC=C(C=C1)OCC2CO2)C3=CC=C(C=C3)OCC4CO4,OC(=O)CCCCCCC(=O)O,OC(=O)CCCCCCC(=O)O,1.0,0.0,Dyn,5.0,8.139999999999999,476.1500000000007,0.5583832576806177,0.0844338466104508
C10,CC(C)(C1=CC=C(C=C1)OCC2CO2)C3=CC=C(C=C3)OCC4CO4,OC(=O)CCCCCCCCC(=O)O,OC(=O)CCCCCCCCC(=O)O,1.0,0.0,Iso,180.0,14.13257,453.19,0.6807178725434836,0.0220795183080759
C12,CC(C)(C1=CC=C(C=C1)OCC2CO2)C3=CC=C(C=C3)OCC4CO4,OC(=O)CCCCCCCCCCC(=O)O,OC(=O)CCCCCCCCCCC(=O)O,1.0,0.0,Iso,180.0,24.80081999999998,453.1709852694611,0.8059882312218761,0.0078297749447254
C14,CC(C)(C1=CC=C(C=C1)OCC2CO2)C3=CC=C(C=C3)OCC4CO4,OC(=O)CCCCCCCCCCCCC(=O)O,OC(=O)CCCCCCCCCCCCC(=O)O,1.0,0.0,Dyn,10.0,0.297700440595257,439.52884516126994,0.0183795502967246,0.0437025056349374
C6,CC(C)(C1=CC=C(C=C1)OCC2CO2)C3=CC=C(C=C3)OCC4CO4,OC(=O)CCCCC(=O)O,OC(=O)CCCCC(=O)O,1.0,0.0,Dyn,2.5,9.66,458.64000000000016,0.5166479219522416,0.0494199692467385
C6,CC(C)(C1=CC=C(C=C1)OCC2CO2)C3=CC=C(C=C3)OCC4CO4,OC(=O)CCCCC(=O)O,OC(=O)CCCCC(=O)O,1.0,0.0,Iso,165.0,22.68981900000001,438.17,0.9051935212738188,0.0070566410245909
C8,CC(C)(C1=CC=C(C=C1)OCC2CO2)C3=CC=C(C=C3)OCC4CO4,OC(=O)CCCCCCC(=O)O,OC(=O)CCCCCCC(=O)O,1.0,0.0,Iso,160.0,92.0,433.17,0.9705969858122336,0.0014070154028503
C12,CC(C)(C1=CC=C(C=C1)OCC2CO2)C3=CC=C(C=C3)OCC4CO4,OC(=O)CCCCCCCCCCC(=O)O,OC(=O)CCCCCCCCCCC(=O)O,1.0,0.0,Dyn,2.5,45.544593032167086,547.8375483865486,0.948614948507191,0.0050689512858285
C8,CC(C)(C1=CC=C(C=C1)OCC2CO2)C3=CC=C(C=C3)OCC4CO4,OC(=O)CCCCCCC(=O)O,OC(=O)CCCCCCC(=O)O,1.0,0.0,Dyn,10.0,9.39,533.15,0.9801076183953018,0.021378711038826
C12,CC(C)(C1=CC=C(C=C1)OCC2CO2)C3=CC=C(C=C3)OCC4CO4,OC(=O)CCCCCCCCCCC(=O)O,OC(=O)CCCCCCCCCCC(=O)O,1.0,0.0,Iso,180.0,6.763860000000001,453.1914196385542,0.5081386814130875,0.036290516920147
C6,CC(C)(C1=CC=C(C=C1)OCC2CO2)C3=CC=C(C=C3)OCC4CO4,OC(=O)CCCCC(=O)O,OC(=O)CCCCC(=O)O,1.0,0.0,Iso,180.0,11.74885699999999,453.19,0.8593403682657152,0.0202799648311506
C8,CC(C)(C1=CC=C(C=C1)OCC2CO2)C3=CC=C(C=C3)OCC4CO4,OC(=O)CCCCCCC(=O)O,OC(=O)CCCCCCC(=O)O,1.0,0.0,Iso,170.0,51.1,443.17,0.9655583837098314,0.0021021771737648
C8,CC(C)(C1=CC=C(C=C1)OCC2CO2)C3=CC=C(C=C3)OCC4CO4,OC(=O)CCCCCCC(=O)O,OC(=O)CCCCCCC(=O)O,1.0,0.0,Iso,170.0,70.0,443.17,0.989858415526567,0.0006817871914913
C8,CC(C)(C1=CC=C(C=C1)OCC2CO2)C3=CC=C(C=C3)OCC4CO4,OC(=O)CCCCCCC(=O)O,OC(=O)CCCCCCC(=O)O,1.0,0.0,Dyn,10.0,5.67,496.15,0.6260761635923402,0.1561663939693308
C6,CC(C)(C1=CC=C(C=C1)OCC2CO2)C3=CC=C(C=C3)OCC4CO4,OC(=O)CCCCC(=O)O,OC(=O)CCCCC(=O)O,1.0,0.0,Iso,180.0,3.241064000000001,453.32,0.4222952997665301,0.1005720147917629
C12,CC(C)(C1=CC=C(C=C1)OCC2CO2)C3=CC=C(C=C3)OCC4CO4,OC(=O)CCCCCCCCCCC(=O)O,OC(=O)CCCCCCCCCCC(=O)O,1.0,0.0,Dyn,10.0,3.0878620970396784,467.3553999997301,0.2053742260744715,0.108526891864585
C8,CC(C)(C1=CC=C(C=C1)OCC2CO2)C3=CC=C(C=C3)OCC4CO4,OC(=O)CCCCCCC(=O)O,OC(=O)CCCCCCC(=O)O,1.0,0.0,Dyn,5.0,6.059999999999999,465.7500000000005,0.3835310950449958,0.0824931283450926
C12,CC(C)(C1=CC=C(C=C1)OCC2CO2)C3=CC=C(C=C3)OCC4CO4,OC(=O)CCCCCCCCCCC(=O)O,OC(=O)CCCCCCCCCCC(=O)O,1.0,0.0,Dyn,10.0,6.976970740838679,506.30935483810026,0.7887416992896794,0.1601466499297089
C14,CC(C)(C1=CC=C(C=C1)OCC2CO2)C3=CC=C(C=C3)OCC4CO4,OC(=O)CCCCCCCCCCCCC(=O)O,OC(=O)CCCCCCCCCCCCC(=O)O,1.0,0.0,Iso,180.0,16.471279999999986,453.1742791566265,0.9471821957848316,0.0139474168750212
C6,CC(C)(C1=CC=C(C=C1)OCC2CO2)C3=CC=C(C=C3)OCC4CO4,OC(=O)CCCCC(=O)O,OC(=O)CCCCC(=O)O,1.0,0.0,Dyn,2.5,17.14,477.2400000000003,0.7222294876154117,0.0129363271151775
C10,CC(C)(C1=CC=C(C=C1)OCC2CO2)C3=CC=C(C=C3)OCC4CO4,OC(=O)CCCCCCCCC(=O)O,OC(=O)CCCCCCCCC(=O)O,1.0,0.0,Iso,170.0,33.18399000000003,443.18,0.8606423544830706,0.0091061752817651
C10,CC(C)(C1=CC=C(C=C1)OCC2CO2)C3=CC=C(C=C3)OCC4CO4,OC(=O)CCCCCCCCC(=O)O,OC(=O)CCCCCCCCC(=O)O,1.0,0.0,Dyn,10.0,8.19,520.3199999999999,0.8030781184459076,0.0742503877911251
C12,CC(C)(C1=CC=C(C=C1)OCC2CO2)C3=CC=C(C=C3)OCC4CO4,OC(=O)CCCCCCCCCCC(=O)O,OC(=O)CCCCCCCCCCC(=O)O,1.0,0.0,Iso,180.0,28.558519999999973,453.1684227710844,0.8333333333333333,0.0065248124539383
C8,CC(C)(C1=CC=C(C=C1)OCC2CO2)C3=CC=C(C=C3)OCC4CO4,OC(=O)CCCCCCC(=O)O,OC(=O)CCCCCCC(=O)O,1.0,0.0,Dyn,10.0,4.17,481.15,0.3976212213637256,0.1471466139786634
C12,CC(C)(C1=CC=C(C=C1)OCC2CO2)C3=CC=C(C=C3)OCC4CO4,OC(=O)CCCCCCCCCCC(=O)O,OC(=O)CCCCCCCCCCC(=O)O,1.0,0.0,Dyn,2.5,49.57739187086812,557.9143225800485,0.9682981090100112,0.0045721821388286
C8,CC(C)(C1=CC=C(C=C1)OCC2CO2)C3=CC=C(C=C3)OCC4CO4,OC(=O)CCCCCCC(=O)O,OC(=O)CCCCCCC(=O)O,1.0,0.0,Iso,160.0,61.0,433.17,0.8887014739027503,0.0042210462085504
C12,CC(C)(C1=CC=C(C=C1)OCC2CO2)C3=CC=C(C=C3)OCC4CO4,OC(=O)CCCCCCCCCCC(=O)O,OC(=O)CCCCCCCCCCC(=O)O,1.0,0.0,Dyn,10.0,9.88324677930757,535.2751161281703,0.9727134724857686,0.0155875990275645
C10,CC(C)(C1=CC=C(C=C1)OCC2CO2)C3=CC=C(C=C3)OCC4CO4,OC(=O)CCCCCCCCC(=O)O,OC(=O)CCCCCCCCC(=O)O,1.0,0.0,Iso,165.0,0.0,438.1,0.0130635664429519,0.0432404039242809
C6,CC(C)(C1=CC=C(C=C1)OCC2CO2)C3=CC=C(C=C3)OCC4CO4,OC(=O)CCCCC(=O)O,OC(=O)CCCCC(=O)O,1.0,0.0,Dyn,10.0,10.71,545.41,0.9566329753632344,0.0162665824384079
C6,CC(C)(C1=CC=C(C=C1)OCC2CO2)C3=CC=C(C=C3)OCC4CO4,OC(=O)CCCCC(=O)O,OC(=O)CCCCC(=O)O,1.0,0.0,Dyn,10.0,5.4,492.41,0.806222362602653,0.0811749842072032
C12,CC(C)(C1=CC=C(C=C1)OCC2CO2)C3=CC=C(C=C3)OCC4CO4,OC(=O)CCCCCCCCCCC(=O)O,OC(=O)CCCCCCCCCCC(=O)O,1.0,0.0,Dyn,5.0,3.3794546018956475,452.03831096771984,0.1508155604460659,0.0619962172532405
C12,CC(C)(C1=CC=C(C=C1)OCC2CO2)C3=CC=C(C=C3)OCC4CO4,OC(=O)CCCCCCCCCCC(=O)O,OC(=O)CCCCCCCCCCC(=O)O,1.0,0.0,Dyn,2.5,12.486335999974887,465.2079999998496,0.5526209677414128,0.0332416059790694
C12,CC(C)(C1=CC=C(C=C1)OCC2CO2)C3=CC=C(C=C3)OCC4CO4,OC(=O)CCCCCCCCCCC(=O)O,OC(=O)CCCCCCCCCCC(=O)O,1.0,0.0,Dyn,2.5,47.56266122571088,552.8759354832987,0.9587041156840934,0.0049172524889292
C10,CC(C)(C1=CC=C(C=C1)OCC2CO2)C3=CC=C(C=C3)OCC4CO4,OC(=O)CCCCCCCCC(=O)O,OC(=O)CCCCCCCCC(=O)O,1.0,0.0,Dyn,2.5,21.6,489.13,0.8444478938703943,0.0202228669247904
C10,CC(C)(C1=CC=C(C=C1)OCC2CO2)C3=CC=C(C=C3)OCC4CO4,OC(=O)CCCCCCCCC(=O)O,OC(=O)CCCCCCCCC(=O)O,1.0,0.0,Dyn,2.5,14.79,472.13,0.6491059306563358,0.0371663500239395
C14,CC(C)(C1=CC=C(C=C1)OCC2CO2)C3=CC=C(C=C3)OCC4CO4,OC(=O)CCCCCCCCCCCCC(=O)O,OC(=O)CCCCCCCCCCCCC(=O)O,1.0,0.0,Dyn,2.5,3.500778724073931,442.9050903225701,0.152497555789751,0.0533296230292808
C10,CC(C)(C1=CC=C(C=C1)OCC2CO2)C3=CC=C(C=C3)OCC4CO4,OC(=O)CCCCCCCCC(=O)O,OC(=O)CCCCCCCCC(=O)O,1.0,0.0,Iso,170.0,0.5267300000000001,443.19,0.0357949271224331,0.0517926603157843
C12,CC(C)(C1=CC=C(C=C1)OCC2CO2)C3=CC=C(C=C3)OCC4CO4,OC(=O)CCCCCCCCCCC(=O)O,OC(=O)CCCCCCCCCCC(=O)O,1.0,0.0,Iso,180.0,30.81313999999997,453.1690603592814,0.8476404753663321,0.0059874749577313
C12,CC(C)(C1=CC=C(C=C1)OCC2CO2)C3=CC=C(C=C3)OCC4CO4,OC(=O)CCCCCCCCCCC(=O)O,OC(=O)CCCCCCCCCCC(=O)O,1.0,0.0,Iso,160.0,48.52693683873005,433.15,0.8868386275757427,0.0064178479130703
C12,CC(C)(C1=CC=C(C=C1)OCC2CO2)C3=CC=C(C=C3)OCC4CO4,OC(=O)CCCCCCCCCCC(=O)O,OC(=O)CCCCCCCCCCC(=O)O,1.0,0.0,Iso,180.0,12.776180000000004,453.1780741317365,0.6633037144817324,0.017802924350368
C10,CC(C)(C1=CC=C(C=C1)OCC2CO2)C3=CC=C(C=C3)OCC4CO4,OC(=O)CCCCCCCCC(=O)O,OC(=O)CCCCCCCCC(=O)O,1.0,0.0,Dyn,5.0,22.19,546.5,0.98806102793911,0.0076613724454898
C14,CC(C)(C1=CC=C(C=C1)OCC2CO2)C3=CC=C(C=C3)OCC4CO4,OC(=O)CCCCCCCCCCCCC(=O)O,OC(=O)CCCCCCCCCCCCC(=O)O,1.0,0.0,Iso,160.0,36.29138574158996,433.15,0.9031966077070672,0.0077554755182532
C8,CC(C)(C1=CC=C(C=C1)OCC2CO2)C3=CC=C(C=C3)OCC4CO4,OC(=O)CCCCCCC(=O)O,OC(=O)CCCCCCC(=O)O,1.0,0.0,Dyn,5.0,8.459999999999999,477.7500000000007,0.5854827418225779,0.0834256812778231
C6,CC(C)(C1=CC=C(C=C1)OCC2CO2)C3=CC=C(C=C3)OCC4CO4,OC(=O)CCCCC(=O)O,OC(=O)CCCCC(=O)O,1.0,0.0,Dyn,10.0,6.0,498.41,0.846193935565382,0.0503790271636141
C14,CC(C)(C1=CC=C(C=C1)OCC2CO2)C3=CC=C(C=C3)OCC4CO4,OC(=O)CCCCCCCCCCCCC(=O)O,OC(=O)CCCCCCCCCCCCC(=O)O,1.0,0.0,Iso,170.0,12.967400000000003,443.217184251497,0.6310743776919301,0.0350349882316477
C10,CC(C)(C1=CC=C(C=C1)OCC2CO2)C3=CC=C(C=C3)OCC4CO4,OC(=O)CCCCCCCCC(=O)O,OC(=O)CCCCCCCCC(=O)O,1.0,0.0,Dyn,5.0,19.19,531.5,0.9498818552524132,0.0175573118542502
C12,CC(C)(C1=CC=C(C=C1)OCC2CO2)C3=CC=C(C=C3)OCC4CO4,OC(=O)CCCCCCCCCCC(=O)O,OC(=O)CCCCCCCCCCC(=O)O,1.0,0.0,Dyn,2.5,16.522467290289374,475.2847741933495,0.6549109225297189,0.0189588329125649
C12,CC(C)(C1=CC=C(C=C1)OCC2CO2)C3=CC=C(C=C3)OCC4CO4,OC(=O)CCCCCCCCCCC(=O)O,OC(=O)CCCCCCCCCCC(=O)O,1.0,0.0,Iso,170.0,29.95590000000001,443.1723900598802,0.8285072822520292,0.0082442300076917
C6,CC(C)(C1=CC=C(C=C1)OCC2CO2)C3=CC=C(C=C3)OCC4CO4,OC(=O)CCCCC(=O)O,OC(=O)CCCCC(=O)O,1.0,0.0,Iso,170.0,24.235000000000014,443.17,0.8951389204674639,0.0062482188237312
C6,CC(C)(C1=CC=C(C=C1)OCC2CO2)C3=CC=C(C=C3)OCC4CO4,OC(=O)CCCCC(=O)O,OC(=O)CCCCC(=O)O,1.0,0.0,Dyn,2.5,16.76000000000031,476.3100000000003,0.7172338032589658,0.0131465377801317
C8,CC(C)(C1=CC=C(C=C1)OCC2CO2)C3=CC=C(C=C3)OCC4CO4,OC(=O)CCCCCCC(=O)O,OC(=O)CCCCCCC(=O)O,1.0,0.0,Dyn,10.0,1.69,456.15,0.1058730780538776,0.0819313649716542
C14,CC(C)(C1=CC=C(C=C1)OCC2CO2)C3=CC=C(C=C3)OCC4CO4,OC(=O)CCCCCCCCCCCCC(=O)O,OC(=O)CCCCCCCCCCCCC(=O)O,1.0,0.0,Dyn,10.0,9.674176962895809,533.3359935477291,0.9681353197875076,0.0084937131403905
C12,CC(C)(C1=CC=C(C=C1)OCC2CO2)C3=CC=C(C=C3)OCC4CO4,OC(=O)CCCCCCCCCCC(=O)O,OC(=O)CCCCCCCCCCC(=O)O,1.0,0.0,Dyn,10.0,10.182814665413485,538.2715741926604,0.9771042623186796,0.0125181974417746
C12,CC(C)(C1=CC=C(C=C1)OCC2CO2)C3=CC=C(C=C3)OCC4CO4,OC(=O)CCCCCCCCCCC(=O)O,OC(=O)CCCCCCCCCCC(=O)O,1.0,0.0,Dyn,2.5,3.211907032251585,442.0314193547999,0.1234669794392373,0.0439023352065566
C10,CC(C)(C1=CC=C(C=C1)OCC2CO2)C3=CC=C(C=C3)OCC4CO4,OC(=O)CCCCCCCCC(=O)O,OC(=O)CCCCCCCCC(=O)O,1.0,0.0,Dyn,10.0,5.49,493.32,0.5309064599948764,0.1252755357992445
C14,CC(C)(C1=CC=C(C=C1)OCC2CO2)C3=CC=C(C=C3)OCC4CO4,OC(=O)CCCCCCCCCCCCC(=O)O,OC(=O)CCCCCCCCCCCCC(=O)O,1.0,0.0,Iso,180.0,5.29434,453.21384748502993,0.4629102085045846,0.0743818038675201
C8,CC(C)(C1=CC=C(C=C1)OCC2CO2)C3=CC=C(C=C3)OCC4CO4,OC(=O)CCCCCCC(=O)O,OC(=O)CCCCCCC(=O)O,1.0,0.0,Dyn,2.5,15.580000000000002,473.15,0.7791462955998496,0.0524946721825249
C6,CC(C)(C1=CC=C(C=C1)OCC2CO2)C3=CC=C(C=C3)OCC4CO4,OC(=O)CCCCC(=O)O,OC(=O)CCCCC(=O)O,1.0,0.0,Iso,165.0,0.7961340000000003,438.18,0.0676815557295745,0.0955701827672673
C14,CC(C)(C1=CC=C(C=C1)OCC2CO2)C3=CC=C(C=C3)OCC4CO4,OC(=O)CCCCCCCCCCCCC(=O)O,OC(=O)CCCCCCCCCCCCC(=O)O,1.0,0.0,Dyn,5.0,11.070604368317149,490.8516193546989,0.8904010118651302,0.052797988802253
C8,CC(C)(C1=CC=C(C=C1)OCC2CO2)C3=CC=C(C=C3)OCC4CO4,OC(=O)CCCCCCC(=O)O,OC(=O)CCCCCCC(=O)O,1.0,0.0,Iso,160.0,111.0,433.17,0.989429345819613,0.0006133144063705
C12,CC(C)(C1=CC=C(C=C1)OCC2CO2)C3=CC=C(C=C3)OCC4CO4,OC(=O)CCCCCCCCCCC(=O)O,OC(=O)CCCCCCCCCCC(=O)O,1.0,0.0,Dyn,5.0,12.17830311311583,496.0075393547594,0.76653531787157,0.0376306092101131
C6,CC(C)(C1=CC=C(C=C1)OCC2CO2)C3=CC=C(C=C3)OCC4CO4,OC(=O)CCCCC(=O)O,OC(=O)CCCCC(=O)O,1.0,0.0,Dyn,5.0,22.21,546.67,0.9521043306514856,0.0098753957419617
C14,CC(C)(C1=CC=C(C=C1)OCC2CO2)C3=CC=C(C=C3)OCC4CO4,OC(=O)CCCCCCCCCCCCC(=O)O,OC(=O)CCCCCCCCCCCCC(=O)O,1.0,0.0,Dyn,10.0,0.9931613743921116,446.5144838708999,0.0531819162971538,0.0591693561116853
C12,CC(C)(C1=CC=C(C=C1)OCC2CO2)C3=CC=C(C=C3)OCC4CO4,OC(=O)CCCCCCCCCCC(=O)O,OC(=O)CCCCCCCCCCC(=O)O,1.0,0.0,Dyn,10.0,9.28365415413476,529.2821999991904,0.9607286527496872,0.0239085948086662
C8,CC(C)(C1=CC=C(C=C1)OCC2CO2)C3=CC=C(C=C3)OCC4CO4,OC(=O)CCCCCCC(=O)O,OC(=O)CCCCCCC(=O)O,1.0,0.0,Iso,180.0,36.83050000000001,453.17,0.9727405998652878,0.0028346592543436
C10,CC(C)(C1=CC=C(C=C1)OCC2CO2)C3=CC=C(C=C3)OCC4CO4,OC(=O)CCCCCCCCC(=O)O,OC(=O)CCCCCCCCC(=O)O,1.0,0.0,Dyn,5.0,13.79,504.5,0.801059695498752,0.0354338475603955
C8,CC(C)(C1=CC=C(C=C1)OCC2CO2)C3=CC=C(C=C3)OCC4CO4,OC(=O)CCCCCCC(=O)O,OC(=O)CCCCCCC(=O)O,1.0,0.0,Dyn,5.0,5.58,463.3500000000005,0.344462672073666,0.0808044514128819
C10,CC(C)(C1=CC=C(C=C1)OCC2CO2)C3=CC=C(C=C3)OCC4CO4,OC(=O)CCCCCCCCC(=O)O,OC(=O)CCCCCCCCC(=O)O,1.0,0.0,Iso,165.0,67.8150000000001,438.16,0.968052512447581,0.0020434467920503
C6,CC(C)(C1=CC=C(C=C1)OCC2CO2)C3=CC=C(C=C3)OCC4CO4,OC(=O)CCCCC(=O)O,OC(=O)CCCCC(=O)O,1.0,0.0,Dyn,2.5,0.3700000000000001,435.39,0.0169029372531582,0.0464894837557203
C12,CC(C)(C1=CC=C(C=C1)OCC2CO2)C3=CC=C(C=C3)OCC4CO4,OC(=O)CCCCCCCCCCC(=O)O,OC(=O)CCCCCCCCCCC(=O)O,1.0,0.0,Dyn,10.0,4.682200824485379,483.3365096770102,0.4081585751831148,0.1457578884548002
C12,CC(C)(C1=CC=C(C=C1)OCC2CO2)C3=CC=C(C=C3)OCC4CO4,OC(=O)CCCCCCCCCCC(=O)O,OC(=O)CCCCCCCCCCC(=O)O,1.0,0.0,Dyn,5.0,4.974287784282431,460.03271612899977,0.2592288214131772,0.075033442062418
C12,CC(C)(C1=CC=C(C=C1)OCC2CO2)C3=CC=C(C=C3)OCC4CO4,OC(=O)CCCCCCCCCCC(=O)O,OC(=O)CCCCCCCCCCC(=O)O,1.0,0.0,Dyn,5.0,12.577986519610045,498.0061406450794,0.7813122111856694,0.0352336804068643
C8,CC(C)(C1=CC=C(C=C1)OCC2CO2)C3=CC=C(C=C3)OCC4CO4,OC(=O)CCCCCCC(=O)O,OC(=O)CCCCCCC(=O)O,1.0,0.0,Iso,160.0,96.0,433.17,0.9758642742434166,0.0011905514947192
C6,CC(C)(C1=CC=C(C=C1)OCC2CO2)C3=CC=C(C=C3)OCC4CO4,OC(=O)CCCCC(=O)O,OC(=O)CCCCC(=O)O,1.0,0.0,Dyn,2.5,41.32,537.6900000000007,0.9385609290403578,0.0081293858920518
C10,CC(C)(C1=CC=C(C=C1)OCC2CO2)C3=CC=C(C=C3)OCC4CO4,OC(=O)CCCCCCCCC(=O)O,OC(=O)CCCCCCCCC(=O)O,1.0,0.0,Dyn,5.0,21.99,545.5,0.9864010639092534,0.0082998201492829
C12,CC(C)(C1=CC=C(C=C1)OCC2CO2)C3=CC=C(C=C3)OCC4CO4,OC(=O)CCCCCCCCCCC(=O)O,OC(=O)CCCCCCCCCCC(=O)O,1.0,0.0,Iso,180.0,84.9240200000001,453.1657861445783,0.9892119533864082,0.0007676249945808
C14,CC(C)(C1=CC=C(C=C1)OCC2CO2)C3=CC=C(C=C3)OCC4CO4,OC(=O)CCCCCCCCCCCCC(=O)O,OC(=O)CCCCCCCCCCCCC(=O)O,1.0,0.0,Dyn,5.0,14.041141491098983,505.67341290304864,0.9865631964934014,0.0134225389192313
C12,CC(C)(C1=CC=C(C=C1)OCC2CO2)C3=CC=C(C=C3)OCC4CO4,OC(=O)CCCCCCCCCCC(=O)O,OC(=O)CCCCCCCCCCC(=O)O,1.0,0.0,Iso,160.0,29.270215870979985,433.15,0.6958543389946649,0.0139794707017377
C10,CC(C)(C1=CC=C(C=C1)OCC2CO2)C3=CC=C(C=C3)OCC4CO4,OC(=O)CCCCCCCCC(=O)O,OC(=O)CCCCCCCCC(=O)O,1.0,0.0,Iso,165.0,8.220000000000006,438.18,0.383141771916347,0.0347085447767363
C10,CC(C)(C1=CC=C(C=C1)OCC2CO2)C3=CC=C(C=C3)OCC4CO4,OC(=O)CCCCCCCCC(=O)O,OC(=O)CCCCCCCCC(=O)O,1.0,0.0,Dyn,2.5,7.979999999999999,455.13,0.3509443532289906,0.0465112608441624
C8,CC(C)(C1=CC=C(C=C1)OCC2CO2)C3=CC=C(C=C3)OCC4CO4,OC(=O)CCCCCCC(=O)O,OC(=O)CCCCCCC(=O)O,1.0,0.0,Dyn,5.0,2.5500000000000003,448.15000000000026,0.128852401369172,0.0603891034264716
C12,CC(C)(C1=CC=C(C=C1)OCC2CO2)C3=CC=C(C=C3)OCC4CO4,OC(=O)CCCCCCCCCCC(=O)O,OC(=O)CCCCCCCCCCC(=O)O,1.0,0.0,Iso,160.0,45.44586148389004,433.15,0.8650580000978905,0.0074980797400227
C12,CC(C)(C1=CC=C(C=C1)OCC2CO2)C3=CC=C(C=C3)OCC4CO4,OC(=O)CCCCCCCCCCC(=O)O,OC(=O)CCCCCCCCCCC(=O)O,1.0,0.0,Dyn,2.5,22.972941354792543,491.4076129029493,0.7529199110122358,0.0124225326036106
C12,CC(C)(C1=CC=C(C=C1)OCC2CO2)C3=CC=C(C=C3)OCC4CO4,OC(=O)CCCCCCCCCCC(=O)O,OC(=O)CCCCCCCCCCC(=O)O,1.0,0.0,Dyn,5.0,7.970154968179235,475.02222580639966,0.500930381225159,0.0824672131215664
C8,CC(C)(C1=CC=C(C=C1)OCC2CO2)C3=CC=C(C=C3)OCC4CO4,OC(=O)CCCCCCC(=O)O,OC(=O)CCCCCCC(=O)O,1.0,0.0,Dyn,10.0,0.8900000000000001,448.15,0.0510662072211992,0.0588627177269016
C10,CC(C)(C1=CC=C(C=C1)OCC2CO2)C3=CC=C(C=C3)OCC4CO4,OC(=O)CCCCCCCCC(=O)O,OC(=O)CCCCCCCCC(=O)O,1.0,0.0,Iso,180.0,47.75834,453.17,0.9735494782920636,0.0024859423320941
C12,CC(C)(C1=CC=C(C=C1)OCC2CO2)C3=CC=C(C=C3)OCC4CO4,OC(=O)CCCCCCCCCCC(=O)O,OC(=O)CCCCCCCCCCC(=O)O,1.0,0.0,Dyn,5.0,15.177311205364466,510.99704903215934,0.8649774443959847,0.0291524120680778
C8,CC(C)(C1=CC=C(C=C1)OCC2CO2)C3=CC=C(C=C3)OCC4CO4,OC(=O)CCCCCCC(=O)O,OC(=O)CCCCCCC(=O)O,1.0,0.0,Iso,160.0,49.0,433.18,0.8253136261384497,0.0063135306538147
C8,CC(C)(C1=CC=C(C=C1)OCC2CO2)C3=CC=C(C=C3)OCC4CO4,OC(=O)CCCCCCC(=O)O,OC(=O)CCCCCCC(=O)O,1.0,0.0,Dyn,10.0,6.57,505.15,0.7615764702241385,0.1421175267152457
C8,CC(C)(C1=CC=C(C=C1)OCC2CO2)C3=CC=C(C=C3)OCC4CO4,OC(=O)CCCCCCC(=O)O,OC(=O)CCCCCCC(=O)O,1.0,0.0,Dyn,5.0,8.299999999999999,476.9500000000007,0.5718926731382898,0.0849379292768
C14,CC(C)(C1=CC=C(C=C1)OCC2CO2)C3=CC=C(C=C3)OCC4CO4,OC(=O)CCCCCCCCCCCCC(=O)O,OC(=O)CCCCCCCCCCCCC(=O)O,1.0,0.0,Iso,170.0,24.807200000000016,443.1851349101796,0.8976502083989737,0.0122034609646965
C8,CC(C)(C1=CC=C(C=C1)OCC2CO2)C3=CC=C(C=C3)OCC4CO4,OC(=O)CCCCCCC(=O)O,OC(=O)CCCCCCC(=O)O,1.0,0.0,Iso,170.0,7.0,443.2,0.3178650970410436,0.0365551565837917
C12,CC(C)(C1=CC=C(C=C1)OCC2CO2)C3=CC=C(C=C3)OCC4CO4,OC(=O)CCCCCCCCCCC(=O)O,OC(=O)CCCCCCCCCCC(=O)O,1.0,0.0,Iso,170.0,31.492100000000004,443.17224407185626,0.8408842323412583,0.007494754552447
C6,CC(C)(C1=CC=C(C=C1)OCC2CO2)C3=CC=C(C=C3)OCC4CO4,OC(=O)CCCCC(=O)O,OC(=O)CCCCC(=O)O,1.0,0.0,Dyn,10.0,4.279999999999999,481.41,0.6536639292482627,0.1846178142766875
C10,CC(C)(C1=CC=C(C=C1)OCC2CO2)C3=CC=C(C=C3)OCC4CO4,OC(=O)CCCCCCCCC(=O)O,OC(=O)CCCCCCCCC(=O)O,1.0,0.0,Dyn,10.0,2.49,463.32,0.158408803632709,0.0977571456321058
C8,CC(C)(C1=CC=C(C=C1)OCC2CO2)C3=CC=C(C=C3)OCC4CO4,OC(=O)CCCCCCC(=O)O,OC(=O)CCCCCCC(=O)O,1.0,0.0,Iso,170.0,2.1,443.21,0.1012488068724148,0.050094313894823
C6,CC(C)(C1=CC=C(C=C1)OCC2CO2)C3=CC=C(C=C3)OCC4CO4,OC(=O)CCCCC(=O)O,OC(=O)CCCCC(=O)O,1.0,0.0,Dyn,2.5,40.20000000000074,534.9000000000008,0.9292496011299158,0.0082596048880507
C6,CC(C)(C1=CC=C(C=C1)OCC2CO2)C3=CC=C(C=C3)OCC4CO4,OC(=O)CCCCC(=O)O,OC(=O)CCCCC(=O)O,1.0,0.0,Dyn,5.0,5.79,464.67,0.4967324058206744,0.0952685236283368
C6,CC(C)(C1=CC=C(C=C1)OCC2CO2)C3=CC=C(C=C3)OCC4CO4,OC(=O)CCCCC(=O)O,OC(=O)CCCCC(=O)O,1.0,0.0,Iso,170.0,14.409999999999997,443.18,0.7902778409349279,0.0170437524580666
C12,CC(C)(C1=CC=C(C=C1)OCC2CO2)C3=CC=C(C=C3)OCC4CO4,OC(=O)CCCCCCCCCCC(=O)O,OC(=O)CCCCCCCCCCC(=O)O,1.0,0.0,Dyn,2.5,33.85748883864164,518.6149032253991,0.8695943521461312,0.0088432625724557
C8,CC(C)(C1=CC=C(C=C1)OCC2CO2)C3=CC=C(C=C3)OCC4CO4,OC(=O)CCCCCCC(=O)O,OC(=O)CCCCCCC(=O)O,1.0,0.0,Dyn,5.0,15.04,510.5500000000012,0.9653997657830344,0.0191551413205544
C12,CC(C)(C1=CC=C(C=C1)OCC2CO2)C3=CC=C(C=C3)OCC4CO4,OC(=O)CCCCCCCCCCC(=O)O,OC(=O)CCCCCCCCCCC(=O)O,1.0,0.0,Dyn,5.0,2.3827894021037834,447.0418077419199,0.0945387588810553,0.0527580302828635
C8,CC(C)(C1=CC=C(C=C1)OCC2CO2)C3=CC=C(C=C3)OCC4CO4,OC(=O)CCCCCCC(=O)O,OC(=O)CCCCCCC(=O)O,1.0,0.0,Dyn,10.0,5.469999999999999,494.15,0.5950464915702725,0.1551483601103365
C8,CC(C)(C1=CC=C(C=C1)OCC2CO2)C3=CC=C(C=C3)OCC4CO4,OC(=O)CCCCCCC(=O)O,OC(=O)CCCCCCC(=O)O,1.0,0.0,Iso,180.0,32.06419999999998,453.17,0.9556242323388408,0.0042977091920691
C10,CC(C)(C1=CC=C(C=C1)OCC2CO2)C3=CC=C(C=C3)OCC4CO4,OC(=O)CCCCCCCCC(=O)O,OC(=O)CCCCCCCCC(=O)O,1.0,0.0,Iso,165.0,38.36000000000001,438.17,0.8519546839710068,0.0058899348712035
C6,CC(C)(C1=CC=C(C=C1)OCC2CO2)C3=CC=C(C=C3)OCC4CO4,OC(=O)CCCCC(=O)O,OC(=O)CCCCC(=O)O,1.0,0.0,Iso,170.0,10.479999999999997,443.2,0.69796735027966,0.0291236421839468
C8,CC(C)(C1=CC=C(C=C1)OCC2CO2)C3=CC=C(C=C3)OCC4CO4,OC(=O)CCCCCCC(=O)O,OC(=O)CCCCCCC(=O)O,1.0,0.0,Dyn,10.0,5.57,495.15,0.6105613275813063,0.1551483601103392
C8,CC(C)(C1=CC=C(C=C1)OCC2CO2)C3=CC=C(C=C3)OCC4CO4,OC(=O)CCCCCCC(=O)O,OC(=O)CCCCCCC(=O)O,1.0,0.0,Dyn,5.0,3.500000000000341,452.95000000000033,0.1897455874619758,0.068126772354646
C6,CC(C)(C1=CC=C(C=C1)OCC2CO2)C3=CC=C(C=C3)OCC4CO4,OC(=O)CCCCC(=O)O,OC(=O)CCCCC(=O)O,1.0,0.0,Dyn,5.0,8.2,476.67,0.696012082837143,0.0589619216358307
C12,CC(C)(C1=CC=C(C=C1)OCC2CO2)C3=CC=C(C=C3)OCC4CO4,OC(=O)CCCCCCCCCCC(=O)O,OC(=O)CCCCCCCCCCC(=O)O,1.0,0.0,Dyn,5.0,1.984115325939214,445.0432064515999,0.0746667425735249,0.0489261758918001
C8,CC(C)(C1=CC=C(C=C1)OCC2CO2)C3=CC=C(C=C3)OCC4CO4,OC(=O)CCCCCCC(=O)O,OC(=O)CCCCCCC(=O)O,1.0,0.0,Iso,170.0,42.7,443.17,0.9409401845370664,0.003749829553202
C8,CC(C)(C1=CC=C(C=C1)OCC2CO2)C3=CC=C(C=C3)OCC4CO4,OC(=O)CCCCCCC(=O)O,OC(=O)CCCCCCC(=O)O,1.0,0.0,Iso,180.0,9.532599999999992,453.22,0.5598423075399184,0.0393560433248225
C12,CC(C)(C1=CC=C(C=C1)OCC2CO2)C3=CC=C(C=C3)OCC4CO4,OC(=O)CCCCCCCCCCC(=O)O,OC(=O)CCCCCCCCCCC(=O)O,1.0,0.0,Iso,180.0,46.59547999999994,453.16817311377247,0.919349255797854,0.0033007874766978
C14,CC(C)(C1=CC=C(C=C1)OCC2CO2)C3=CC=C(C=C3)OCC4CO4,OC(=O)CCCCCCCCCCCCC(=O)O,OC(=O)CCCCCCCCCCCCC(=O)O,1.0,0.0,Iso,180.0,13.529979999999997,453.1831889221557,0.8852360404057276,0.0264092668179199
C12,CC(C)(C1=CC=C(C=C1)OCC2CO2)C3=CC=C(C=C3)OCC4CO4,OC(=O)CCCCCCCCCCC(=O)O,OC(=O)CCCCCCCCCCC(=O)O,1.0,0.0,Dyn,5.0,1.7850779927389977,444.0439058064399,0.0653157320396079,0.0469811888230566
C10,CC(C)(C1=CC=C(C=C1)OCC2CO2)C3=CC=C(C=C3)OCC4CO4,OC(=O)CCCCCCCCC(=O)O,OC(=O)CCCCCCCCC(=O)O,1.0,0.0,Iso,180.0,1.46199,453.23,0.1230324883748947,0.0733757229812516
C14,CC(C)(C1=CC=C(C=C1)OCC2CO2)C3=CC=C(C=C3)OCC4CO4,OC(=O)CCCCCCCCCCCCC(=O)O,OC(=O)CCCCCCCCCCCCC(=O)O,1.0,0.0,Iso,170.0,10.712200000000005,443.2255240718563,0.5431369663837674,0.0411681658507025
C6,CC(C)(C1=CC=C(C=C1)OCC2CO2)C3=CC=C(C=C3)OCC4CO4,OC(=O)CCCCC(=O)O,OC(=O)CCCCC(=O)O,1.0,0.0,Iso,180.0,22.68744799999997,453.17,0.9613232897229196,0.0039143521342523
C14,CC(C)(C1=CC=C(C=C1)OCC2CO2)C3=CC=C(C=C3)OCC4CO4,OC(=O)CCCCCCCCCCCCC(=O)O,OC(=O)CCCCCCCCCCCCC(=O)O,1.0,0.0,Dyn,5.0,3.848069284401572,454.7637741934996,0.2306847189210351,0.0855478441885199
C6,CC(C)(C1=CC=C(C=C1)OCC2CO2)C3=CC=C(C=C3)OCC4CO4,OC(=O)CCCCC(=O)O,OC(=O)CCCCC(=O)O,1.0,0.0,Dyn,5.0,14.81,509.67,0.8748148363298381,0.0119085654535422
C14,CC(C)(C1=CC=C(C=C1)OCC2CO2)C3=CC=C(C=C3)OCC4CO4,OC(=O)CCCCCCCCCCCCC(=O)O,OC(=O)CCCCCCCCCCCCC(=O)O,1.0,0.0,Iso,160.0,37.44349322544996,433.15,0.9118740991257038,0.0070920377429652
C14,CC(C)(C1=CC=C(C=C1)OCC2CO2)C3=CC=C(C=C3)OCC4CO4,OC(=O)CCCCCCCCCCCCC(=O)O,OC(=O)CCCCCCCCCCCCC(=O)O,1.0,0.0,Dyn,10.0,4.571019515783589,482.4406258061396,0.4813286850026667,0.1670626163966411
C6,CC(C)(C1=CC=C(C=C1)OCC2CO2)C3=CC=C(C=C3)OCC4CO4,OC(=O)CCCCC(=O)O,OC(=O)CCCCC(=O)O,1.0,0.0,Iso,170.0,28.82000000000002,443.17,0.9196944204447274,0.0043737531766117
C12,CC(C)(C1=CC=C(C=C1)OCC2CO2)C3=CC=C(C=C3)OCC4CO4,OC(=O)CCCCCCCCCCC(=O)O,OC(=O)CCCCCCCCCCC(=O)O,1.0,0.0,Dyn,5.0,17.37744740016194,521.9893561289192,0.9199425468854348,0.0198663988057285
C14,CC(C)(C1=CC=C(C=C1)OCC2CO2)C3=CC=C(C=C3)OCC4CO4,OC(=O)CCCCCCCCCCCCC(=O)O,OC(=O)CCCCCCCCCCCCC(=O)O,1.0,0.0,Iso,180.0,10.00042,453.1963691566265,0.7540385633606679,0.0465236624597583
C6,CC(C)(C1=CC=C(C=C1)OCC2CO2)C3=CC=C(C=C3)OCC4CO4,OC(=O)CCCCC(=O)O,OC(=O)CCCCC(=O)O,1.0,0.0,Iso,165.0,32.24342700000001,438.17,0.9584964761158964,0.0040655879613934
C10,CC(C)(C1=CC=C(C=C1)OCC2CO2)C3=CC=C(C=C3)OCC4CO4,OC(=O)CCCCCCCCC(=O)O,OC(=O)CCCCCCCCC(=O)O,1.0,0.0,Dyn,10.0,12.69,565.3199999999999,0.988528139137485,0.01266831260891
C6,CC(C)(C1=CC=C(C=C1)OCC2CO2)C3=CC=C(C=C3)OCC4CO4,OC(=O)CCCCC(=O)O,OC(=O)CCCCC(=O)O,1.0,0.0,Dyn,5.0,9.2,481.67,0.748177408579976,0.0428417903511581
C12,CC(C)(C1=CC=C(C=C1)OCC2CO2)C3=CC=C(C=C3)OCC4CO4,OC(=O)CCCCCCCCCCC(=O)O,OC(=O)CCCCCCCCCCC(=O)O,1.0,0.0,Iso,180.0,57.86857999999992,453.16717421686747,0.9507903542171456,0.0021493499848265
C10,CC(C)(C1=CC=C(C=C1)OCC2CO2)C3=CC=C(C=C3)OCC4CO4,OC(=O)CCCCCCCCC(=O)O,OC(=O)CCCCCCCCC(=O)O,1.0,0.0,Iso,165.0,17.81,438.17,0.6177993615442823,0.0172671253928248
C12,CC(C)(C1=CC=C(C=C1)OCC2CO2)C3=CC=C(C=C3)OCC4CO4,OC(=O)CCCCCCCCCCC(=O)O,OC(=O)CCCCCCCCCCC(=O)O,1.0,0.0,Dyn,2.5,14.504400258035531,470.2463870965996,0.6111526247796147,0.0237894407239481
C14,CC(C)(C1=CC=C(C=C1)OCC2CO2)C3=CC=C(C=C3)OCC4CO4,OC(=O)CCCCCCCCCCCCC(=O)O,OC(=O)CCCCCCCCCCCCC(=O)O,1.0,0.0,Dyn,5.0,3.07690726711535,450.8972193547997,0.1694260697639975,0.0749926503360251
C12,CC(C)(C1=CC=C(C=C1)OCC2CO2)C3=CC=C(C=C3)OCC4CO4,OC(=O)CCCCCCCCCCC(=O)O,OC(=O)CCCCCCCCCCC(=O)O,1.0,0.0,Dyn,5.0,11.577237983364244,493.0096374192794,0.7421746117953321,0.0423830339616897
C6,CC(C)(C1=CC=C(C=C1)OCC2CO2)C3=CC=C(C=C3)OCC4CO4,OC(=O)CCCCC(=O)O,OC(=O)CCCCC(=O)O,1.0,0.0,Dyn,2.5,40.95,536.7600000000007,0.9355007454293433,0.0082707665162559
C10,CC(C)(C1=CC=C(C=C1)OCC2CO2)C3=CC=C(C=C3)OCC4CO4,OC(=O)CCCCCCCCC(=O)O,OC(=O)CCCCCCCCC(=O)O,1.0,0.0,Iso,165.0,22.60499999999999,438.17,0.6923284037042617,0.0137572050205972
C10,CC(C)(C1=CC=C(C=C1)OCC2CO2)C3=CC=C(C=C3)OCC4CO4,OC(=O)CCCCCCCCC(=O)O,OC(=O)CCCCCCCCC(=O)O,1.0,0.0,Iso,165.0,10.960000000000008,438.18,0.4696634727413002,0.0266790009115033
C6,CC(C)(C1=CC=C(C=C1)OCC2CO2)C3=CC=C(C=C3)OCC4CO4,OC(=O)CCCCC(=O)O,OC(=O)CCCCC(=O)O,1.0,0.0,Dyn,5.0,21.41,542.67,0.944058787649946,0.0100206221499327
C8,CC(C)(C1=CC=C(C=C1)OCC2CO2)C3=CC=C(C=C3)OCC4CO4,OC(=O)CCCCCCC(=O)O,OC(=O)CCCCCCC(=O)O,1.0,0.0,Iso,180.0,28.164499999999958,453.17,0.9347882245730812,0.0062069893608019
C12,CC(C)(C1=CC=C(C=C1)OCC2CO2)C3=CC=C(C=C3)OCC4CO4,OC(=O)CCCCCCCCCCC(=O)O,OC(=O)CCCCCCCCCCC(=O)O,1.0,0.0,Dyn,10.0,3.5857865889587885,472.3494967738801,0.2620623466350216,0.1216059949042009
C6,CC(C)(C1=CC=C(C=C1)OCC2CO2)C3=CC=C(C=C3)OCC4CO4,OC(=O)CCCCC(=O)O,OC(=O)CCCCC(=O)O,1.0,0.0,Dyn,5.0,2.390000000000001,447.67,0.1729588428359812,0.0846234279241339
C10,CC(C)(C1=CC=C(C=C1)OCC2CO2)C3=CC=C(C=C3)OCC4CO4,OC(=O)CCCCCCCCC(=O)O,OC(=O)CCCCCCCCC(=O)O,1.0,0.0,Dyn,10.0,1.1,449.32,0.0537164606423679,0.0556490821103721
C6,CC(C)(C1=CC=C(C=C1)OCC2CO2)C3=CC=C(C=C3)OCC4CO4,OC(=O)CCCCC(=O)O,OC(=O)CCCCC(=O)O,1.0,0.0,Iso,180.0,18.230984999999983,453.17,0.938196555217832,0.006523920223754
C6,CC(C)(C1=CC=C(C=C1)OCC2CO2)C3=CC=C(C=C3)OCC4CO4,OC(=O)CCCCC(=O)O,OC(=O)CCCCC(=O)O,1.0,0.0,Dyn,2.5,14.15,469.8000000000002,0.6721418669735576,0.020304862016419
C14,CC(C)(C1=CC=C(C=C1)OCC2CO2)C3=CC=C(C=C3)OCC4CO4,OC(=O)CCCCCCCCCCCCC(=O)O,OC(=O)CCCCCCCCCCCCC(=O)O,1.0,0.0,Iso,160.0,61.63775038650981,433.15,0.9889842623907128,0.0010036497729506
C12,CC(C)(C1=CC=C(C=C1)OCC2CO2)C3=CC=C(C=C3)OCC4CO4,OC(=O)CCCCCCCCCCC(=O)O,OC(=O)CCCCCCCCCCC(=O)O,1.0,0.0,Dyn,2.5,0.8008942580628942,435.9853548387,0.0261531271304433,0.0375320063811086
C8,CC(C)(C1=CC=C(C=C1)OCC2CO2)C3=CC=C(C=C3)OCC4CO4,OC(=O)CCCCCCC(=O)O,OC(=O)CCCCCCC(=O)O,1.0,0.0,Iso,160.0,66.0,433.17,0.908471844178696,0.0036077318021799
C10,CC(C)(C1=CC=C(C=C1)OCC2CO2)C3=CC=C(C=C3)OCC4CO4,OC(=O)CCCCCCCCC(=O)O,OC(=O)CCCCCCCCC(=O)O,1.0,0.0,Dyn,10.0,9.49,533.3199999999999,0.8873575870524215,0.0534884310154073
C10,CC(C)(C1=CC=C(C=C1)OCC2CO2)C3=CC=C(C=C3)OCC4CO4,OC(=O)CCCCCCCCC(=O)O,OC(=O)CCCCCCCCC(=O)O,1.0,0.0,Dyn,2.5,0.79,437.13,0.0361393563225427,0.0355129940118451
C6,CC(C)(C1=CC=C(C=C1)OCC2CO2)C3=CC=C(C=C3)OCC4CO4,OC(=O)CCCCC(=O)O,OC(=O)CCCCC(=O)O,1.0,0.0,Iso,165.0,27.864690000000028,438.17,0.937770817019055,0.0053770679489393
C8,CC(C)(C1=CC=C(C=C1)OCC2CO2)C3=CC=C(C=C3)OCC4CO4,OC(=O)CCCCCCC(=O)O,OC(=O)CCCCCCC(=O)O,1.0,0.0,Iso,180.0,0.4333,453.25,0.0437497523673679,0.0832312650260372
C14,CC(C)(C1=CC=C(C=C1)OCC2CO2)C3=CC=C(C=C3)OCC4CO4,OC(=O)CCCCCCCCCCCCC(=O)O,OC(=O)CCCCCCCCCCCCC(=O)O,1.0,0.0,Iso,170.0,36.64700000000003,443.1727153892216,0.9778795872090332,0.0027086581568506
C6,CC(C)(C1=CC=C(C=C1)OCC2CO2)C3=CC=C(C=C3)OCC4CO4,OC(=O)CCCCC(=O)O,OC(=O)CCCCC(=O)O,1.0,0.0,Iso,180.0,8.912925999999995,453.21,0.7807402845689617,0.0336221863055551
C14,CC(C)(C1=CC=C(C=C1)OCC2CO2)C3=CC=C(C=C3)OCC4CO4,OC(=O)CCCCCCCCCCCCC(=O)O,OC(=O)CCCCCCCCCCCCC(=O)O,1.0,0.0,Iso,180.0,12.35346,453.1858073053892,0.8493450512441094,0.0319010622124594
C6,CC(C)(C1=CC=C(C=C1)OCC2CO2)C3=CC=C(C=C3)OCC4CO4,OC(=O)CCCCC(=O)O,OC(=O)CCCCC(=O)O,1.0,0.0,Dyn,5.0,20.81,539.67,0.9379592785152052,0.0101658485579015
C14,CC(C)(C1=CC=C(C=C1)OCC2CO2)C3=CC=C(C=C3)OCC4CO4,OC(=O)CCCCCCCCCCCCC(=O)O,OC(=O)CCCCCCCCCCCCC(=O)O,1.0,0.0,Iso,170.0,16.91400000000001,443.20231994011976,0.7511870608359847,0.0249755877772399
C14,CC(C)(C1=CC=C(C=C1)OCC2CO2)C3=CC=C(C=C3)OCC4CO4,OC(=O)CCCCCCCCCCCCC(=O)O,OC(=O)CCCCCCCCCCCCC(=O)O,1.0,0.0,Dyn,5.0,5.520478269199204,463.1413096773495,0.3914068451456259,0.1024247246216513
C10,CC(C)(C1=CC=C(C=C1)OCC2CO2)C3=CC=C(C=C3)OCC4CO4,OC(=O)CCCCCCCCC(=O)O,OC(=O)CCCCCCCCC(=O)O,1.0,0.0,Iso,170.0,34.76418000000003,443.18,0.8745781190347636,0.0083790348798743
C14,CC(C)(C1=CC=C(C=C1)OCC2CO2)C3=CC=C(C=C3)OCC4CO4,OC(=O)CCCCCCCCCCCCC(=O)O,OC(=O)CCCCCCCCCCCCC(=O)O,1.0,0.0,Iso,170.0,12.403600000000004,443.22047425149697,0.6103625042016483,0.0367362069710567
C12,CC(C)(C1=CC=C(C=C1)OCC2CO2)C3=CC=C(C=C3)OCC4CO4,OC(=O)CCCCCCCCCCC(=O)O,OC(=O)CCCCCCCCCCC(=O)O,1.0,0.0,Iso,180.0,5.2607800000000005,453.2052730538922,0.4350952301005465,0.0537417476295922
C12,CC(C)(C1=CC=C(C=C1)OCC2CO2)C3=CC=C(C=C3)OCC4CO4,OC(=O)CCCCCCCCCCC(=O)O,OC(=O)CCCCCCCCCCC(=O)O,1.0,0.0,Dyn,5.0,4.774953399728986,459.0334154838398,0.2445434660964758,0.0736719625648129
C12,CC(C)(C1=CC=C(C=C1)OCC2CO2)C3=CC=C(C=C3)OCC4CO4,OC(=O)CCCCCCCCCCC(=O)O,OC(=O)CCCCCCCCCCC(=O)O,1.0,0.0,Iso,160.0,55.45935638712008,433.15,0.9243796192061084,0.0043209273078096
C6,CC(C)(C1=CC=C(C=C1)OCC2CO2)C3=CC=C(C=C3)OCC4CO4,OC(=O)CCCCC(=O)O,OC(=O)CCCCC(=O)O,1.0,0.0,Dyn,2.5,46.9,551.6400000000008,0.9773232547799025,0.0053724637199643
C10,CC(C)(C1=CC=C(C=C1)OCC2CO2)C3=CC=C(C=C3)OCC4CO4,OC(=O)CCCCCCCCC(=O)O,OC(=O)CCCCCCCCC(=O)O,1.0,0.0,Iso,165.0,61.65000000000008,438.16,0.9529021575258152,0.0027646633068914
C12,CC(C)(C1=CC=C(C=C1)OCC2CO2)C3=CC=C(C=C3)OCC4CO4,OC(=O)CCCCCCCCCCC(=O)O,OC(=O)CCCCCCCCCCC(=O)O,1.0,0.0,Dyn,2.5,52.8026289031197,565.9757419348484,0.9817157953281423,0.0037095062635781
C6,CC(C)(C1=CC=C(C=C1)OCC2CO2)C3=CC=C(C=C3)OCC4CO4,OC(=O)CCCCC(=O)O,OC(=O)CCCCC(=O)O,1.0,0.0,Iso,165.0,10.747808999999991,438.18,0.7441806786739754,0.030663280800422
C10,CC(C)(C1=CC=C(C=C1)OCC2CO2)C3=CC=C(C=C3)OCC4CO4,OC(=O)CCCCCCCCC(=O)O,OC(=O)CCCCCCCCC(=O)O,1.0,0.0,Iso,170.0,14.221710000000009,443.2,0.5720749705242377,0.0241195264688109
C6,CC(C)(C1=CC=C(C=C1)OCC2CO2)C3=CC=C(C=C3)OCC4CO4,OC(=O)CCCCC(=O)O,OC(=O)CCCCC(=O)O,1.0,0.0,Dyn,10.0,8.809999999999999,526.41,0.924257738471257,0.0186355022109904
C6,CC(C)(C1=CC=C(C=C1)OCC2CO2)C3=CC=C(C=C3)OCC4CO4,OC(=O)CCCCC(=O)O,OC(=O)CCCCC(=O)O,1.0,0.0,Iso,165.0,1.592268000000001,438.21,0.1433035969720699,0.0931959646440128
C14,CC(C)(C1=CC=C(C=C1)OCC2CO2)C3=CC=C(C=C3)OCC4CO4,OC(=O)CCCCCCCCCCCCC(=O)O,OC(=O)CCCCCCCCCCCCC(=O)O,1.0,0.0,Dyn,5.0,9.907273803479672,485.051787096649,0.8161935875136449,0.0728710235987517
C6,CC(C)(C1=CC=C(C=C1)OCC2CO2)C3=CC=C(C=C3)OCC4CO4,OC(=O)CCCCC(=O)O,OC(=O)CCCCC(=O)O,1.0,0.0,Iso,165.0,15.922679999999996,438.17,0.8445454450535108,0.0117681722242493
C14,CC(C)(C1=CC=C(C=C1)OCC2CO2)C3=CC=C(C=C3)OCC4CO4,OC(=O)CCCCCCCCCCCCC(=O)O,OC(=O)CCCCCCCCCCCCC(=O)O,1.0,0.0,Dyn,10.0,8.675900223726696,523.3565096768292,0.9553110029326192,0.0173141893620296
C12,CC(C)(C1=CC=C(C=C1)OCC2CO2)C3=CC=C(C=C3)OCC4CO4,OC(=O)CCCCCCCCCCC(=O)O,OC(=O)CCCCCCCCCCC(=O)O,1.0,0.0,Iso,170.0,30.724000000000007,443.1721763253012,0.8348396753209372,0.0078694922800692
C14,CC(C)(C1=CC=C(C=C1)OCC2CO2)C3=CC=C(C=C3)OCC4CO4,OC(=O)CCCCCCCCCCCCC(=O)O,OC(=O)CCCCCCCCCCCCC(=O)O,1.0,0.0,Dyn,5.0,6.937946797899686,470.2299935482993,0.5394295341779144,0.10477492659223
C8,CC(C)(C1=CC=C(C=C1)OCC2CO2)C3=CC=C(C=C3)OCC4CO4,OC(=O)CCCCCCC(=O)O,OC(=O)CCCCCCC(=O)O,1.0,0.0,Iso,160.0,77.0,433.17,0.9419155179849036,0.0024532576254824
C6,CC(C)(C1=CC=C(C=C1)OCC2CO2)C3=CC=C(C=C3)OCC4CO4,OC(=O)CCCCC(=O)O,OC(=O)CCCCC(=O)O,1.0,0.0,Dyn,10.0,2.2849999999999926,461.41,0.2489513581806694,0.1776440469461569
C6,CC(C)(C1=CC=C(C=C1)OCC2CO2)C3=CC=C(C=C3)OCC4CO4,OC(=O)CCCCC(=O)O,OC(=O)CCCCC(=O)O,1.0,0.0,Dyn,2.5,27.18000000000051,502.3500000000005,0.815735097952031,0.0079154546843799
C12,CC(C)(C1=CC=C(C=C1)OCC2CO2)C3=CC=C(C=C3)OCC4CO4,OC(=O)CCCCCCCCCCC(=O)O,OC(=O)CCCCCCCCCCC(=O)O,1.0,0.0,Dyn,2.5,11.678779096750844,463.1926451611496,0.5228562650246779,0.0381045914588263
C6,CC(C)(C1=CC=C(C=C1)OCC2CO2)C3=CC=C(C=C3)OCC4CO4,OC(=O)CCCCC(=O)O,OC(=O)CCCCC(=O)O,1.0,0.0,Dyn,10.0,4.99,488.41,0.7651610865445354,0.1168667087807966
C8,CC(C)(C1=CC=C(C=C1)OCC2CO2)C3=CC=C(C=C3)OCC4CO4,OC(=O)CCCCCCC(=O)O,OC(=O)CCCCCCC(=O)O,1.0,0.0,Iso,170.0,43.4,443.17,0.943565065224308,0.0036361983546202
C12,CC(C)(C1=CC=C(C=C1)OCC2CO2)C3=CC=C(C=C3)OCC4CO4,OC(=O)CCCCCCCCCCC(=O)O,OC(=O)CCCCCCCCCCC(=O)O,1.0,0.0,Iso,170.0,66.0565999999999,443.1660843712575,0.97115882793161,0.0015738984560139
C6,CC(C)(C1=CC=C(C=C1)OCC2CO2)C3=CC=C(C=C3)OCC4CO4,OC(=O)CCCCC(=O)O,OC(=O)CCCCC(=O)O,1.0,0.0,Iso,165.0,9.155540999999996,438.19,0.6848631741059775,0.0417270308937608
C8,CC(C)(C1=CC=C(C=C1)OCC2CO2)C3=CC=C(C=C3)OCC4CO4,OC(=O)CCCCCCC(=O)O,OC(=O)CCCCCCC(=O)O,1.0,0.0,Dyn,5.0,9.26,481.7500000000008,0.6516990408718384,0.0814093506124803
C6,CC(C)(C1=CC=C(C=C1)OCC2CO2)C3=CC=C(C=C3)OCC4CO4,OC(=O)CCCCC(=O)O,OC(=O)CCCCC(=O)O,1.0,0.0,Dyn,2.5,41.690000000000005,538.6200000000008,0.941568801820417,0.0079880052678419
C8,CC(C)(C1=CC=C(C=C1)OCC2CO2)C3=CC=C(C=C3)OCC4CO4,OC(=O)CCCCCCC(=O)O,OC(=O)CCCCCCC(=O)O,1.0,0.0,Dyn,5.0,1.11,440.95000000000016,0.0527036574625217,0.0467536673022159
C12,CC(C)(C1=CC=C(C=C1)OCC2CO2)C3=CC=C(C=C3)OCC4CO4,OC(=O)CCCCCCCCCCC(=O)O,OC(=O)CCCCCCCCCCC(=O)O,1.0,0.0,Dyn,5.0,23.975008700434607,554.9662774191996,0.9883930464278144,0.0042196595544046
C14,CC(C)(C1=CC=C(C=C1)OCC2CO2)C3=CC=C(C=C3)OCC4CO4,OC(=O)CCCCCCCCCCCCC(=O)O,OC(=O)CCCCCCCCCCCCC(=O)O,1.0,0.0,Iso,170.0,29.88140000000002,443.1775746987952,0.9464112175482438,0.0068126856672306
C10,CC(C)(C1=CC=C(C=C1)OCC2CO2)C3=CC=C(C=C3)OCC4CO4,OC(=O)CCCCCCCCC(=O)O,OC(=O)CCCCCCCCC(=O)O,1.0,0.0,Iso,180.0,25.34116,453.18,0.8534116125193753,0.0096675535136991
C12,CC(C)(C1=CC=C(C=C1)OCC2CO2)C3=CC=C(C=C3)OCC4CO4,OC(=O)CCCCCCCCCCC(=O)O,OC(=O)CCCCCCCCCCC(=O)O,1.0,0.0,Iso,180.0,36.07391999999996,453.1685991566264,0.876139379254644,0.004912799965318
C8,CC(C)(C1=CC=C(C=C1)OCC2CO2)C3=CC=C(C=C3)OCC4CO4,OC(=O)CCCCCCC(=O)O,OC(=O)CCCCCCC(=O)O,1.0,0.0,Iso,170.0,57.4,443.17,0.9767737830098632,0.0014203899822735
C6,CC(C)(C1=CC=C(C=C1)OCC2CO2)C3=CC=C(C=C3)OCC4CO4,OC(=O)CCCCC(=O)O,OC(=O)CCCCC(=O)O,1.0,0.0,Dyn,2.5,21.6,488.4000000000004,0.7697015667093882,0.0086725851324336
C8,CC(C)(C1=CC=C(C=C1)OCC2CO2)C3=CC=C(C=C3)OCC4CO4,OC(=O)CCCCCCC(=O)O,OC(=O)CCCCCCC(=O)O,1.0,0.0,Dyn,10.0,0.3999999999999999,443.15,0.0253341797945526,0.0468560263939529
C14,CC(C)(C1=CC=C(C=C1)OCC2CO2)C3=CC=C(C=C3)OCC4CO4,OC(=O)CCCCCCCCCCCCC(=O)O,OC(=O)CCCCCCCCCCCCC(=O)O,1.0,0.0,Iso,160.0,25.92241838685,433.15,0.784725467380773,0.0156934328134064
C8,CC(C)(C1=CC=C(C=C1)OCC2CO2)C3=CC=C(C=C3)OCC4CO4,OC(=O)CCCCCCC(=O)O,OC(=O)CCCCCCC(=O)O,1.0,0.0,Iso,180.0,22.531599999999965,453.18,0.8871916478465866,0.0109884194385316
C10,CC(C)(C1=CC=C(C=C1)OCC2CO2)C3=CC=C(C=C3)OCC4CO4,OC(=O)CCCCCCCCC(=O)O,OC(=O)CCCCCCCCC(=O)O,1.0,0.0,Dyn,2.5,1.59,439.13,0.0651351215448958,0.0384097830578286
C10,CC(C)(C1=CC=C(C=C1)OCC2CO2)C3=CC=C(C=C3)OCC4CO4,OC(=O)CCCCCCCCC(=O)O,OC(=O)CCCCCCCCC(=O)O,1.0,0.0,Dyn,10.0,7.789999999999999,516.3199999999999,0.7716888549816028,0.0809364416680505
C6,CC(C)(C1=CC=C(C=C1)OCC2CO2)C3=CC=C(C=C3)OCC4CO4,OC(=O)CCCCC(=O)O,OC(=O)CCCCC(=O)O,1.0,0.0,Dyn,10.0,10.51,543.41,0.9534270372710044,0.0161086544535694
C12,CC(C)(C1=CC=C(C=C1)OCC2CO2)C3=CC=C(C=C3)OCC4CO4,OC(=O)CCCCCCCCCCC(=O)O,OC(=O)CCCCCCCCCCC(=O)O,1.0,0.0,Dyn,10.0,4.881648992878173,485.3341483866702,0.437419168987201,0.1494865028478675
C12,CC(C)(C1=CC=C(C=C1)OCC2CO2)C3=CC=C(C=C3)OCC4CO4,OC(=O)CCCCCCCCCCC(=O)O,OC(=O)CCCCCCCCCCC(=O)O,1.0,0.0,Iso,180.0,33.067759999999964,453.16867892215566,0.8606784354447905,0.0053733749620666
C14,CC(C)(C1=CC=C(C=C1)OCC2CO2)C3=CC=C(C=C3)OCC4CO4,OC(=O)CCCCCCCCCCCCC(=O)O,OC(=O)CCCCCCCCCCCCC(=O)O,1.0,0.0,Iso,170.0,9.0208,443.2302310843373,0.4698951295951543,0.0443068038669515
C6,CC(C)(C1=CC=C(C=C1)OCC2CO2)C3=CC=C(C=C3)OCC4CO4,OC(=O)CCCCC(=O)O,OC(=O)CCCCC(=O)O,1.0,0.0,Iso,170.0,11.789999999999994,443.19,0.7343913419126006,0.0245416150465441
C8,CC(C)(C1=CC=C(C=C1)OCC2CO2)C3=CC=C(C=C3)OCC4CO4,OC(=O)CCCCCCC(=O)O,OC(=O)CCCCCCC(=O)O,1.0,0.0,Iso,170.0,9.8,443.19,0.4132198536430163,0.0302827144220716
C12,CC(C)(C1=CC=C(C=C1)OCC2CO2)C3=CC=C(C=C3)OCC4CO4,OC(=O)CCCCCCCCCCC(=O)O,OC(=O)CCCCCCCCCCC(=O)O,1.0,0.0,Iso,180.0,76.65708000000004,453.1662115568862,0.9812507211261106,0.0010746749924131
C14,CC(C)(C1=CC=C(C=C1)OCC2CO2)C3=CC=C(C=C3)OCC4CO4,OC(=O)CCCCCCCCCCCCC(=O)O,OC(=O)CCCCCCCCCCCCC(=O)O,1.0,0.0,Iso,170.0,11.276000000000003,443.2229861445783,0.5663475782903935,0.0397824251657134
C12,CC(C)(C1=CC=C(C=C1)OCC2CO2)C3=CC=C(C=C3)OCC4CO4,OC(=O)CCCCCCCCCCC(=O)O,OC(=O)CCCCCCCCCCC(=O)O,1.0,0.0,Iso,180.0,36.82545999999996,453.1687698203593,0.8798315449405791,0.0046825124669438
C8,CC(C)(C1=CC=C(C=C1)OCC2CO2)C3=CC=C(C=C3)OCC4CO4,OC(=O)CCCCCCC(=O)O,OC(=O)CCCCCCC(=O)O,1.0,0.0,Iso,170.0,47.6,443.17,0.956967865097041,0.0026703331666742
C6,CC(C)(C1=CC=C(C=C1)OCC2CO2)C3=CC=C(C=C3)OCC4CO4,OC(=O)CCCCC(=O)O,OC(=O)CCCCC(=O)O,1.0,0.0,Dyn,5.0,26.01,565.67,0.9850416799790872,0.0068256411745914
C10,CC(C)(C1=CC=C(C=C1)OCC2CO2)C3=CC=C(C=C3)OCC4CO4,OC(=O)CCCCCCCCC(=O)O,OC(=O)CCCCCCCCC(=O)O,1.0,0.0,Iso,165.0,31.509999999999987,438.17,0.7954208052248963,0.0093036930414524
C14,CC(C)(C1=CC=C(C=C1)OCC2CO2)C3=CC=C(C=C3)OCC4CO4,OC(=O)CCCCCCCCCCCCC(=O)O,OC(=O)CCCCCCCCCCCCC(=O)O,1.0,0.0,Iso,170.0,41.15740000000003,443.1697479640718,0.98732009810727,0.0014774499037368
C10,CC(C)(C1=CC=C(C=C1)OCC2CO2)C3=CC=C(C=C3)OCC4CO4,OC(=O)CCCCCCCCC(=O)O,OC(=O)CCCCCCCCC(=O)O,1.0,0.0,Iso,165.0,2.740000000000001,438.19,0.143996713031693,0.0488263580547542
C6,CC(C)(C1=CC=C(C=C1)OCC2CO2)C3=CC=C(C=C3)OCC4CO4,OC(=O)CCCCC(=O)O,OC(=O)CCCCC(=O)O,1.0,0.0,Iso,165.0,33.835695,438.17,0.9645523362046462,0.0035409959663749
C6,CC(C)(C1=CC=C(C=C1)OCC2CO2)C3=CC=C(C=C3)OCC4CO4,OC(=O)CCCCC(=O)O,OC(=O)CCCCC(=O)O,1.0,0.0,Iso,170.0,15.72,443.18,0.8116047473966622,0.0145097526017757
C14,CC(C)(C1=CC=C(C=C1)OCC2CO2)C3=CC=C(C=C3)OCC4CO4,OC(=O)CCCCCCCCCCCCC(=O)O,OC(=O)CCCCCCCCCCCCC(=O)O,1.0,0.0,Dyn,2.5,29.535646229162204,507.9266645160408,0.986091403609917,0.0010911723750661
C12,CC(C)(C1=CC=C(C=C1)OCC2CO2)C3=CC=C(C=C3)OCC4CO4,OC(=O)CCCCCCCCCCC(=O)O,OC(=O)CCCCCCCCCCC(=O)O,1.0,0.0,Iso,160.0,53.91881870970007,433.15,0.9172825608144486,0.0047308009641241
C8,CC(C)(C1=CC=C(C=C1)OCC2CO2)C3=CC=C(C=C3)OCC4CO4,OC(=O)CCCCCCC(=O)O,OC(=O)CCCCCCC(=O)O,1.0,0.0,Iso,170.0,14.7,443.19,0.5464922048997772,0.0248852324894323
C14,CC(C)(C1=CC=C(C=C1)OCC2CO2)C3=CC=C(C=C3)OCC4CO4,OC(=O)CCCCCCCCCCCCC(=O)O,OC(=O)CCCCCCCCCCCCC(=O)O,1.0,0.0,Iso,180.0,18.82431999999998,453.17005922155687,0.97374493615712,0.0074095652148552
C6,CC(C)(C1=CC=C(C=C1)OCC2CO2)C3=CC=C(C=C3)OCC4CO4,OC(=O)CCCCC(=O)O,OC(=O)CCCCC(=O)O,1.0,0.0,Iso,165.0,37.816364999999976,438.17,0.9766640563821456,0.0024918119763376
C8,CC(C)(C1=CC=C(C=C1)OCC2CO2)C3=CC=C(C=C3)OCC4CO4,OC(=O)CCCCCCC(=O)O,OC(=O)CCCCCCC(=O)O,1.0,0.0,Dyn,10.0,7.08,510.15,0.8294589679417066,0.1223676698508051
C12,CC(C)(C1=CC=C(C=C1)OCC2CO2)C3=CC=C(C=C3)OCC4CO4,OC(=O)CCCCCCCCCCC(=O)O,OC(=O)CCCCCCCCCCC(=O)O,1.0,0.0,Iso,180.0,54.11087999999992,453.16766251497,0.941675320179993,0.0026099249815752
C10,CC(C)(C1=CC=C(C=C1)OCC2CO2)C3=CC=C(C=C3)OCC4CO4,OC(=O)CCCCCCCCC(=O)O,OC(=O)CCCCCCCCC(=O)O,1.0,0.0,Dyn,5.0,20.79,539.5,0.9738874889149516,0.0121305063720273
C14,CC(C)(C1=CC=C(C=C1)OCC2CO2)C3=CC=C(C=C3)OCC4CO4,OC(=O)CCCCCCCCCCCCC(=O)O,OC(=O)CCCCCCCCCCCCC(=O)O,1.0,0.0,Dyn,5.0,0.5097943088412578,438.00870322579993,0.0257113701438241,0.0413243172881402
C6,CC(C)(C1=CC=C(C=C1)OCC2CO2)C3=CC=C(C=C3)OCC4CO4,OC(=O)CCCCC(=O)O,OC(=O)CCCCC(=O)O,1.0,0.0,Iso,180.0,31.19524099999996,453.17,0.9836571076164048,0.0017397120596674
C6,CC(C)(C1=CC=C(C=C1)OCC2CO2)C3=CC=C(C=C3)OCC4CO4,OC(=O)CCCCC(=O)O,OC(=O)CCCCC(=O)O,1.0,0.0,Dyn,10.0,11.31,551.41,0.9660770688566014,0.0151610865445337
C6,CC(C)(C1=CC=C(C=C1)OCC2CO2)C3=CC=C(C=C3)OCC4CO4,OC(=O)CCCCC(=O)O,OC(=O)CCCCC(=O)O,1.0,0.0,Dyn,5.0,1.59,443.67,0.1095181387783554,0.076026024572308
C14,CC(C)(C1=CC=C(C=C1)OCC2CO2)C3=CC=C(C=C3)OCC4CO4,OC(=O)CCCCCCCCCCCCC(=O)O,OC(=O)CCCCCCCCCCCCC(=O)O,1.0,0.0,Dyn,5.0,7.4538942094975695,472.80769677409927,0.593175218652784,0.1026643340252718
C14,CC(C)(C1=CC=C(C=C1)OCC2CO2)C3=CC=C(C=C3)OCC4CO4,OC(=O)CCCCCCCCCCCCC(=O)O,OC(=O)CCCCCCCCCCCCC(=O)O,1.0,0.0,Iso,180.0,18.23605999999998,453.1714248192771,0.9685984592696196,0.0087486432657334
C10,CC(C)(C1=CC=C(C=C1)OCC2CO2)C3=CC=C(C=C3)OCC4CO4,OC(=O)CCCCCCCCC(=O)O,OC(=O)CCCCCCCCC(=O)O,1.0,0.0,Dyn,5.0,8.790000000000001,479.5,0.549868830919256,0.0659516478016016
C6,CC(C)(C1=CC=C(C=C1)OCC2CO2)C3=CC=C(C=C3)OCC4CO4,OC(=O)CCCCC(=O)O,OC(=O)CCCCC(=O)O,1.0,0.0,Iso,170.0,50.43500000000006,443.17,0.9752626074303123,0.0013884930719401
C6,CC(C)(C1=CC=C(C=C1)OCC2CO2)C3=CC=C(C=C3)OCC4CO4,OC(=O)CCCCC(=O)O,OC(=O)CCCCC(=O)O,1.0,0.0,Dyn,10.0,9.21,530.41,0.9315540113708148,0.0176879343019587
C12,CC(C)(C1=CC=C(C=C1)OCC2CO2)C3=CC=C(C=C3)OCC4CO4,OC(=O)CCCCCCCCCCC(=O)O,OC(=O)CCCCCCCCCCC(=O)O,1.0,0.0,Dyn,10.0,1.3947149325460182,450.37547096762,0.0633986728971842,0.062759184595717
C12,CC(C)(C1=CC=C(C=C1)OCC2CO2)C3=CC=C(C=C3)OCC4CO4,OC(=O)CCCCCCCCCCC(=O)O,OC(=O)CCCCCCCCCCC(=O)O,1.0,0.0,Dyn,2.5,44.337424193459285,544.8145161284988,0.9422969966629589,0.0053265146028917
C6,CC(C)(C1=CC=C(C=C1)OCC2CO2)C3=CC=C(C=C3)OCC4CO4,OC(=O)CCCCC(=O)O,OC(=O)CCCCC(=O)O,1.0,0.0,Dyn,10.0,7.91,517.41,0.9062539481996208,0.0214782059380925
C10,CC(C)(C1=CC=C(C=C1)OCC2CO2)C3=CC=C(C=C3)OCC4CO4,OC(=O)CCCCCCCCC(=O)O,OC(=O)CCCCCCCCC(=O)O,1.0,0.0,Dyn,2.5,4.39,446.13,0.1825097343043224,0.0453374813894967
C14,CC(C)(C1=CC=C(C=C1)OCC2CO2)C3=CC=C(C=C3)OCC4CO4,OC(=O)CCCCCCCCCCCCC(=O)O,OC(=O)CCCCCCCCCCCCC(=O)O,1.0,0.0,Iso,180.0,3.52956,453.2256047904192,0.3140394458506196,0.0908640802421102
C14,CC(C)(C1=CC=C(C=C1)OCC2CO2)C3=CC=C(C=C3)OCC4CO4,OC(=O)CCCCCCCCCCCCC(=O)O,OC(=O)CCCCCCCCCCCCC(=O)O,1.0,0.0,Iso,160.0,58.18142793492983,433.15,0.9847234582210832,0.0013686133267506
C14,CC(C)(C1=CC=C(C=C1)OCC2CO2)C3=CC=C(C=C3)OCC4CO4,OC(=O)CCCCCCCCCCCCC(=O)O,OC(=O)CCCCCCCCCCCCC(=O)O,1.0,0.0,Dyn,2.5,19.579599162728016,483.0418645160705,0.96659962008192,0.0069782690985963
C10,CC(C)(C1=CC=C(C=C1)OCC2CO2)C3=CC=C(C=C3)OCC4CO4,OC(=O)CCCCCCCCC(=O)O,OC(=O)CCCCCCCCC(=O)O,1.0,0.0,Dyn,5.0,20.59,538.5,0.9713975428701672,0.0124497302239229
C10,CC(C)(C1=CC=C(C=C1)OCC2CO2)C3=CC=C(C=C3)OCC4CO4,OC(=O)CCCCCCCCC(=O)O,OC(=O)CCCCCCCCC(=O)O,1.0,0.0,Iso,180.0,43.8597,453.17,0.9624442974223192,0.0031764818687869
C6,CC(C)(C1=CC=C(C=C1)OCC2CO2)C3=CC=C(C=C3)OCC4CO4,OC(=O)CCCCC(=O)O,OC(=O)CCCCC(=O)O,1.0,0.0,Dyn,2.5,21.98,489.3300000000004,0.772997149059713,0.0087655987009972
C6,CC(C)(C1=CC=C(C=C1)OCC2CO2)C3=CC=C(C=C3)OCC4CO4,OC(=O)CCCCC(=O)O,OC(=O)CCCCC(=O)O,1.0,0.0,Iso,170.0,29.475000000000023,443.17,0.922559228775408,0.0042349038694178
C10,CC(C)(C1=CC=C(C=C1)OCC2CO2)C3=CC=C(C=C3)OCC4CO4,OC(=O)CCCCCCCCC(=O)O,OC(=O)CCCCCCCCC(=O)O,1.0,0.0,Iso,170.0,56.886840000000056,443.17,0.9843789802001954,0.002461128454531
C6,CC(C)(C1=CC=C(C=C1)OCC2CO2)C3=CC=C(C=C3)OCC4CO4,OC(=O)CCCCC(=O)O,OC(=O)CCCCC(=O)O,1.0,0.0,Dyn,2.5,40.58,535.8300000000007,0.932388250987369,0.0084121471404705
C10,CC(C)(C1=CC=C(C=C1)OCC2CO2)C3=CC=C(C=C3)OCC4CO4,OC(=O)CCCCCCCCC(=O)O,OC(=O)CCCCCCCCC(=O)O,1.0,0.0,Dyn,10.0,11.29,551.3199999999999,0.960376333339902,0.0274480106526421
C10,CC(C)(C1=CC=C(C=C1)OCC2CO2)C3=CC=C(C=C3)OCC4CO4,OC(=O)CCCCCCCCC(=O)O,OC(=O)CCCCCCCCC(=O)O,1.0,0.0,Iso,170.0,42.66513000000004,443.17,0.9298026371651934,0.0055604275173225
C10,CC(C)(C1=CC=C(C=C1)OCC2CO2)C3=CC=C(C=C3)OCC4CO4,OC(=O)CCCCCCCCC(=O)O,OC(=O)CCCCCCCCC(=O)O,1.0,0.0,Dyn,5.0,1.5900000000000003,443.5,0.0725946961595455,0.0477367348124463
C12,CC(C)(C1=CC=C(C=C1)OCC2CO2)C3=CC=C(C=C3)OCC4CO4,OC(=O)CCCCCCCCCCC(=O)O,OC(=O)CCCCCCCCCCC(=O)O,1.0,0.0,Dyn,10.0,4.781910246276524,484.33532903184016,0.4226920099624411,0.1476573500926301
C8,CC(C)(C1=CC=C(C=C1)OCC2CO2)C3=CC=C(C=C3)OCC4CO4,OC(=O)CCCCCCC(=O)O,OC(=O)CCCCCCC(=O)O,1.0,0.0,Iso,180.0,19.93179999999997,453.18,0.8537917508617615,0.014660674782223
C8,CC(C)(C1=CC=C(C=C1)OCC2CO2)C3=CC=C(C=C3)OCC4CO4,OC(=O)CCCCCCC(=O)O,OC(=O)CCCCCCC(=O)O,1.0,0.0,Dyn,2.5,9.170000000000002,457.15,0.4359094897831265,0.0557853829760563
C14,CC(C)(C1=CC=C(C=C1)OCC2CO2)C3=CC=C(C=C3)OCC4CO4,OC(=O)CCCCCCCCCCCCC(=O)O,OC(=O)CCCCCCCCCCCCC(=O)O,1.0,0.0,Dyn,10.0,4.869942748303888,485.4344709674096,0.5315650468310529,0.1693183023852652
C6,CC(C)(C1=CC=C(C=C1)OCC2CO2)C3=CC=C(C=C3)OCC4CO4,OC(=O)CCCCC(=O)O,OC(=O)CCCCC(=O)O,1.0,0.0,Iso,170.0,56.98500000000007,443.17,0.983311354645082,0.0010413698039549
C6,CC(C)(C1=CC=C(C=C1)OCC2CO2)C3=CC=C(C=C3)OCC4CO4,OC(=O)CCCCC(=O)O,OC(=O)CCCCC(=O)O,1.0,0.0,Iso,180.0,9.723191999999994,453.21,0.8073793753579137,0.0294134531444064
C14,CC(C)(C1=CC=C(C=C1)OCC2CO2)C3=CC=C(C=C3)OCC4CO4,OC(=O)CCCCCCCCCCCCC(=O)O,OC(=O)CCCCCCCCCCCCC(=O)O,1.0,0.0,Dyn,10.0,7.373465938333065,510.3831806446593,0.905539764953684,0.0699329632201947
C8,CC(C)(C1=CC=C(C=C1)OCC2CO2)C3=CC=C(C=C3)OCC4CO4,OC(=O)CCCCCCC(=O)O,OC(=O)CCCCCCC(=O)O,1.0,0.0,Iso,180.0,32.49749999999998,453.17,0.9574864297317645,0.0042062685709616
C12,CC(C)(C1=CC=C(C=C1)OCC2CO2)C3=CC=C(C=C3)OCC4CO4,OC(=O)CCCCCCCCCCC(=O)O,OC(=O)CCCCCCCCCCC(=O)O,1.0,0.0,Dyn,2.5,22.167047096729643,489.39225806424935,0.7426733108462505,0.0128008588545191
C10,CC(C)(C1=CC=C(C=C1)OCC2CO2)C3=CC=C(C=C3)OCC4CO4,OC(=O)CCCCCCCCC(=O)O,OC(=O)CCCCCCCCC(=O)O,1.0,0.0,Dyn,2.5,26.4,501.13,0.921786695758445,0.0117311291323767
C14,CC(C)(C1=CC=C(C=C1)OCC2CO2)C3=CC=C(C=C3)OCC4CO4,OC(=O)CCCCCCCCCCCCC(=O)O,OC(=O)CCCCCCCCCCCCC(=O)O,1.0,0.0,Dyn,10.0,7.975838908003829,516.3708709671993,0.9368947920518392,0.0360762434944556
C12,CC(C)(C1=CC=C(C=C1)OCC2CO2)C3=CC=C(C=C3)OCC4CO4,OC(=O)CCCCCCCCCCC(=O)O,OC(=O)CCCCCCCCCCC(=O)O,1.0,0.0,Dyn,5.0,3.9772700721180656,455.03621290319984,0.1889357420157911,0.0672415437443582
C6,CC(C)(C1=CC=C(C=C1)OCC2CO2)C3=CC=C(C=C3)OCC4CO4,OC(=O)CCCCC(=O)O,OC(=O)CCCCC(=O)O,1.0,0.0,Dyn,10.0,7.41,512.41,0.8947883765003158,0.024005053695515
C14,CC(C)(C1=CC=C(C=C1)OCC2CO2)C3=CC=C(C=C3)OCC4CO4,OC(=O)CCCCCCCCCCCCC(=O)O,OC(=O)CCCCCCCCCCCCC(=O)O,1.0,0.0,Dyn,5.0,1.7915966417715723,444.4529612902998,0.0866364114243825,0.0562740792033673
C10,CC(C)(C1=CC=C(C=C1)OCC2CO2)C3=CC=C(C=C3)OCC4CO4,OC(=O)CCCCCCCCC(=O)O,OC(=O)CCCCCCCCC(=O)O,1.0,0.0,Dyn,10.0,11.79,556.3199999999999,0.9729038869198264,0.0214657519206552
C10,CC(C)(C1=CC=C(C=C1)OCC2CO2)C3=CC=C(C=C3)OCC4CO4,OC(=O)CCCCCCCCC(=O)O,OC(=O)CCCCCCCCC(=O)O,1.0,0.0,Iso,180.0,39.96106,453.17,0.94837773498731,0.0038670214054795
C14,CC(C)(C1=CC=C(C=C1)OCC2CO2)C3=CC=C(C=C3)OCC4CO4,OC(=O)CCCCCCCCCCCCC(=O)O,OC(=O)CCCCCCCCCCCCC(=O)O,1.0,0.0,Iso,170.0,19.73300000000001,443.1951091616766,0.8153918457684107,0.0196403520137462
C10,CC(C)(C1=CC=C(C=C1)OCC2CO2)C3=CC=C(C=C3)OCC4CO4,OC(=O)CCCCCCCCC(=O)O,OC(=O)CCCCCCCCC(=O)O,1.0,0.0,Dyn,10.0,0.3999999999999999,442.32,0.0225003307837181,0.0370442574538938
C10,CC(C)(C1=CC=C(C=C1)OCC2CO2)C3=CC=C(C=C3)OCC4CO4,OC(=O)CCCCCCCCC(=O)O,OC(=O)CCCCCCCCC(=O)O,1.0,0.0,Dyn,10.0,7.49,513.3199999999999,0.7464226092782722,0.0858630076826275
C14,CC(C)(C1=CC=C(C=C1)OCC2CO2)C3=CC=C(C=C3)OCC4CO4,OC(=O)CCCCCCCCCCCCC(=O)O,OC(=O)CCCCCCCCCCCCC(=O)O,1.0,0.0,Iso,160.0,16.129504774039997,433.15,0.570786512797255,0.0278862262675546
C10,CC(C)(C1=CC=C(C=C1)OCC2CO2)C3=CC=C(C=C3)OCC4CO4,OC(=O)CCCCCCCCC(=O)O,OC(=O)CCCCCCCCC(=O)O,1.0,0.0,Iso,170.0,8.954410000000003,443.21,0.4167718481999855,0.0344195828582268
C10,CC(C)(C1=CC=C(C=C1)OCC2CO2)C3=CC=C(C=C3)OCC4CO4,OC(=O)CCCCCCCCC(=O)O,OC(=O)CCCCCCCCC(=O)O,1.0,0.0,Dyn,10.0,0.6000000000000001,444.32,0.0301238397937035,0.0418969249782528
C12,CC(C)(C1=CC=C(C=C1)OCC2CO2)C3=CC=C(C=C3)OCC4CO4,OC(=O)CCCCCCCCCCC(=O)O,OC(=O)CCCCCCCCCCC(=O)O,1.0,0.0,Iso,170.0,64.5203999999999,443.16621347305386,0.9686258707040468,0.0016488460015381
C12,CC(C)(C1=CC=C(C=C1)OCC2CO2)C3=CC=C(C=C3)OCC4CO4,OC(=O)CCCCCCCCCCC(=O)O,OC(=O)CCCCCCCCCCC(=O)O,1.0,0.0,Dyn,2.5,51.59378980634855,562.9527096767986,0.9770230812013349,0.003971621703159
C10,CC(C)(C1=CC=C(C=C1)OCC2CO2)C3=CC=C(C=C3)OCC4CO4,OC(=O)CCCCCCCCC(=O)O,OC(=O)CCCCCCCCC(=O)O,1.0,0.0,Dyn,5.0,2.39,447.5,0.1130492964625528,0.0550980368371555
C12,CC(C)(C1=CC=C(C=C1)OCC2CO2)C3=CC=C(C=C3)OCC4CO4,OC(=O)CCCCCCCCCCC(=O)O,OC(=O)CCCCCCCCCCC(=O)O,1.0,0.0,Iso,160.0,11.554032580650006,433.15,0.3448571041815444,0.0251977262585518
C10,CC(C)(C1=CC=C(C=C1)OCC2CO2)C3=CC=C(C=C3)OCC4CO4,OC(=O)CCCCCCCCC(=O)O,OC(=O)CCCCCCCCC(=O)O,1.0,0.0,Dyn,5.0,5.190000000000001,461.5,0.2925616373374432,0.0718572890616669
C6,CC(C)(C1=CC=C(C=C1)OCC2CO2)C3=CC=C(C=C3)OCC4CO4,OC(=O)CCCCC(=O)O,OC(=O)CCCCC(=O)O,1.0,0.0,Iso,170.0,0.6549999999999998,443.25,0.0686303487790459,0.1039599475288467
C12,CC(C)(C1=CC=C(C=C1)OCC2CO2)C3=CC=C(C=C3)OCC4CO4,OC(=O)CCCCCCCCCCC(=O)O,OC(=O)CCCCCCCCCCC(=O)O,1.0,0.0,Iso,160.0,86.27010993551994,433.15,0.988595761343057,0.0008260596323756
C8,CC(C)(C1=CC=C(C=C1)OCC2CO2)C3=CC=C(C=C3)OCC4CO4,OC(=O)CCCCCCC(=O)O,OC(=O)CCCCCCC(=O)O,1.0,0.0,Dyn,10.0,6.27,502.15,0.717597407515696,0.147818516325599
C14,CC(C)(C1=CC=C(C=C1)OCC2CO2)C3=CC=C(C=C3)OCC4CO4,OC(=O)CCCCCCCCCCCCC(=O)O,OC(=O)CCCCCCCCCCCCC(=O)O,1.0,0.0,Dyn,2.5,4.460435023719473,445.3132967741801,0.2058839044185495,0.0593050453194429
C14,CC(C)(C1=CC=C(C=C1)OCC2CO2)C3=CC=C(C=C3)OCC4CO4,OC(=O)CCCCCCCCCCCCC(=O)O,OC(=O)CCCCCCCCCCCCC(=O)O,1.0,0.0,Dyn,2.5,29.85732371582891,508.7293999999108,0.9864424091970484,0.0009583154226199
C8,CC(C)(C1=CC=C(C=C1)OCC2CO2)C3=CC=C(C=C3)OCC4CO4,OC(=O)CCCCCCC(=O)O,OC(=O)CCCCCCC(=O)O,1.0,0.0,Iso,160.0,88.0,433.17,0.964463841748528,0.0016234793109808
C8,CC(C)(C1=CC=C(C=C1)OCC2CO2)C3=CC=C(C=C3)OCC4CO4,OC(=O)CCCCCCC(=O)O,OC(=O)CCCCCCC(=O)O,1.0,0.0,Iso,180.0,35.0973,453.17,0.9673917350132732,0.0032671733921839
C6,CC(C)(C1=CC=C(C=C1)OCC2CO2)C3=CC=C(C=C3)OCC4CO4,OC(=O)CCCCC(=O)O,OC(=O)CCCCC(=O)O,1.0,0.0,Iso,170.0,32.75000000000003,443.17,0.9352917102451004,0.0034712326798502
C8,CC(C)(C1=CC=C(C=C1)OCC2CO2)C3=CC=C(C=C3)OCC4CO4,OC(=O)CCCCCCC(=O)O,OC(=O)CCCCCCC(=O)O,1.0,0.0,Dyn,10.0,9.49,534.15,0.9822454894991844,0.0191390365490441
C6,CC(C)(C1=CC=C(C=C1)OCC2CO2)C3=CC=C(C=C3)OCC4CO4,OC(=O)CCCCC(=O)O,OC(=O)CCCCC(=O)O,1.0,0.0,Dyn,10.0,4.18,480.41,0.634696778269109,0.1896715097915375
C6,CC(C)(C1=CC=C(C=C1)OCC2CO2)C3=CC=C(C=C3)OCC4CO4,OC(=O)CCCCC(=O)O,OC(=O)CCCCC(=O)O,1.0,0.0,Iso,170.0,49.12500000000006,443.17,0.9733527352098588,0.0015273423791341
C6,CC(C)(C1=CC=C(C=C1)OCC2CO2)C3=CC=C(C=C3)OCC4CO4,OC(=O)CCCCC(=O)O,OC(=O)CCCCC(=O)O,1.0,0.0,Dyn,10.0,2.78,466.41,0.3405243209096649,0.2043588123815526
C14,CC(C)(C1=CC=C(C=C1)OCC2CO2)C3=CC=C(C=C3)OCC4CO4,OC(=O)CCCCCCCCCCCCC(=O)O,OC(=O)CCCCCCCCCCCCC(=O)O,1.0,0.0,Iso,160.0,19.58582722562,433.15,0.6605125467876176,0.0237804765534489
C12,CC(C)(C1=CC=C(C=C1)OCC2CO2)C3=CC=C(C=C3)OCC4CO4,OC(=O)CCCCCCCCCCC(=O)O,OC(=O)CCCCCCCCCCC(=O)O,1.0,0.0,Iso,180.0,26.303899999999977,453.1707055421687,0.8175262489904235,0.0072358997992163
C14,CC(C)(C1=CC=C(C=C1)OCC2CO2)C3=CC=C(C=C3)OCC4CO4,OC(=O)CCCCCCCCCCCCC(=O)O,OC(=O)CCCCCCCCCCCCC(=O)O,1.0,0.0,Dyn,2.5,9.271715542227144,457.3543290322302,0.5240825758682767,0.0710364629993504
C10,CC(C)(C1=CC=C(C=C1)OCC2CO2)C3=CC=C(C=C3)OCC4CO4,OC(=O)CCCCCCCCC(=O)O,OC(=O)CCCCCCCCC(=O)O,1.0,0.0,Iso,180.0,28.75247,453.18,0.8837657735633428,0.0077340428109593
C6,CC(C)(C1=CC=C(C=C1)OCC2CO2)C3=CC=C(C=C3)OCC4CO4,OC(=O)CCCCC(=O)O,OC(=O)CCCCC(=O)O,1.0,0.0,Iso,180.0,23.09258099999997,453.17,0.9629091229461256,0.0035881561230644
C14,CC(C)(C1=CC=C(C=C1)OCC2CO2)C3=CC=C(C=C3)OCC4CO4,OC(=O)CCCCCCCCCCCCC(=O)O,OC(=O)CCCCCCCCCCCCC(=O)O,1.0,0.0,Dyn,10.0,10.871093679426618,545.311374192809,0.9765185668067629,0.0066824496445913
C10,CC(C)(C1=CC=C(C=C1)OCC2CO2)C3=CC=C(C=C3)OCC4CO4,OC(=O)CCCCCCCCC(=O)O,OC(=O)CCCCCCCCC(=O)O,1.0,0.0,Dyn,10.0,11.09,549.3199999999999,0.9545348336369036,0.0295593960874608
C6,CC(C)(C1=CC=C(C=C1)OCC2CO2)C3=CC=C(C=C3)OCC4CO4,OC(=O)CCCCC(=O)O,OC(=O)CCCCC(=O)O,1.0,0.0,Dyn,5.0,12.81,499.67,0.8468151848732173,0.016265357692643
C6,CC(C)(C1=CC=C(C=C1)OCC2CO2)C3=CC=C(C=C3)OCC4CO4,OC(=O)CCCCC(=O)O,OC(=O)CCCCC(=O)O,1.0,0.0,Iso,165.0,39.01056599999997,438.17,0.9795875750456798,0.0022295159788289
C12,CC(C)(C1=CC=C(C=C1)OCC2CO2)C3=CC=C(C=C3)OCC4CO4,OC(=O)CCCCCCCCCCC(=O)O,OC(=O)CCCCCCCCCCC(=O)O,1.0,0.0,Iso,170.0,5.376700000000001,443.2162290419161,0.2871470001106532,0.0516756240411965
C8,CC(C)(C1=CC=C(C=C1)OCC2CO2)C3=CC=C(C=C3)OCC4CO4,OC(=O)CCCCCCC(=O)O,OC(=O)CCCCCCC(=O)O,1.0,0.0,Dyn,10.0,0.5,444.15,0.0300197824339479,0.0516218179529991
C10,CC(C)(C1=CC=C(C=C1)OCC2CO2)C3=CC=C(C=C3)OCC4CO4,OC(=O)CCCCCCCCC(=O)O,OC(=O)CCCCCCCCC(=O)O,1.0,0.0,Dyn,5.0,3.19,451.5,0.1590111466584604,0.0615144362602542
C10,CC(C)(C1=CC=C(C=C1)OCC2CO2)C3=CC=C(C=C3)OCC4CO4,OC(=O)CCCCCCCCC(=O)O,OC(=O)CCCCCCCCC(=O)O,1.0,0.0,Dyn,10.0,6.69,505.32,0.6703775438675512,0.1022614345597209
C8,CC(C)(C1=CC=C(C=C1)OCC2CO2)C3=CC=C(C=C3)OCC4CO4,OC(=O)CCCCCCC(=O)O,OC(=O)CCCCCCC(=O)O,1.0,0.0,Iso,160.0,60.0,433.17,0.8843361184221127,0.0043653554806376
C6,CC(C)(C1=CC=C(C=C1)OCC2CO2)C3=CC=C(C=C3)OCC4CO4,OC(=O)CCCCC(=O)O,OC(=O)CCCCC(=O)O,1.0,0.0,Dyn,10.0,12.51,563.41,0.9829121920404296,0.0120025268477575
C6,CC(C)(C1=CC=C(C=C1)OCC2CO2)C3=CC=C(C=C3)OCC4CO4,OC(=O)CCCCC(=O)O,OC(=O)CCCCC(=O)O,1.0,0.0,Dyn,2.5,42.4300000000008,540.4800000000007,0.9474276148876648,0.0075024744399742
C10,CC(C)(C1=CC=C(C=C1)OCC2CO2)C3=CC=C(C=C3)OCC4CO4,OC(=O)CCCCCCCCC(=O)O,OC(=O)CCCCCCCCC(=O)O,1.0,0.0,Iso,170.0,45.29878000000004,443.17,0.9436087666978008,0.0047992004863355
C10,CC(C)(C1=CC=C(C=C1)OCC2CO2)C3=CC=C(C=C3)OCC4CO4,OC(=O)CCCCCCCCC(=O)O,OC(=O)CCCCCCCCC(=O)O,1.0,0.0,Dyn,10.0,12.59,564.3199999999999,0.9871909283621,0.0133721077538518
C6,CC(C)(C1=CC=C(C=C1)OCC2CO2)C3=CC=C(C=C3)OCC4CO4,OC(=O)CCCCC(=O)O,OC(=O)CCCCC(=O)O,1.0,0.0,Dyn,2.5,20.49,485.6100000000004,0.7594224884262287,0.0094725018220453
C12,CC(C)(C1=CC=C(C=C1)OCC2CO2)C3=CC=C(C=C3)OCC4CO4,OC(=O)CCCCCCCCCCC(=O)O,OC(=O)CCCCCCCCCCC(=O)O,1.0,0.0,Iso,170.0,70.66519999999993,443.1655401204819,0.9778366242588222,0.0012741082739158
C8,CC(C)(C1=CC=C(C=C1)OCC2CO2)C3=CC=C(C=C3)OCC4CO4,OC(=O)CCCCCCC(=O)O,OC(=O)CCCCCCC(=O)O,1.0,0.0,Dyn,10.0,3.08,470.15,0.247514164923114,0.1300940110332581
C6,CC(C)(C1=CC=C(C=C1)OCC2CO2)C3=CC=C(C=C3)OCC4CO4,OC(=O)CCCCC(=O)O,OC(=O)CCCCC(=O)O,1.0,0.0,Dyn,10.0,2.8800000000000003,467.41,0.3609602021478203,0.2122552116235029
C8,CC(C)(C1=CC=C(C=C1)OCC2CO2)C3=CC=C(C=C3)OCC4CO4,OC(=O)CCCCCCC(=O)O,OC(=O)CCCCCCC(=O)O,1.0,0.0,Dyn,10.0,0.5950000000000002,445.15,0.0349238551394828,0.0540865315063477
C6,CC(C)(C1=CC=C(C=C1)OCC2CO2)C3=CC=C(C=C3)OCC4CO4,OC(=O)CCCCC(=O)O,OC(=O)CCCCC(=O)O,1.0,0.0,Iso,170.0,32.09500000000003,443.17,0.932927106543586,0.0036100819870449
C6,CC(C)(C1=CC=C(C=C1)OCC2CO2)C3=CC=C(C=C3)OCC4CO4,OC(=O)CCCCC(=O)O,OC(=O)CCCCC(=O)O,1.0,0.0,Dyn,10.0,12.81,566.41,0.9864181933038534,0.011054958938723
C10,CC(C)(C1=CC=C(C=C1)OCC2CO2)C3=CC=C(C=C3)OCC4CO4,OC(=O)CCCCCCCCC(=O)O,OC(=O)CCCCCCCCC(=O)O,1.0,0.0,Iso,170.0,17.908820000000013,443.19,0.6531123099469601,0.0192354416620783
C14,CC(C)(C1=CC=C(C=C1)OCC2CO2)C3=CC=C(C=C3)OCC4CO4,OC(=O)CCCCCCCCCCCCC(=O)O,OC(=O)CCCCCCCCCCCCC(=O)O,1.0,0.0,Dyn,5.0,5.005088202702389,460.5636064515495,0.3389422164265246,0.1013835560215
C8,CC(C)(C1=CC=C(C=C1)OCC2CO2)C3=CC=C(C=C3)OCC4CO4,OC(=O)CCCCCCC(=O)O,OC(=O)CCCCCCC(=O)O,1.0,0.0,Dyn,5.0,11.820000000000938,494.5500000000009,0.8401856314663837,0.057168904746557
C6,CC(C)(C1=CC=C(C=C1)OCC2CO2)C3=CC=C(C=C3)OCC4CO4,OC(=O)CCCCC(=O)O,OC(=O)CCCCC(=O)O,1.0,0.0,Iso,165.0,39.408632999999966,438.17,0.9804750717828244,0.0023173851379939
C6,CC(C)(C1=CC=C(C=C1)OCC2CO2)C3=CC=C(C=C3)OCC4CO4,OC(=O)CCCCC(=O)O,OC(=O)CCCCC(=O)O,1.0,0.0,Iso,180.0,12.96425599999999,453.19,0.8820316285626184,0.015650765011581
C14,CC(C)(C1=CC=C(C=C1)OCC2CO2)C3=CC=C(C=C3)OCC4CO4,OC(=O)CCCCCCCCCCCCC(=O)O,OC(=O)CCCCCCCCCCCCC(=O)O,1.0,0.0,Iso,160.0,27.07452587071,433.15,0.8022735420816164,0.0145332054417955
C12,CC(C)(C1=CC=C(C=C1)OCC2CO2)C3=CC=C(C=C3)OCC4CO4,OC(=O)CCCCCCCCCCC(=O)O,OC(=O)CCCCCCCCCCC(=O)O,1.0,0.0,Dyn,2.5,51.189175354736456,561.9450322574485,0.9753545606229144,0.0041237295696498
C14,CC(C)(C1=CC=C(C=C1)OCC2CO2)C3=CC=C(C=C3)OCC4CO4,OC(=O)CCCCCCCCCCCCC(=O)O,OC(=O)CCCCCCCCCCCCC(=O)O,1.0,0.0,Dyn,5.0,3.976540570179212,455.4081999999496,0.2416751604594395,0.0873249805027705
C12,CC(C)(C1=CC=C(C=C1)OCC2CO2)C3=CC=C(C=C3)OCC4CO4,OC(=O)CCCCCCCCCCC(=O)O,OC(=O)CCCCCCCCCCC(=O)O,1.0,0.0,Dyn,5.0,19.976702908136964,534.9802645159992,0.9598261606953572,0.0106363257880708
C12,CC(C)(C1=CC=C(C=C1)OCC2CO2)C3=CC=C(C=C3)OCC4CO4,OC(=O)CCCCCCCCCCC(=O)O,OC(=O)CCCCCCCCCCC(=O)O,1.0,0.0,Dyn,5.0,20.77634493060088,538.9774670966393,0.9677761288954844,0.008983431123952
C12,CC(C)(C1=CC=C(C=C1)OCC2CO2)C3=CC=C(C=C3)OCC4CO4,OC(=O)CCCCCCCCCCC(=O)O,OC(=O)CCCCCCCCCCC(=O)O,1.0,0.0,Dyn,2.5,36.67811374186177,525.6686451608489,0.8932447342910489,0.0077440465343056
C12,CC(C)(C1=CC=C(C=C1)OCC2CO2)C3=CC=C(C=C3)OCC4CO4,OC(=O)CCCCCCCCCCC(=O)O,OC(=O)CCCCCCCCCCC(=O)O,1.0,0.0,Iso,180.0,48.850099999999934,453.1683923353294,0.9266758970808816,0.0030704999783238
C6,CC(C)(C1=CC=C(C=C1)OCC2CO2)C3=CC=C(C=C3)OCC4CO4,OC(=O)CCCCC(=O)O,OC(=O)CCCCC(=O)O,1.0,0.0,Iso,165.0,19.903350000000007,438.17,0.8839467501957713,0.0082623239215409
C10,CC(C)(C1=CC=C(C=C1)OCC2CO2)C3=CC=C(C=C3)OCC4CO4,OC(=O)CCCCCCCCC(=O)O,OC(=O)CCCCCCCCC(=O)O,1.0,0.0,Iso,165.0,23.974999999999987,438.17,0.710949342647508,0.0129698769918956
C6,CC(C)(C1=CC=C(C=C1)OCC2CO2)C3=CC=C(C=C3)OCC4CO4,OC(=O)CCCCC(=O)O,OC(=O)CCCCC(=O)O,1.0,0.0,Dyn,2.5,17.509999999999998,478.1700000000003,0.7270159286480274,0.0124414949304446
C10,CC(C)(C1=CC=C(C=C1)OCC2CO2)C3=CC=C(C=C3)OCC4CO4,OC(=O)CCCCCCCCC(=O)O,OC(=O)CCCCCCCCC(=O)O,1.0,0.0,Dyn,10.0,2.79,466.32,0.1885629066176448,0.1062026873713808
C10,CC(C)(C1=CC=C(C=C1)OCC2CO2)C3=CC=C(C=C3)OCC4CO4,OC(=O)CCCCCCCCC(=O)O,OC(=O)CCCCCCCCC(=O)O,1.0,0.0,Iso,170.0,12.114790000000006,443.2,0.5162010198386953,0.0280228023638436
C10,CC(C)(C1=CC=C(C=C1)OCC2CO2)C3=CC=C(C=C3)OCC4CO4,OC(=O)CCCCCCCCC(=O)O,OC(=O)CCCCCCCCC(=O)O,1.0,0.0,Iso,170.0,39.50475000000004,443.17,0.910357384302366,0.0066450468272337
C12,CC(C)(C1=CC=C(C=C1)OCC2CO2)C3=CC=C(C=C3)OCC4CO4,OC(=O)CCCCCCCCCCC(=O)O,OC(=O)CCCCCCCCCCC(=O)O,1.0,0.0,Dyn,10.0,4.981278119567008,486.33296774150017,0.4523123787177022,0.1510123536505822
C10,CC(C)(C1=CC=C(C=C1)OCC2CO2)C3=CC=C(C=C3)OCC4CO4,OC(=O)CCCCCCCCC(=O)O,OC(=O)CCCCCCCCC(=O)O,1.0,0.0,Dyn,10.0,5.59,494.32,0.5434340135748008,0.1246421201687979
C10,CC(C)(C1=CC=C(C=C1)OCC2CO2)C3=CC=C(C=C3)OCC4CO4,OC(=O)CCCCCCCCC(=O)O,OC(=O)CCCCCCCCC(=O)O,1.0,0.0,Iso,180.0,36.54975,453.17975,0.9330323941491178,0.0049315571552452
C10,CC(C)(C1=CC=C(C=C1)OCC2CO2)C3=CC=C(C=C3)OCC4CO4,OC(=O)CCCCCCCCC(=O)O,OC(=O)CCCCCCCCC(=O)O,1.0,0.0,Dyn,5.0,17.189999999999998,521.5,0.9053182055278078,0.0255379081516362
C8,CC(C)(C1=CC=C(C=C1)OCC2CO2)C3=CC=C(C=C3)OCC4CO4,OC(=O)CCCCCCC(=O)O,OC(=O)CCCCCCC(=O)O,1.0,0.0,Dyn,5.0,0.1600000000000001,436.1500000000001,0.0123758746842433,0.0391014403859743
C12,CC(C)(C1=CC=C(C=C1)OCC2CO2)C3=CC=C(C=C3)OCC4CO4,OC(=O)CCCCCCCCCCC(=O)O,OC(=O)CCCCCCCCCCC(=O)O,1.0,0.0,Iso,180.0,4.509240000000001,453.215943253012,0.3839848143004695,0.0680075788382216
C8,CC(C)(C1=CC=C(C=C1)OCC2CO2)C3=CC=C(C=C3)OCC4CO4,OC(=O)CCCCCCC(=O)O,OC(=O)CCCCCCC(=O)O,1.0,0.0,Dyn,5.0,4.94,460.1500000000004,0.2940826340698644,0.0777295471482648
C10,CC(C)(C1=CC=C(C=C1)OCC2CO2)C3=CC=C(C=C3)OCC4CO4,OC(=O)CCCCCCCCC(=O)O,OC(=O)CCCCCCCCC(=O)O,1.0,0.0,Iso,180.0,29.72713,453.18,0.8912172153186884,0.0072828442776842
C6,CC(C)(C1=CC=C(C=C1)OCC2CO2)C3=CC=C(C=C3)OCC4CO4,OC(=O)CCCCC(=O)O,OC(=O)CCCCC(=O)O,1.0,0.0,Dyn,10.0,10.81,546.41,0.9582596336070752,0.015792798483891
C12,CC(C)(C1=CC=C(C=C1)OCC2CO2)C3=CC=C(C=C3)OCC4CO4,OC(=O)CCCCCCCCCCC(=O)O,OC(=O)CCCCCCCCCCC(=O)O,1.0,0.0,Iso,180.0,7.515400000000001,453.1876036526946,0.5354124564992548,0.0315179008628288
C12,CC(C)(C1=CC=C(C=C1)OCC2CO2)C3=CC=C(C=C3)OCC4CO4,OC(=O)CCCCCCCCCCC(=O)O,OC(=O)CCCCCCCCCCC(=O)O,1.0,0.0,Iso,160.0,0.7702688387099998,433.15,0.0214722871624046,0.0333308680601203
C10,CC(C)(C1=CC=C(C=C1)OCC2CO2)C3=CC=C(C=C3)OCC4CO4,OC(=O)CCCCCCCCC(=O)O,OC(=O)CCCCCCCCC(=O)O,1.0,0.0,Iso,165.0,4.795000000000003,438.19,0.242000571431865,0.0454426505726239
C10,CC(C)(C1=CC=C(C=C1)OCC2CO2)C3=CC=C(C=C3)OCC4CO4,OC(=O)CCCCCCCCC(=O)O,OC(=O)CCCCCCCCC(=O)O,1.0,0.0,Dyn,10.0,4.789999999999999,486.32,0.4382729430179297,0.1354101858863736
C10,CC(C)(C1=CC=C(C=C1)OCC2CO2)C3=CC=C(C=C3)OCC4CO4,OC(=O)CCCCCCCCC(=O)O,OC(=O)CCCCCCCCC(=O)O,1.0,0.0,Dyn,10.0,10.69,545.3199999999999,0.9411627258830516,0.0351897572469784
C6,CC(C)(C1=CC=C(C=C1)OCC2CO2)C3=CC=C(C=C3)OCC4CO4,OC(=O)CCCCC(=O)O,OC(=O)CCCCC(=O)O,1.0,0.0,Iso,165.0,21.09755100000001,438.17,0.8934354006786739,0.007638702072663
C12,CC(C)(C1=CC=C(C=C1)OCC2CO2)C3=CC=C(C=C3)OCC4CO4,OC(=O)CCCCCCCCCCC(=O)O,OC(=O)CCCCCCCCCCC(=O)O,1.0,0.0,Iso,160.0,23.87833400000999,433.15,0.6101021196804666,0.0174110236265258
C6,CC(C)(C1=CC=C(C=C1)OCC2CO2)C3=CC=C(C=C3)OCC4CO4,OC(=O)CCCCC(=O)O,OC(=O)CCCCC(=O)O,1.0,0.0,Dyn,5.0,15.009999999999998,510.67,0.8771965494205466,0.0117633390455716
C6,CC(C)(C1=CC=C(C=C1)OCC2CO2)C3=CC=C(C=C3)OCC4CO4,OC(=O)CCCCC(=O)O,OC(=O)CCCCC(=O)O,1.0,0.0,Dyn,5.0,10.0,485.67,0.7794010862935314,0.0334020738331065
C12,CC(C)(C1=CC=C(C=C1)OCC2CO2)C3=CC=C(C=C3)OCC4CO4,OC(=O)CCCCCCCCCCC(=O)O,OC(=O)CCCCCCCCCCC(=O)O,1.0,0.0,Iso,160.0,73.94580851616001,433.15,0.9743526993294503,0.0015250331674622
C6,CC(C)(C1=CC=C(C=C1)OCC2CO2)C3=CC=C(C=C3)OCC4CO4,OC(=O)CCCCC(=O)O,OC(=O)CCCCC(=O)O,1.0,0.0,Iso,180.0,5.2667290000000015,453.27,0.6000328531782742,0.0686330325235375
C6,CC(C)(C1=CC=C(C=C1)OCC2CO2)C3=CC=C(C=C3)OCC4CO4,OC(=O)CCCCC(=O)O,OC(=O)CCCCC(=O)O,1.0,0.0,Dyn,5.0,17.009999999999998,520.67,0.8991547823056144,0.0104563013738421
C14,CC(C)(C1=CC=C(C=C1)OCC2CO2)C3=CC=C(C=C3)OCC4CO4,OC(=O)CCCCCCCCCCCCC(=O)O,OC(=O)CCCCCCCCCCCCC(=O)O,1.0,0.0,Iso,170.0,0.5638000000000001,443.1924374251497,0.0238221072778779,0.0535783937082015
C14,CC(C)(C1=CC=C(C=C1)OCC2CO2)C3=CC=C(C=C3)OCC4CO4,OC(=O)CCCCCCCCCCCCC(=O)O,OC(=O)CCCCCCCCCCCCC(=O)O,1.0,0.0,Iso,160.0,14.97739729018,433.15,0.5378296099801412,0.0293392840383559
C12,CC(C)(C1=CC=C(C=C1)OCC2CO2)C3=CC=C(C=C3)OCC4CO4,OC(=O)CCCCCCCCCCC(=O)O,OC(=O)CCCCCCCCCCC(=O)O,1.0,0.0,Iso,160.0,40.82424845163003,433.15,0.8266359943223532,0.0088960268101966
C6,CC(C)(C1=CC=C(C=C1)OCC2CO2)C3=CC=C(C=C3)OCC4CO4,OC(=O)CCCCC(=O)O,OC(=O)CCCCC(=O)O,1.0,0.0,Dyn,10.0,2.0900000000000003,459.41,0.2168051168667085,0.1576595072646897
C8,CC(C)(C1=CC=C(C=C1)OCC2CO2)C3=CC=C(C=C3)OCC4CO4,OC(=O)CCCCCCC(=O)O,OC(=O)CCCCCCC(=O)O,1.0,0.0,Iso,160.0,41.0,433.18,0.766074669946656,0.0084060150990791
C10,CC(C)(C1=CC=C(C=C1)OCC2CO2)C3=CC=C(C=C3)OCC4CO4,OC(=O)CCCCCCCCC(=O)O,OC(=O)CCCCCCCCC(=O)O,1.0,0.0,Iso,170.0,38.45129000000004,443.17,0.9031626407431198,0.006891159672687
C6,CC(C)(C1=CC=C(C=C1)OCC2CO2)C3=CC=C(C=C3)OCC4CO4,OC(=O)CCCCC(=O)O,OC(=O)CCCCC(=O)O,1.0,0.0,Dyn,5.0,13.81,504.67,0.8619477765836939,0.0136512823491824
C14,CC(C)(C1=CC=C(C=C1)OCC2CO2)C3=CC=C(C=C3)OCC4CO4,OC(=O)CCCCCCCCCCCCC(=O)O,OC(=O)CCCCCCCCCCCCC(=O)O,1.0,0.0,Dyn,10.0,4.371179614513905,480.4447290319596,0.4479071012080372,0.1676667251656912
C8,CC(C)(C1=CC=C(C=C1)OCC2CO2)C3=CC=C(C=C3)OCC4CO4,OC(=O)CCCCCCC(=O)O,OC(=O)CCCCCCC(=O)O,1.0,0.0,Dyn,2.5,24.81,496.15,0.9898771467970416,0.0035257615644979
C10,CC(C)(C1=CC=C(C=C1)OCC2CO2)C3=CC=C(C=C3)OCC4CO4,OC(=O)CCCCCCCCC(=O)O,OC(=O)CCCCCCCCC(=O)O,1.0,0.0,Iso,180.0,19.4932,453.18,0.7810139097438203,0.0150095673695543
C14,CC(C)(C1=CC=C(C=C1)OCC2CO2)C3=CC=C(C=C3)OCC4CO4,OC(=O)CCCCCCCCCCCCC(=O)O,OC(=O)CCCCCCCCCCCCC(=O)O,1.0,0.0,Dyn,10.0,10.472199053826689,541.319580644449,0.9739743973133572,0.0063192397415472
C6,CC(C)(C1=CC=C(C=C1)OCC2CO2)C3=CC=C(C=C3)OCC4CO4,OC(=O)CCCCC(=O)O,OC(=O)CCCCC(=O)O,1.0,0.0,Iso,170.0,48.470000000000056,443.17,0.9723523259515257,0.0015273423791343
C10,CC(C)(C1=CC=C(C=C1)OCC2CO2)C3=CC=C(C=C3)OCC4CO4,OC(=O)CCCCCCCCC(=O)O,OC(=O)CCCCCCCCC(=O)O,1.0,0.0,Dyn,10.0,6.09,499.32,0.6041785725345351,0.1158446808570549
C8,CC(C)(C1=CC=C(C=C1)OCC2CO2)C3=CC=C(C=C3)OCC4CO4,OC(=O)CCCCCCC(=O)O,OC(=O)CCCCCCC(=O)O,1.0,0.0,Iso,160.0,48.0,433.18,0.8188197088945259,0.0064939172439237
C10,CC(C)(C1=CC=C(C=C1)OCC2CO2)C3=CC=C(C=C3)OCC4CO4,OC(=O)CCCCCCCCC(=O)O,OC(=O)CCCCCCCCC(=O)O,1.0,0.0,Iso,180.0,52.63164,453.17,0.9841162261499414,0.0017954027954015
C10,CC(C)(C1=CC=C(C=C1)OCC2CO2)C3=CC=C(C=C3)OCC4CO4,OC(=O)CCCCCCCCC(=O)O,OC(=O)CCCCCCCCC(=O)O,1.0,0.0,Dyn,10.0,9.29,531.3199999999999,0.8761672442478823,0.0566555091676359
C10,CC(C)(C1=CC=C(C=C1)OCC2CO2)C3=CC=C(C=C3)OCC4CO4,OC(=O)CCCCCCCCC(=O)O,OC(=O)CCCCCCCCC(=O)O,1.0,0.0,Iso,180.0,50.19499,453.17,0.979270329043144,0.0022097265174171
C14,CC(C)(C1=CC=C(C=C1)OCC2CO2)C3=CC=C(C=C3)OCC4CO4,OC(=O)CCCCCCCCCCCCC(=O)O,OC(=O)CCCCCCCCCCCCC(=O)O,1.0,0.0,Iso,170.0,29.31760000000002,443.1782507784431,0.9423186114235508,0.0072589679402143
C10,CC(C)(C1=CC=C(C=C1)OCC2CO2)C3=CC=C(C=C3)OCC4CO4,OC(=O)CCCCCCCCC(=O)O,OC(=O)CCCCCCCCC(=O)O,1.0,0.0,Dyn,5.0,12.79,499.5,0.763199746663951,0.0399029814869318
C14,CC(C)(C1=CC=C(C=C1)OCC2CO2)C3=CC=C(C=C3)OCC4CO4,OC(=O)CCCCCCCCCCCCC(=O)O,OC(=O)CCCCCCCCCCCCC(=O)O,1.0,0.0,Dyn,5.0,13.395608149891125,502.4512838707987,0.9754843267516,0.0199797833037097
C10,CC(C)(C1=CC=C(C=C1)OCC2CO2)C3=CC=C(C=C3)OCC4CO4,OC(=O)CCCCCCCCC(=O)O,OC(=O)CCCCCCCCC(=O)O,1.0,0.0,Iso,165.0,20.549999999999997,438.17,0.6623941019009578,0.0150553947473115
C12,CC(C)(C1=CC=C(C=C1)OCC2CO2)C3=CC=C(C=C3)OCC4CO4,OC(=O)CCCCCCCCCCC(=O)O,OC(=O)CCCCCCCCCCC(=O)O,1.0,0.0,Dyn,2.5,43.5298607741066,542.7991612897988,0.9378823692992212,0.0055210000761805
C14,CC(C)(C1=CC=C(C=C1)OCC2CO2)C3=CC=C(C=C3)OCC4CO4,OC(=O)CCCCCCCCCCCCC(=O)O,OC(=O)CCCCCCCCCCCCC(=O)O,1.0,0.0,Iso,180.0,14.118239999999997,453.180969760479,0.9007715557040372,0.0235409638340791
C6,CC(C)(C1=CC=C(C=C1)OCC2CO2)C3=CC=C(C=C3)OCC4CO4,OC(=O)CCCCC(=O)O,OC(=O)CCCCC(=O)O,1.0,0.0,Dyn,10.0,4.69,485.41,0.7232785849652558,0.1506632975363236
C8,CC(C)(C1=CC=C(C=C1)OCC2CO2)C3=CC=C(C=C3)OCC4CO4,OC(=O)CCCCCCC(=O)O,OC(=O)CCCCCCC(=O)O,1.0,0.0,Dyn,2.5,23.61,493.15,0.9842672683966404,0.0053278174752413
C12,CC(C)(C1=CC=C(C=C1)OCC2CO2)C3=CC=C(C=C3)OCC4CO4,OC(=O)CCCCCCCCCCC(=O)O,OC(=O)CCCCCCCCCCC(=O)O,1.0,0.0,Dyn,10.0,8.483351371181442,521.2916451605504,0.933132348599361,0.0447827352678315
C6,CC(C)(C1=CC=C(C=C1)OCC2CO2)C3=CC=C(C=C3)OCC4CO4,OC(=O)CCCCC(=O)O,OC(=O)CCCCC(=O)O,1.0,0.0,Dyn,2.5,29.79,508.8600000000005,0.8369732953207977,0.0084121471404666
C8,CC(C)(C1=CC=C(C=C1)OCC2CO2)C3=CC=C(C=C3)OCC4CO4,OC(=O)CCCCCCC(=O)O,OC(=O)CCCCCCC(=O)O,1.0,0.0,Dyn,5.0,2.7100000000000004,448.9500000000003,0.1385146579174075,0.0610444108927042
C10,CC(C)(C1=CC=C(C=C1)OCC2CO2)C3=CC=C(C=C3)OCC4CO4,OC(=O)CCCCCCCCC(=O)O,OC(=O)CCCCCCCCC(=O)O,1.0,0.0,Dyn,10.0,4.289999999999999,481.32,0.3709901271617067,0.1326653848211072
C6,CC(C)(C1=CC=C(C=C1)OCC2CO2)C3=CC=C(C=C3)OCC4CO4,OC(=O)CCCCC(=O)O,OC(=O)CCCCC(=O)O,1.0,0.0,Dyn,2.5,35.370000000000005,522.8100000000006,0.8858577668506264,0.0091897405736236
C10,CC(C)(C1=CC=C(C=C1)OCC2CO2)C3=CC=C(C=C3)OCC4CO4,OC(=O)CCCCCCCCC(=O)O,OC(=O)CCCCCCCCC(=O)O,1.0,0.0,Dyn,2.5,30.81,512.13,0.9641454035063172,0.0072419726149589
C14,CC(C)(C1=CC=C(C=C1)OCC2CO2)C3=CC=C(C=C3)OCC4CO4,OC(=O)CCCCCCCCCCCCC(=O)O,OC(=O)CCCCCCCCCCCCC(=O)O,1.0,0.0,Dyn,10.0,8.875775743744573,525.3524064510092,0.958644509815371,0.0148640041317007
C6,CC(C)(C1=CC=C(C=C1)OCC2CO2)C3=CC=C(C=C3)OCC4CO4,OC(=O)CCCCC(=O)O,OC(=O)CCCCC(=O)O,1.0,0.0,Dyn,2.5,8.17,454.9200000000001,0.4324797949415441,0.0595212427922401
C10,CC(C)(C1=CC=C(C=C1)OCC2CO2)C3=CC=C(C=C3)OCC4CO4,OC(=O)CCCCCCCCC(=O)O,OC(=O)CCCCCCCCC(=O)O,1.0,0.0,Dyn,10.0,6.889999999999999,507.32,0.6907101856048555,0.0980386636900818
C14,CC(C)(C1=CC=C(C=C1)OCC2CO2)C3=CC=C(C=C3)OCC4CO4,OC(=O)CCCCCCCCCCCCC(=O)O,OC(=O)CCCCCCCCCCCCC(=O)O,1.0,0.0,Iso,170.0,22.55200000000001,443.1891785628743,0.8658429358137812,0.01530653923028
C6,CC(C)(C1=CC=C(C=C1)OCC2CO2)C3=CC=C(C=C3)OCC4CO4,OC(=O)CCCCC(=O)O,OC(=O)CCCCC(=O)O,1.0,0.0,Iso,180.0,2.430798000000001,453.34,0.3308297907581164,0.1156237915046005
C6,CC(C)(C1=CC=C(C=C1)OCC2CO2)C3=CC=C(C=C3)OCC4CO4,OC(=O)CCCCC(=O)O,OC(=O)CCCCC(=O)O,1.0,0.0,Dyn,5.0,3.99,455.67,0.3185396032414534,0.098173051787737
C10,CC(C)(C1=CC=C(C=C1)OCC2CO2)C3=CC=C(C=C3)OCC4CO4,OC(=O)CCCCCCCCC(=O)O,OC(=O)CCCCCCCCC(=O)O,1.0,0.0,Dyn,2.5,3.99,445.13,0.164609764256028,0.044749925120736
C12,CC(C)(C1=CC=C(C=C1)OCC2CO2)C3=CC=C(C=C3)OCC4CO4,OC(=O)CCCCCCCCCCC(=O)O,OC(=O)CCCCCCCCCCC(=O)O,1.0,0.0,Dyn,2.5,2.003070645157237,439.0083870967499,0.072660370841994,0.04102190756331
C6,CC(C)(C1=CC=C(C=C1)OCC2CO2)C3=CC=C(C=C3)OCC4CO4,OC(=O)CCCCC(=O)O,OC(=O)CCCCC(=O)O,1.0,0.0,Dyn,2.5,37.97,529.3200000000006,0.9096330395208344,0.0090483599493974
C6,CC(C)(C1=CC=C(C=C1)OCC2CO2)C3=CC=C(C=C3)OCC4CO4,OC(=O)CCCCC(=O)O,OC(=O)CCCCC(=O)O,1.0,0.0,Dyn,2.5,18.630000000000003,480.9600000000003,0.7402505688802875,0.0110276886883485
C12,CC(C)(C1=CC=C(C=C1)OCC2CO2)C3=CC=C(C=C3)OCC4CO4,OC(=O)CCCCCCCCCCC(=O)O,OC(=O)CCCCCCCCCCC(=O)O,1.0,0.0,Dyn,10.0,8.283001938029312,519.2940064508904,0.9229764081276796,0.0528091966183098
C10,CC(C)(C1=CC=C(C=C1)OCC2CO2)C3=CC=C(C=C3)OCC4CO4,OC(=O)CCCCCCCCC(=O)O,OC(=O)CCCCCCCCC(=O)O,1.0,0.0,Iso,170.0,47.932430000000046,443.17,0.9555351884536682,0.004060861949976
C12,CC(C)(C1=CC=C(C=C1)OCC2CO2)C3=CC=C(C=C3)OCC4CO4,OC(=O)CCCCCCCCCCC(=O)O,OC(=O)CCCCCCCCCCC(=O)O,1.0,0.0,Dyn,5.0,18.57717726562864,527.9851599998792,0.941382234471062,0.0151134809577357
C6,CC(C)(C1=CC=C(C=C1)OCC2CO2)C3=CC=C(C=C3)OCC4CO4,OC(=O)CCCCC(=O)O,OC(=O)CCCCC(=O)O,1.0,0.0,Iso,170.0,6.549999999999999,443.22,0.5374926106134328,0.0517907915833714
C10,CC(C)(C1=CC=C(C=C1)OCC2CO2)C3=CC=C(C=C3)OCC4CO4,OC(=O)CCCCCCCCC(=O)O,OC(=O)CCCCCCCCC(=O)O,1.0,0.0,Dyn,2.5,15.189999999999998,473.13,0.6639724706659116,0.0359365810893237
C10,CC(C)(C1=CC=C(C=C1)OCC2CO2)C3=CC=C(C=C3)OCC4CO4,OC(=O)CCCCCCCCC(=O)O,OC(=O)CCCCCCCCC(=O)O,1.0,0.0,Dyn,5.0,6.390000000000001,467.5,0.3798693608308502,0.0732937963951968
C12,CC(C)(C1=CC=C(C=C1)OCC2CO2)C3=CC=C(C=C3)OCC4CO4,OC(=O)CCCCCCCCCCC(=O)O,OC(=O)CCCCCCCCCCC(=O)O,1.0,0.0,Iso,180.0,45.84393999999994,453.1687674698795,0.9167532017999308,0.0034543124756144
C6,CC(C)(C1=CC=C(C=C1)OCC2CO2)C3=CC=C(C=C3)OCC4CO4,OC(=O)CCCCC(=O)O,OC(=O)CCCCC(=O)O,1.0,0.0,Dyn,10.0,7.01,508.41,0.8843335439039798,0.0277953253316488
C10,CC(C)(C1=CC=C(C=C1)OCC2CO2)C3=CC=C(C=C3)OCC4CO4,OC(=O)CCCCCCCCC(=O)O,OC(=O)CCCCCCCCC(=O)O,1.0,0.0,Iso,165.0,80.14500000000014,438.16,0.9877315060687876,0.00096162201979
C12,CC(C)(C1=CC=C(C=C1)OCC2CO2)C3=CC=C(C=C3)OCC4CO4,OC(=O)CCCCCCCCCCC(=O)O,OC(=O)CCCCCCCCCCC(=O)O,1.0,0.0,Iso,180.0,66.13551999999996,453.1673703614458,0.9667128187377408,0.0016120124886199
C6,CC(C)(C1=CC=C(C=C1)OCC2CO2)C3=CC=C(C=C3)OCC4CO4,OC(=O)CCCCC(=O)O,OC(=O)CCCCC(=O)O,1.0,0.0,Dyn,2.5,24.950000000000003,496.7700000000005,0.7978447937645491,0.0078466246436353
C12,CC(C)(C1=CC=C(C=C1)OCC2CO2)C3=CC=C(C=C3)OCC4CO4,OC(=O)CCCCCCCCCCC(=O)O,OC(=O)CCCCCCCCCCC(=O)O,1.0,0.0,Iso,180.0,44.34085999999994,453.167869760479,0.9113880235375562,0.0036078374745304
C8,CC(C)(C1=CC=C(C=C1)OCC2CO2)C3=CC=C(C=C3)OCC4CO4,OC(=O)CCCCCCC(=O)O,OC(=O)CCCCCCC(=O)O,1.0,0.0,Iso,180.0,3.0331,453.26,0.238172907008994,0.0651752171008372
C6,CC(C)(C1=CC=C(C=C1)OCC2CO2)C3=CC=C(C=C3)OCC4CO4,OC(=O)CCCCC(=O)O,OC(=O)CCCCC(=O)O,1.0,0.0,Dyn,2.5,26.81,501.42000000000047,0.8127533805874507,0.0080586955799356
C10,CC(C)(C1=CC=C(C=C1)OCC2CO2)C3=CC=C(C=C3)OCC4CO4,OC(=O)CCCCCCCCC(=O)O,OC(=O)CCCCCCCCC(=O)O,1.0,0.0,Iso,165.0,71.92500000000011,438.16,0.9760393843356856,0.0018030412871031
C6,CC(C)(C1=CC=C(C=C1)OCC2CO2)C3=CC=C(C=C3)OCC4CO4,OC(=O)CCCCC(=O)O,OC(=O)CCCCC(=O)O,1.0,0.0,Dyn,2.5,16.39,475.3800000000003,0.7118719430858167,0.0144915139814717
C10,CC(C)(C1=CC=C(C=C1)OCC2CO2)C3=CC=C(C=C3)OCC4CO4,OC(=O)CCCCCCCCC(=O)O,OC(=O)CCCCCCCCC(=O)O,1.0,0.0,Iso,180.0,6.822620000000001,453.2,0.4447890385807445,0.0435979870533798
C8,CC(C)(C1=CC=C(C=C1)OCC2CO2)C3=CC=C(C=C3)OCC4CO4,OC(=O)CCCCCCC(=O)O,OC(=O)CCCCCCC(=O)O,1.0,0.0,Iso,170.0,26.6,443.18,0.8122017181037225,0.0142607154220262
C8,CC(C)(C1=CC=C(C=C1)OCC2CO2)C3=CC=C(C=C3)OCC4CO4,OC(=O)CCCCCCC(=O)O,OC(=O)CCCCCCC(=O)O,1.0,0.0,Iso,160.0,40.0,433.18,0.7574161136214242,0.0086585563252317
C6,CC(C)(C1=CC=C(C=C1)OCC2CO2)C3=CC=C(C=C3)OCC4CO4,OC(=O)CCCCC(=O)O,OC(=O)CCCCC(=O)O,1.0,0.0,Iso,165.0,41.398967999999954,438.17,0.9846515270164448,0.0019672199813191
C14,CC(C)(C1=CC=C(C=C1)OCC2CO2)C3=CC=C(C=C3)OCC4CO4,OC(=O)CCCCCCCCCCCCC(=O)O,OC(=O)CCCCCCCCCCCCC(=O)O,1.0,0.0,Iso,170.0,7.3294,443.2349267065868,0.3911004313738205,0.04777731887476
C12,CC(C)(C1=CC=C(C=C1)OCC2CO2)C3=CC=C(C=C3)OCC4CO4,OC(=O)CCCCCCCCCCC(=O)O,OC(=O)CCCCCCCCCCC(=O)O,1.0,0.0,Dyn,10.0,8.683613069712969,523.2892838702104,0.9417590435297216,0.0382784682825203
C10,CC(C)(C1=CC=C(C=C1)OCC2CO2)C3=CC=C(C=C3)OCC4CO4,OC(=O)CCCCCCCCC(=O)O,OC(=O)CCCCCCCCC(=O)O,1.0,0.0,Iso,165.0,40.41500000000001,438.17,0.863976161245886,0.005889934871204
C10,CC(C)(C1=CC=C(C=C1)OCC2CO2)C3=CC=C(C=C3)OCC4CO4,OC(=O)CCCCCCCCC(=O)O,OC(=O)CCCCCCCCC(=O)O,1.0,0.0,Dyn,5.0,3.790000000000001,454.5,0.1967306369984274,0.0654408896385686
C8,CC(C)(C1=CC=C(C=C1)OCC2CO2)C3=CC=C(C=C3)OCC4CO4,OC(=O)CCCCCCC(=O)O,OC(=O)CCCCCCC(=O)O,1.0,0.0,Dyn,2.5,24.01,494.15,0.9863983953867368,0.0046226651623415
C6,CC(C)(C1=CC=C(C=C1)OCC2CO2)C3=CC=C(C=C3)OCC4CO4,OC(=O)CCCCC(=O)O,OC(=O)CCCCC(=O)O,1.0,0.0,Dyn,10.0,3.68,475.41,0.5342861655085278,0.2092545799115638
C10,CC(C)(C1=CC=C(C=C1)OCC2CO2)C3=CC=C(C=C3)OCC4CO4,OC(=O)CCCCCCCCC(=O)O,OC(=O)CCCCCCCCC(=O)O,1.0,0.0,Dyn,5.0,10.19,486.5,0.6371254785963598,0.0567260784818226
C12,CC(C)(C1=CC=C(C=C1)OCC2CO2)C3=CC=C(C=C3)OCC4CO4,OC(=O)CCCCCCCCCCC(=O)O,OC(=O)CCCCCCCCCCC(=O)O,1.0,0.0,Dyn,10.0,9.48355702509619,531.2798387088503,0.9653564265219474,0.0204910720230562
C6,CC(C)(C1=CC=C(C=C1)OCC2CO2)C3=CC=C(C=C3)OCC4CO4,OC(=O)CCCCC(=O)O,OC(=O)CCCCC(=O)O,1.0,0.0,Dyn,2.5,32.39,515.3700000000006,0.8591792430622761,0.0087655987009986
C10,CC(C)(C1=CC=C(C=C1)OCC2CO2)C3=CC=C(C=C3)OCC4CO4,OC(=O)CCCCCCCCC(=O)O,OC(=O)CCCCCCCCC(=O)O,1.0,0.0,Iso,165.0,73.98000000000012,438.16,0.9794976175243496,0.0015626357821561
C10,CC(C)(C1=CC=C(C=C1)OCC2CO2)C3=CC=C(C=C3)OCC4CO4,OC(=O)CCCCCCCCC(=O)O,OC(=O)CCCCCCCCC(=O)O,1.0,0.0,Iso,180.0,53.606300000000005,453.17,0.985798829312024,0.0016572948880626
C10,CC(C)(C1=CC=C(C=C1)OCC2CO2)C3=CC=C(C=C3)OCC4CO4,OC(=O)CCCCCCCCC(=O)O,OC(=O)CCCCCCCCC(=O)O,1.0,0.0,Dyn,5.0,6.59,468.5,0.3945281201098896,0.073166106854438
C6,CC(C)(C1=CC=C(C=C1)OCC2CO2)C3=CC=C(C=C3)OCC4CO4,OC(=O)CCCCC(=O)O,OC(=O)CCCCC(=O)O,1.0,0.0,Dyn,2.5,45.78,548.8500000000008,0.9708105563256874,0.0059193835030907
C14,CC(C)(C1=CC=C(C=C1)OCC2CO2)C3=CC=C(C=C3)OCC4CO4,OC(=O)CCCCCCCCCCCCC(=O)O,OC(=O)CCCCCCCCCCCCC(=O)O,1.0,0.0,Dyn,2.5,19.90183294712273,483.84459999994056,0.9688482541420852,0.0057339448246153
C6,CC(C)(C1=CC=C(C=C1)OCC2CO2)C3=CC=C(C=C3)OCC4CO4,OC(=O)CCCCC(=O)O,OC(=O)CCCCC(=O)O,1.0,0.0,Dyn,2.5,23.840000000000003,493.9800000000004,0.7887688645934141,0.0082000762041598
C6,CC(C)(C1=CC=C(C=C1)OCC2CO2)C3=CC=C(C=C3)OCC4CO4,OC(=O)CCCCC(=O)O,OC(=O)CCCCC(=O)O,1.0,0.0,Dyn,2.5,1.1100000000000003,437.25,0.0514006224988886,0.0477088916395275
C8,CC(C)(C1=CC=C(C=C1)OCC2CO2)C3=CC=C(C=C3)OCC4CO4,OC(=O)CCCCCCC(=O)O,OC(=O)CCCCCCC(=O)O,1.0,0.0,Dyn,5.0,1.91,444.9500000000002,0.0926350699586107,0.0545921527636656
C8,CC(C)(C1=CC=C(C=C1)OCC2CO2)C3=CC=C(C=C3)OCC4CO4,OC(=O)CCCCCCC(=O)O,OC(=O)CCCCCCC(=O)O,1.0,0.0,Dyn,2.5,8.370000000000001,455.15,0.3912811834022816,0.0557070327190673
C8,CC(C)(C1=CC=C(C=C1)OCC2CO2)C3=CC=C(C=C3)OCC4CO4,OC(=O)CCCCCCC(=O)O,OC(=O)CCCCCCC(=O)O,1.0,0.0,Iso,160.0,38.0,433.18,0.7390527587483287,0.0093440253676458
C10,CC(C)(C1=CC=C(C=C1)OCC2CO2)C3=CC=C(C=C3)OCC4CO4,OC(=O)CCCCCCCCC(=O)O,OC(=O)CCCCCCCCC(=O)O,1.0,0.0,Iso,165.0,81.51500000000014,438.16,0.989131267121342,0.001081824772262
C14,CC(C)(C1=CC=C(C=C1)OCC2CO2)C3=CC=C(C=C3)OCC4CO4,OC(=O)CCCCCCCCCCCCC(=O)O,OC(=O)CCCCCCCCCCCCC(=O)O,1.0,0.0,Dyn,10.0,8.476179191463068,521.3606129026492,0.9513557388811386,0.0206095028105591
C12,CC(C)(C1=CC=C(C=C1)OCC2CO2)C3=CC=C(C=C3)OCC4CO4,OC(=O)CCCCCCCCCCC(=O)O,OC(=O)CCCCCCCCCCC(=O)O,1.0,0.0,Dyn,10.0,4.0839927035658405,477.3435935480302,0.3251095180324103,0.1334195184684804
C6,CC(C)(C1=CC=C(C=C1)OCC2CO2)C3=CC=C(C=C3)OCC4CO4,OC(=O)CCCCC(=O)O,OC(=O)CCCCC(=O)O,1.0,0.0,Iso,180.0,10.128324999999991,453.2,0.8192957358706665,0.0279999370959263
C8,CC(C)(C1=CC=C(C=C1)OCC2CO2)C3=CC=C(C=C3)OCC4CO4,OC(=O)CCCCCCC(=O)O,OC(=O)CCCCCCC(=O)O,1.0,0.0,Iso,160.0,67.0,433.17,0.912079575980876,0.0034273452120707
C6,CC(C)(C1=CC=C(C=C1)OCC2CO2)C3=CC=C(C=C3)OCC4CO4,OC(=O)CCCCC(=O)O,OC(=O)CCCCC(=O)O,1.0,0.0,Dyn,10.0,10.11,539.41,0.9468888186986733,0.0164245104232486
C14,CC(C)(C1=CC=C(C=C1)OCC2CO2)C3=CC=C(C=C3)OCC4CO4,OC(=O)CCCCCCCCCCCCC(=O)O,OC(=O)CCCCCCCCCCCCC(=O)O,1.0,0.0,Iso,170.0,37.21080000000003,443.1714965060241,0.9794067286778656,0.002462416506228
C12,CC(C)(C1=CC=C(C=C1)OCC2CO2)C3=CC=C(C=C3)OCC4CO4,OC(=O)CCCCCCCCCCC(=O)O,OC(=O)CCCCCCCCCCC(=O)O,1.0,0.0,Iso,170.0,4.608600000000001,443.2159646107784,0.2479901632461288,0.0509788267992765
C10,CC(C)(C1=CC=C(C=C1)OCC2CO2)C3=CC=C(C=C3)OCC4CO4,OC(=O)CCCCCCCCC(=O)O,OC(=O)CCCCCCCCC(=O)O,1.0,0.0,Dyn,10.0,8.29,521.3199999999999,0.8105031572250201,0.0724908999287768
C6,CC(C)(C1=CC=C(C=C1)OCC2CO2)C3=CC=C(C=C3)OCC4CO4,OC(=O)CCCCC(=O)O,OC(=O)CCCCC(=O)O,1.0,0.0,Iso,180.0,21.472048999999977,453.17,0.956257433593234,0.0043492801491689
C14,CC(C)(C1=CC=C(C=C1)OCC2CO2)C3=CC=C(C=C3)OCC4CO4,OC(=O)CCCCCCCCCCCCC(=O)O,OC(=O)CCCCCCCCCCCCC(=O)O,1.0,0.0,Dyn,10.0,7.575137202299852,512.3790774188393,0.9185083558071608,0.0508805924980156
C14,CC(C)(C1=CC=C(C=C1)OCC2CO2)C3=CC=C(C=C3)OCC4CO4,OC(=O)CCCCCCCCCCCCC(=O)O,OC(=O)CCCCCCCCCCCCC(=O)O,1.0,0.0,Iso,170.0,32.70040000000002,443.17464048192767,0.9630246656485724,0.0046785913618328
C14,CC(C)(C1=CC=C(C=C1)OCC2CO2)C3=CC=C(C=C3)OCC4CO4,OC(=O)CCCCCCCCCCCCC(=O)O,OC(=O)CCCCCCCCCCCCC(=O)O,1.0,0.0,Dyn,5.0,6.809111655943676,469.5855677418493,0.5258583916703732,0.1053372729016357
C6,CC(C)(C1=CC=C(C=C1)OCC2CO2)C3=CC=C(C=C3)OCC4CO4,OC(=O)CCCCC(=O)O,OC(=O)CCCCC(=O)O,1.0,0.0,Dyn,10.0,5.294999999999993,491.41,0.7972994314592544,0.08498029660379
C10,CC(C)(C1=CC=C(C=C1)OCC2CO2)C3=CC=C(C=C3)OCC4CO4,OC(=O)CCCCCCCCC(=O)O,OC(=O)CCCCCCCCC(=O)O,1.0,0.0,Iso,170.0,13.168250000000008,443.2,0.5450120333706467,0.0261828504255938
C10,CC(C)(C1=CC=C(C=C1)OCC2CO2)C3=CC=C(C=C3)OCC4CO4,OC(=O)CCCCCCCCC(=O)O,OC(=O)CCCCCCCCC(=O)O,1.0,0.0,Iso,170.0,35.29091000000003,443.18,0.8789916080770398,0.008110525765484
C10,CC(C)(C1=CC=C(C=C1)OCC2CO2)C3=CC=C(C=C3)OCC4CO4,OC(=O)CCCCCCCCC(=O)O,OC(=O)CCCCCCCCC(=O)O,1.0,0.0,Iso,165.0,51.37500000000005,438.16,0.918072808982843,0.0040868935841006
C10,CC(C)(C1=CC=C(C=C1)OCC2CO2)C3=CC=C(C=C3)OCC4CO4,OC(=O)CCCCCCCCC(=O)O,OC(=O)CCCCCCCCC(=O)O,1.0,0.0,Iso,165.0,37.675,438.17,0.8468496730734553,0.0074525706533599
C8,CC(C)(C1=CC=C(C=C1)OCC2CO2)C3=CC=C(C=C3)OCC4CO4,OC(=O)CCCCCCC(=O)O,OC(=O)CCCCCCC(=O)O,1.0,0.0,Dyn,5.0,5.26,461.75000000000045,0.3189520564959786,0.0793426116805227
C6,CC(C)(C1=CC=C(C=C1)OCC2CO2)C3=CC=C(C=C3)OCC4CO4,OC(=O)CCCCC(=O)O,OC(=O)CCCCC(=O)O,1.0,0.0,Dyn,2.5,27.56,503.2800000000005,0.8187429707320913,0.0081293858920482
C14,CC(C)(C1=CC=C(C=C1)OCC2CO2)C3=CC=C(C=C3)OCC4CO4,OC(=O)CCCCCCCCCCCCC(=O)O,OC(=O)CCCCCCCCCCCCC(=O)O,1.0,0.0,Dyn,5.0,2.305703937410421,447.03066451609976,0.1169002187762777,0.0634725227398912
C8,CC(C)(C1=CC=C(C=C1)OCC2CO2)C3=CC=C(C=C3)OCC4CO4,OC(=O)CCCCCCC(=O)O,OC(=O)CCCCCCC(=O)O,1.0,0.0,Iso,170.0,36.4,443.17,0.9093223035316575,0.0061929003227125
C12,CC(C)(C1=CC=C(C=C1)OCC2CO2)C3=CC=C(C=C3)OCC4CO4,OC(=O)CCCCCCCCCCC(=O)O,OC(=O)CCCCCCCCCCC(=O)O,1.0,0.0,Dyn,10.0,1.2951259516033136,449.37665161279006,0.0573667056816173,0.0605686207296086
C12,CC(C)(C1=CC=C(C=C1)OCC2CO2)C3=CC=C(C=C3)OCC4CO4,OC(=O)CCCCCCCCCCC(=O)O,OC(=O)CCCCCCCCCCC(=O)O,1.0,0.0,Iso,170.0,59.911799999999886,443.1662764071856,0.9598756548270104,0.0020235837291605
C10,CC(C)(C1=CC=C(C=C1)OCC2CO2)C3=CC=C(C=C3)OCC4CO4,OC(=O)CCCCCCCCC(=O)O,OC(=O)CCCCCCCCC(=O)O,1.0,0.0,Dyn,10.0,6.289999999999999,501.32,0.6271152563081158,0.112466464161343
C12,CC(C)(C1=CC=C(C=C1)OCC2CO2)C3=CC=C(C=C3)OCC4CO4,OC(=O)CCCCCCCCCCC(=O)O,OC(=O)CCCCCCCCCCC(=O)O,1.0,0.0,Dyn,2.5,24.584721548337985,495.4383225803493,0.7725539578015479,0.0118357689825256
C8,CC(C)(C1=CC=C(C=C1)OCC2CO2)C3=CC=C(C=C3)OCC4CO4,OC(=O)CCCCCCC(=O)O,OC(=O)CCCCCCC(=O)O,1.0,0.0,Iso,160.0,50.0,433.18,0.8316271567922645,0.0060609894276622
C8,CC(C)(C1=CC=C(C=C1)OCC2CO2)C3=CC=C(C=C3)OCC4CO4,OC(=O)CCCCCCC(=O)O,OC(=O)CCCCCCC(=O)O,1.0,0.0,Dyn,10.0,2.28,462.15,0.1592221244004798,0.1003781384965844
C12,CC(C)(C1=CC=C(C=C1)OCC2CO2)C3=CC=C(C=C3)OCC4CO4,OC(=O)CCCCCCCCCCC(=O)O,OC(=O)CCCCCCCCCCC(=O)O,1.0,0.0,Iso,170.0,76.80999999999996,443.16612544910174,0.9846871222151864,0.000974318091818
C10,CC(C)(C1=CC=C(C=C1)OCC2CO2)C3=CC=C(C=C3)OCC4CO4,OC(=O)CCCCCCCCC(=O)O,OC(=O)CCCCCCCCC(=O)O,1.0,0.0,Dyn,5.0,1.39,442.5,0.0635019239621553,0.0454638609869506
C6,CC(C)(C1=CC=C(C=C1)OCC2CO2)C3=CC=C(C=C3)OCC4CO4,OC(=O)CCCCC(=O)O,OC(=O)CCCCC(=O)O,1.0,0.0,Dyn,2.5,42.81,541.4100000000008,0.9502785551748488,0.0075638633952132
C10,CC(C)(C1=CC=C(C=C1)OCC2CO2)C3=CC=C(C=C3)OCC4CO4,OC(=O)CCCCCCCCC(=O)O,OC(=O)CCCCCCCCC(=O)O,1.0,0.0,Iso,165.0,30.139999999999983,438.17,0.7821889463339845,0.0098085446018414
C14,CC(C)(C1=CC=C(C=C1)OCC2CO2)C3=CC=C(C=C3)OCC4CO4,OC(=O)CCCCCCCCCCCCC(=O)O,OC(=O)CCCCCCCCCCCCC(=O)O,1.0,0.0,Iso,160.0,55.87721296720984,433.15,0.9812940304747956,0.0016423359921008
C8,CC(C)(C1=CC=C(C=C1)OCC2CO2)C3=CC=C(C=C3)OCC4CO4,OC(=O)CCCCCCC(=O)O,OC(=O)CCCCCCC(=O)O,1.0,0.0,Dyn,10.0,8.59,525.15,0.9536590987386968,0.0443862762520387
C8,CC(C)(C1=CC=C(C=C1)OCC2CO2)C3=CC=C(C=C3)OCC4CO4,OC(=O)CCCCCCC(=O)O,OC(=O)CCCCCCC(=O)O,1.0,0.0,Iso,170.0,44.1,443.17,0.946110404072542,0.0034089359574565
C8,CC(C)(C1=CC=C(C=C1)OCC2CO2)C3=CC=C(C=C3)OCC4CO4,OC(=O)CCCCCCC(=O)O,OC(=O)CCCCCCC(=O)O,1.0,0.0,Dyn,2.5,20.4,485.15,0.9506079979942336,0.0161401529397015
C8,CC(C)(C1=CC=C(C=C1)OCC2CO2)C3=CC=C(C=C3)OCC4CO4,OC(=O)CCCCCCC(=O)O,OC(=O)CCCCCCC(=O)O,1.0,0.0,Dyn,5.0,13.11,500.950000000001,0.9074504224616092,0.042594985304957
C10,CC(C)(C1=CC=C(C=C1)OCC2CO2)C3=CC=C(C=C3)OCC4CO4,OC(=O)CCCCCCCCC(=O)O,OC(=O)CCCCCCCCC(=O)O,1.0,0.0,Dyn,10.0,0.9999999999999996,448.32,0.0484457388019154,0.0527072184045242
C6,CC(C)(C1=CC=C(C=C1)OCC2CO2)C3=CC=C(C=C3)OCC4CO4,OC(=O)CCCCC(=O)O,OC(=O)CCCCC(=O)O,1.0,0.0,Iso,170.0,26.855000000000015,443.17,0.9101905324905644,0.0050679997125817
C14,CC(C)(C1=CC=C(C=C1)OCC2CO2)C3=CC=C(C=C3)OCC4CO4,OC(=O)CCCCCCCCCCCCC(=O)O,OC(=O)CCCCCCCCCCCCC(=O)O,1.0,0.0,Iso,180.0,19.412579999999977,453.1694715568862,0.9781036869904108,0.0061891662382904
C14,CC(C)(C1=CC=C(C=C1)OCC2CO2)C3=CC=C(C=C3)OCC4CO4,OC(=O)CCCCCCCCCCCCC(=O)O,OC(=O)CCCCCCCCCCCCC(=O)O,1.0,0.0,Iso,170.0,1.6913999999999991,443.24319518072286,0.0851953698453399,0.0561239112495384
C12,CC(C)(C1=CC=C(C=C1)OCC2CO2)C3=CC=C(C=C3)OCC4CO4,OC(=O)CCCCCCCCCCC(=O)O,OC(=O)CCCCCCCCCCC(=O)O,1.0,0.0,Dyn,10.0,3.287134930325062,469.35303870939015,0.227277093946518,0.1138131181345158
C10,CC(C)(C1=CC=C(C=C1)OCC2CO2)C3=CC=C(C=C3)OCC4CO4,OC(=O)CCCCCCCCC(=O)O,OC(=O)CCCCCCCCC(=O)O,1.0,0.0,Dyn,5.0,7.790000000000001,474.5,0.4811654735143161,0.0703250145725692
C14,CC(C)(C1=CC=C(C=C1)OCC2CO2)C3=CC=C(C=C3)OCC4CO4,OC(=O)CCCCCCCCCCCCC(=O)O,OC(=O)CCCCCCCCCCCCC(=O)O,1.0,0.0,Dyn,5.0,0.2538998387527846,436.7198516129,0.0157806655384352,0.0375510086989155
C10,CC(C)(C1=CC=C(C=C1)OCC2CO2)C3=CC=C(C=C3)OCC4CO4,OC(=O)CCCCCCCCC(=O)O,OC(=O)CCCCCCCCC(=O)O,1.0,0.0,Iso,165.0,41.100000000000016,438.17,0.8680107666326609,0.0057697321187298
C14,CC(C)(C1=CC=C(C=C1)OCC2CO2)C3=CC=C(C=C3)OCC4CO4,OC(=O)CCCCCCCCCCCCC(=O)O,OC(=O)CCCCCCCCCCCCC(=O)O,1.0,0.0,Dyn,2.5,22.15099656262298,489.4637483870306,0.977404015328414,0.0020481109497009
C12,CC(C)(C1=CC=C(C=C1)OCC2CO2)C3=CC=C(C=C3)OCC4CO4,OC(=O)CCCCCCCCCCC(=O)O,OC(=O)CCCCCCCCCCC(=O)O,1.0,0.0,Dyn,2.5,53.6101831611826,567.9910967735484,0.984635706340378,0.0032917292573458
C6,CC(C)(C1=CC=C(C=C1)OCC2CO2)C3=CC=C(C=C3)OCC4CO4,OC(=O)CCCCC(=O)O,OC(=O)CCCCC(=O)O,1.0,0.0,Iso,170.0,34.06000000000003,443.17,0.9397480787594924,0.0031241094118656
C6,CC(C)(C1=CC=C(C=C1)OCC2CO2)C3=CC=C(C=C3)OCC4CO4,OC(=O)CCCCC(=O)O,OC(=O)CCCCC(=O)O,1.0,0.0,Dyn,10.0,8.91,527.41,0.926121288692356,0.018319646241316
C6,CC(C)(C1=CC=C(C=C1)OCC2CO2)C3=CC=C(C=C3)OCC4CO4,OC(=O)CCCCC(=O)O,OC(=O)CCCCC(=O)O,1.0,0.0,Iso,180.0,12.15398999999999,453.19,0.8675564512576538,0.0183323245607521
C12,CC(C)(C1=CC=C(C=C1)OCC2CO2)C3=CC=C(C=C3)OCC4CO4,OC(=O)CCCCCCCCCCC(=O)O,OC(=O)CCCCCCCCCCC(=O)O,1.0,0.0,Iso,170.0,47.622199999999935,443.1679064071856,0.9256231650451902,0.0035225346396501
C14,CC(C)(C1=CC=C(C=C1)OCC2CO2)C3=CC=C(C=C3)OCC4CO4,OC(=O)CCCCCCCCCCCCC(=O)O,OC(=O)CCCCCCCCCCCCC(=O)O,1.0,0.0,Iso,180.0,20.589099999999974,453.16845736526943,0.9848212912158352,0.004271396417975
C12,CC(C)(C1=CC=C(C=C1)OCC2CO2)C3=CC=C(C=C3)OCC4CO4,OC(=O)CCCCCCCCCCC(=O)O,OC(=O)CCCCCCCCCCC(=O)O,1.0,0.0,Dyn,10.0,6.376750700560491,500.3164387091202,0.6816881085069648,0.1817827501705052
C10,CC(C)(C1=CC=C(C=C1)OCC2CO2)C3=CC=C(C=C3)OCC4CO4,OC(=O)CCCCCCCCC(=O)O,OC(=O)CCCCCCCCC(=O)O,1.0,0.0,Dyn,10.0,4.09,479.32,0.3444922399547318,0.1319615896761704
C12,CC(C)(C1=CC=C(C=C1)OCC2CO2)C3=CC=C(C=C3)OCC4CO4,OC(=O)CCCCCCCCCCC(=O)O,OC(=O)CCCCCCCCCCC(=O)O,1.0,0.0,Dyn,2.5,31.03519393542151,511.5611612899491,0.8430895439377085,0.0097479954698497
C10,CC(C)(C1=CC=C(C=C1)OCC2CO2)C3=CC=C(C=C3)OCC4CO4,OC(=O)CCCCCCCCC(=O)O,OC(=O)CCCCCCCCC(=O)O,1.0,0.0,Iso,170.0,46.878970000000045,443.17,0.950997962785675,0.0043069747954297
C8,CC(C)(C1=CC=C(C=C1)OCC2CO2)C3=CC=C(C=C3)OCC4CO4,OC(=O)CCCCCCC(=O)O,OC(=O)CCCCCCC(=O)O,1.0,0.0,Dyn,5.0,3.0200000000003127,450.5500000000003,0.1583553516642019,0.0642453358238963
C12,CC(C)(C1=CC=C(C=C1)OCC2CO2)C3=CC=C(C=C3)OCC4CO4,OC(=O)CCCCCCCCCCC(=O)O,OC(=O)CCCCCCCCCCC(=O)O,1.0,0.0,Iso,180.0,75.90554000000003,453.1658653892215,0.9803853697934696,0.0011514374918714
C12,CC(C)(C1=CC=C(C=C1)OCC2CO2)C3=CC=C(C=C3)OCC4CO4,OC(=O)CCCCCCCCCCC(=O)O,OC(=O)CCCCCCCCCCC(=O)O,1.0,0.0,Iso,160.0,74.71607735487001,433.15,0.9755273848563456,0.0014614901188179
C12,CC(C)(C1=CC=C(C=C1)OCC2CO2)C3=CC=C(C=C3)OCC4CO4,OC(=O)CCCCCCCCCCC(=O)O,OC(=O)CCCCCCCCCCC(=O)O,1.0,0.0,Dyn,5.0,20.976541673518582,539.9767677417993,0.9695745825467252,0.0084708747152982
C10,CC(C)(C1=CC=C(C=C1)OCC2CO2)C3=CC=C(C=C3)OCC4CO4,OC(=O)CCCCCCCCC(=O)O,OC(=O)CCCCCCCCC(=O)O,1.0,0.0,Iso,165.0,29.45499999999998,438.17,0.7752477782910233,0.0101330920335199
C10,CC(C)(C1=CC=C(C=C1)OCC2CO2)C3=CC=C(C=C3)OCC4CO4,OC(=O)CCCCCCCCC(=O)O,OC(=O)CCCCCCCCC(=O)O,1.0,0.0,Iso,180.0,50.68232,453.17,0.9803471950668768,0.0019335107027395
C10,CC(C)(C1=CC=C(C=C1)OCC2CO2)C3=CC=C(C=C3)OCC4CO4,OC(=O)CCCCCCCCC(=O)O,OC(=O)CCCCCCCCC(=O)O,1.0,0.0,Iso,165.0,19.18,438.17,0.6408542494687083,0.0160590877304658
C12,CC(C)(C1=CC=C(C=C1)OCC2CO2)C3=CC=C(C=C3)OCC4CO4,OC(=O)CCCCCCCCCCC(=O)O,OC(=O)CCCCCCCCCCC(=O)O,1.0,0.0,Dyn,5.0,8.1699303341739,476.0215264515596,0.5174052989090799,0.0817890046980539
C12,CC(C)(C1=CC=C(C=C1)OCC2CO2)C3=CC=C(C=C3)OCC4CO4,OC(=O)CCCCCCCCCCC(=O)O,OC(=O)CCCCCCCCCCC(=O)O,1.0,0.0,Iso,180.0,62.37781999999992,453.1675459880239,0.9600207684319834,0.0019190624864523
C12,CC(C)(C1=CC=C(C=C1)OCC2CO2)C3=CC=C(C=C3)OCC4CO4,OC(=O)CCCCCCCCCCC(=O)O,OC(=O)CCCCCCCCCCC(=O)O,1.0,0.0,Dyn,5.0,21.77619739244661,543.9739703224394,0.975885096459614,0.0071602545219307
C10,CC(C)(C1=CC=C(C=C1)OCC2CO2)C3=CC=C(C=C3)OCC4CO4,OC(=O)CCCCCCCCC(=O)O,OC(=O)CCCCCCCCC(=O)O,1.0,0.0,Iso,170.0,10.534600000000005,443.21,0.4690517781711481,0.0310887777473603
C14,CC(C)(C1=CC=C(C=C1)OCC2CO2)C3=CC=C(C=C3)OCC4CO4,OC(=O)CCCCCCCCCCCCC(=O)O,OC(=O)CCCCCCCCCCCCC(=O)O,1.0,0.0,Dyn,10.0,1.1915874995568343,448.5103806450799,0.0651773181885254,0.0644320254568923
C8,CC(C)(C1=CC=C(C=C1)OCC2CO2)C3=CC=C(C=C3)OCC4CO4,OC(=O)CCCCCCC(=O)O,OC(=O)CCCCCCC(=O)O,1.0,0.0,Dyn,5.0,2.39,447.35000000000025,0.119436137162106,0.0588516512941622
C14,CC(C)(C1=CC=C(C=C1)OCC2CO2)C3=CC=C(C=C3)OCC4CO4,OC(=O)CCCCCCCCCCCCC(=O)O,OC(=O)CCCCCCCCCCCCC(=O)O,1.0,0.0,Dyn,2.5,11.844260966368577,463.7762129031903,0.7044135779707319,0.0631333272292094
C12,CC(C)(C1=CC=C(C=C1)OCC2CO2)C3=CC=C(C=C3)OCC4CO4,OC(=O)CCCCCCCCCCC(=O)O,OC(=O)CCCCCCCCCCC(=O)O,1.0,0.0,Iso,170.0,72.20139999999994,443.1650492215568,0.9797363421794943,0.0011242131828672
C6,CC(C)(C1=CC=C(C=C1)OCC2CO2)C3=CC=C(C=C3)OCC4CO4,OC(=O)CCCCC(=O)O,OC(=O)CCCCC(=O)O,1.0,0.0,Dyn,2.5,5.94,449.3400000000001,0.2976224727329806,0.0601574556011621
C14,CC(C)(C1=CC=C(C=C1)OCC2CO2)C3=CC=C(C=C3)OCC4CO4,OC(=O)CCCCCCCCCCCCC(=O)O,OC(=O)CCCCCCCCCCCCC(=O)O,1.0,0.0,Dyn,2.5,13.779606330491,468.5926258064104,0.8125414462228666,0.0464781570479909
C8,CC(C)(C1=CC=C(C=C1)OCC2CO2)C3=CC=C(C=C3)OCC4CO4,OC(=O)CCCCCCC(=O)O,OC(=O)CCCCCCC(=O)O,1.0,0.0,Dyn,2.5,16.78,476.15,0.839789394509214,0.0450513977685847
C12,CC(C)(C1=CC=C(C=C1)OCC2CO2)C3=CC=C(C=C3)OCC4CO4,OC(=O)CCCCCCCCCCC(=O)O,OC(=O)CCCCCCCCCCC(=O)O,1.0,0.0,Iso,170.0,67.59279999999991,443.1652464071856,0.9735190835300214,0.0014240033649648
C14,CC(C)(C1=CC=C(C=C1)OCC2CO2)C3=CC=C(C=C3)OCC4CO4,OC(=O)CCCCCCCCCCCCC(=O)O,OC(=O)CCCCCCCCCCCCC(=O)O,1.0,0.0,Dyn,5.0,10.81188869878452,489.56276774179895,0.8759740686617726,0.0567544287720981
C12,CC(C)(C1=CC=C(C=C1)OCC2CO2)C3=CC=C(C=C3)OCC4CO4,OC(=O)CCCCCCCCCCC(=O)O,OC(=O)CCCCCCCCCCC(=O)O,1.0,0.0,Iso,170.0,69.12899999999992,443.16491113772446,0.9757066374992804,0.0014240033649648
C8,CC(C)(C1=CC=C(C=C1)OCC2CO2)C3=CC=C(C=C3)OCC4CO4,OC(=O)CCCCCCC(=O)O,OC(=O)CCCCCCC(=O)O,1.0,0.0,Iso,160.0,84.0,433.17,0.957320532780212,0.0018760205371334
C10,CC(C)(C1=CC=C(C=C1)OCC2CO2)C3=CC=C(C=C3)OCC4CO4,OC(=O)CCCCCCCCC(=O)O,OC(=O)CCCCCCCCC(=O)O,1.0,0.0,Dyn,10.0,7.99,518.3199999999999,0.787735384286225,0.0774174659433538
C12,CC(C)(C1=CC=C(C=C1)OCC2CO2)C3=CC=C(C=C3)OCC4CO4,OC(=O)CCCCCCCCCCC(=O)O,OC(=O)CCCCCCCCCCC(=O)O,1.0,0.0,Iso,170.0,7.681000000000003,443.2048817964072,0.3997571491063122,0.0391228812775408
C12,CC(C)(C1=CC=C(C=C1)OCC2CO2)C3=CC=C(C=C3)OCC4CO4,OC(=O)CCCCCCCCCCC(=O)O,OC(=O)CCCCCCCCCCC(=O)O,1.0,0.0,Dyn,2.5,9.254432387078255,457.1465806450497,0.4125874627714803,0.048929381579157
C14,CC(C)(C1=CC=C(C=C1)OCC2CO2)C3=CC=C(C=C3)OCC4CO4,OC(=O)CCCCCCCCCCCCC(=O)O,OC(=O)CCCCCCCCCCCCC(=O)O,1.0,0.0,Iso,170.0,9.584600000000002,443.2276897005988,0.4948753056153416,0.0432829909756387
C6,CC(C)(C1=CC=C(C=C1)OCC2CO2)C3=CC=C(C=C3)OCC4CO4,OC(=O)CCCCC(=O)O,OC(=O)CCCCC(=O)O,1.0,0.0,Dyn,5.0,1.79,444.67,0.1247233436928171,0.0786255772749715
C8,CC(C)(C1=CC=C(C=C1)OCC2CO2)C3=CC=C(C=C3)OCC4CO4,OC(=O)CCCCCCC(=O)O,OC(=O)CCCCCCC(=O)O,1.0,0.0,Dyn,5.0,3.82,454.5500000000004,0.2117356896980063,0.0697902451535497
C6,CC(C)(C1=CC=C(C=C1)OCC2CO2)C3=CC=C(C=C3)OCC4CO4,OC(=O)CCCCC(=O)O,OC(=O)CCCCC(=O)O,1.0,0.0,Dyn,2.5,10.04,459.57000000000016,0.5354275102660022,0.0475745800465281
C10,CC(C)(C1=CC=C(C=C1)OCC2CO2)C3=CC=C(C=C3)OCC4CO4,OC(=O)CCCCCCCCC(=O)O,OC(=O)CCCCCCCCC(=O)O,1.0,0.0,Dyn,2.5,2.39,441.13,0.0964696339989024,0.0410196260190684
C12,CC(C)(C1=CC=C(C=C1)OCC2CO2)C3=CC=C(C=C3)OCC4CO4,OC(=O)CCCCCCCCCCC(=O)O,OC(=O)CCCCCCCCCCC(=O)O,1.0,0.0,Iso,160.0,70.86473316132003,433.15,0.9691155596887084,0.0017792053620393
C12,CC(C)(C1=CC=C(C=C1)OCC2CO2)C3=CC=C(C=C3)OCC4CO4,OC(=O)CCCCCCCCCCC(=O)O,OC(=O)CCCCCCCCCCC(=O)O,1.0,0.0,Dyn,5.0,1.3869368644634077,442.0453045161199,0.0477155210920552,0.043279424985925
C12,CC(C)(C1=CC=C(C=C1)OCC2CO2)C3=CC=C(C=C3)OCC4CO4,OC(=O)CCCCCCCCCCC(=O)O,OC(=O)CCCCCCCCCCC(=O)O,1.0,0.0,Dyn,2.5,55.22197167730839,572.0218064509484,0.9897107897664073,0.0027719825325019
C12,CC(C)(C1=CC=C(C=C1)OCC2CO2)C3=CC=C(C=C3)OCC4CO4,OC(=O)CCCCCCCCCCC(=O)O,OC(=O)CCCCCCCCCCC(=O)O,1.0,0.0,Dyn,2.5,12.88928245158714,466.2156774191996,0.5660155549165714,0.030945153980206
C14,CC(C)(C1=CC=C(C=C1)OCC2CO2)C3=CC=C(C=C3)OCC4CO4,OC(=O)CCCCCCCCCCCCC(=O)O,OC(=O)CCCCCCCCCCCCC(=O)O,1.0,0.0,Dyn,2.5,6.063026763337598,449.3269741935302,0.3041322117322596,0.06485544713872
C12,CC(C)(C1=CC=C(C=C1)OCC2CO2)C3=CC=C(C=C3)OCC4CO4,OC(=O)CCCCCCCCCCC(=O)O,OC(=O)CCCCCCCCCCC(=O)O,1.0,0.0,Iso,170.0,39.94119999999997,443.1693585628742,0.8930401243451729,0.0049000344070892
C10,CC(C)(C1=CC=C(C=C1)OCC2CO2)C3=CC=C(C=C3)OCC4CO4,OC(=O)CCCCCCCCC(=O)O,OC(=O)CCCCCCCCC(=O)O,1.0,0.0,Iso,170.0,28.443420000000025,443.18,0.8117699522878313,0.0114442473135695
C8,CC(C)(C1=CC=C(C=C1)OCC2CO2)C3=CC=C(C=C3)OCC4CO4,OC(=O)CCCCCCC(=O)O,OC(=O)CCCCCCC(=O)O,1.0,0.0,Iso,180.0,29.03109999999996,453.17,0.9400530924363087,0.005852199750903
C6,CC(C)(C1=CC=C(C=C1)OCC2CO2)C3=CC=C(C=C3)OCC4CO4,OC(=O)CCCCC(=O)O,OC(=O)CCCCC(=O)O,1.0,0.0,Iso,165.0,20.301417000000008,438.17,0.8872357086922473,0.0077377319265227
C6,CC(C)(C1=CC=C(C=C1)OCC2CO2)C3=CC=C(C=C3)OCC4CO4,OC(=O)CCCCC(=O)O,OC(=O)CCCCC(=O)O,1.0,0.0,Dyn,10.0,4.890000000000001,487.41,0.7523847125710674,0.1277637397346791
C6,CC(C)(C1=CC=C(C=C1)OCC2CO2)C3=CC=C(C=C3)OCC4CO4,OC(=O)CCCCC(=O)O,OC(=O)CCCCC(=O)O,1.0,0.0,Iso,165.0,35.82602999999999,438.17,0.9710780475071782,0.0030164039713565
C6,CC(C)(C1=CC=C(C=C1)OCC2CO2)C3=CC=C(C=C3)OCC4CO4,OC(=O)CCCCC(=O)O,OC(=O)CCCCC(=O)O,1.0,0.0,Dyn,10.0,1.1,449.41,0.0907643714466203,0.1037428932406813
C12,CC(C)(C1=CC=C(C=C1)OCC2CO2)C3=CC=C(C=C3)OCC4CO4,OC(=O)CCCCCCCCCCC(=O)O,OC(=O)CCCCCCCCCCC(=O)O,1.0,0.0,Iso,180.0,85.6755600000001,453.16662826347294,0.9897888542748356,0.0006908624951228
C12,CC(C)(C1=CC=C(C=C1)OCC2CO2)C3=CC=C(C=C3)OCC4CO4,OC(=O)CCCCCCCCCCC(=O)O,OC(=O)CCCCCCCCCCC(=O)O,1.0,0.0,Dyn,2.5,41.51679929023915,537.7607741930487,0.9263417686318132,0.0059636745126317
C12,CC(C)(C1=CC=C(C=C1)OCC2CO2)C3=CC=C(C=C3)OCC4CO4,OC(=O)CCCCCCCCCCC(=O)O,OC(=O)CCCCCCCCCCC(=O)O,1.0,0.0,Dyn,2.5,14.90734877416358,471.2540645159496,0.6207385446188458,0.0226606891804605
C8,CC(C)(C1=CC=C(C=C1)OCC2CO2)C3=CC=C(C=C3)OCC4CO4,OC(=O)CCCCCCC(=O)O,OC(=O)CCCCCCC(=O)O,1.0,0.0,Iso,180.0,7.366099999999996,453.23,0.4715543405047743,0.0427631208673013
C6,CC(C)(C1=CC=C(C=C1)OCC2CO2)C3=CC=C(C=C3)OCC4CO4,OC(=O)CCCCC(=O)O,OC(=O)CCCCC(=O)O,1.0,0.0,Iso,170.0,43.88500000000005,443.17,0.964439998181074,0.0019438903007164
C14,CC(C)(C1=CC=C(C=C1)OCC2CO2)C3=CC=C(C=C3)OCC4CO4,OC(=O)CCCCCCCCCCCCC(=O)O,OC(=O)CCCCCCCCCCCCC(=O)O,1.0,0.0,Dyn,5.0,8.744565769325785,479.2519548385992,0.7193084473538464,0.0908280199335133
C8,CC(C)(C1=CC=C(C=C1)OCC2CO2)C3=CC=C(C=C3)OCC4CO4,OC(=O)CCCCCCC(=O)O,OC(=O)CCCCCCC(=O)O,1.0,0.0,Dyn,2.5,10.77,461.15,0.5247900213112698,0.0546101291212236
C8,CC(C)(C1=CC=C(C=C1)OCC2CO2)C3=CC=C(C=C3)OCC4CO4,OC(=O)CCCCCCC(=O)O,OC(=O)CCCCCCC(=O)O,1.0,0.0,Dyn,2.5,3.98,444.15,0.1644603234298608,0.0463676820859972
C8,CC(C)(C1=CC=C(C=C1)OCC2CO2)C3=CC=C(C=C3)OCC4CO4,OC(=O)CCCCCCC(=O)O,OC(=O)CCCCCCC(=O)O,1.0,0.0,Dyn,2.5,19.2,482.15,0.9254418954494172,0.0236617776106303
C10,CC(C)(C1=CC=C(C=C1)OCC2CO2)C3=CC=C(C=C3)OCC4CO4,OC(=O)CCCCCCCCC(=O)O,OC(=O)CCCCCCCCC(=O)O,1.0,0.0,Iso,180.0,43.37237,453.17,0.9608963025132032,0.0031764818687867
C10,CC(C)(C1=CC=C(C=C1)OCC2CO2)C3=CC=C(C=C3)OCC4CO4,OC(=O)CCCCCCCCC(=O)O,OC(=O)CCCCCCCCC(=O)O,1.0,0.0,Dyn,2.5,18.0,480.13,0.7554672794013156,0.02855796748163
C10,CC(C)(C1=CC=C(C=C1)OCC2CO2)C3=CC=C(C=C3)OCC4CO4,OC(=O)CCCCCCCCC(=O)O,OC(=O)CCCCCCCCC(=O)O,1.0,0.0,Dyn,10.0,3.89,477.32,0.3184447816405183,0.1297798247268571
C8,CC(C)(C1=CC=C(C=C1)OCC2CO2)C3=CC=C(C=C3)OCC4CO4,OC(=O)CCCCCCC(=O)O,OC(=O)CCCCCCC(=O)O,1.0,0.0,Iso,170.0,37.8,443.17,0.9177537384664332,0.0055111131312213
C12,CC(C)(C1=CC=C(C=C1)OCC2CO2)C3=CC=C(C=C3)OCC4CO4,OC(=O)CCCCCCCCCCC(=O)O,OC(=O)CCCCCCCCCCC(=O)O,1.0,0.0,Dyn,10.0,3.785120919128628,474.3471354835401,0.2865515467649601,0.1266424663958992
C10,CC(C)(C1=CC=C(C=C1)OCC2CO2)C3=CC=C(C=C3)OCC4CO4,OC(=O)CCCCCCCCC(=O)O,OC(=O)CCCCCCCCC(=O)O,1.0,0.0,Dyn,10.0,9.09,529.3199999999999,0.8643434858128974,0.0598225873198634
C8,CC(C)(C1=CC=C(C=C1)OCC2CO2)C3=CC=C(C=C3)OCC4CO4,OC(=O)CCCCCCC(=O)O,OC(=O)CCCCCCC(=O)O,1.0,0.0,Iso,180.0,23.831499999999963,453.18,0.9006624668172272,0.0095400000001831
C12,CC(C)(C1=CC=C(C=C1)OCC2CO2)C3=CC=C(C=C3)OCC4CO4,OC(=O)CCCCCCCCCCC(=O)O,OC(=O)CCCCCCCCCCC(=O)O,1.0,0.0,Iso,170.0,33.0283,443.171351497006,0.852167405445858,0.006895174188251
C8,CC(C)(C1=CC=C(C=C1)OCC2CO2)C3=CC=C(C=C3)OCC4CO4,OC(=O)CCCCCCC(=O)O,OC(=O)CCCCCCC(=O)O,1.0,0.0,Dyn,10.0,1.985,459.15,0.1312119408041816,0.0950093494086379
C8,CC(C)(C1=CC=C(C=C1)OCC2CO2)C3=CC=C(C=C3)OCC4CO4,OC(=O)CCCCCCC(=O)O,OC(=O)CCCCCCC(=O)O,1.0,0.0,Dyn,2.5,15.18,472.15,0.757929046007271,0.0530431239814463
C14,CC(C)(C1=CC=C(C=C1)OCC2CO2)C3=CC=C(C=C3)OCC4CO4,OC(=O)CCCCCCCCCCCCC(=O)O,OC(=O)CCCCCCCCCCCCC(=O)O,1.0,0.0,Iso,160.0,57.60537419299983,433.15,0.9839440428241996,0.0013686133267506
C12,CC(C)(C1=CC=C(C=C1)OCC2CO2)C3=CC=C(C=C3)OCC4CO4,OC(=O)CCCCCCCCCCC(=O)O,OC(=O)CCCCCCCCCCC(=O)O,1.0,0.0,Iso,160.0,82.41876574196996,433.15,0.9850841826298936,0.0010004894114176
C12,CC(C)(C1=CC=C(C=C1)OCC2CO2)C3=CC=C(C=C3)OCC4CO4,OC(=O)CCCCCCCCCCC(=O)O,OC(=O)CCCCCCCCCCC(=O)O,1.0,0.0,Iso,180.0,40.58315999999995,453.1686897005988,0.8966770508826584,0.0041451749707371
C10,CC(C)(C1=CC=C(C=C1)OCC2CO2)C3=CC=C(C=C3)OCC4CO4,OC(=O)CCCCCCCCC(=O)O,OC(=O)CCCCCCCCC(=O)O,1.0,0.0,Dyn,2.5,35.61,524.13,0.9897792537434166,0.0034160248183767
C10,CC(C)(C1=CC=C(C=C1)OCC2CO2)C3=CC=C(C=C3)OCC4CO4,OC(=O)CCCCCCCCC(=O)O,OC(=O)CCCCCCCCC(=O)O,1.0,0.0,Iso,170.0,31.603800000000028,443.18,0.8456046922691508,0.0097279793858026
C14,CC(C)(C1=CC=C(C=C1)OCC2CO2)C3=CC=C(C=C3)OCC4CO4,OC(=O)CCCCCCCCCCCCC(=O)O,OC(=O)CCCCCCCCCCCCC(=O)O,1.0,0.0,Dyn,5.0,8.357377693311168,477.3186774192492,0.6832459261232163,0.0946205561275442
C10,CC(C)(C1=CC=C(C=C1)OCC2CO2)C3=CC=C(C=C3)OCC4CO4,OC(=O)CCCCCCCCC(=O)O,OC(=O)CCCCCCCCC(=O)O,1.0,0.0,Iso,170.0,25.80977000000002,443.18,0.7793597067137331,0.0129237546840104
C8,CC(C)(C1=CC=C(C=C1)OCC2CO2)C3=CC=C(C=C3)OCC4CO4,OC(=O)CCCCCCC(=O)O,OC(=O)CCCCCCC(=O)O,1.0,0.0,Dyn,10.0,2.58,465.15,0.1900889110051089,0.1086852947859556
C14,CC(C)(C1=CC=C(C=C1)OCC2CO2)C3=CC=C(C=C3)OCC4CO4,OC(=O)CCCCCCCCCCCCC(=O)O,OC(=O)CCCCCCCCCCCCC(=O)O,1.0,0.0,Iso,170.0,11.839800000000004,443.2218452095808,0.5887769095988228,0.038285907418988
C14,CC(C)(C1=CC=C(C=C1)OCC2CO2)C3=CC=C(C=C3)OCC4CO4,OC(=O)CCCCCCCCCCCCC(=O)O,OC(=O)CCCCCCCCCCCCC(=O)O,1.0,0.0,Dyn,10.0,0.3973375032554216,440.52679354835993,0.0227339395890791,0.045963775406201
C14,CC(C)(C1=CC=C(C=C1)OCC2CO2)C3=CC=C(C=C3)OCC4CO4,OC(=O)CCCCCCCCCCCCC(=O)O,OC(=O)CCCCCCCCCCCCC(=O)O,1.0,0.0,Dyn,2.5,2.220797459717007,439.6941483870901,0.0906495906065594,0.0453638653268124
C6,CC(C)(C1=CC=C(C=C1)OCC2CO2)C3=CC=C(C=C3)OCC4CO4,OC(=O)CCCCC(=O)O,OC(=O)CCCCC(=O)O,1.0,0.0,Iso,165.0,16.718814,438.17,0.8535630383711824,0.0108443788358221
C8,CC(C)(C1=CC=C(C=C1)OCC2CO2)C3=CC=C(C=C3)OCC4CO4,OC(=O)CCCCCCC(=O)O,OC(=O)CCCCCCC(=O)O,1.0,0.0,Iso,160.0,18.0,433.2,0.4688336467650551,0.0180386590108993
C6,CC(C)(C1=CC=C(C=C1)OCC2CO2)C3=CC=C(C=C3)OCC4CO4,OC(=O)CCCCC(=O)O,OC(=O)CCCCC(=O)O,1.0,0.0,Dyn,10.0,12.91,567.41,0.9875236891977256,0.0105811749842077
C14,CC(C)(C1=CC=C(C=C1)OCC2CO2)C3=CC=C(C=C3)OCC4CO4,OC(=O)CCCCCCCCCCCCC(=O)O,OC(=O)CCCCCCCCCCCCC(=O)O,1.0,0.0,Dyn,2.5,8.949979503028775,456.5515935483602,0.5013058696539934,0.0707931454338572
C12,CC(C)(C1=CC=C(C=C1)OCC2CO2)C3=CC=C(C=C3)OCC4CO4,OC(=O)CCCCCCCCCCC(=O)O,OC(=O)CCCCCCCCCCC(=O)O,1.0,0.0,Iso,170.0,42.24549999999997,443.16816245508977,0.9039778941914683,0.0044968527314681
C14,CC(C)(C1=CC=C(C=C1)OCC2CO2)C3=CC=C(C=C3)OCC4CO4,OC(=O)CCCCCCCCCCCCC(=O)O,OC(=O)CCCCCCCCCCCCC(=O)O,1.0,0.0,Dyn,10.0,3.177790048651473,468.4693483868797,0.2576837272457743,0.1381760431937542
C6,CC(C)(C1=CC=C(C=C1)OCC2CO2)C3=CC=C(C=C3)OCC4CO4,OC(=O)CCCCC(=O)O,OC(=O)CCCCC(=O)O,1.0,0.0,Dyn,5.0,1.1900000000000004,441.67,0.0800546051293967,0.0724244096546514
C8,CC(C)(C1=CC=C(C=C1)OCC2CO2)C3=CC=C(C=C3)OCC4CO4,OC(=O)CCCCCCC(=O)O,OC(=O)CCCCCCC(=O)O,1.0,0.0,Dyn,10.0,6.77,507.15,0.7897963687953892,0.1368237506484864
C14,CC(C)(C1=CC=C(C=C1)OCC2CO2)C3=CC=C(C=C3)OCC4CO4,OC(=O)CCCCCCCCCCCCC(=O)O,OC(=O)CCCCCCCCCCCCC(=O)O,1.0,0.0,Dyn,5.0,7.841022991951153,474.7409741934492,0.6325610617574782,0.0998900893107622
C12,CC(C)(C1=CC=C(C=C1)OCC2CO2)C3=CC=C(C=C3)OCC4CO4,OC(=O)CCCCCCCCCCC(=O)O,OC(=O)CCCCCCCCCCC(=O)O,1.0,0.0,Iso,170.0,26.88350000000001,443.17461814371256,0.7999539462322262,0.0099680235547542
C14,CC(C)(C1=CC=C(C=C1)OCC2CO2)C3=CC=C(C=C3)OCC4CO4,OC(=O)CCCCCCCCCCCCC(=O)O,OC(=O)CCCCCCCCCCCCC(=O)O,1.0,0.0,Dyn,2.5,9.592206811312362,458.15706451610026,0.5468491420462637,0.0710728206643149
C6,CC(C)(C1=CC=C(C=C1)OCC2CO2)C3=CC=C(C=C3)OCC4CO4,OC(=O)CCCCC(=O)O,OC(=O)CCCCC(=O)O,1.0,0.0,Iso,170.0,54.36500000000007,443.17,0.9804010731662952,0.0011802191111493
C12,CC(C)(C1=CC=C(C=C1)OCC2CO2)C3=CC=C(C=C3)OCC4CO4,OC(=O)CCCCCCCCCCC(=O)O,OC(=O)CCCCCCCCCCC(=O)O,1.0,0.0,Dyn,5.0,5.373372364532656,462.03131741931975,0.2894462385645602,0.0775904680028313
C6,CC(C)(C1=CC=C(C=C1)OCC2CO2)C3=CC=C(C=C3)OCC4CO4,OC(=O)CCCCC(=O)O,OC(=O)CCCCC(=O)O,1.0,0.0,Iso,180.0,32.81577299999996,453.17,0.9862561120655478,0.0014135160484801
C12,CC(C)(C1=CC=C(C=C1)OCC2CO2)C3=CC=C(C=C3)OCC4CO4,OC(=O)CCCCCCCCCCC(=O)O,OC(=O)CCCCCCCCCCC(=O)O,1.0,0.0,Dyn,10.0,7.480008476580711,511.3034516122504,0.8586738211711622,0.1073220569615253
C10,CC(C)(C1=CC=C(C=C1)OCC2CO2)C3=CC=C(C=C3)OCC4CO4,OC(=O)CCCCCCCCC(=O)O,OC(=O)CCCCCCCCC(=O)O,1.0,0.0,Dyn,5.0,3.5900000000000003,453.5,0.1838914536751922,0.0641959166161759
C12,CC(C)(C1=CC=C(C=C1)OCC2CO2)C3=CC=C(C=C3)OCC4CO4,OC(=O)CCCCCCCCCCC(=O)O,OC(=O)CCCCCCCCCCC(=O)O,1.0,0.0,Dyn,10.0,5.679225561061756,493.3247032253103,0.5613204978571338,0.1635828721169006
C8,CC(C)(C1=CC=C(C=C1)OCC2CO2)C3=CC=C(C=C3)OCC4CO4,OC(=O)CCCCCCC(=O)O,OC(=O)CCCCCCC(=O)O,1.0,0.0,Iso,180.0,41.59680000000004,453.17,0.9836760568960736,0.0017373718010493
C12,CC(C)(C1=CC=C(C=C1)OCC2CO2)C3=CC=C(C=C3)OCC4CO4,OC(=O)CCCCCCCCCCC(=O)O,OC(=O)CCCCCCCCCCC(=O)O,1.0,0.0,Iso,160.0,83.18903458067996,433.15,0.9858548284469678,0.0009531457296638
C8,CC(C)(C1=CC=C(C=C1)OCC2CO2)C3=CC=C(C=C3)OCC4CO4,OC(=O)CCCCCCC(=O)O,OC(=O)CCCCCCC(=O)O,1.0,0.0,Iso,180.0,5.632899999999999,453.24,0.3891006775228813,0.0509386439193125
C6,CC(C)(C1=CC=C(C=C1)OCC2CO2)C3=CC=C(C=C3)OCC4CO4,OC(=O)CCCCC(=O)O,OC(=O)CCCCC(=O)O,1.0,0.0,Iso,165.0,40.20476699999996,438.17,0.982250065257113,0.0020983679800739
C12,CC(C)(C1=CC=C(C=C1)OCC2CO2)C3=CC=C(C=C3)OCC4CO4,OC(=O)CCCCCCCCCCC(=O)O,OC(=O)CCCCCCCCCCC(=O)O,1.0,0.0,Iso,170.0,36.10069999999999,443.1698185628742,0.8720856600080594,0.0058459085509086
C12,CC(C)(C1=CC=C(C=C1)OCC2CO2)C3=CC=C(C=C3)OCC4CO4,OC(=O)CCCCCCCCCCC(=O)O,OC(=O)CCCCCCCCCCC(=O)O,1.0,0.0,Iso,160.0,13.094570258070004,433.15,0.3832310163699977,0.024059276601601
C6,CC(C)(C1=CC=C(C=C1)OCC2CO2)C3=CC=C(C=C3)OCC4CO4,OC(=O)CCCCC(=O)O,OC(=O)CCCCC(=O)O,1.0,0.0,Dyn,2.5,29.04000000000054,507.0000000000005,0.8308267726832855,0.0082707665162608
C12,CC(C)(C1=CC=C(C=C1)OCC2CO2)C3=CC=C(C=C3)OCC4CO4,OC(=O)CCCCCCCCCCC(=O)O,OC(=O)CCCCCCCCCCC(=O)O,1.0,0.0,Iso,160.0,10.783763741940003,433.15,0.3249818517440719,0.0258030072601124
C6,CC(C)(C1=CC=C(C=C1)OCC2CO2)C3=CC=C(C=C3)OCC4CO4,OC(=O)CCCCC(=O)O,OC(=O)CCCCC(=O)O,1.0,0.0,Iso,180.0,25.11824599999997,453.17,0.9696929650676182,0.0030444961044185
C12,CC(C)(C1=CC=C(C=C1)OCC2CO2)C3=CC=C(C=C3)OCC4CO4,OC(=O)CCCCCCCCCCC(=O)O,OC(=O)CCCCCCCCCCC(=O)O,1.0,0.0,Iso,170.0,3.840500000000001,443.21627754491016,0.2085863044505658,0.0513004280634852
C14,CC(C)(C1=CC=C(C=C1)OCC2CO2)C3=CC=C(C=C3)OCC4CO4,OC(=O)CCCCCCCCCCCCC(=O)O,OC(=O)CCCCCCCCCCCCC(=O)O,1.0,0.0,Dyn,10.0,10.771438212940044,544.313425805719,0.9758929513575648,0.0062777835602457
C8,CC(C)(C1=CC=C(C=C1)OCC2CO2)C3=CC=C(C=C3)OCC4CO4,OC(=O)CCCCCCC(=O)O,OC(=O)CCCCCCC(=O)O,1.0,0.0,Dyn,10.0,2.08,460.15,0.1402378289980022,0.0933944262239001
C12,CC(C)(C1=CC=C(C=C1)OCC2CO2)C3=CC=C(C=C3)OCC4CO4,OC(=O)CCCCCCCCCCC(=O)O,OC(=O)CCCCCCCCCCC(=O)O,1.0,0.0,Dyn,2.5,37.48566799992467,527.6839999995489,0.8994507786413686,0.0074706187814279
C10,CC(C)(C1=CC=C(C=C1)OCC2CO2)C3=CC=C(C=C3)OCC4CO4,OC(=O)CCCCCCCCC(=O)O,OC(=O)CCCCCCCCC(=O)O,1.0,0.0,Dyn,2.5,6.38,451.13,0.274868114113812,0.0473324398834287
C8,CC(C)(C1=CC=C(C=C1)OCC2CO2)C3=CC=C(C=C3)OCC4CO4,OC(=O)CCCCCCC(=O)O,OC(=O)CCCCCCC(=O)O,1.0,0.0,Iso,180.0,18.19859999999997,453.19,0.82521217163913,0.01776965589989
C12,CC(C)(C1=CC=C(C=C1)OCC2CO2)C3=CC=C(C=C3)OCC4CO4,OC(=O)CCCCCCCCCCC(=O)O,OC(=O)CCCCCCCCCCC(=O)O,1.0,0.0,Dyn,2.5,23.778832645113788,493.4229677416493,0.7628615127919911,0.0121134556108462
C12,CC(C)(C1=CC=C(C=C1)OCC2CO2)C3=CC=C(C=C3)OCC4CO4,OC(=O)CCCCCCCCCCC(=O)O,OC(=O)CCCCCCCCCCC(=O)O,1.0,0.0,Dyn,10.0,4.183732197764503,478.3424129028601,0.3384167133206856,0.1359378510342127
C8,CC(C)(C1=CC=C(C=C1)OCC2CO2)C3=CC=C(C=C3)OCC4CO4,OC(=O)CCCCCCC(=O)O,OC(=O)CCCCCCC(=O)O,1.0,0.0,Iso,170.0,24.5,443.18,0.7784362074451161,0.0170446797872823
C6,CC(C)(C1=CC=C(C=C1)OCC2CO2)C3=CC=C(C=C3)OCC4CO4,OC(=O)CCCCC(=O)O,OC(=O)CCCCC(=O)O,1.0,0.0,Iso,170.0,30.130000000000024,443.17,0.9253330908098768,0.0040266299086265
C10,CC(C)(C1=CC=C(C=C1)OCC2CO2)C3=CC=C(C=C3)OCC4CO4,OC(=O)CCCCCCCCC(=O)O,OC(=O)CCCCCCCCC(=O)O,1.0,0.0,Dyn,5.0,9.59,483.5,0.601219179735159,0.0615463586454431
C10,CC(C)(C1=CC=C(C=C1)OCC2CO2)C3=CC=C(C=C3)OCC4CO4,OC(=O)CCCCCCCCC(=O)O,OC(=O)CCCCCCCCC(=O)O,1.0,0.0,Dyn,10.0,7.59,514.3199999999999,0.7550089100465349,0.0844554173927484
C6,CC(C)(C1=CC=C(C=C1)OCC2CO2)C3=CC=C(C=C3)OCC4CO4,OC(=O)CCCCC(=O)O,OC(=O)CCCCC(=O)O,1.0,0.0,Iso,170.0,23.580000000000013,443.17,0.8909099176936018,0.0064564927845222
C10,CC(C)(C1=CC=C(C=C1)OCC2CO2)C3=CC=C(C=C3)OCC4CO4,OC(=O)CCCCCCCCC(=O)O,OC(=O)CCCCCCCCC(=O)O,1.0,0.0,Iso,165.0,45.21000000000003,438.17,0.8903246045880874,0.0049283128514153
C8,CC(C)(C1=CC=C(C=C1)OCC2CO2)C3=CC=C(C=C3)OCC4CO4,OC(=O)CCCCCCC(=O)O,OC(=O)CCCCCCC(=O)O,1.0,0.0,Dyn,10.0,9.59,535.15,0.9841593931540888,0.0175101823746582
C6,CC(C)(C1=CC=C(C=C1)OCC2CO2)C3=CC=C(C=C3)OCC4CO4,OC(=O)CCCCC(=O)O,OC(=O)CCCCC(=O)O,1.0,0.0,Dyn,5.0,2.59,448.67,0.189883528420808,0.086569461790932
C8,CC(C)(C1=CC=C(C=C1)OCC2CO2)C3=CC=C(C=C3)OCC4CO4,OC(=O)CCCCCCC(=O)O,OC(=O)CCCCCCC(=O)O,1.0,0.0,Iso,160.0,103.0,433.17,0.9832240471198634,0.0009019329505449
C10,CC(C)(C1=CC=C(C=C1)OCC2CO2)C3=CC=C(C=C3)OCC4CO4,OC(=O)CCCCCCCCC(=O)O,OC(=O)CCCCCCCCC(=O)O,1.0,0.0,Iso,165.0,45.89500000000003,438.17,0.8937004988913069,0.0048081100989418
C12,CC(C)(C1=CC=C(C=C1)OCC2CO2)C3=CC=C(C=C3)OCC4CO4,OC(=O)CCCCCCCCCCC(=O)O,OC(=O)CCCCCCCCCCC(=O)O,1.0,0.0,Iso,180.0,71.3963,453.16718203592814,0.9746740509980384,0.0013817249902456
C8,CC(C)(C1=CC=C(C=C1)OCC2CO2)C3=CC=C(C=C3)OCC4CO4,OC(=O)CCCCCCC(=O)O,OC(=O)CCCCCCC(=O)O,1.0,0.0,Iso,170.0,44.8,443.17,0.9484966592427616,0.0032384891595836
C14,CC(C)(C1=CC=C(C=C1)OCC2CO2)C3=CC=C(C=C3)OCC4CO4,OC(=O)CCCCCCCCCCCCC(=O)O,OC(=O)CCCCCCCCCCCCC(=O)O,1.0,0.0,Iso,170.0,38.33840000000003,443.1713998802395,0.9821370725160812,0.0021340943053976
C10,CC(C)(C1=CC=C(C=C1)OCC2CO2)C3=CC=C(C=C3)OCC4CO4,OC(=O)CCCCCCCCC(=O)O,OC(=O)CCCCCCCCC(=O)O,1.0,0.0,Iso,180.0,15.59456,453.19,0.7122748592838977,0.020163754471429
C6,CC(C)(C1=CC=C(C=C1)OCC2CO2)C3=CC=C(C=C3)OCC4CO4,OC(=O)CCCCC(=O)O,OC(=O)CCCCC(=O)O,1.0,0.0,Dyn,2.5,11.54,463.2900000000002,0.5987759265555945,0.0354158463645047
C12,CC(C)(C1=CC=C(C=C1)OCC2CO2)C3=CC=C(C=C3)OCC4CO4,OC(=O)CCCCCCCCCCC(=O)O,OC(=O)CCCCCCCCCCC(=O)O,1.0,0.0,Iso,180.0,19.54003999999999,453.1728588023952,0.7578170070381909,0.010435563025132
C14,CC(C)(C1=CC=C(C=C1)OCC2CO2)C3=CC=C(C=C3)OCC4CO4,OC(=O)CCCCCCCCCCCCC(=O)O,OC(=O)CCCCCCCCCCCCC(=O)O,1.0,0.0,Iso,160.0,54.149051741419854,433.15,0.9783027474821036,0.0018766261254875
C12,CC(C)(C1=CC=C(C=C1)OCC2CO2)C3=CC=C(C=C3)OCC4CO4,OC(=O)CCCCCCCCCCC(=O)O,OC(=O)CCCCCCCCCCC(=O)O,1.0,0.0,Dyn,2.5,32.64865058057995,515.591870967349,0.8585646237741555,0.0092527864668981
C8,CC(C)(C1=CC=C(C=C1)OCC2CO2)C3=CC=C(C=C3)OCC4CO4,OC(=O)CCCCCCC(=O)O,OC(=O)CCCCCCC(=O)O,1.0,0.0,Iso,180.0,3.4664,453.26,0.2664133285787868,0.0614841249891974
C6,CC(C)(C1=CC=C(C=C1)OCC2CO2)C3=CC=C(C=C3)OCC4CO4,OC(=O)CCCCC(=O)O,OC(=O)CCCCC(=O)O,1.0,0.0,Dyn,5.0,23.01,550.67,0.9598884661186792,0.0095849429260207
C14,CC(C)(C1=CC=C(C=C1)OCC2CO2)C3=CC=C(C=C3)OCC4CO4,OC(=O)CCCCCCCCCCCCC(=O)O,OC(=O)CCCCCCCCCCCCC(=O)O,1.0,0.0,Dyn,2.5,11.52125843777177,462.9734774193203,0.68305206486585,0.0661341977652032
C10,CC(C)(C1=CC=C(C=C1)OCC2CO2)C3=CC=C(C=C3)OCC4CO4,OC(=O)CCCCCCCCC(=O)O,OC(=O)CCCCCCCCC(=O)O,1.0,0.0,Dyn,10.0,3.69,475.32,0.2929392455879082,0.1267535056036177
C8,CC(C)(C1=CC=C(C=C1)OCC2CO2)C3=CC=C(C=C3)OCC4CO4,OC(=O)CCCCCCC(=O)O,OC(=O)CCCCCCC(=O)O,1.0,0.0,Dyn,10.0,7.58,515.15,0.8849214525795757,0.092844687940046
C6,CC(C)(C1=CC=C(C=C1)OCC2CO2)C3=CC=C(C=C3)OCC4CO4,OC(=O)CCCCC(=O)O,OC(=O)CCCCC(=O)O,1.0,0.0,Dyn,2.5,24.21,494.9100000000004,0.7918028927889532,0.0082000762041531
C8,CC(C)(C1=CC=C(C=C1)OCC2CO2)C3=CC=C(C=C3)OCC4CO4,OC(=O)CCCCCCC(=O)O,OC(=O)CCCCCCC(=O)O,1.0,0.0,Dyn,2.5,3.18,442.15,0.12879215243826,0.0438604738623541
C12,CC(C)(C1=CC=C(C=C1)OCC2CO2)C3=CC=C(C=C3)OCC4CO4,OC(=O)CCCCCCCCCCC(=O)O,OC(=O)CCCCCCCCCCC(=O)O,1.0,0.0,Dyn,5.0,10.17249859373511,486.01453290315953,0.6665790364075277,0.0643910665517035
C14,CC(C)(C1=CC=C(C=C1)OCC2CO2)C3=CC=C(C=C3)OCC4CO4,OC(=O)CCCCCCCCCCCCC(=O)O,OC(=O)CCCCCCCCCCCCC(=O)O,1.0,0.0,Dyn,2.5,18.935844655461388,481.43639354833056,0.9605996228444966,0.0102003106908574
C12,CC(C)(C1=CC=C(C=C1)OCC2CO2)C3=CC=C(C=C3)OCC4CO4,OC(=O)CCCCCCCCCCC(=O)O,OC(=O)CCCCCCCCCCC(=O)O,1.0,0.0,Iso,160.0,56.99989406454008,433.15,0.93088621131897,0.0038801810649403
C6,CC(C)(C1=CC=C(C=C1)OCC2CO2)C3=CC=C(C=C3)OCC4CO4,OC(=O)CCCCC(=O)O,OC(=O)CCCCC(=O)O,1.0,0.0,Dyn,5.0,5.590000000000001,463.67,0.477126840744721,0.0980278253797673
C6,CC(C)(C1=CC=C(C=C1)OCC2CO2)C3=CC=C(C=C3)OCC4CO4,OC(=O)CCCCC(=O)O,OC(=O)CCCCC(=O)O,1.0,0.0,Iso,170.0,31.440000000000023,443.17,0.9305170296939655,0.0036795066406417
C14,CC(C)(C1=CC=C(C=C1)OCC2CO2)C3=CC=C(C=C3)OCC4CO4,OC(=O)CCCCCCCCCCCCC(=O)O,OC(=O)CCCCCCCCCCCCC(=O)O,1.0,0.0,Iso,170.0,32.13660000000002,443.17505771084336,0.9601554907677357,0.005088994112871
C10,CC(C)(C1=CC=C(C=C1)OCC2CO2)C3=CC=C(C=C3)OCC4CO4,OC(=O)CCCCCCCCC(=O)O,OC(=O)CCCCCCCCC(=O)O,1.0,0.0,Iso,180.0,54.580960000000005,453.17,0.9873468242211398,0.0015191869807238
C12,CC(C)(C1=CC=C(C=C1)OCC2CO2)C3=CC=C(C=C3)OCC4CO4,OC(=O)CCCCCCCCCCC(=O)O,OC(=O)CCCCCCCCCCC(=O)O,1.0,0.0,Dyn,10.0,5.280424406233044,489.32942580599024,0.4980201587561614,0.1559635734507605
C10,CC(C)(C1=CC=C(C=C1)OCC2CO2)C3=CC=C(C=C3)OCC4CO4,OC(=O)CCCCCCCCC(=O)O,OC(=O)CCCCCCCCC(=O)O,1.0,0.0,Iso,165.0,56.85500000000007,438.16,0.9382458359167158,0.0033656770692593
C14,CC(C)(C1=CC=C(C=C1)OCC2CO2)C3=CC=C(C=C3)OCC4CO4,OC(=O)CCCCCCCCCCCCC(=O)O,OC(=O)CCCCCCCCCCCCC(=O)O,1.0,0.0,Dyn,2.5,1.2633895248769305,437.28594193548,0.0510887457065801,0.0393359350561785
C14,CC(C)(C1=CC=C(C=C1)OCC2CO2)C3=CC=C(C=C3)OCC4CO4,OC(=O)CCCCCCCCCCCCC(=O)O,OC(=O)CCCCCCCCCCCCC(=O)O,1.0,0.0,Dyn,5.0,4.361968459967612,457.3414774192996,0.2761203616548875,0.0938464435432485
C12,CC(C)(C1=CC=C(C=C1)OCC2CO2)C3=CC=C(C=C3)OCC4CO4,OC(=O)CCCCCCCCCCC(=O)O,OC(=O)CCCCCCCCCCC(=O)O,1.0,0.0,Dyn,2.5,13.698511354811334,468.2310322578996,0.5901732211411972,0.0268091146977063
C10,CC(C)(C1=CC=C(C=C1)OCC2CO2)C3=CC=C(C=C3)OCC4CO4,OC(=O)CCCCCCCCC(=O)O,OC(=O)CCCCCCCCC(=O)O,1.0,0.0,Iso,180.0,25.82849,453.18,0.8581229013732062,0.0095294456063601
C10,CC(C)(C1=CC=C(C=C1)OCC2CO2)C3=CC=C(C=C3)OCC4CO4,OC(=O)CCCCCCCCC(=O)O,OC(=O)CCCCCCCCC(=O)O,1.0,0.0,Dyn,10.0,11.49,553.3199999999999,0.9657603661986898,0.0249847276453541
C10,CC(C)(C1=CC=C(C=C1)OCC2CO2)C3=CC=C(C=C3)OCC4CO4,OC(=O)CCCCCCCCC(=O)O,OC(=O)CCCCCCCCC(=O)O,1.0,0.0,Iso,165.0,60.28000000000008,438.16,0.9489498910244852,0.0030050688118386
C14,CC(C)(C1=CC=C(C=C1)OCC2CO2)C3=CC=C(C=C3)OCC4CO4,OC(=O)CCCCCCCCCCCCC(=O)O,OC(=O)CCCCCCCCCCCCC(=O)O,1.0,0.0,Dyn,5.0,1.2780468116918926,441.8752580644999,0.0599351167223544,0.0495836332258458
C8,CC(C)(C1=CC=C(C=C1)OCC2CO2)C3=CC=C(C=C3)OCC4CO4,OC(=O)CCCCCCC(=O)O,OC(=O)CCCCCCC(=O)O,1.0,0.0,Dyn,10.0,0.9899999999999998,449.15,0.0569524789938893,0.0614688844059199
C8,CC(C)(C1=CC=C(C=C1)OCC2CO2)C3=CC=C(C=C3)OCC4CO4,OC(=O)CCCCCCC(=O)O,OC(=O)CCCCCCC(=O)O,1.0,0.0,Iso,180.0,16.465399999999978,453.2,0.7897384999405681,0.0220673650919595
C10,CC(C)(C1=CC=C(C=C1)OCC2CO2)C3=CC=C(C=C3)OCC4CO4,OC(=O)CCCCCCCCC(=O)O,OC(=O)CCCCCCCCC(=O)O,1.0,0.0,Dyn,10.0,8.99,528.3199999999999,0.8581500885374291,0.0619339727546832
C6,CC(C)(C1=CC=C(C=C1)OCC2CO2)C3=CC=C(C=C3)OCC4CO4,OC(=O)CCCCC(=O)O,OC(=O)CCCCC(=O)O,1.0,0.0,Dyn,2.5,1.4799999999999995,438.18,0.0690529124055138,0.048012859981578
C12,CC(C)(C1=CC=C(C=C1)OCC2CO2)C3=CC=C(C=C3)OCC4CO4,OC(=O)CCCCCCCCCCC(=O)O,OC(=O)CCCCCCCCCCC(=O)O,1.0,0.0,Dyn,10.0,7.781542170369983,514.2999096767403,0.8883037893161221,0.0819749994768018
C6,CC(C)(C1=CC=C(C=C1)OCC2CO2)C3=CC=C(C=C3)OCC4CO4,OC(=O)CCCCC(=O)O,OC(=O)CCCCC(=O)O,1.0,0.0,Iso,170.0,58.95000000000008,443.17,0.985266700013642,0.0009719451503582
C14,CC(C)(C1=CC=C(C=C1)OCC2CO2)C3=CC=C(C=C3)OCC4CO4,OC(=O)CCCCCCCCCCCCC(=O)O,OC(=O)CCCCCCCCCCCCC(=O)O,1.0,0.0,Dyn,5.0,1.9201007016341545,445.0973870967498,0.0938678590670437,0.0579049885713779
C10,CC(C)(C1=CC=C(C=C1)OCC2CO2)C3=CC=C(C=C3)OCC4CO4,OC(=O)CCCCCCCCC(=O)O,OC(=O)CCCCCCCCC(=O)O,1.0,0.0,Dyn,10.0,1.1999999999999995,450.32,0.0592813688534051,0.0643542460586682
C6,CC(C)(C1=CC=C(C=C1)OCC2CO2)C3=CC=C(C=C3)OCC4CO4,OC(=O)CCCCC(=O)O,OC(=O)CCCCC(=O)O,1.0,0.0,Iso,165.0,39.80669999999997,438.17,0.9813975463325502,0.0021416468196631
C10,CC(C)(C1=CC=C(C=C1)OCC2CO2)C3=CC=C(C=C3)OCC4CO4,OC(=O)CCCCCCCCC(=O)O,OC(=O)CCCCCCCCC(=O)O,1.0,0.0,Dyn,5.0,13.590000000000002,503.5,0.7938452364459148,0.0360722952641863
C12,CC(C)(C1=CC=C(C=C1)OCC2CO2)C3=CC=C(C=C3)OCC4CO4,OC(=O)CCCCCCCCCCC(=O)O,OC(=O)CCCCCCCCCCC(=O)O,1.0,0.0,Iso,160.0,13.864839096780004,433.15,0.4017631274181156,0.023512786590893
C12,CC(C)(C1=CC=C(C=C1)OCC2CO2)C3=CC=C(C=C3)OCC4CO4,OC(=O)CCCCCCCCCCC(=O)O,OC(=O)CCCCCCCCCCC(=O)O,1.0,0.0,Iso,170.0,22.27490000000001,443.1786128915662,0.7440561855966841,0.0139101746918025
C14,CC(C)(C1=CC=C(C=C1)OCC2CO2)C3=CC=C(C=C3)OCC4CO4,OC(=O)CCCCCCCCCCCCC(=O)O,OC(=O)CCCCCCCCCCCCC(=O)O,1.0,0.0,Dyn,10.0,5.568659503399041,492.4201096770395,0.6491158416019479,0.1664450419390265
C8,CC(C)(C1=CC=C(C=C1)OCC2CO2)C3=CC=C(C=C3)OCC4CO4,OC(=O)CCCCCCC(=O)O,OC(=O)CCCCCCC(=O)O,1.0,0.0,Iso,160.0,106.0,433.17,0.9857855366994112,0.0007937009964794
C8,CC(C)(C1=CC=C(C=C1)OCC2CO2)C3=CC=C(C=C3)OCC4CO4,OC(=O)CCCCCCC(=O)O,OC(=O)CCCCCCC(=O)O,1.0,0.0,Iso,160.0,105.0,433.17,0.9849557583849098,0.0008297783145014
C8,CC(C)(C1=CC=C(C=C1)OCC2CO2)C3=CC=C(C=C3)OCC4CO4,OC(=O)CCCCCCC(=O)O,OC(=O)CCCCCCC(=O)O,1.0,0.0,Iso,160.0,6.0,433.22,0.1947037535082185,0.0273285684015126
C14,CC(C)(C1=CC=C(C=C1)OCC2CO2)C3=CC=C(C=C3)OCC4CO4,OC(=O)CCCCCCCCCCCCC(=O)O,OC(=O)CCCCCCCCCCCCC(=O)O,1.0,0.0,Dyn,2.5,17.969716092807182,479.0281870967205,0.9472096334820618,0.0157894923204828
C6,CC(C)(C1=CC=C(C=C1)OCC2CO2)C3=CC=C(C=C3)OCC4CO4,OC(=O)CCCCC(=O)O,OC(=O)CCCCC(=O)O,1.0,0.0,Iso,165.0,33.039561000000006,438.17,0.9616265257113024,0.0036779013622748
C8,CC(C)(C1=CC=C(C=C1)OCC2CO2)C3=CC=C(C=C3)OCC4CO4,OC(=O)CCCCCCC(=O)O,OC(=O)CCCCCCC(=O)O,1.0,0.0,Dyn,2.5,11.97,464.15,0.589789394509214,0.051749389250192
C14,CC(C)(C1=CC=C(C=C1)OCC2CO2)C3=CC=C(C=C3)OCC4CO4,OC(=O)CCCCCCCCCCCCC(=O)O,OC(=O)CCCCCCCCCCCCC(=O)O,1.0,0.0,Dyn,5.0,9.261096818374536,481.8296580643991,0.7649000082432234,0.083341064424109
C12,CC(C)(C1=CC=C(C=C1)OCC2CO2)C3=CC=C(C=C3)OCC4CO4,OC(=O)CCCCCCCCCCC(=O)O,OC(=O)CCCCCCCCCCC(=O)O,1.0,0.0,Dyn,2.5,24.18344709672589,494.4306451609993,0.7677627919911012,0.0119398725515628
C6,CC(C)(C1=CC=C(C=C1)OCC2CO2)C3=CC=C(C=C3)OCC4CO4,OC(=O)CCCCC(=O)O,OC(=O)CCCCC(=O)O,1.0,0.0,Dyn,2.5,48.02,554.4300000000009,0.9830774461852329,0.0046655605989163
C12,CC(C)(C1=CC=C(C=C1)OCC2CO2)C3=CC=C(C=C3)OCC4CO4,OC(=O)CCCCCCCCCCC(=O)O,OC(=O)CCCCCCCCCCC(=O)O,1.0,0.0,Dyn,2.5,41.9180814192706,538.7684516123988,0.9287348846370926,0.0058220301132545
C10,CC(C)(C1=CC=C(C=C1)OCC2CO2)C3=CC=C(C=C3)OCC4CO4,OC(=O)CCCCCCCCC(=O)O,OC(=O)CCCCCCCCC(=O)O,1.0,0.0,Iso,170.0,24.22958000000002,443.18,0.7577769668387141,0.0141060807935678
C6,CC(C)(C1=CC=C(C=C1)OCC2CO2)C3=CC=C(C=C3)OCC4CO4,OC(=O)CCCCC(=O)O,OC(=O)CCCCC(=O)O,1.0,0.0,Dyn,5.0,18.81,529.67,0.9177728078073716,0.0101658485579015
C14,CC(C)(C1=CC=C(C=C1)OCC2CO2)C3=CC=C(C=C3)OCC4CO4,OC(=O)CCCCCCCCCCCCC(=O)O,OC(=O)CCCCCCCCCCCCC(=O)O,1.0,0.0,Iso,160.0,31.68295580614999,433.15,0.8604846439578506,0.0107664248371045
C10,CC(C)(C1=CC=C(C=C1)OCC2CO2)C3=CC=C(C=C3)OCC4CO4,OC(=O)CCCCCCCCC(=O)O,OC(=O)CCCCCCCCC(=O)O,1.0,0.0,Iso,165.0,4.110000000000002,438.19,0.210411258031129,0.0461157859864758
C10,CC(C)(C1=CC=C(C=C1)OCC2CO2)C3=CC=C(C=C3)OCC4CO4,OC(=O)CCCCCCCCC(=O)O,OC(=O)CCCCCCCCC(=O)O,1.0,0.0,Iso,170.0,34.23745000000003,443.18,0.8700408933667706,0.0086139495908586
C12,CC(C)(C1=CC=C(C=C1)OCC2CO2)C3=CC=C(C=C3)OCC4CO4,OC(=O)CCCCCCCCCCC(=O)O,OC(=O)CCCCCCCCCCC(=O)O,1.0,0.0,Iso,180.0,58.62011999999992,453.16705964071855,0.952405676704742,0.0021493499848267
C12,CC(C)(C1=CC=C(C=C1)OCC2CO2)C3=CC=C(C=C3)OCC4CO4,OC(=O)CCCCCCCCCCC(=O)O,OC(=O)CCCCCCCCCCC(=O)O,1.0,0.0,Dyn,5.0,17.777430001820335,523.9879574192391,0.9277082891668432,0.0181372046943913
C8,CC(C)(C1=CC=C(C=C1)OCC2CO2)C3=CC=C(C=C3)OCC4CO4,OC(=O)CCCCCCC(=O)O,OC(=O)CCCCCCC(=O)O,1.0,0.0,Iso,170.0,0.7000000000000002,443.19,0.0277362392618517,0.0531055406572428
C8,CC(C)(C1=CC=C(C=C1)OCC2CO2)C3=CC=C(C=C3)OCC4CO4,OC(=O)CCCCCCC(=O)O,OC(=O)CCCCCCC(=O)O,1.0,0.0,Iso,160.0,108.0,433.17,0.9873368613743486,0.0007215463604359
C14,CC(C)(C1=CC=C(C=C1)OCC2CO2)C3=CC=C(C=C3)OCC4CO4,OC(=O)CCCCCCCCCCCCC(=O)O,OC(=O)CCCCCCCCCCCCC(=O)O,1.0,0.0,Iso,160.0,31.106902064219994,433.15,0.8541453987298647,0.0111313883909046
C6,CC(C)(C1=CC=C(C=C1)OCC2CO2)C3=CC=C(C=C3)OCC4CO4,OC(=O)CCCCC(=O)O,OC(=O)CCCCC(=O)O,1.0,0.0,Iso,180.0,6.076995,453.25,0.6527201004361042,0.0574133902403324
C14,CC(C)(C1=CC=C(C=C1)OCC2CO2)C3=CC=C(C=C3)OCC4CO4,OC(=O)CCCCCCCCCCCCC(=O)O,OC(=O)CCCCCCCCCCCCC(=O)O,1.0,0.0,Iso,160.0,33.41111703193998,433.15,0.878151392953877,0.0095802932872542
C6,CC(C)(C1=CC=C(C=C1)OCC2CO2)C3=CC=C(C=C3)OCC4CO4,OC(=O)CCCCC(=O)O,OC(=O)CCCCC(=O)O,1.0,0.0,Dyn,10.0,12.31,561.41,0.9803853442830068,0.012792166771953
C10,CC(C)(C1=CC=C(C=C1)OCC2CO2)C3=CC=C(C=C3)OCC4CO4,OC(=O)CCCCCCCCC(=O)O,OC(=O)CCCCCCCCC(=O)O,1.0,0.0,Iso,165.0,18.495,438.17,0.6296273424383673,0.0163896452997679
C8,CC(C)(C1=CC=C(C=C1)OCC2CO2)C3=CC=C(C=C3)OCC4CO4,OC(=O)CCCCCCC(=O)O,OC(=O)CCCCCCC(=O)O,1.0,0.0,Iso,170.0,58.8,443.17,0.978762328985046,0.0013067587836917
C12,CC(C)(C1=CC=C(C=C1)OCC2CO2)C3=CC=C(C=C3)OCC4CO4,OC(=O)CCCCCCCCCCC(=O)O,OC(=O)CCCCCCCCCCC(=O)O,1.0,0.0,Iso,180.0,31.564679999999967,453.1695522891566,0.8521403022960655,0.0057571874593571
C14,CC(C)(C1=CC=C(C=C1)OCC2CO2)C3=CC=C(C=C3)OCC4CO4,OC(=O)CCCCCCCCCCCCC(=O)O,OC(=O)CCCCCCCCCCCCC(=O)O,1.0,0.0,Dyn,5.0,2.562910972346605,448.3195161289997,0.1334617216650764,0.0672911756634453
C10,CC(C)(C1=CC=C(C=C1)OCC2CO2)C3=CC=C(C=C3)OCC4CO4,OC(=O)CCCCCCCCC(=O)O,OC(=O)CCCCCCCCC(=O)O,1.0,0.0,Iso,170.0,52.67300000000005,443.17,0.9727766459920416,0.0030764105681639
C6,CC(C)(C1=CC=C(C=C1)OCC2CO2)C3=CC=C(C=C3)OCC4CO4,OC(=O)CCCCC(=O)O,OC(=O)CCCCC(=O)O,1.0,0.0,Iso,165.0,17.514948,438.17,0.8620203602192639,0.0099672479053511
C6,CC(C)(C1=CC=C(C=C1)OCC2CO2)C3=CC=C(C=C3)OCC4CO4,OC(=O)CCCCC(=O)O,OC(=O)CCCCC(=O)O,1.0,0.0,Iso,170.0,15.064999999999998,443.18,0.8014414987949616,0.0155164100789321
C6,CC(C)(C1=CC=C(C=C1)OCC2CO2)C3=CC=C(C=C3)OCC4CO4,OC(=O)CCCCC(=O)O,OC(=O)CCCCC(=O)O,1.0,0.0,Iso,170.0,42.575000000000045,443.17,0.9618480287390296,0.0020133149543133
C6,CC(C)(C1=CC=C(C=C1)OCC2CO2)C3=CC=C(C=C3)OCC4CO4,OC(=O)CCCCC(=O)O,OC(=O)CCCCC(=O)O,1.0,0.0,Dyn,5.0,10.8,489.67,0.8040314850852478,0.0267216590664852
C12,CC(C)(C1=CC=C(C=C1)OCC2CO2)C3=CC=C(C=C3)OCC4CO4,OC(=O)CCCCCCCCCCC(=O)O,OC(=O)CCCCCCCCCCC(=O)O,1.0,0.0,Iso,170.0,49.92649999999993,443.1670513173653,0.9335098727764664,0.0032227444575523
C8,CC(C)(C1=CC=C(C=C1)OCC2CO2)C3=CC=C(C=C3)OCC4CO4,OC(=O)CCCCCCC(=O)O,OC(=O)CCCCCCC(=O)O,1.0,0.0,Dyn,5.0,12.47,497.75000000000097,0.8768828495752882,0.0514164319657769
C12,CC(C)(C1=CC=C(C=C1)OCC2CO2)C3=CC=C(C=C3)OCC4CO4,OC(=O)CCCCCCCCCCC(=O)O,OC(=O)CCCCCCCCCCC(=O)O,1.0,0.0,Dyn,5.0,6.172035568630864,466.0285199999597,0.3525796810641233,0.0811465661294549
C14,CC(C)(C1=CC=C(C=C1)OCC2CO2)C3=CC=C(C=C3)OCC4CO4,OC(=O)CCCCCCCCCCCCC(=O)O,OC(=O)CCCCCCCCCCCCC(=O)O,1.0,0.0,Iso,160.0,26.49847212878,433.15,0.7936627639317039,0.0151200833044665
C6,CC(C)(C1=CC=C(C=C1)OCC2CO2)C3=CC=C(C=C3)OCC4CO4,OC(=O)CCCCC(=O)O,OC(=O)CCCCC(=O)O,1.0,0.0,Dyn,2.5,23.46,493.0500000000004,0.7856825255669186,0.0081219448065669
C12,CC(C)(C1=CC=C(C=C1)OCC2CO2)C3=CC=C(C=C3)OCC4CO4,OC(=O)CCCCCCCCCCC(=O)O,OC(=O)CCCCCCCCCCC(=O)O,1.0,0.0,Dyn,5.0,16.37711437803537,516.9928529031192,0.8976190672136599,0.0241182023047552
C12,CC(C)(C1=CC=C(C=C1)OCC2CO2)C3=CC=C(C=C3)OCC4CO4,OC(=O)CCCCCCCCCCC(=O)O,OC(=O)CCCCCCCCCCC(=O)O,1.0,0.0,Iso,160.0,33.891828903240004,433.15,0.7554206842543194,0.011517567270202
C8,CC(C)(C1=CC=C(C=C1)OCC2CO2)C3=CC=C(C=C3)OCC4CO4,OC(=O)CCCCCCC(=O)O,OC(=O)CCCCCCC(=O)O,1.0,0.0,Dyn,5.0,11.5,492.9500000000009,0.8199013449732143,0.0609643507045438
C8,CC(C)(C1=CC=C(C=C1)OCC2CO2)C3=CC=C(C=C3)OCC4CO4,OC(=O)CCCCCCC(=O)O,OC(=O)CCCCCCC(=O)O,1.0,0.0,Dyn,2.5,1.1900000000000004,437.15,0.0486179014667168,0.0373495675065814
C12,CC(C)(C1=CC=C(C=C1)OCC2CO2)C3=CC=C(C=C3)OCC4CO4,OC(=O)CCCCCCCCCCC(=O)O,OC(=O)CCCCCCCCCCC(=O)O,1.0,0.0,Dyn,5.0,13.977738910116932,505.00124516119934,0.8278911666044975,0.0315347324618443
C14,CC(C)(C1=CC=C(C=C1)OCC2CO2)C3=CC=C(C=C3)OCC4CO4,OC(=O)CCCCCCCCCCCCC(=O)O,OC(=O)CCCCCCCCCCCCC(=O)O,1.0,0.0,Dyn,5.0,8.228217213781328,476.6742516127992,0.6708276133619399,0.0961463816678337
C10,CC(C)(C1=CC=C(C=C1)OCC2CO2)C3=CC=C(C=C3)OCC4CO4,OC(=O)CCCCCCCCC(=O)O,OC(=O)CCCCCCCCC(=O)O,1.0,0.0,Dyn,2.5,10.39,461.13,0.4631320739041938,0.0454741223822318
C8,CC(C)(C1=CC=C(C=C1)OCC2CO2)C3=CC=C(C=C3)OCC4CO4,OC(=O)CCCCCCC(=O)O,OC(=O)CCCCCCC(=O)O,1.0,0.0,Iso,160.0,86.0,433.17,0.9610364965364572,0.0017677885830681
C10,CC(C)(C1=CC=C(C=C1)OCC2CO2)C3=CC=C(C=C3)OCC4CO4,OC(=O)CCCCCCCCC(=O)O,OC(=O)CCCCCCCCC(=O)O,1.0,0.0,Iso,180.0,8.28461,453.2,0.5059918171643022,0.0379539312041751
C14,CC(C)(C1=CC=C(C=C1)OCC2CO2)C3=CC=C(C=C3)OCC4CO4,OC(=O)CCCCCCCCCCCCC(=O)O,OC(=O)CCCCCCCCCCCCC(=O)O,1.0,0.0,Dyn,10.0,8.575976067729886,522.3585612897392,0.9534125028830446,0.0189994104091813
C12,CC(C)(C1=CC=C(C=C1)OCC2CO2)C3=CC=C(C=C3)OCC4CO4,OC(=O)CCCCCCCCCCC(=O)O,OC(=O)CCCCCCCCCCC(=O)O,1.0,0.0,Dyn,10.0,2.789034631226808,464.35894193524007,0.1745745605828341,0.1003259022408768
C12,CC(C)(C1=CC=C(C=C1)OCC2CO2)C3=CC=C(C=C3)OCC4CO4,OC(=O)CCCCCCCCCCC(=O)O,OC(=O)CCCCCCCCCCC(=O)O,1.0,0.0,Iso,170.0,38.40499999999997,443.1694003012048,0.8851419725300362,0.0052356464987984
C12,CC(C)(C1=CC=C(C=C1)OCC2CO2)C3=CC=C(C=C3)OCC4CO4,OC(=O)CCCCCCCCCCC(=O)O,OC(=O)CCCCCCCCCCC(=O)O,1.0,0.0,Dyn,2.5,42.32269354830205,539.7761290317487,0.9310905486365018,0.0057270546858961
C10,CC(C)(C1=CC=C(C=C1)OCC2CO2)C3=CC=C(C=C3)OCC4CO4,OC(=O)CCCCCCCCC(=O)O,OC(=O)CCCCCCCCC(=O)O,1.0,0.0,Iso,170.0,19.48901000000001,443.19,0.6824526038165848,0.0176798854223923
C10,CC(C)(C1=CC=C(C=C1)OCC2CO2)C3=CC=C(C=C3)OCC4CO4,OC(=O)CCCCCCCCC(=O)O,OC(=O)CCCCCCCCC(=O)O,1.0,0.0,Iso,170.0,57.41357000000006,443.17,0.9856753303910506,0.0022150156090778
C12,CC(C)(C1=CC=C(C=C1)OCC2CO2)C3=CC=C(C=C3)OCC4CO4,OC(=O)CCCCCCCCCCC(=O)O,OC(=O)CCCCCCCCCCC(=O)O,1.0,0.0,Iso,160.0,71.63500200003003,433.15,0.9704860261367528,0.0017156623133951
C12,CC(C)(C1=CC=C(C=C1)OCC2CO2)C3=CC=C(C=C3)OCC4CO4,OC(=O)CCCCCCCCCCC(=O)O,OC(=O)CCCCCCCCCCC(=O)O,1.0,0.0,Iso,160.0,54.68908754841007,433.15,0.9209265493792528,0.0044829410892939
C10,CC(C)(C1=CC=C(C=C1)OCC2CO2)C3=CC=C(C=C3)OCC4CO4,OC(=O)CCCCCCCCC(=O)O,OC(=O)CCCCCCCCC(=O)O,1.0,0.0,Iso,170.0,32.65726000000003,443.18,0.8557162237578211,0.0093522881272179
C10,CC(C)(C1=CC=C(C=C1)OCC2CO2)C3=CC=C(C=C3)OCC4CO4,OC(=O)CCCCCCCCC(=O)O,OC(=O)CCCCCCCCC(=O)O,1.0,0.0,Iso,180.0,34.1131,453.18,0.9199753936113578,0.0056683628408962
C8,CC(C)(C1=CC=C(C=C1)OCC2CO2)C3=CC=C(C=C3)OCC4CO4,OC(=O)CCCCCCC(=O)O,OC(=O)CCCCCCC(=O)O,1.0,0.0,Dyn,2.5,14.78,471.15,0.7368371568258745,0.0527297229534914
C14,CC(C)(C1=CC=C(C=C1)OCC2CO2)C3=CC=C(C=C3)OCC4CO4,OC(=O)CCCCCCCCCCCCC(=O)O,OC(=O)CCCCCCCCCCCCC(=O)O,1.0,0.0,Dyn,5.0,6.293234029394062,467.0078645160494,0.4714945616564914,0.1052221706201278
C12,CC(C)(C1=CC=C(C=C1)OCC2CO2)C3=CC=C(C=C3)OCC4CO4,OC(=O)CCCCCCCCCCC(=O)O,OC(=O)CCCCCCCCCCC(=O)O,1.0,0.0,Dyn,5.0,17.177425201783894,520.9900554837592,0.9158363366546534,0.0205287726266289
C14,CC(C)(C1=CC=C(C=C1)OCC2CO2)C3=CC=C(C=C3)OCC4CO4,OC(=O)CCCCCCCCCCCCC(=O)O,OC(=O)CCCCCCCCCCCCC(=O)O,1.0,0.0,Iso,180.0,11.7652,453.18843096385535,0.828835469049162,0.0348648254087433
C12,CC(C)(C1=CC=C(C=C1)OCC2CO2)C3=CC=C(C=C3)OCC4CO4,OC(=O)CCCCCCCCCCC(=O)O,OC(=O)CCCCCCCCCCC(=O)O,1.0,0.0,Iso,160.0,78.56742154841999,433.15,0.9807645244970876,0.0012073179242409
C8,CC(C)(C1=CC=C(C=C1)OCC2CO2)C3=CC=C(C=C3)OCC4CO4,OC(=O)CCCCCCC(=O)O,OC(=O)CCCCCCC(=O)O,1.0,0.0,Iso,160.0,110.0,433.17,0.9887438767771988,0.0006854690424141
C10,CC(C)(C1=CC=C(C=C1)OCC2CO2)C3=CC=C(C=C3)OCC4CO4,OC(=O)CCCCCCCCC(=O)O,OC(=O)CCCCCCCCC(=O)O,1.0,0.0,Dyn,10.0,11.69,555.3199999999999,0.9706165526987728,0.0228733422105376
C12,CC(C)(C1=CC=C(C=C1)OCC2CO2)C3=CC=C(C=C3)OCC4CO4,OC(=O)CCCCCCCCCCC(=O)O,OC(=O)CCCCCCCCCCC(=O)O,1.0,0.0,Dyn,10.0,6.476567951006238,501.3152580639503,0.6998331628074509,0.1821623551423994
C8,CC(C)(C1=CC=C(C=C1)OCC2CO2)C3=CC=C(C=C3)OCC4CO4,OC(=O)CCCCCCC(=O)O,OC(=O)CCCCCCC(=O)O,1.0,0.0,Iso,160.0,64.0,433.17,0.900967762030162,0.0038241957103106
C6,CC(C)(C1=CC=C(C=C1)OCC2CO2)C3=CC=C(C=C3)OCC4CO4,OC(=O)CCCCC(=O)O,OC(=O)CCCCC(=O)O,1.0,0.0,Dyn,10.0,2.68,465.41,0.3206569804169298,0.1986734049273515
C12,CC(C)(C1=CC=C(C=C1)OCC2CO2)C3=CC=C(C=C3)OCC4CO4,OC(=O)CCCCCCCCCCC(=O)O,OC(=O)CCCCCCCCCCC(=O)O,1.0,0.0,Iso,160.0,25.418871677429987,433.15,0.6365327198864471,0.0164247494634867
C14,CC(C)(C1=CC=C(C=C1)OCC2CO2)C3=CC=C(C=C3)OCC4CO4,OC(=O)CCCCCCCCCCCCC(=O)O,OC(=O)CCCCCCCCCCCCC(=O)O,1.0,0.0,Iso,160.0,47.81246058018989,433.15,0.9629517881348036,0.0031021902073013
C12,CC(C)(C1=CC=C(C=C1)OCC2CO2)C3=CC=C(C=C3)OCC4CO4,OC(=O)CCCCCCCCCCC(=O)O,OC(=O)CCCCCCCCCCC(=O)O,1.0,0.0,Dyn,2.5,15.714903612871826,473.26941935464953,0.6385894721727251,0.0205974355807146
C10,CC(C)(C1=CC=C(C=C1)OCC2CO2)C3=CC=C(C=C3)OCC4CO4,OC(=O)CCCCCCCCC(=O)O,OC(=O)CCCCCCCCC(=O)O,1.0,0.0,Dyn,10.0,11.99,558.3199999999999,0.9770562782749698,0.019706264058309
C10,CC(C)(C1=CC=C(C=C1)OCC2CO2)C3=CC=C(C=C3)OCC4CO4,OC(=O)CCCCCCCCC(=O)O,OC(=O)CCCCCCCCC(=O)O,1.0,0.0,Iso,180.0,45.32169,453.17,0.966886369770217,0.0029002660541095
C8,CC(C)(C1=CC=C(C=C1)OCC2CO2)C3=CC=C(C=C3)OCC4CO4,OC(=O)CCCCCCC(=O)O,OC(=O)CCCCCCC(=O)O,1.0,0.0,Iso,160.0,30.0,433.19,0.6511323347292047,0.0123023654454333
C8,CC(C)(C1=CC=C(C=C1)OCC2CO2)C3=CC=C(C=C3)OCC4CO4,OC(=O)CCCCCCC(=O)O,OC(=O)CCCCCCC(=O)O,1.0,0.0,Dyn,5.0,14.4,507.3500000000011,0.9509628382193148,0.0249520919833628
C8,CC(C)(C1=CC=C(C=C1)OCC2CO2)C3=CC=C(C=C3)OCC4CO4,OC(=O)CCCCCCC(=O)O,OC(=O)CCCCCCC(=O)O,1.0,0.0,Iso,180.0,12.565699999999984,453.22,0.6751154958595823,0.0348690520470599
C10,CC(C)(C1=CC=C(C=C1)OCC2CO2)C3=CC=C(C=C3)OCC4CO4,OC(=O)CCCCCCCCC(=O)O,OC(=O)CCCCCCCCC(=O)O,1.0,0.0,Iso,180.0,35.08776,453.18,0.9254270278565048,0.0053862083862041
C10,CC(C)(C1=CC=C(C=C1)OCC2CO2)C3=CC=C(C=C3)OCC4CO4,OC(=O)CCCCCCCCC(=O)O,OC(=O)CCCCCCCCC(=O)O,1.0,0.0,Iso,165.0,27.39999999999998,438.17,0.7530245131095856,0.0112149168057817
C10,CC(C)(C1=CC=C(C=C1)OCC2CO2)C3=CC=C(C=C3)OCC4CO4,OC(=O)CCCCCCCCC(=O)O,OC(=O)CCCCCCCCC(=O)O,1.0,0.0,Dyn,5.0,10.39,487.5,0.6484706942927243,0.0555449502298096
C8,CC(C)(C1=CC=C(C=C1)OCC2CO2)C3=CC=C(C=C3)OCC4CO4,OC(=O)CCCCCCC(=O)O,OC(=O)CCCCCCC(=O)O,1.0,0.0,Dyn,10.0,6.07,500.15,0.6875043266439008,0.1502617975871783
C10,CC(C)(C1=CC=C(C=C1)OCC2CO2)C3=CC=C(C=C3)OCC4CO4,OC(=O)CCCCCCCCC(=O)O,OC(=O)CCCCCCCCC(=O)O,1.0,0.0,Dyn,10.0,4.69,485.32,0.4247389623807417,0.1353398063718801
C12,CC(C)(C1=CC=C(C=C1)OCC2CO2)C3=CC=C(C=C3)OCC4CO4,OC(=O)CCCCCCCCCCC(=O)O,OC(=O)CCCCCCCCCCC(=O)O,1.0,0.0,Dyn,5.0,12.978329430827834,500.0047419353994,0.7952090384094641,0.0336556673074543
C12,CC(C)(C1=CC=C(C=C1)OCC2CO2)C3=CC=C(C=C3)OCC4CO4,OC(=O)CCCCCCCCCCC(=O)O,OC(=O)CCCCCCCCCCC(=O)O,1.0,0.0,Dyn,2.5,34.26043096767309,519.622580644749,0.8731576751946607,0.0086770641111621
C12,CC(C)(C1=CC=C(C=C1)OCC2CO2)C3=CC=C(C=C3)OCC4CO4,OC(=O)CCCCCCCCCCC(=O)O,OC(=O)CCCCCCCCCCC(=O)O,1.0,0.0,Dyn,10.0,9.78330937319042,534.2762967733404,0.9710813489297518,0.0163314580538892
C12,CC(C)(C1=CC=C(C=C1)OCC2CO2)C3=CC=C(C=C3)OCC4CO4,OC(=O)CCCCCCCCCCC(=O)O,OC(=O)CCCCCCCCCCC(=O)O,1.0,0.0,Iso,170.0,43.78169999999996,443.168215508982,0.9107132577283978,0.0041731335137488
C12,CC(C)(C1=CC=C(C=C1)OCC2CO2)C3=CC=C(C=C3)OCC4CO4,OC(=O)CCCCCCCCCCC(=O)O,OC(=O)CCCCCCCCCCC(=O)O,1.0,0.0,Iso,160.0,60.08096941938009,433.15,0.9421751500487866,0.0032673523840969
C10,CC(C)(C1=CC=C(C=C1)OCC2CO2)C3=CC=C(C=C3)OCC4CO4,OC(=O)CCCCCCCCC(=O)O,OC(=O)CCCCCCCCC(=O)O,1.0,0.0,Dyn,10.0,0.5,443.32,0.0262047565291075,0.0391908326459605
C14,CC(C)(C1=CC=C(C=C1)OCC2CO2)C3=CC=C(C=C3)OCC4CO4,OC(=O)CCCCCCCCCCCCC(=O)O,OC(=O)CCCCCCCCCCCCC(=O)O,1.0,0.0,Dyn,2.5,26.646698501607556,500.7020451612108,0.983239483214474,0.0009583881742205
C6,CC(C)(C1=CC=C(C=C1)OCC2CO2)C3=CC=C(C=C3)OCC4CO4,OC(=O)CCCCC(=O)O,OC(=O)CCCCC(=O)O,1.0,0.0,Dyn,5.0,20.01,535.67,0.9298846902320717,0.0101658485579024
C8,CC(C)(C1=CC=C(C=C1)OCC2CO2)C3=CC=C(C=C3)OCC4CO4,OC(=O)CCCCCCC(=O)O,OC(=O)CCCCCCC(=O)O,1.0,0.0,Iso,170.0,46.2,443.17,0.9529510022271716,0.0029544111631288
C6,CC(C)(C1=CC=C(C=C1)OCC2CO2)C3=CC=C(C=C3)OCC4CO4,OC(=O)CCCCC(=O)O,OC(=O)CCCCC(=O)O,1.0,0.0,Iso,170.0,22.92500000000001,443.17,0.8863626028829975,0.0069424653597012
C12,CC(C)(C1=CC=C(C=C1)OCC2CO2)C3=CC=C(C=C3)OCC4CO4,OC(=O)CCCCCCCCCCC(=O)O,OC(=O)CCCCCCCCCCC(=O)O,1.0,0.0,Iso,160.0,22.33779632258999,433.15,0.5820896894261008,0.0184377133470915
C12,CC(C)(C1=CC=C(C=C1)OCC2CO2)C3=CC=C(C=C3)OCC4CO4,OC(=O)CCCCCCCCCCC(=O)O,OC(=O)CCCCCCCCCCC(=O)O,1.0,0.0,Dyn,2.5,18.538864774156515,480.32316129009945,0.6906284760845384,0.0159794520823931
C12,CC(C)(C1=CC=C(C=C1)OCC2CO2)C3=CC=C(C=C3)OCC4CO4,OC(=O)CCCCCCCCCCC(=O)O,OC(=O)CCCCCCCCCCC(=O)O,1.0,0.0,Dyn,10.0,0.5989044143805398,442.38491612898,0.021323954998627,0.0459598124399155
C14,CC(C)(C1=CC=C(C=C1)OCC2CO2)C3=CC=C(C=C3)OCC4CO4,OC(=O)CCCCCCCCCCCCC(=O)O,OC(=O)CCCCCCCCCCCCC(=O)O,1.0,0.0,Dyn,5.0,12.878904964737732,499.8735806449988,0.9631152486602276,0.0262282777611413
C6,CC(C)(C1=CC=C(C=C1)OCC2CO2)C3=CC=C(C=C3)OCC4CO4,OC(=O)CCCCC(=O)O,OC(=O)CCCCC(=O)O,1.0,0.0,Iso,165.0,3.1845360000000014,438.21,0.2870984119028974,0.0869719442305962
C6,CC(C)(C1=CC=C(C=C1)OCC2CO2)C3=CC=C(C=C3)OCC4CO4,OC(=O)CCCCC(=O)O,OC(=O)CCCCC(=O)O,1.0,0.0,Iso,180.0,25.52337899999997,453.17,0.9709263909078896,0.0028270320969597
C6,CC(C)(C1=CC=C(C=C1)OCC2CO2)C3=CC=C(C=C3)OCC4CO4,OC(=O)CCCCC(=O)O,OC(=O)CCCCC(=O)O,1.0,0.0,Iso,165.0,6.767138999999999,438.2,0.5622254137300965,0.0589658976232611
C6,CC(C)(C1=CC=C(C=C1)OCC2CO2)C3=CC=C(C=C3)OCC4CO4,OC(=O)CCCCC(=O)O,OC(=O)CCCCC(=O)O,1.0,0.0,Dyn,2.5,44.3,545.1300000000008,0.9610807417675852,0.0068569602741654
C12,CC(C)(C1=CC=C(C=C1)OCC2CO2)C3=CC=C(C=C3)OCC4CO4,OC(=O)CCCCCCCCCCC(=O)O,OC(=O)CCCCCCCCCCC(=O)O,1.0,0.0,Iso,160.0,77.026883871,433.15,0.9788067152855954,0.0012708609728853
C10,CC(C)(C1=CC=C(C=C1)OCC2CO2)C3=CC=C(C=C3)OCC4CO4,OC(=O)CCCCCCCCC(=O)O,OC(=O)CCCCCCCCC(=O)O,1.0,0.0,Iso,180.0,5.3606300000000005,453.21,0.3736194678531935,0.050651475529347
C10,CC(C)(C1=CC=C(C=C1)OCC2CO2)C3=CC=C(C=C3)OCC4CO4,OC(=O)CCCCCCCCC(=O)O,OC(=O)CCCCCCCCC(=O)O,1.0,0.0,Dyn,10.0,5.09,489.32,0.4788748849294936,0.1349175292849163
C12,CC(C)(C1=CC=C(C=C1)OCC2CO2)C3=CC=C(C=C3)OCC4CO4,OC(=O)CCCCCCCCCCC(=O)O,OC(=O)CCCCCCCCCCC(=O)O,1.0,0.0,Dyn,2.5,24.98933599995008,496.44599999969927,0.77734288097782,0.0116804574259297
C6,CC(C)(C1=CC=C(C=C1)OCC2CO2)C3=CC=C(C=C3)OCC4CO4,OC(=O)CCCCC(=O)O,OC(=O)CCCCC(=O)O,1.0,0.0,Dyn,10.0,3.48,473.41,0.4915350600126342,0.2144662034112456
C8,CC(C)(C1=CC=C(C=C1)OCC2CO2)C3=CC=C(C=C3)OCC4CO4,OC(=O)CCCCCCC(=O)O,OC(=O)CCCCCCC(=O)O,1.0,0.0,Dyn,2.5,13.18,467.15,0.6530023818478126,0.0521812711545691
C14,CC(C)(C1=CC=C(C=C1)OCC2CO2)C3=CC=C(C=C3)OCC4CO4,OC(=O)CCCCCCCCCCCCC(=O)O,OC(=O)CCCCCCCCCCCCC(=O)O,1.0,0.0,Iso,160.0,55.30115922527985,433.15,0.9803587319985354,0.0016423359921006
C12,CC(C)(C1=CC=C(C=C1)OCC2CO2)C3=CC=C(C=C3)OCC4CO4,OC(=O)CCCCCCCCCCC(=O)O,OC(=O)CCCCCCCCCCC(=O)O,1.0,0.0,Dyn,2.5,16.92540941932082,476.2924516126995,0.6625502350274594,0.0183651128878057
C12,CC(C)(C1=CC=C(C=C1)OCC2CO2)C3=CC=C(C=C3)OCC4CO4,OC(=O)CCCCCCCCCCC(=O)O,OC(=O)CCCCCCCCCCC(=O)O,1.0,0.0,Iso,160.0,51.60801219357006,433.15,0.9053888698546326,0.005337616086118
C12,CC(C)(C1=CC=C(C=C1)OCC2CO2)C3=CC=C(C=C3)OCC4CO4,OC(=O)CCCCCCCCCCC(=O)O,OC(=O)CCCCCCCCCCC(=O)O,1.0,0.0,Iso,170.0,3.0724,443.2187402395209,0.1677772886671536,0.0531298213558288
C6,CC(C)(C1=CC=C(C=C1)OCC2CO2)C3=CC=C(C=C3)OCC4CO4,OC(=O)CCCCC(=O)O,OC(=O)CCCCC(=O)O,1.0,0.0,Iso,170.0,40.61000000000004,443.17,0.9575735528170616,0.0022215889151043
C14,CC(C)(C1=CC=C(C=C1)OCC2CO2)C3=CC=C(C=C3)OCC4CO4,OC(=O)CCCCCCCCCCCCC(=O)O,OC(=O)CCCCCCCCCCCCC(=O)O,1.0,0.0,Iso,170.0,40.02980000000003,443.1704432335329,0.9854690175389884,0.0017236915543596
C12,CC(C)(C1=CC=C(C=C1)OCC2CO2)C3=CC=C(C=C3)OCC4CO4,OC(=O)CCCCCCCCCCC(=O)O,OC(=O)CCCCCCCCCCC(=O)O,1.0,0.0,Dyn,5.0,8.97106165055336,480.0187290321996,0.5810330802995483,0.0752818551902789
C8,CC(C)(C1=CC=C(C=C1)OCC2CO2)C3=CC=C(C=C3)OCC4CO4,OC(=O)CCCCCCC(=O)O,OC(=O)CCCCCCC(=O)O,1.0,0.0,Dyn,10.0,5.869999999999999,498.15,0.6570854749372281,0.1522978653051615
C10,CC(C)(C1=CC=C(C=C1)OCC2CO2)C3=CC=C(C=C3)OCC4CO4,OC(=O)CCCCCCCCC(=O)O,OC(=O)CCCCCCCCC(=O)O,1.0,0.0,Iso,165.0,47.95000000000004,438.17,0.9033341484882992,0.0044475018415211
C6,CC(C)(C1=CC=C(C=C1)OCC2CO2)C3=CC=C(C=C3)OCC4CO4,OC(=O)CCCCC(=O)O,OC(=O)CCCCC(=O)O,1.0,0.0,Iso,180.0,2.025665000000001,453.35,0.2794712061142681,0.1267696895682362
C6,CC(C)(C1=CC=C(C=C1)OCC2CO2)C3=CC=C(C=C3)OCC4CO4,OC(=O)CCCCC(=O)O,OC(=O)CCCCC(=O)O,1.0,0.0,Iso,165.0,9.553607999999992,438.19,0.7014733281127642,0.038900253813804
C10,CC(C)(C1=CC=C(C=C1)OCC2CO2)C3=CC=C(C=C3)OCC4CO4,OC(=O)CCCCCCCCC(=O)O,OC(=O)CCCCCCCCC(=O)O,1.0,0.0,Dyn,10.0,1.99,458.32,0.1141893546761556,0.0817809958419771
C12,CC(C)(C1=CC=C(C=C1)OCC2CO2)C3=CC=C(C=C3)OCC4CO4,OC(=O)CCCCCCCCCCC(=O)O,OC(=O)CCCCCCCCCCC(=O)O,1.0,0.0,Dyn,10.0,0.8972828467048379,445.3813741934701,0.0355438734069467,0.0517583956280005
C10,CC(C)(C1=CC=C(C=C1)OCC2CO2)C3=CC=C(C=C3)OCC4CO4,OC(=O)CCCCCCCCC(=O)O,OC(=O)CCCCCCCCC(=O)O,1.0,0.0,Dyn,10.0,3.5900000000000003,474.32,0.2804468817652308,0.1249236382267742
C8,CC(C)(C1=CC=C(C=C1)OCC2CO2)C3=CC=C(C=C3)OCC4CO4,OC(=O)CCCCCCC(=O)O,OC(=O)CCCCCCC(=O)O,1.0,0.0,Iso,170.0,15.4,443.19,0.5639118676423799,0.0252261260851779
C10,CC(C)(C1=CC=C(C=C1)OCC2CO2)C3=CC=C(C=C3)OCC4CO4,OC(=O)CCCCCCCCC(=O)O,OC(=O)CCCCCCCCC(=O)O,1.0,0.0,Iso,170.0,38.97802000000004,443.17,0.9067924212775142,0.0067681032499606
C6,CC(C)(C1=CC=C(C=C1)OCC2CO2)C3=CC=C(C=C3)OCC4CO4,OC(=O)CCCCC(=O)O,OC(=O)CCCCC(=O)O,1.0,0.0,Iso,165.0,44.185436999999936,438.17,0.989402244844688,0.0014426279863004
C12,CC(C)(C1=CC=C(C=C1)OCC2CO2)C3=CC=C(C=C3)OCC4CO4,OC(=O)CCCCCCCCCCC(=O)O,OC(=O)CCCCCCCCCCC(=O)O,1.0,0.0,Dyn,2.5,51.9967346450568,563.9603870961485,0.9786234256679244,0.0038947472370745
C14,CC(C)(C1=CC=C(C=C1)OCC2CO2)C3=CC=C(C=C3)OCC4CO4,OC(=O)CCCCCCCCCCCCC(=O)O,OC(=O)CCCCCCCCCCCCC(=O)O,1.0,0.0,Iso,170.0,3.3827999999999983,443.245439520958,0.1800807658596453,0.0553523369046849
C14,CC(C)(C1=CC=C(C=C1)OCC2CO2)C3=CC=C(C=C3)OCC4CO4,OC(=O)CCCCCCCCCCCCC(=O)O,OC(=O)CCCCCCCCCCCCC(=O)O,1.0,0.0,Iso,170.0,31.00900000000002,443.1766279041916,0.953787829034421,0.0058768690948026
C10,CC(C)(C1=CC=C(C=C1)OCC2CO2)C3=CC=C(C=C3)OCC4CO4,OC(=O)CCCCCCCCC(=O)O,OC(=O)CCCCCCCCC(=O)O,1.0,0.0,Iso,170.0,45.82551000000005,443.17,0.9461366495699682,0.0046761440636093
C8,CC(C)(C1=CC=C(C=C1)OCC2CO2)C3=CC=C(C=C3)OCC4CO4,OC(=O)CCCCCCC(=O)O,OC(=O)CCCCCCC(=O)O,1.0,0.0,Dyn,5.0,0.48,437.7500000000001,0.0250912187993002,0.0409289920927577
C14,CC(C)(C1=CC=C(C=C1)OCC2CO2)C3=CC=C(C=C3)OCC4CO4,OC(=O)CCCCCCCCCCCCC(=O)O,OC(=O)CCCCCCCCCCCCC(=O)O,1.0,0.0,Dyn,5.0,11.58712598588106,493.4293225804989,0.9160831150128732,0.0446400995157256
C8,CC(C)(C1=CC=C(C=C1)OCC2CO2)C3=CC=C(C=C3)OCC4CO4,OC(=O)CCCCCCC(=O)O,OC(=O)CCCCCCC(=O)O,1.0,0.0,Iso,180.0,12.132399999999986,453.22,0.6590918816117912,0.0369804159884401
C10,CC(C)(C1=CC=C(C=C1)OCC2CO2)C3=CC=C(C=C3)OCC4CO4,OC(=O)CCCCCCCCC(=O)O,OC(=O)CCCCCCCCC(=O)O,1.0,0.0,Dyn,5.0,5.790000000000001,464.5,0.3359569277641114,0.0730064949284908
C12,CC(C)(C1=CC=C(C=C1)OCC2CO2)C3=CC=C(C=C3)OCC4CO4,OC(=O)CCCCCCCCCCC(=O)O,OC(=O)CCCCCCCCCCC(=O)O,1.0,0.0,Dyn,10.0,10.881992444535488,545.2633096764705,0.9844781783681216,0.0080454708654346
C14,CC(C)(C1=CC=C(C=C1)OCC2CO2)C3=CC=C(C=C3)OCC4CO4,OC(=O)CCCCCCCCCCCCC(=O)O,OC(=O)CCCCCCCCCCCCC(=O)O,1.0,0.0,Dyn,10.0,2.482855594579715,461.48370967724975,0.1733570035325349,0.1089588447525393
C6,CC(C)(C1=CC=C(C=C1)OCC2CO2)C3=CC=C(C=C3)OCC4CO4,OC(=O)CCCCC(=O)O,OC(=O)CCCCC(=O)O,1.0,0.0,Iso,170.0,53.055000000000064,443.17,0.9787640398344778,0.0012496437647461
C10,CC(C)(C1=CC=C(C=C1)OCC2CO2)C3=CC=C(C=C3)OCC4CO4,OC(=O)CCCCCCCCC(=O)O,OC(=O)CCCCCCCCC(=O)O,1.0,0.0,Dyn,2.5,10.79,462.13,0.4813217228570866,0.044913894312018
C14,CC(C)(C1=CC=C(C=C1)OCC2CO2)C3=CC=C(C=C3)OCC4CO4,OC(=O)CCCCCCCCCCCCC(=O)O,OC(=O)CCCCCCCCCCCCC(=O)O,1.0,0.0,Dyn,5.0,9.132208557413351,481.1852322579491,0.7538555628224299,0.0856900802169999
C10,CC(C)(C1=CC=C(C=C1)OCC2CO2)C3=CC=C(C=C3)OCC4CO4,OC(=O)CCCCCCCCC(=O)O,OC(=O)CCCCCCCCC(=O)O,1.0,0.0,Iso,180.0,30.214460000000003,453.18,0.8947663638205322,0.0071200150549317
C8,CC(C)(C1=CC=C(C=C1)OCC2CO2)C3=CC=C(C=C3)OCC4CO4,OC(=O)CCCCCCC(=O)O,OC(=O)CCCCCCC(=O)O,1.0,0.0,Dyn,10.0,9.09,530.15,0.9723502003897848,0.0280977345081713
C8,CC(C)(C1=CC=C(C=C1)OCC2CO2)C3=CC=C(C=C3)OCC4CO4,OC(=O)CCCCCCC(=O)O,OC(=O)CCCCCCC(=O)O,1.0,0.0,Iso,170.0,49.0,443.17,0.9606267896913776,0.0024998863688014
C12,CC(C)(C1=CC=C(C=C1)OCC2CO2)C3=CC=C(C=C3)OCC4CO4,OC(=O)CCCCCCCCCCC(=O)O,OC(=O)CCCCCCCCCCC(=O)O,1.0,0.0,Iso,180.0,57.11703999999992,453.1668271856287,0.9490596515518632,0.0023028749837429
C10,CC(C)(C1=CC=C(C=C1)OCC2CO2)C3=CC=C(C=C3)OCC4CO4,OC(=O)CCCCCCCCC(=O)O,OC(=O)CCCCCCCCC(=O)O,1.0,0.0,Iso,180.0,2.92398,453.22,0.2277172257508279,0.0663515962463849
C8,CC(C)(C1=CC=C(C=C1)OCC2CO2)C3=CC=C(C=C3)OCC4CO4,OC(=O)CCCCCCC(=O)O,OC(=O)CCCCCCC(=O)O,1.0,0.0,Iso,180.0,12.998999999999985,453.22,0.6902242561115733,0.0336803239726576
C14,CC(C)(C1=CC=C(C=C1)OCC2CO2)C3=CC=C(C=C3)OCC4CO4,OC(=O)CCCCCCCCCCCCC(=O)O,OC(=O)CCCCCCCCCCCCC(=O)O,1.0,0.0,Iso,160.0,17.857665999829997,433.15,0.6173903022247867,0.0259699837868108
C14,CC(C)(C1=CC=C(C=C1)OCC2CO2)C3=CC=C(C=C3)OCC4CO4,OC(=O)CCCCCCCCCCCCC(=O)O,OC(=O)CCCCCCCCCCCCC(=O)O,1.0,0.0,Iso,160.0,51.26878303176987,433.15,0.9723047728974058,0.0022810222112508
C6,CC(C)(C1=CC=C(C=C1)OCC2CO2)C3=CC=C(C=C3)OCC4CO4,OC(=O)CCCCC(=O)O,OC(=O)CCCCC(=O)O,1.0,0.0,Dyn,10.0,11.81,556.41,0.973531269740998,0.0143714466203401
C10,CC(C)(C1=CC=C(C=C1)OCC2CO2)C3=CC=C(C=C3)OCC4CO4,OC(=O)CCCCCCCCC(=O)O,OC(=O)CCCCCCCCC(=O)O,1.0,0.0,Dyn,10.0,12.79,566.3199999999999,0.989794970398376,0.0116126198915023
C8,CC(C)(C1=CC=C(C=C1)OCC2CO2)C3=CC=C(C=C3)OCC4CO4,OC(=O)CCCCCCC(=O)O,OC(=O)CCCCCCC(=O)O,1.0,0.0,Iso,180.0,34.663999999999994,453.17,0.9658861286104838,0.0034747436020985
C6,CC(C)(C1=CC=C(C=C1)OCC2CO2)C3=CC=C(C=C3)OCC4CO4,OC(=O)CCCCC(=O)O,OC(=O)CCCCC(=O)O,1.0,0.0,Dyn,10.0,5.9,497.41,0.8407770056854074,0.0541692987997468
C12,CC(C)(C1=CC=C(C=C1)OCC2CO2)C3=CC=C(C=C3)OCC4CO4,OC(=O)CCCCCCCCCCC(=O)O,OC(=O)CCCCCCCCCCC(=O)O,1.0,0.0,Dyn,5.0,10.774850504563965,489.0124348386395,0.7030906804805094,0.0532802319505517
C8,CC(C)(C1=CC=C(C=C1)OCC2CO2)C3=CC=C(C=C3)OCC4CO4,OC(=O)CCCCCCC(=O)O,OC(=O)CCCCCCC(=O)O,1.0,0.0,Iso,180.0,33.364099999999986,453.17,0.9610523396331077,0.0038779967411842
C10,CC(C)(C1=CC=C(C=C1)OCC2CO2)C3=CC=C(C=C3)OCC4CO4,OC(=O)CCCCCCCCC(=O)O,OC(=O)CCCCCCCCC(=O)O,1.0,0.0,Dyn,2.5,25.2,498.13,0.9060456533953648,0.0138007402662421
C12,CC(C)(C1=CC=C(C=C1)OCC2CO2)C3=CC=C(C=C3)OCC4CO4,OC(=O)CCCCCCCCCCC(=O)O,OC(=O)CCCCCCCCCCC(=O)O,1.0,0.0,Iso,160.0,70.09446432261004,433.15,0.9676961480103764,0.0018427484106835
C12,CC(C)(C1=CC=C(C=C1)OCC2CO2)C3=CC=C(C=C3)OCC4CO4,OC(=O)CCCCCCCCCCC(=O)O,OC(=O)CCCCCCCCCCC(=O)O,1.0,0.0,Dyn,5.0,13.178245864884394,501.00404258055937,0.8019373594033643,0.0330548587430843
C12,CC(C)(C1=CC=C(C=C1)OCC2CO2)C3=CC=C(C=C3)OCC4CO4,OC(=O)CCCCCCCCCCC(=O)O,OC(=O)CCCCCCCCCCC(=O)O,1.0,0.0,Dyn,10.0,2.390634718110145,460.3636645159201,0.1374146302740262,0.0891655079910473
C10,CC(C)(C1=CC=C(C=C1)OCC2CO2)C3=CC=C(C=C3)OCC4CO4,OC(=O)CCCCCCCCC(=O)O,OC(=O)CCCCCCCCC(=O)O,1.0,0.0,Iso,180.0,20.95519,453.18,0.8020261907277798,0.0134977001079191
C10,CC(C)(C1=CC=C(C=C1)OCC2CO2)C3=CC=C(C=C3)OCC4CO4,OC(=O)CCCCCCCCC(=O)O,OC(=O)CCCCCCCCC(=O)O,1.0,0.0,Dyn,2.5,21.2,488.13,0.836030808717914,0.0210427128812008
C10,CC(C)(C1=CC=C(C=C1)OCC2CO2)C3=CC=C(C=C3)OCC4CO4,OC(=O)CCCCCCCCC(=O)O,OC(=O)CCCCCCCCC(=O)O,1.0,0.0,Dyn,5.0,16.99,520.5,0.9000829343567224,0.0261763558554274
C6,CC(C)(C1=CC=C(C=C1)OCC2CO2)C3=CC=C(C=C3)OCC4CO4,OC(=O)CCCCC(=O)O,OC(=O)CCCCC(=O)O,1.0,0.0,Iso,170.0,57.64000000000007,443.1699999999999,0.9839934518666726,0.0009719451503583
C8,CC(C)(C1=CC=C(C=C1)OCC2CO2)C3=CC=C(C=C3)OCC4CO4,OC(=O)CCCCCCC(=O)O,OC(=O)CCCCCCC(=O)O,1.0,0.0,Iso,160.0,79.0,433.17,0.9467498785998248,0.0022728710353733
C12,CC(C)(C1=CC=C(C=C1)OCC2CO2)C3=CC=C(C=C3)OCC4CO4,OC(=O)CCCCCCCCCCC(=O)O,OC(=O)CCCCCCCCCCC(=O)O,1.0,0.0,Iso,160.0,9.243226064520004,433.15,0.2838205960376639,0.0270213882504685
C8,CC(C)(C1=CC=C(C=C1)OCC2CO2)C3=CC=C(C=C3)OCC4CO4,OC(=O)CCCCCCC(=O)O,OC(=O)CCCCCCC(=O)O,1.0,0.0,Iso,170.0,8.4,443.2,0.3678332803054406,0.0331859915458387
C8,CC(C)(C1=CC=C(C=C1)OCC2CO2)C3=CC=C(C=C3)OCC4CO4,OC(=O)CCCCCCC(=O)O,OC(=O)CCCCCCC(=O)O,1.0,0.0,Iso,180.0,43.33000000000005,453.17,0.986568406038274,0.0015544905588335
C6,CC(C)(C1=CC=C(C=C1)OCC2CO2)C3=CC=C(C=C3)OCC4CO4,OC(=O)CCCCC(=O)O,OC(=O)CCCCC(=O)O,1.0,0.0,Iso,180.0,4.456463000000002,453.29,0.5368018545438528,0.0823688312318405
C12,CC(C)(C1=CC=C(C=C1)OCC2CO2)C3=CC=C(C=C3)OCC4CO4,OC(=O)CCCCCCCCCCC(=O)O,OC(=O)CCCCCCCCCCC(=O)O,1.0,0.0,Iso,160.0,16.17564561291,433.15,0.455081523967981,0.022240873188806
C6,CC(C)(C1=CC=C(C=C1)OCC2CO2)C3=CC=C(C=C3)OCC4CO4,OC(=O)CCCCC(=O)O,OC(=O)CCCCC(=O)O,1.0,0.0,Iso,170.0,44.54000000000005,443.17,0.9657132463280432,0.0018050409935222
C6,CC(C)(C1=CC=C(C=C1)OCC2CO2)C3=CC=C(C=C3)OCC4CO4,OC(=O)CCCCC(=O)O,OC(=O)CCCCC(=O)O,1.0,0.0,Dyn,2.5,47.27,552.5700000000008,0.9793110663562892,0.0050934230142878
C12,CC(C)(C1=CC=C(C=C1)OCC2CO2)C3=CC=C(C=C3)OCC4CO4,OC(=O)CCCCCCCCCCC(=O)O,OC(=O)CCCCCCCCCCC(=O)O,1.0,0.0,Iso,170.0,62.21609999999989,443.1666628143712,0.9644234643946809,0.0018736886381117
C10,CC(C)(C1=CC=C(C=C1)OCC2CO2)C3=CC=C(C=C3)OCC4CO4,OC(=O)CCCCCCCCC(=O)O,OC(=O)CCCCCCCCC(=O)O,1.0,0.0,Dyn,10.0,1.69,455.32,0.0913124934898948,0.0734410233744443
C8,CC(C)(C1=CC=C(C=C1)OCC2CO2)C3=CC=C(C=C3)OCC4CO4,OC(=O)CCCCCCC(=O)O,OC(=O)CCCCCCC(=O)O,1.0,0.0,Iso,180.0,35.9639,453.17,0.9701652204920956,0.0030532023387911
C10,CC(C)(C1=CC=C(C=C1)OCC2CO2)C3=CC=C(C=C3)OCC4CO4,OC(=O)CCCCCCCCC(=O)O,OC(=O)CCCCCCCCC(=O)O,1.0,0.0,Iso,170.0,50.56608000000005,443.17,0.9657115374518812,0.00356863625907
C10,CC(C)(C1=CC=C(C=C1)OCC2CO2)C3=CC=C(C=C3)OCC4CO4,OC(=O)CCCCCCCCC(=O)O,OC(=O)CCCCCCCCC(=O)O,1.0,0.0,Iso,180.0,46.29635,453.17,0.9696458389560324,0.002762158146771
C8,CC(C)(C1=CC=C(C=C1)OCC2CO2)C3=CC=C(C=C3)OCC4CO4,OC(=O)CCCCCCC(=O)O,OC(=O)CCCCCCC(=O)O,1.0,0.0,Dyn,5.0,16.64,518.5500000000013,0.987861689394751,0.0090734879939283
C8,CC(C)(C1=CC=C(C=C1)OCC2CO2)C3=CC=C(C=C3)OCC4CO4,OC(=O)CCCCCCC(=O)O,OC(=O)CCCCCCC(=O)O,1.0,0.0,Iso,160.0,33.0,433.19,0.6869210342068293,0.0111478912687358
C14,CC(C)(C1=CC=C(C=C1)OCC2CO2)C3=CC=C(C=C3)OCC4CO4,OC(=O)CCCCCCCCCCCCC(=O)O,OC(=O)CCCCCCCCCCCCC(=O)O,1.0,0.0,Dyn,10.0,11.968276124809268,556.2888064507989,0.983859121410688,0.0069961793676975
C12,CC(C)(C1=CC=C(C=C1)OCC2CO2)C3=CC=C(C=C3)OCC4CO4,OC(=O)CCCCCCCCCCC(=O)O,OC(=O)CCCCCCCCCCC(=O)O,1.0,0.0,Dyn,5.0,6.571277286659027,468.0271212902797,0.3850877085937963,0.0821958399395503
C6,CC(C)(C1=CC=C(C=C1)OCC2CO2)C3=CC=C(C=C3)OCC4CO4,OC(=O)CCCCC(=O)O,OC(=O)CCCCC(=O)O,1.0,0.0,Dyn,5.0,24.01,555.67,0.9691248656655728,0.0087135844782009
C12,CC(C)(C1=CC=C(C=C1)OCC2CO2)C3=CC=C(C=C3)OCC4CO4,OC(=O)CCCCCCCCCCC(=O)O,OC(=O)CCCCCCCCCCC(=O)O,1.0,0.0,Dyn,2.5,2.4060127741886865,440.0160645160999,0.0891898256124855,0.0420578568288548
C10,CC(C)(C1=CC=C(C=C1)OCC2CO2)C3=CC=C(C=C3)OCC4CO4,OC(=O)CCCCCCCCC(=O)O,OC(=O)CCCCCCCCC(=O)O,1.0,0.0,Dyn,5.0,1.7900000000000005,444.5,0.0821420431220348,0.0496393089697435
C6,CC(C)(C1=CC=C(C=C1)OCC2CO2)C3=CC=C(C=C3)OCC4CO4,OC(=O)CCCCC(=O)O,OC(=O)CCCCC(=O)O,1.0,0.0,Dyn,10.0,12.71,565.41,0.9852969046114972,0.0112128869235628
C14,CC(C)(C1=CC=C(C=C1)OCC2CO2)C3=CC=C(C=C3)OCC4CO4,OC(=O)CCCCCCCCCCCCC(=O)O,OC(=O)CCCCCCCCCCCCC(=O)O,1.0,0.0,Iso,160.0,41.47586941895993,433.15,0.9368426062245192,0.0052441844467651
C6,CC(C)(C1=CC=C(C=C1)OCC2CO2)C3=CC=C(C=C3)OCC4CO4,OC(=O)CCCCC(=O)O,OC(=O)CCCCC(=O)O,1.0,0.0,Iso,170.0,18.995000000000005,443.18,0.8525305806921013,0.0101359994251638
C8,CC(C)(C1=CC=C(C=C1)OCC2CO2)C3=CC=C(C=C3)OCC4CO4,OC(=O)CCCCCCC(=O)O,OC(=O)CCCCCCC(=O)O,1.0,0.0,Iso,180.0,27.29789999999996,453.17,0.9290383929632712,0.0067474034315485
C6,CC(C)(C1=CC=C(C=C1)OCC2CO2)C3=CC=C(C=C3)OCC4CO4,OC(=O)CCCCC(=O)O,OC(=O)CCCCC(=O)O,1.0,0.0,Dyn,5.0,13.21,501.67,0.8532051468238984,0.0151035464288829
C6,CC(C)(C1=CC=C(C=C1)OCC2CO2)C3=CC=C(C=C3)OCC4CO4,OC(=O)CCCCC(=O)O,OC(=O)CCCCC(=O)O,1.0,0.0,Dyn,2.5,2.6,440.97,0.1230298433290617,0.0496387371599884
C14,CC(C)(C1=CC=C(C=C1)OCC2CO2)C3=CC=C(C=C3)OCC4CO4,OC(=O)CCCCCCCCCCCCC(=O)O,OC(=O)CCCCCCCCCCCCC(=O)O,1.0,0.0,Dyn,5.0,10.036716368503637,485.696212903099,0.825626199724189,0.0703535417752625
C8,CC(C)(C1=CC=C(C=C1)OCC2CO2)C3=CC=C(C=C3)OCC4CO4,OC(=O)CCCCCCC(=O)O,OC(=O)CCCCCCC(=O)O,1.0,0.0,Dyn,2.5,22.41,490.15,0.9757114203334588,0.0081484267268396
C12,CC(C)(C1=CC=C(C=C1)OCC2CO2)C3=CC=C(C=C3)OCC4CO4,OC(=O)CCCCCCCCCCC(=O)O,OC(=O)CCCCCCCCCCC(=O)O,1.0,0.0,Dyn,5.0,23.775081051035468,553.9669767740396,0.9875450498198008,0.0042415174217381
C10,CC(C)(C1=CC=C(C=C1)OCC2CO2)C3=CC=C(C=C3)OCC4CO4,OC(=O)CCCCCCCCC(=O)O,OC(=O)CCCCCCCCC(=O)O,1.0,0.0,Iso,170.0,10.007870000000004,443.21,0.4521370203261229,0.0321127671577945
C12,CC(C)(C1=CC=C(C=C1)OCC2CO2)C3=CC=C(C=C3)OCC4CO4,OC(=O)CCCCCCCCCCC(=O)O,OC(=O)CCCCCCCCCCC(=O)O,1.0,0.0,Dyn,5.0,5.573142430615718,463.03061806447977,0.3049464914849015,0.0786225154254015
C8,CC(C)(C1=CC=C(C=C1)OCC2CO2)C3=CC=C(C=C3)OCC4CO4,OC(=O)CCCCCCC(=O)O,OC(=O)CCCCCCC(=O)O,1.0,0.0,Iso,180.0,34.23069999999999,453.17,0.9643409009865684,0.0035661842232065
C8,CC(C)(C1=CC=C(C=C1)OCC2CO2)C3=CC=C(C=C3)OCC4CO4,OC(=O)CCCCCCC(=O)O,OC(=O)CCCCCCC(=O)O,1.0,0.0,Dyn,10.0,9.29,532.15,0.977745779842441,0.0236183855286077
C10,CC(C)(C1=CC=C(C=C1)OCC2CO2)C3=CC=C(C=C3)OCC4CO4,OC(=O)CCCCCCCCC(=O)O,OC(=O)CCCCCCCCC(=O)O,1.0,0.0,Iso,180.0,37.03708,453.17292,0.9354356898975834,0.0047359963584536
C8,CC(C)(C1=CC=C(C=C1)OCC2CO2)C3=CC=C(C=C3)OCC4CO4,OC(=O)CCCCCCC(=O)O,OC(=O)CCCCCCC(=O)O,1.0,0.0,Iso,160.0,82.0,433.17,0.9533159504797922,0.0020203298092207
C12,CC(C)(C1=CC=C(C=C1)OCC2CO2)C3=CC=C(C=C3)OCC4CO4,OC(=O)CCCCCCCCCCC(=O)O,OC(=O)CCCCCCCCCCC(=O)O,1.0,0.0,Iso,170.0,43.013599999999954,443.1682146706587,0.9074319267745092,0.0042720100948948
C12,CC(C)(C1=CC=C(C=C1)OCC2CO2)C3=CC=C(C=C3)OCC4CO4,OC(=O)CCCCCCCCCCC(=O)O,OC(=O)CCCCCCCCCCC(=O)O,1.0,0.0,Iso,160.0,84.72957225809995,433.15,0.9872742401253,0.0008896026810195
C14,CC(C)(C1=CC=C(C=C1)OCC2CO2)C3=CC=C(C=C3)OCC4CO4,OC(=O)CCCCCCCCCCCCC(=O)O,OC(=O)CCCCCCCCCCCCC(=O)O,1.0,0.0,Dyn,10.0,3.078573992497468,467.4713999997897,0.2443636840779713,0.1342528990179502
C8,CC(C)(C1=CC=C(C=C1)OCC2CO2)C3=CC=C(C=C3)OCC4CO4,OC(=O)CCCCCCC(=O)O,OC(=O)CCCCCCC(=O)O,1.0,0.0,Iso,160.0,10.0,433.21,0.2986857995106473,0.0240852175113528
C14,CC(C)(C1=CC=C(C=C1)OCC2CO2)C3=CC=C(C=C3)OCC4CO4,OC(=O)CCCCCCCCCCCCC(=O)O,OC(=O)CCCCCCCCCCCCC(=O)O,1.0,0.0,Dyn,2.5,4.78171302427638,446.11603225805015,0.2249373108017169,0.0601659885993591
C8,CC(C)(C1=CC=C(C=C1)OCC2CO2)C3=CC=C(C=C3)OCC4CO4,OC(=O)CCCCCCC(=O)O,OC(=O)CCCCCCC(=O)O,1.0,0.0,Iso,180.0,7.799399999999995,453.23,0.490083600776576,0.0416658334140066
C12,CC(C)(C1=CC=C(C=C1)OCC2CO2)C3=CC=C(C=C3)OCC4CO4,OC(=O)CCCCCCCCCCC(=O)O,OC(=O)CCCCCCCCCCC(=O)O,1.0,0.0,Iso,180.0,22.546199999999985,453.171385508982,0.7870496459486698,0.0086957662559782
C8,CC(C)(C1=CC=C(C=C1)OCC2CO2)C3=CC=C(C=C3)OCC4CO4,OC(=O)CCCCCCC(=O)O,OC(=O)CCCCCCC(=O)O,1.0,0.0,Iso,170.0,42.0,443.17,0.9381562201718104,0.0039770919503659
C8,CC(C)(C1=CC=C(C=C1)OCC2CO2)C3=CC=C(C=C3)OCC4CO4,OC(=O)CCCCCCC(=O)O,OC(=O)CCCCCCC(=O)O,1.0,0.0,Dyn,5.0,7.18,471.3500000000006,0.4770444786414201,0.0846858879436331
C14,CC(C)(C1=CC=C(C=C1)OCC2CO2)C3=CC=C(C=C3)OCC4CO4,OC(=O)CCCCCCCCCCCCC(=O)O,OC(=O)CCCCCCCCCCCCC(=O)O,1.0,0.0,Dyn,2.5,29.21512457657797,507.1239290321709,0.9857842737211768,0.0009582188481301
C10,CC(C)(C1=CC=C(C=C1)OCC2CO2)C3=CC=C(C=C3)OCC4CO4,OC(=O)CCCCCCCCC(=O)O,OC(=O)CCCCCCCCC(=O)O,1.0,0.0,Dyn,2.5,13.189999999999998,468.13,0.5856498536301685,0.0411289388132563
C14,CC(C)(C1=CC=C(C=C1)OCC2CO2)C3=CC=C(C=C3)OCC4CO4,OC(=O)CCCCCCCCCCCCC(=O)O,OC(=O)CCCCCCCCCCCCC(=O)O,1.0,0.0,Dyn,5.0,11.4582128630928,492.7848967740489,0.9100086020678716,0.0471209820506737
C12,CC(C)(C1=CC=C(C=C1)OCC2CO2)C3=CC=C(C=C3)OCC4CO4,OC(=O)CCCCCCCCCCC(=O)O,OC(=O)CCCCCCCCCCC(=O)O,1.0,0.0,Dyn,5.0,5.972197006275721,465.0292193547997,0.3365123540088468,0.0804015344482034
C8,CC(C)(C1=CC=C(C=C1)OCC2CO2)C3=CC=C(C=C3)OCC4CO4,OC(=O)CCCCCCC(=O)O,OC(=O)CCCCCCC(=O)O,1.0,0.0,Dyn,5.0,10.54,488.1500000000008,0.7525962273646821,0.0746042346170108
C8,CC(C)(C1=CC=C(C=C1)OCC2CO2)C3=CC=C(C=C3)OCC4CO4,OC(=O)CCCCCCC(=O)O,OC(=O)CCCCCCC(=O)O,1.0,0.0,Iso,180.0,5.1996,453.24,0.3666383771147827,0.0518400655621939
C12,CC(C)(C1=CC=C(C=C1)OCC2CO2)C3=CC=C(C=C3)OCC4CO4,OC(=O)CCCCCCCCCCC(=O)O,OC(=O)CCCCCCCCCCC(=O)O,1.0,0.0,Dyn,2.5,34.66504309670454,520.630258064099,0.8766685205784204,0.0084891965057869
C14,CC(C)(C1=CC=C(C=C1)OCC2CO2)C3=CC=C(C=C3)OCC4CO4,OC(=O)CCCCCCCCCCCCC(=O)O,OC(=O)CCCCCCCCCCCCC(=O)O,1.0,0.0,Iso,180.0,4.70608,453.2177430120482,0.4168653692767068,0.0782729392239448
C14,CC(C)(C1=CC=C(C=C1)OCC2CO2)C3=CC=C(C=C3)OCC4CO4,OC(=O)CCCCCCCCCCCCC(=O)O,OC(=O)CCCCCCCCCCCCC(=O)O,1.0,0.0,Iso,170.0,27.62620000000002,443.1799585542168,0.9281780739506686,0.0089467799726281
C6,CC(C)(C1=CC=C(C=C1)OCC2CO2)C3=CC=C(C=C3)OCC4CO4,OC(=O)CCCCC(=O)O,OC(=O)CCCCC(=O)O,1.0,0.0,Dyn,2.5,45.41,547.9200000000008,0.9684827243480784,0.0062914377773213
C10,CC(C)(C1=CC=C(C=C1)OCC2CO2)C3=CC=C(C=C3)OCC4CO4,OC(=O)CCCCCCCCC(=O)O,OC(=O)CCCCCCCCC(=O)O,1.0,0.0,Dyn,10.0,9.89,537.3199999999999,0.907732456498422,0.0464504795660107
C8,CC(C)(C1=CC=C(C=C1)OCC2CO2)C3=CC=C(C=C3)OCC4CO4,OC(=O)CCCCCCC(=O)O,OC(=O)CCCCCCC(=O)O,1.0,0.0,Iso,170.0,14.0,443.19,0.52891345847916,0.025112494886596
C6,CC(C)(C1=CC=C(C=C1)OCC2CO2)C3=CC=C(C=C3)OCC4CO4,OC(=O)CCCCC(=O)O,OC(=O)CCCCC(=O)O,1.0,0.0,Iso,180.0,1.2153990000000006,453.36,0.1677865926611162,0.1434232974614525
C10,CC(C)(C1=CC=C(C=C1)OCC2CO2)C3=CC=C(C=C3)OCC4CO4,OC(=O)CCCCCCCCC(=O)O,OC(=O)CCCCCCCCC(=O)O,1.0,0.0,Dyn,5.0,7.390000000000001,472.5,0.4526843214482036,0.0715380652097718
C10,CC(C)(C1=CC=C(C=C1)OCC2CO2)C3=CC=C(C=C3)OCC4CO4,OC(=O)CCCCCCCCC(=O)O,OC(=O)CCCCCCCCC(=O)O,1.0,0.0,Dyn,10.0,10.39,542.3199999999999,0.9296908650205368,0.0394125281166163
C14,CC(C)(C1=CC=C(C=C1)OCC2CO2)C3=CC=C(C=C3)OCC4CO4,OC(=O)CCCCCCCCCCCCC(=O)O,OC(=O)CCCCCCCCCCCCC(=O)O,1.0,0.0,Dyn,10.0,6.067488081394493,497.40985161248943,0.7319575529480552,0.1655637158239528
C14,CC(C)(C1=CC=C(C=C1)OCC2CO2)C3=CC=C(C=C3)OCC4CO4,OC(=O)CCCCCCCCCCCCC(=O)O,OC(=O)CCCCCCCCCCCCC(=O)O,1.0,0.0,Dyn,10.0,5.867999501028403,495.4139548383095,0.6988573107036635,0.1660244055977115
C14,CC(C)(C1=CC=C(C=C1)OCC2CO2)C3=CC=C(C=C3)OCC4CO4,OC(=O)CCCCCCCCCCCCC(=O)O,OC(=O)CCCCCCCCCCCCC(=O)O,1.0,0.0,Dyn,5.0,4.233635610336405,456.6970516128496,0.2643876026322809,0.091424440868596
C10,CC(C)(C1=CC=C(C=C1)OCC2CO2)C3=CC=C(C=C3)OCC4CO4,OC(=O)CCCCCCCCC(=O)O,OC(=O)CCCCCCCCC(=O)O,1.0,0.0,Iso,180.0,11.20859,453.19,0.6046758397704123,0.0288249294751427
C10,CC(C)(C1=CC=C(C=C1)OCC2CO2)C3=CC=C(C=C3)OCC4CO4,OC(=O)CCCCCCCCC(=O)O,OC(=O)CCCCCCCCC(=O)O,1.0,0.0,Iso,180.0,31.189120000000003,453.18,0.9015954443182866,0.006779440955435
C14,CC(C)(C1=CC=C(C=C1)OCC2CO2)C3=CC=C(C=C3)OCC4CO4,OC(=O)CCCCCCCCCCCCC(=O)O,OC(=O)CCCCCCCCCCCCC(=O)O,1.0,0.0,Dyn,5.0,10.42436493471784,487.629490322449,0.8521016303459106,0.0638365337212882
C6,CC(C)(C1=CC=C(C=C1)OCC2CO2)C3=CC=C(C=C3)OCC4CO4,OC(=O)CCCCC(=O)O,OC(=O)CCCCC(=O)O,1.0,0.0,Dyn,2.5,8.54,455.85000000000014,0.4545026547746729,0.0580367462380099
C6,CC(C)(C1=CC=C(C=C1)OCC2CO2)C3=CC=C(C=C3)OCC4CO4,OC(=O)CCCCC(=O)O,OC(=O)CCCCC(=O)O,1.0,0.0,Dyn,2.5,45.04,546.9900000000008,0.9661025815395078,0.0064328184015423
C10,CC(C)(C1=CC=C(C=C1)OCC2CO2)C3=CC=C(C=C3)OCC4CO4,OC(=O)CCCCCCCCC(=O)O,OC(=O)CCCCCCCCC(=O)O,1.0,0.0,Iso,165.0,50.69000000000005,438.17,0.915273286877734,0.0040868935841006
C12,CC(C)(C1=CC=C(C=C1)OCC2CO2)C3=CC=C(C=C3)OCC4CO4,OC(=O)CCCCCCCCCCC(=O)O,OC(=O)CCCCCCCCCCC(=O)O,1.0,0.0,Iso,160.0,81.64849690325997,433.15,0.984288581077774,0.0010328881451987
C6,CC(C)(C1=CC=C(C=C1)OCC2CO2)C3=CC=C(C=C3)OCC4CO4,OC(=O)CCCCC(=O)O,OC(=O)CCCCC(=O)O,1.0,0.0,Dyn,5.0,8.8,479.67,0.7293851113886549,0.0485056202619879
C8,CC(C)(C1=CC=C(C=C1)OCC2CO2)C3=CC=C(C=C3)OCC4CO4,OC(=O)CCCCCCC(=O)O,OC(=O)CCCCCCC(=O)O,1.0,0.0,Dyn,5.0,9.58,483.3500000000008,0.6776290532279163,0.0801491439466318
C14,CC(C)(C1=CC=C(C=C1)OCC2CO2)C3=CC=C(C=C3)OCC4CO4,OC(=O)CCCCCCCCCCCCC(=O)O,OC(=O)CCCCCCCCCCCCC(=O)O,1.0,0.0,Dyn,5.0,8.615348871593088,478.6075290321492,0.7074703104109359,0.0916144649084466
C6,CC(C)(C1=CC=C(C=C1)OCC2CO2)C3=CC=C(C=C3)OCC4CO4,OC(=O)CCCCC(=O)O,OC(=O)CCCCC(=O)O,1.0,0.0,Dyn,10.0,10.91,547.41,0.9598389134554642,0.0157927984838913
C8,CC(C)(C1=CC=C(C=C1)OCC2CO2)C3=CC=C(C=C3)OCC4CO4,OC(=O)CCCCCCC(=O)O,OC(=O)CCCCCCC(=O)O,1.0,0.0,Iso,170.0,25.9,443.18,0.8015828825962457,0.0151697650106812
C10,CC(C)(C1=CC=C(C=C1)OCC2CO2)C3=CC=C(C=C3)OCC4CO4,OC(=O)CCCCCCCCC(=O)O,OC(=O)CCCCCCCCC(=O)O,1.0,0.0,Iso,170.0,1.0534600000000005,443.22,0.0630756750905662,0.0529301975791613
C6,CC(C)(C1=CC=C(C=C1)OCC2CO2)C3=CC=C(C=C3)OCC4CO4,OC(=O)CCCCC(=O)O,OC(=O)CCCCC(=O)O,1.0,0.0,Dyn,5.0,18.009999999999998,525.67,0.909552993116268,0.0103110749658723
C12,CC(C)(C1=CC=C(C=C1)OCC2CO2)C3=CC=C(C=C3)OCC4CO4,OC(=O)CCCCCCCCCCC(=O)O,OC(=O)CCCCCCCCCCC(=O)O,1.0,0.0,Iso,180.0,42.837779999999945,453.16803347305387,0.9057727397403168,0.0037871031918302
C8,CC(C)(C1=CC=C(C=C1)OCC2CO2)C3=CC=C(C=C3)OCC4CO4,OC(=O)CCCCCCC(=O)O,OC(=O)CCCCCCC(=O)O,1.0,0.0,Iso,160.0,36.0,433.18,0.7192823884723829,0.0100655717280817
C6,CC(C)(C1=CC=C(C=C1)OCC2CO2)C3=CC=C(C=C3)OCC4CO4,OC(=O)CCCCC(=O)O,OC(=O)CCCCC(=O)O,1.0,0.0,Dyn,10.0,10.21,540.41,0.948531269740998,0.0164245104232463
C12,CC(C)(C1=CC=C(C=C1)OCC2CO2)C3=CC=C(C=C3)OCC4CO4,OC(=O)CCCCCCCCCCC(=O)O,OC(=O)CCCCCCCCCCC(=O)O,1.0,0.0,Dyn,2.5,35.87388619347673,523.6532903221489,0.8867953640230429,0.0080807024270146
C8,CC(C)(C1=CC=C(C=C1)OCC2CO2)C3=CC=C(C=C3)OCC4CO4,OC(=O)CCCCCCC(=O)O,OC(=O)CCCCCCC(=O)O,1.0,0.0,Iso,180.0,6.499499999999998,453.23,0.4318411981457269,0.0461464238482919
C10,CC(C)(C1=CC=C(C=C1)OCC2CO2)C3=CC=C(C=C3)OCC4CO4,OC(=O)CCCCCCCCC(=O)O,OC(=O)CCCCCCCCC(=O)O,1.0,0.0,Iso,180.0,29.2398,453.18,0.8875348046464077,0.0075562979342143
C6,CC(C)(C1=CC=C(C=C1)OCC2CO2)C3=CC=C(C=C3)OCC4CO4,OC(=O)CCCCC(=O)O,OC(=O)CCCCC(=O)O,1.0,0.0,Iso,165.0,19.50528300000001,438.17,0.8805809605847037,0.0084553344313082
C8,CC(C)(C1=CC=C(C=C1)OCC2CO2)C3=CC=C(C=C3)OCC4CO4,OC(=O)CCCCCCC(=O)O,OC(=O)CCCCCCC(=O)O,1.0,0.0,Iso,160.0,74.0,433.17,0.9340145853381298,0.0027418761696567
C14,CC(C)(C1=CC=C(C=C1)OCC2CO2)C3=CC=C(C=C3)OCC4CO4,OC(=O)CCCCCCCCCCCCC(=O)O,OC(=O)CCCCCCCCCCCCC(=O)O,1.0,0.0,Iso,160.0,34.56322451579997,433.15,0.8888034033779518,0.0087591252912035
C10,CC(C)(C1=CC=C(C=C1)OCC2CO2)C3=CC=C(C=C3)OCC4CO4,OC(=O)CCCCCCCCC(=O)O,OC(=O)CCCCCCCCC(=O)O,1.0,0.0,Dyn,5.0,9.19,481.5,0.5760260333435697,0.0636532360679539
C14,CC(C)(C1=CC=C(C=C1)OCC2CO2)C3=CC=C(C=C3)OCC4CO4,OC(=O)CCCCCCCCCCCCC(=O)O,OC(=O)CCCCCCCCCCCCC(=O)O,1.0,0.0,Dyn,5.0,2.434406253853967,447.67509032254975,0.1250692794834173,0.065308435986651
C14,CC(C)(C1=CC=C(C=C1)OCC2CO2)C3=CC=C(C=C3)OCC4CO4,OC(=O)CCCCCCCCCCCCC(=O)O,OC(=O)CCCCCCCCCCCCC(=O)O,1.0,0.0,Dyn,10.0,5.369225871414609,490.4242129028595,0.6158143907402656,0.1672235691919712
C6,CC(C)(C1=CC=C(C=C1)OCC2CO2)C3=CC=C(C=C3)OCC4CO4,OC(=O)CCCCC(=O)O,OC(=O)CCCCC(=O)O,1.0,0.0,Dyn,2.5,44.67,546.0600000000009,0.9636178170690264,0.00671557964995
C6,CC(C)(C1=CC=C(C=C1)OCC2CO2)C3=CC=C(C=C3)OCC4CO4,OC(=O)CCCCC(=O)O,OC(=O)CCCCC(=O)O,1.0,0.0,Dyn,10.0,2.19,460.41,0.2325710675931775,0.1724241114472965
C6,CC(C)(C1=CC=C(C=C1)OCC2CO2)C3=CC=C(C=C3)OCC4CO4,OC(=O)CCCCC(=O)O,OC(=O)CCCCC(=O)O,1.0,0.0,Iso,170.0,41.92000000000005,443.17,0.9604383611477424,0.0021521642615074
C14,CC(C)(C1=CC=C(C=C1)OCC2CO2)C3=CC=C(C=C3)OCC4CO4,OC(=O)CCCCCCCCCCCCC(=O)O,OC(=O)CCCCCCCCCCCCC(=O)O,1.0,0.0,Iso,160.0,43.20403064474992,433.15,0.945337000165236,0.0044708035340516
C10,CC(C)(C1=CC=C(C=C1)OCC2CO2)C3=CC=C(C=C3)OCC4CO4,OC(=O)CCCCCCCCC(=O)O,OC(=O)CCCCCCCCC(=O)O,1.0,0.0,Iso,180.0,37.52441,453.17,0.9377436830029486,0.0046956688495108
C8,CC(C)(C1=CC=C(C=C1)OCC2CO2)C3=CC=C(C=C3)OCC4CO4,OC(=O)CCCCCCC(=O)O,OC(=O)CCCCCCC(=O)O,1.0,0.0,Iso,180.0,39.43030000000002,453.17,0.979305836205872,0.0022220070929207
C6,CC(C)(C1=CC=C(C=C1)OCC2CO2)C3=CC=C(C=C3)OCC4CO4,OC(=O)CCCCC(=O)O,OC(=O)CCCCC(=O)O,1.0,0.0,Iso,165.0,16.320746999999997,438.17,0.8492299660663011,0.0108852838966337
C6,CC(C)(C1=CC=C(C=C1)OCC2CO2)C3=CC=C(C=C3)OCC4CO4,OC(=O)CCCCC(=O)O,OC(=O)CCCCC(=O)O,1.0,0.0,Iso,180.0,17.825851999999983,453.17,0.9353332452314876,0.0070675802423999
C8,CC(C)(C1=CC=C(C=C1)OCC2CO2)C3=CC=C(C=C3)OCC4CO4,OC(=O)CCCCCCC(=O)O,OC(=O)CCCCCCC(=O)O,1.0,0.0,Iso,170.0,16.1,443.19,0.5815701559020044,0.0256238352802144
C6,CC(C)(C1=CC=C(C=C1)OCC2CO2)C3=CC=C(C=C3)OCC4CO4,OC(=O)CCCCC(=O)O,OC(=O)CCCCC(=O)O,1.0,0.0,Dyn,10.0,1.1999999999999995,450.41,0.1011386607706884,0.1201481013546728
C10,CC(C)(C1=CC=C(C=C1)OCC2CO2)C3=CC=C(C=C3)OCC4CO4,OC(=O)CCCCCCCCC(=O)O,OC(=O)CCCCCCCCC(=O)O,1.0,0.0,Iso,170.0,20.01574000000001,443.19,0.6917651298651215,0.0172803212177987
C14,CC(C)(C1=CC=C(C=C1)OCC2CO2)C3=CC=C(C=C3)OCC4CO4,OC(=O)CCCCCCCCCCCCC(=O)O,OC(=O)CCCCCCCCCCCCC(=O)O,1.0,0.0,Iso,170.0,4.510399999999997,443.24283481927705,0.2421066188954065,0.0541820190249614
C14,CC(C)(C1=CC=C(C=C1)OCC2CO2)C3=CC=C(C=C3)OCC4CO4,OC(=O)CCCCCCCCCCCCC(=O)O,OC(=O)CCCCCCCCCCCCC(=O)O,1.0,0.0,Iso,160.0,4.03237619351,433.15,0.1528801458338375,0.038663981574766
C8,CC(C)(C1=CC=C(C=C1)OCC2CO2)C3=CC=C(C=C3)OCC4CO4,OC(=O)CCCCCCC(=O)O,OC(=O)CCCCCCC(=O)O,1.0,0.0,Iso,160.0,3.0,433.22,0.1077574170756832,0.0299261352990821
C10,CC(C)(C1=CC=C(C=C1)OCC2CO2)C3=CC=C(C=C3)OCC4CO4,OC(=O)CCCCCCCCC(=O)O,OC(=O)CCCCCCCCC(=O)O,1.0,0.0,Dyn,2.5,7.579999999999999,454.13,0.3318911332020122,0.0476330500674459
C14,CC(C)(C1=CC=C(C=C1)OCC2CO2)C3=CC=C(C=C3)OCC4CO4,OC(=O)CCCCCCCCCCCCC(=O)O,OC(=O)CCCCCCCCCCCCC(=O)O,1.0,0.0,Dyn,2.5,7.0253788225660365,451.7351806451402,0.3676257849597992,0.0679278189275744
C6,CC(C)(C1=CC=C(C=C1)OCC2CO2)C3=CC=C(C=C3)OCC4CO4,OC(=O)CCCCC(=O)O,OC(=O)CCCCC(=O)O,1.0,0.0,Dyn,10.0,3.88,477.41,0.5757264687302587,0.1993051168667099
C12,CC(C)(C1=CC=C(C=C1)OCC2CO2)C3=CC=C(C=C3)OCC4CO4,OC(=O)CCCCCCCCCCC(=O)O,OC(=O)CCCCCCCCCCC(=O)O,1.0,0.0,Iso,180.0,74.40246000000002,453.16650831325296,0.9785969770393446,0.0012281999913295
C6,CC(C)(C1=CC=C(C=C1)OCC2CO2)C3=CC=C(C=C3)OCC4CO4,OC(=O)CCCCC(=O)O,OC(=O)CCCCC(=O)O,1.0,0.0,Iso,165.0,42.19510199999995,438.17,0.986165492038632,0.0017049239838102
C8,CC(C)(C1=CC=C(C=C1)OCC2CO2)C3=CC=C(C=C3)OCC4CO4,OC(=O)CCCCCCC(=O)O,OC(=O)CCCCCCC(=O)O,1.0,0.0,Iso,180.0,14.73219999999998,453.21,0.7450727049407663,0.0282140036428297
C8,CC(C)(C1=CC=C(C=C1)OCC2CO2)C3=CC=C(C=C3)OCC4CO4,OC(=O)CCCCCCC(=O)O,OC(=O)CCCCCCC(=O)O,1.0,0.0,Dyn,5.0,1.27,441.75000000000017,0.0601842442308763,0.0487699979675391
C10,CC(C)(C1=CC=C(C=C1)OCC2CO2)C3=CC=C(C=C3)OCC4CO4,OC(=O)CCCCCCCCC(=O)O,OC(=O)CCCCCCCCC(=O)O,1.0,0.0,Iso,180.0,46.78368,453.17,0.9709919214856982,0.0026240502394323
C14,CC(C)(C1=CC=C(C=C1)OCC2CO2)C3=CC=C(C=C3)OCC4CO4,OC(=O)CCCCCCCCCCCCC(=O)O,OC(=O)CCCCCCCCCCCCC(=O)O,1.0,0.0,Iso,160.0,38.59560070930995,433.15,0.9197721751474568,0.0065693439684027
C6,CC(C)(C1=CC=C(C=C1)OCC2CO2)C3=CC=C(C=C3)OCC4CO4,OC(=O)CCCCC(=O)O,OC(=O)CCCCC(=O)O,1.0,0.0,Iso,170.0,36.025000000000034,443.17,0.9457505343094902,0.0028464107974775
C10,CC(C)(C1=CC=C(C=C1)OCC2CO2)C3=CC=C(C=C3)OCC4CO4,OC(=O)CCCCCCCCC(=O)O,OC(=O)CCCCCCCCC(=O)O,1.0,0.0,Dyn,2.5,23.6,494.13,0.881614243894334,0.0162602781354733
C12,CC(C)(C1=CC=C(C=C1)OCC2CO2)C3=CC=C(C=C3)OCC4CO4,OC(=O)CCCCCCCCCCC(=O)O,OC(=O)CCCCCCCCCCC(=O)O,1.0,0.0,Iso,160.0,76.25661503229,433.15,0.9777299202192746,0.0013979470701737
C10,CC(C)(C1=CC=C(C=C1)OCC2CO2)C3=CC=C(C=C3)OCC4CO4,OC(=O)CCCCCCCCC(=O)O,OC(=O)CCCCCCCCC(=O)O,1.0,0.0,Iso,180.0,21.92985,453.18,0.8148453384825478,0.0124317832790801
C6,CC(C)(C1=CC=C(C=C1)OCC2CO2)C3=CC=C(C=C3)OCC4CO4,OC(=O)CCCCC(=O)O,OC(=O)CCCCC(=O)O,1.0,0.0,Dyn,2.5,42.06,539.5500000000008,0.9445243637695184,0.0078466246436214
C8,CC(C)(C1=CC=C(C=C1)OCC2CO2)C3=CC=C(C=C3)OCC4CO4,OC(=O)CCCCCCC(=O)O,OC(=O)CCCCCCC(=O)O,1.0,0.0,Dyn,2.5,23.21,492.15,0.9817914002757928,0.0061896703021186
C14,CC(C)(C1=CC=C(C=C1)OCC2CO2)C3=CC=C(C=C3)OCC4CO4,OC(=O)CCCCCCCCCCCCC(=O)O,OC(=O)CCCCCCCCCCCCC(=O)O,1.0,0.0,Iso,180.0,11.17694,453.1913971257485,0.8062835408102824,0.038336667866045
C10,CC(C)(C1=CC=C(C=C1)OCC2CO2)C3=CC=C(C=C3)OCC4CO4,OC(=O)CCCCCCCCC(=O)O,OC(=O)CCCCCCCCC(=O)O,1.0,0.0,Dyn,2.5,28.01,505.13,0.9397686504023804,0.0099747924696599
C8,CC(C)(C1=CC=C(C=C1)OCC2CO2)C3=CC=C(C=C3)OCC4CO4,OC(=O)CCCCCCC(=O)O,OC(=O)CCCCCCC(=O)O,1.0,0.0,Iso,160.0,23.0,433.19,0.5532545709360644,0.0153328601592644
C6,CC(C)(C1=CC=C(C=C1)OCC2CO2)C3=CC=C(C=C3)OCC4CO4,OC(=O)CCCCC(=O)O,OC(=O)CCCCC(=O)O,1.0,0.0,Dyn,5.0,23.21,551.67,0.9618054547038832,0.0092944901100816
C10,CC(C)(C1=CC=C(C=C1)OCC2CO2)C3=CC=C(C=C3)OCC4CO4,OC(=O)CCCCCCCCC(=O)O,OC(=O)CCCCCCCCC(=O)O,1.0,0.0,Dyn,5.0,15.390000000000002,512.5,0.8539870101430187,0.0306454897819631
C12,CC(C)(C1=CC=C(C=C1)OCC2CO2)C3=CC=C(C=C3)OCC4CO4,OC(=O)CCCCCCCCCCC(=O)O,OC(=O)CCCCCCCCCCC(=O)O,1.0,0.0,Dyn,10.0,9.083706132160357,527.2845612895304,0.9553496109692964,0.0280591251573317
C10,CC(C)(C1=CC=C(C=C1)OCC2CO2)C3=CC=C(C=C3)OCC4CO4,OC(=O)CCCCCCCCC(=O)O,OC(=O)CCCCCCCCC(=O)O,1.0,0.0,Iso,165.0,48.63500000000004,438.165,0.9063806872497412,0.0044475018415213
C10,CC(C)(C1=CC=C(C=C1)OCC2CO2)C3=CC=C(C=C3)OCC4CO4,OC(=O)CCCCCCCCC(=O)O,OC(=O)CCCCCCCCC(=O)O,1.0,0.0,Dyn,10.0,12.29,561.3199999999999,0.9825810701627454,0.0161872883336112
C10,CC(C)(C1=CC=C(C=C1)OCC2CO2)C3=CC=C(C=C3)OCC4CO4,OC(=O)CCCCCCCCC(=O)O,OC(=O)CCCCCCCCC(=O)O,1.0,0.0,Dyn,2.5,30.01,510.13,0.958023887031786,0.007788536585899
C12,CC(C)(C1=CC=C(C=C1)OCC2CO2)C3=CC=C(C=C3)OCC4CO4,OC(=O)CCCCCCCCCCC(=O)O,OC(=O)CCCCCCCCCCC(=O)O,1.0,0.0,Dyn,2.5,17.731303677383718,478.3078064513995,0.6770641214244977,0.0170764400000093
C6,CC(C)(C1=CC=C(C=C1)OCC2CO2)C3=CC=C(C=C3)OCC4CO4,OC(=O)CCCCC(=O)O,OC(=O)CCCCC(=O)O,1.0,0.0,Dyn,5.0,16.61,518.67,0.8949432164744837,0.0106015277818117
C14,CC(C)(C1=CC=C(C=C1)OCC2CO2)C3=CC=C(C=C3)OCC4CO4,OC(=O)CCCCCCCCCCCCC(=O)O,OC(=O)CCCCCCCCCCCCC(=O)O,1.0,0.0,Dyn,10.0,5.4689061731461335,491.4221612899495,0.6324832865739437,0.1667368396206444
C14,CC(C)(C1=CC=C(C=C1)OCC2CO2)C3=CC=C(C=C3)OCC4CO4,OC(=O)CCCCCCCCCCCCC(=O)O,OC(=O)CCCCCCCCCCCCC(=O)O,1.0,0.0,Iso,160.0,3.45632245158,433.15,0.1311054287024037,0.03823528271505
C14,CC(C)(C1=CC=C(C=C1)OCC2CO2)C3=CC=C(C=C3)OCC4CO4,OC(=O)CCCCCCCCCCCCC(=O)O,OC(=O)CCCCCCCCCCCCC(=O)O,1.0,0.0,Dyn,5.0,10.29517201711231,486.985064515999,0.8435492750276717,0.0661983294188939
C8,CC(C)(C1=CC=C(C=C1)OCC2CO2)C3=CC=C(C=C3)OCC4CO4,OC(=O)CCCCCCC(=O)O,OC(=O)CCCCCCC(=O)O,1.0,0.0,Iso,180.0,10.832499999999987,453.22,0.6099623598399302,0.0388997546254942
C14,CC(C)(C1=CC=C(C=C1)OCC2CO2)C3=CC=C(C=C3)OCC4CO4,OC(=O)CCCCCCCCCCCCC(=O)O,OC(=O)CCCCCCCCCCCCC(=O)O,1.0,0.0,Dyn,5.0,11.845732410236984,494.71817419339885,0.927441384744642,0.0411862235531362
C8,CC(C)(C1=CC=C(C=C1)OCC2CO2)C3=CC=C(C=C3)OCC4CO4,OC(=O)CCCCCCC(=O)O,OC(=O)CCCCCCC(=O)O,1.0,0.0,Iso,180.0,4.333,453.25,0.3183972423630096,0.0573663709394683
C12,CC(C)(C1=CC=C(C=C1)OCC2CO2)C3=CC=C(C=C3)OCC4CO4,OC(=O)CCCCCCCCCCC(=O)O,OC(=O)CCCCCCCCCCC(=O)O,1.0,0.0,Iso,160.0,80.87822806454997,433.15,0.9834565121628898,0.0010802318269523
C14,CC(C)(C1=CC=C(C=C1)OCC2CO2)C3=CC=C(C=C3)OCC4CO4,OC(=O)CCCCCCCCCCCCC(=O)O,OC(=O)CCCCCCCCCCCCC(=O)O,1.0,0.0,Dyn,5.0,5.906844825002988,465.0745870966994,0.4311568941325167,0.1038687164328475
C6,CC(C)(C1=CC=C(C=C1)OCC2CO2)C3=CC=C(C=C3)OCC4CO4,OC(=O)CCCCC(=O)O,OC(=O)CCCCC(=O)O,1.0,0.0,Iso,165.0,35.029895999999994,438.17,0.968572174367006,0.003147551970111
C14,CC(C)(C1=CC=C(C=C1)OCC2CO2)C3=CC=C(C=C3)OCC4CO4,OC(=O)CCCCCCCCCCCCC(=O)O,OC(=O)CCCCCCCCCCCCC(=O)O,1.0,0.0,Iso,160.0,18.43371974176,433.15,0.6321800202734293,0.0252400566792104
C12,CC(C)(C1=CC=C(C=C1)OCC2CO2)C3=CC=C(C=C3)OCC4CO4,OC(=O)CCCCCCCCCCC(=O)O,OC(=O)CCCCCCCCCCC(=O)O,1.0,0.0,Dyn,2.5,25.39228412898123,497.45367741904926,0.7820494994438264,0.0115598567283598
C14,CC(C)(C1=CC=C(C=C1)OCC2CO2)C3=CC=C(C=C3)OCC4CO4,OC(=O)CCCCCCCCCCCCC(=O)O,OC(=O)CCCCCCCCCCCCC(=O)O,1.0,0.0,Dyn,2.5,24.72010291419144,495.88563225799066,0.9812212010884684,0.0010953872533318
C6,CC(C)(C1=CC=C(C=C1)OCC2CO2)C3=CC=C(C=C3)OCC4CO4,OC(=O)CCCCC(=O)O,OC(=O)CCCCC(=O)O,1.0,0.0,Dyn,5.0,11.2,491.67,0.8144296958959016,0.0239623573150544
C10,CC(C)(C1=CC=C(C=C1)OCC2CO2)C3=CC=C(C=C3)OCC4CO4,OC(=O)CCCCCCCCC(=O)O,OC(=O)CCCCCCCCC(=O)O,1.0,0.0,Iso,180.0,38.01174,453.17,0.9400320233033808,0.0044066089994516
C10,CC(C)(C1=CC=C(C=C1)OCC2CO2)C3=CC=C(C=C3)OCC4CO4,OC(=O)CCCCCCCCC(=O)O,OC(=O)CCCCCCCCC(=O)O,1.0,0.0,Dyn,10.0,0.1999999999999997,440.32,0.0156043348150567,0.0335661018476029
C6,CC(C)(C1=CC=C(C=C1)OCC2CO2)C3=CC=C(C=C3)OCC4CO4,OC(=O)CCCCC(=O)O,OC(=O)CCCCC(=O)O,1.0,0.0,Dyn,2.5,30.53,510.7200000000005,0.8431982842047461,0.0085535277646764
C12,CC(C)(C1=CC=C(C=C1)OCC2CO2)C3=CC=C(C=C3)OCC4CO4,OC(=O)CCCCCCCCCCC(=O)O,OC(=O)CCCCCCCCCCC(=O)O,1.0,0.0,Dyn,10.0,2.2910087843643203,459.3648451610901,0.1288110224175653,0.0863591188857629
C8,CC(C)(C1=CC=C(C=C1)OCC2CO2)C3=CC=C(C=C3)OCC4CO4,OC(=O)CCCCCCC(=O)O,OC(=O)CCCCCCC(=O)O,1.0,0.0,Iso,160.0,91.0,433.17,0.969153893091362,0.0014430927208718
C14,CC(C)(C1=CC=C(C=C1)OCC2CO2)C3=CC=C(C=C3)OCC4CO4,OC(=O)CCCCCCCCCCCCC(=O)O,OC(=O)CCCCCCCCCCCCC(=O)O,1.0,0.0,Dyn,5.0,2.691221141905612,448.9639419354497,0.142095863824278,0.0690071163115766
C12,CC(C)(C1=CC=C(C=C1)OCC2CO2)C3=CC=C(C=C3)OCC4CO4,OC(=O)CCCCCCCCCCC(=O)O,OC(=O)CCCCCCCCCCC(=O)O,1.0,0.0,Iso,180.0,15.78234,453.1749441317365,0.7118034612671507,0.0137096904720788
C8,CC(C)(C1=CC=C(C=C1)OCC2CO2)C3=CC=C(C=C3)OCC4CO4,OC(=O)CCCCCCC(=O)O,OC(=O)CCCCCCC(=O)O,1.0,0.0,Iso,170.0,34.3,443.17,0.8946866051543112,0.0073860279078223
C6,CC(C)(C1=CC=C(C=C1)OCC2CO2)C3=CC=C(C=C3)OCC4CO4,OC(=O)CCCCC(=O)O,OC(=O)CCCCC(=O)O,1.0,0.0,Iso,170.0,21.61500000000001,443.17,0.8764949297439862,0.0078449858564623
C14,CC(C)(C1=CC=C(C=C1)OCC2CO2)C3=CC=C(C=C3)OCC4CO4,OC(=O)CCCCCCCCCCCCC(=O)O,OC(=O)CCCCCCCCCCCCC(=O)O,1.0,0.0,Dyn,2.5,2.5409556859283446,440.49688387096006,0.1051732052636816,0.0473370538025035
C14,CC(C)(C1=CC=C(C=C1)OCC2CO2)C3=CC=C(C=C3)OCC4CO4,OC(=O)CCCCCCCCCCCCC(=O)O,OC(=O)CCCCCCCCCCCCC(=O)O,1.0,0.0,Iso,170.0,10.148400000000002,443.2265892215569,0.5192782559274067,0.0423176843851732
C12,CC(C)(C1=CC=C(C=C1)OCC2CO2)C3=CC=C(C=C3)OCC4CO4,OC(=O)CCCCCCCCCCC(=O)O,OC(=O)CCCCCCCCCCC(=O)O,1.0,0.0,Iso,160.0,67.78365780648005,433.15,0.963046351133082,0.0020969206052607
C8,CC(C)(C1=CC=C(C=C1)OCC2CO2)C3=CC=C(C=C3)OCC4CO4,OC(=O)CCCCCCC(=O)O,OC(=O)CCCCCCC(=O)O,1.0,0.0,Iso,170.0,66.5,443.17,0.9871539930003184,0.0008522339893641
C14,CC(C)(C1=CC=C(C=C1)OCC2CO2)C3=CC=C(C=C3)OCC4CO4,OC(=O)CCCCCCCCCCCCC(=O)O,OC(=O)CCCCCCCCCCCCC(=O)O,1.0,0.0,Dyn,5.0,2.0486239817987486,445.7418129031998,0.1013099981361305,0.0595786415316353
C6,CC(C)(C1=CC=C(C=C1)OCC2CO2)C3=CC=C(C=C3)OCC4CO4,OC(=O)CCCCC(=O)O,OC(=O)CCCCC(=O)O,1.0,0.0,Dyn,10.0,5.09,489.41,0.776847757422615,0.1067593177511076
C10,CC(C)(C1=CC=C(C=C1)OCC2CO2)C3=CC=C(C=C3)OCC4CO4,OC(=O)CCCCCCCCC(=O)O,OC(=O)CCCCCCCCC(=O)O,1.0,0.0,Iso,180.0,48.733,453.17,0.9759724268454624,0.0023478344247551
C12,CC(C)(C1=CC=C(C=C1)OCC2CO2)C3=CC=C(C=C3)OCC4CO4,OC(=O)CCCCCCCCCCC(=O)O,OC(=O)CCCCCCCCCCC(=O)O,1.0,0.0,Dyn,10.0,0.7979264104702759,444.38255483864,0.0306295180227462,0.0494618725313231
C12,CC(C)(C1=CC=C(C=C1)OCC2CO2)C3=CC=C(C=C3)OCC4CO4,OC(=O)CCCCCCCCCCC(=O)O,OC(=O)CCCCCCCCCCC(=O)O,1.0,0.0,Iso,170.0,72.96949999999994,443.165405,0.9805998503252548,0.001124213182867
C10,CC(C)(C1=CC=C(C=C1)OCC2CO2)C3=CC=C(C=C3)OCC4CO4,OC(=O)CCCCCCCCC(=O)O,OC(=O)CCCCCCCCC(=O)O,1.0,0.0,Dyn,5.0,20.19,536.5,0.9659707373879444,0.0140458494833998
C10,CC(C)(C1=CC=C(C=C1)OCC2CO2)C3=CC=C(C=C3)OCC4CO4,OC(=O)CCCCCCCCC(=O)O,OC(=O)CCCCCCCCC(=O)O,1.0,0.0,Iso,180.0,41.42305,453.17,0.9540312816119068,0.003728913498141
C14,CC(C)(C1=CC=C(C=C1)OCC2CO2)C3=CC=C(C=C3)OCC4CO4,OC(=O)CCCCCCCCCCCCC(=O)O,OC(=O)CCCCCCCCCCCCC(=O)O,1.0,0.0,Dyn,10.0,4.969671221452246,486.43241935449953,0.5484509026040073,0.1693313250390818
C14,CC(C)(C1=CC=C(C=C1)OCC2CO2)C3=CC=C(C=C3)OCC4CO4,OC(=O)CCCCCCCCCCCCC(=O)O,OC(=O)CCCCCCCCCCCCC(=O)O,1.0,0.0,Dyn,10.0,9.474528271919258,531.3400967735491,0.9662167657433,0.0100197526981114
C12,CC(C)(C1=CC=C(C=C1)OCC2CO2)C3=CC=C(C=C3)OCC4CO4,OC(=O)CCCCCCCCCCC(=O)O,OC(=O)CCCCCCCCCCC(=O)O,1.0,0.0,Dyn,10.0,3.386584136455084,470.3518580642201,0.2385957181921781,0.116508216212757
C12,CC(C)(C1=CC=C(C=C1)OCC2CO2)C3=CC=C(C=C3)OCC4CO4,OC(=O)CCCCCCCCCCC(=O)O,OC(=O)CCCCCCCCCCC(=O)O,1.0,0.0,Iso,180.0,9.018480000000002,453.1824259036144,0.5802517790094265,0.0255563576851789
C14,CC(C)(C1=CC=C(C=C1)OCC2CO2)C3=CC=C(C=C3)OCC4CO4,OC(=O)CCCCCCCCCCCCC(=O)O,OC(=O)CCCCCCCCCCCCC(=O)O,1.0,0.0,Iso,160.0,23.61820341913,433.15,0.7454429313778437,0.0182481776900076
C12,CC(C)(C1=CC=C(C=C1)OCC2CO2)C3=CC=C(C=C3)OCC4CO4,OC(=O)CCCCCCCCCCC(=O)O,OC(=O)CCCCCCCCCCC(=O)O,1.0,0.0,Dyn,5.0,9.171277799457398,481.0180296773596,0.5961057234280974,0.0742545945276339
C8,CC(C)(C1=CC=C(C=C1)OCC2CO2)C3=CC=C(C=C3)OCC4CO4,OC(=O)CCCCCCC(=O)O,OC(=O)CCCCCCC(=O)O,1.0,0.0,Dyn,10.0,3.275,472.15,0.2726249880890039,0.1359021621024534
C8,CC(C)(C1=CC=C(C=C1)OCC2CO2)C3=CC=C(C=C3)OCC4CO4,OC(=O)CCCCCCC(=O)O,OC(=O)CCCCCCC(=O)O,1.0,0.0,Dyn,10.0,3.77,477.15,0.3398457637982273,0.1422193301011442
C12,CC(C)(C1=CC=C(C=C1)OCC2CO2)C3=CC=C(C=C3)OCC4CO4,OC(=O)CCCCCCCCCCC(=O)O,OC(=O)CCCCCCCCCCC(=O)O,1.0,0.0,Iso,180.0,27.055439999999976,453.17083568862273,0.8229643171255265,0.0070419250999892
C14,CC(C)(C1=CC=C(C=C1)OCC2CO2)C3=CC=C(C=C3)OCC4CO4,OC(=O)CCCCCCCCCCCCC(=O)O,OC(=O)CCCCCCCCCCCCC(=O)O,1.0,0.0,Dyn,10.0,1.5888635273021734,452.5021741934398,0.0925072038250499,0.0766230801310632
C14,CC(C)(C1=CC=C(C=C1)OCC2CO2)C3=CC=C(C=C3)OCC4CO4,OC(=O)CCCCCCCCCCCCC(=O)O,OC(=O)CCCCCCCCCCCCC(=O)O,1.0,0.0,Dyn,10.0,2.383423591903388,460.48576129015976,0.1629161809200725,0.1050046497247931
C6,CC(C)(C1=CC=C(C=C1)OCC2CO2)C3=CC=C(C=C3)OCC4CO4,OC(=O)CCCCC(=O)O,OC(=O)CCCCC(=O)O,1.0,0.0,Dyn,5.0,5.19,461.67,0.4376833483400621,0.0988991838275877
C14,CC(C)(C1=CC=C(C=C1)OCC2CO2)C3=CC=C(C=C3)OCC4CO4,OC(=O)CCCCCCCCCCCCC(=O)O,OC(=O)CCCCCCCCCCCCC(=O)O,1.0,0.0,Dyn,10.0,11.17037913253656,548.305219354079,0.9784788285475836,0.0066874683512228
C6,CC(C)(C1=CC=C(C=C1)OCC2CO2)C3=CC=C(C=C3)OCC4CO4,OC(=O)CCCCC(=O)O,OC(=O)CCCCC(=O)O,1.0,0.0,Dyn,10.0,9.11,529.41,0.9297852179406192,0.0176879343019576
C14,CC(C)(C1=CC=C(C=C1)OCC2CO2)C3=CC=C(C=C3)OCC4CO4,OC(=O)CCCCCCCCCCCCC(=O)O,OC(=O)CCCCCCCCCCCCC(=O)O,1.0,0.0,Dyn,2.5,5.4222278929776255,447.7215032257901,0.2637855100984594,0.0623240927783472
C14,CC(C)(C1=CC=C(C=C1)OCC2CO2)C3=CC=C(C=C3)OCC4CO4,OC(=O)CCCCCCCCCCCCC(=O)O,OC(=O)CCCCCCCCCCCCC(=O)O,1.0,0.0,Dyn,5.0,6.164594872740056,466.3634387095994,0.4580002740420836,0.1049003115801092
C12,CC(C)(C1=CC=C(C=C1)OCC2CO2)C3=CC=C(C=C3)OCC4CO4,OC(=O)CCCCCCCCCCC(=O)O,OC(=O)CCCCCCCCCCC(=O)O,1.0,0.0,Iso,180.0,63.12935999999993,453.1666465060241,0.9614630206530518,0.001765537487536
C8,CC(C)(C1=CC=C(C=C1)OCC2CO2)C3=CC=C(C=C3)OCC4CO4,OC(=O)CCCCCCC(=O)O,OC(=O)CCCCCCC(=O)O,1.0,0.0,Iso,180.0,9.099299999999992,453.22,0.5430563809976623,0.0387397335385555
C8,CC(C)(C1=CC=C(C=C1)OCC2CO2)C3=CC=C(C=C3)OCC4CO4,OC(=O)CCCCCCC(=O)O,OC(=O)CCCCCCC(=O)O,1.0,0.0,Iso,180.0,19.06519999999997,453.19,0.8403340068940924,0.015849402856625
C14,CC(C)(C1=CC=C(C=C1)OCC2CO2)C3=CC=C(C=C3)OCC4CO4,OC(=O)CCCCCCCCCCCCC(=O)O,OC(=O)CCCCCCCCCCCCC(=O)O,1.0,0.0,Dyn,5.0,3.590853548202826,453.4749225805997,0.2093145343289114,0.0822539920550155
C12,CC(C)(C1=CC=C(C=C1)OCC2CO2)C3=CC=C(C=C3)OCC4CO4,OC(=O)CCCCCCCCCCC(=O)O,OC(=O)CCCCCCCCCCC(=O)O,1.0,0.0,Iso,160.0,2.31080651613,433.15,0.0729861256203075,0.0330696316018139
C12,CC(C)(C1=CC=C(C=C1)OCC2CO2)C3=CC=C(C=C3)OCC4CO4,OC(=O)CCCCCCCCCCC(=O)O,OC(=O)CCCCCCCCCCC(=O)O,1.0,0.0,Dyn,2.5,1.6034578064483918,438.0007096773999,0.0567343867737065,0.0398535345354382
C8,CC(C)(C1=CC=C(C=C1)OCC2CO2)C3=CC=C(C=C3)OCC4CO4,OC(=O)CCCCCCC(=O)O,OC(=O)CCCCCCC(=O)O,1.0,0.0,Dyn,10.0,5.07,490.15,0.533496164455633,0.1539267194795485
C14,CC(C)(C1=CC=C(C=C1)OCC2CO2)C3=CC=C(C=C3)OCC4CO4,OC(=O)CCCCCCCCCCCCC(=O)O,OC(=O)CCCCCCCCCCCCC(=O)O,1.0,0.0,Dyn,2.5,27.28844832488675,502.30751612895074,0.983853742991954,0.0009559854492676
C6,CC(C)(C1=CC=C(C=C1)OCC2CO2)C3=CC=C(C=C3)OCC4CO4,OC(=O)CCCCC(=O)O,OC(=O)CCCCC(=O)O,1.0,0.0,Iso,180.0,20.25664999999998,453.17,0.9502665080833445,0.0052191361790029
C8,CC(C)(C1=CC=C(C=C1)OCC2CO2)C3=CC=C(C=C3)OCC4CO4,OC(=O)CCCCCCC(=O)O,OC(=O)CCCCCCC(=O)O,1.0,0.0,Dyn,10.0,8.69,526.15,0.9580977263639008,0.0399069272724773
C6,CC(C)(C1=CC=C(C=C1)OCC2CO2)C3=CC=C(C=C3)OCC4CO4,OC(=O)CCCCC(=O)O,OC(=O)CCCCC(=O)O,1.0,0.0,Iso,180.0,28.764442999999964,453.17,0.979031760715387,0.0020659080708552
C14,CC(C)(C1=CC=C(C=C1)OCC2CO2)C3=CC=C(C=C3)OCC4CO4,OC(=O)CCCCCCCCCCCCC(=O)O,OC(=O)CCCCCCCCCCCCC(=O)O,1.0,0.0,Iso,160.0,52.99694425755986,433.15,0.9760459668024468,0.0020072995459008
C14,CC(C)(C1=CC=C(C=C1)OCC2CO2)C3=CC=C(C=C3)OCC4CO4,OC(=O)CCCCCCCCCCCCC(=O)O,OC(=O)CCCCCCCCCCCCC(=O)O,1.0,0.0,Dyn,5.0,13.782988557762913,504.3845612901487,0.9826826575563328,0.0158769597044412
C12,CC(C)(C1=CC=C(C=C1)OCC2CO2)C3=CC=C(C=C3)OCC4CO4,OC(=O)CCCCCCCCCCC(=O)O,OC(=O)CCCCCCCCCCC(=O)O,1.0,0.0,Iso,170.0,16.130100000000006,443.1851581325301,0.6351310486318079,0.0205460117721806
C6,CC(C)(C1=CC=C(C=C1)OCC2CO2)C3=CC=C(C=C3)OCC4CO4,OC(=O)CCCCC(=O)O,OC(=O)CCCCC(=O)O,1.0,0.0,Iso,180.0,7.292393999999998,453.23,0.7161023479141888,0.043439881625477
C12,CC(C)(C1=CC=C(C=C1)OCC2CO2)C3=CC=C(C=C3)OCC4CO4,OC(=O)CCCCCCCCCCC(=O)O,OC(=O)CCCCCCCCCCC(=O)O,1.0,0.0,Iso,160.0,8.472957225810003,433.15,0.2625456802847734,0.0276201173976094
C10,CC(C)(C1=CC=C(C=C1)OCC2CO2)C3=CC=C(C=C3)OCC4CO4,OC(=O)CCCCCCCCC(=O)O,OC(=O)CCCCCCCCC(=O)O,1.0,0.0,Iso,170.0,47.405700000000046,443.17,0.9532665756196718,0.0043069747954293
C14,CC(C)(C1=CC=C(C=C1)OCC2CO2)C3=CC=C(C=C3)OCC4CO4,OC(=O)CCCCCCCCCCCCC(=O)O,OC(=O)CCCCCCCCCCCCC(=O)O,1.0,0.0,Dyn,5.0,8.099080658530154,476.0298258063492,0.6581877132707786,0.097880108901591
C8,CC(C)(C1=CC=C(C=C1)OCC2CO2)C3=CC=C(C=C3)OCC4CO4,OC(=O)CCCCCCC(=O)O,OC(=O)CCCCCCC(=O)O,1.0,0.0,Dyn,2.5,22.01,489.15,0.9719819481007896,0.0093236805816724
C8,CC(C)(C1=CC=C(C=C1)OCC2CO2)C3=CC=C(C=C3)OCC4CO4,OC(=O)CCCCCCC(=O)O,OC(=O)CCCCCCC(=O)O,1.0,0.0,Iso,170.0,59.5,443.17,0.9796770601336304,0.0013067587836915
C6,CC(C)(C1=CC=C(C=C1)OCC2CO2)C3=CC=C(C=C3)OCC4CO4,OC(=O)CCCCC(=O)O,OC(=O)CCCCC(=O)O,1.0,0.0,Iso,170.0,49.78000000000006,443.17,0.9743531444681915,0.0013884930719403
C14,CC(C)(C1=CC=C(C=C1)OCC2CO2)C3=CC=C(C=C3)OCC4CO4,OC(=O)CCCCCCCCCCCCC(=O)O,OC(=O)CCCCCCCCCCCCC(=O)O,1.0,0.0,Iso,160.0,17.281612257899997,433.15,0.6021863814306533,0.0266973024922431
C14,CC(C)(C1=CC=C(C=C1)OCC2CO2)C3=CC=C(C=C3)OCC4CO4,OC(=O)CCCCCCCCCCCCC(=O)O,OC(=O)CCCCCCCCCCCCC(=O)O,1.0,0.0,Iso,180.0,7.05912,453.20724227544906,0.5880696429816128,0.0636277817139812
C10,CC(C)(C1=CC=C(C=C1)OCC2CO2)C3=CC=C(C=C3)OCC4CO4,OC(=O)CCCCCCCCC(=O)O,OC(=O)CCCCCCCCC(=O)O,1.0,0.0,Dyn,10.0,9.59,534.3199999999999,0.8927064301539622,0.0517289431530589
C12,CC(C)(C1=CC=C(C=C1)OCC2CO2)C3=CC=C(C=C3)OCC4CO4,OC(=O)CCCCCCCCCCC(=O)O,OC(=O)CCCCCCCCCCC(=O)O,1.0,0.0,Dyn,5.0,18.7770642357116,528.9844606450391,0.9444032223871104,0.0145690175010066
C10,CC(C)(C1=CC=C(C=C1)OCC2CO2)C3=CC=C(C=C3)OCC4CO4,OC(=O)CCCCCCCCC(=O)O,OC(=O)CCCCCCCCC(=O)O,1.0,0.0,Iso,180.0,0.0,453.13,0.0106293406955073,0.0756150957420577
C8,CC(C)(C1=CC=C(C=C1)OCC2CO2)C3=CC=C(C=C3)OCC4CO4,OC(=O)CCCCCCC(=O)O,OC(=O)CCCCCCC(=O)O,1.0,0.0,Dyn,2.5,19.6,483.15,0.9349066064936692,0.0207628181020434
C12,CC(C)(C1=CC=C(C=C1)OCC2CO2)C3=CC=C(C=C3)OCC4CO4,OC(=O)CCCCCCCCCCC(=O)O,OC(=O)CCCCCCCCCCC(=O)O,1.0,0.0,Dyn,2.5,29.020463290264264,506.5227741931992,0.8224512451098414,0.0105432841628552
C14,CC(C)(C1=CC=C(C=C1)OCC2CO2)C3=CC=C(C=C3)OCC4CO4,OC(=O)CCCCCCCCCCCCC(=O)O,OC(=O)CCCCCCCCCCCCC(=O)O,1.0,0.0,Dyn,10.0,9.973427452793027,536.3298387089991,0.9705559709549992,0.0075043460308281
C8,CC(C)(C1=CC=C(C=C1)OCC2CO2)C3=CC=C(C=C3)OCC4CO4,OC(=O)CCCCCCC(=O)O,OC(=O)CCCCCCC(=O)O,1.0,0.0,Iso,160.0,31.0,433.19,0.6634347001746381,0.0119415922652154
C14,CC(C)(C1=CC=C(C=C1)OCC2CO2)C3=CC=C(C=C3)OCC4CO4,OC(=O)CCCCCCCCCCCCC(=O)O,OC(=O)CCCCCCCCCCCCC(=O)O,1.0,0.0,Iso,170.0,25.934800000000017,443.1829364071856,0.911003759522466,0.0107756525913254
C12,CC(C)(C1=CC=C(C=C1)OCC2CO2)C3=CC=C(C=C3)OCC4CO4,OC(=O)CCCCCCCCCCC(=O)O,OC(=O)CCCCCCCCCCC(=O)O,1.0,0.0,Dyn,5.0,22.37586986371587,546.9718722579195,0.9799660801356794,0.0061088876224147
C10,CC(C)(C1=CC=C(C=C1)OCC2CO2)C3=CC=C(C=C3)OCC4CO4,OC(=O)CCCCCCCCC(=O)O,OC(=O)CCCCCCCCC(=O)O,1.0,0.0,Dyn,2.5,31.61,514.13,0.969775012407002,0.0064221266585483
C10,CC(C)(C1=CC=C(C=C1)OCC2CO2)C3=CC=C(C=C3)OCC4CO4,OC(=O)CCCCCCCCC(=O)O,OC(=O)CCCCCCCCC(=O)O,1.0,0.0,Iso,165.0,43.15500000000002,438.165,0.8795382105948737,0.0054091238613096
C8,CC(C)(C1=CC=C(C=C1)OCC2CO2)C3=CC=C(C=C3)OCC4CO4,OC(=O)CCCCCCC(=O)O,OC(=O)CCCCCCC(=O)O,1.0,0.0,Dyn,5.0,6.219999999999999,466.5500000000005,0.3967299955802106,0.0829720068781093
C12,CC(C)(C1=CC=C(C=C1)OCC2CO2)C3=CC=C(C=C3)OCC4CO4,OC(=O)CCCCCCCCCCC(=O)O,OC(=O)CCCCCCCCCCC(=O)O,1.0,0.0,Dyn,2.5,31.841088193484403,513.576516128649,0.8509107341490545,0.0095722067804271
C10,CC(C)(C1=CC=C(C=C1)OCC2CO2)C3=CC=C(C=C3)OCC4CO4,OC(=O)CCCCCCCCC(=O)O,OC(=O)CCCCCCCCC(=O)O,1.0,0.0,Iso,165.0,46.580000000000034,438.17,0.8969940543090821,0.0046879073464681
C8,CC(C)(C1=CC=C(C=C1)OCC2CO2)C3=CC=C(C=C3)OCC4CO4,OC(=O)CCCCCCC(=O)O,OC(=O)CCCCCCC(=O)O,1.0,0.0,Dyn,5.0,1.7500000000000004,444.1500000000002,0.0842108404388846,0.0526514344982888
C8,CC(C)(C1=CC=C(C=C1)OCC2CO2)C3=CC=C(C=C3)OCC4CO4,OC(=O)CCCCCCC(=O)O,OC(=O)CCCCCCC(=O)O,1.0,0.0,Iso,170.0,53.2,443.17,0.9697741011772192,0.0018749147766009
C12,CC(C)(C1=CC=C(C=C1)OCC2CO2)C3=CC=C(C=C3)OCC4CO4,OC(=O)CCCCCCCCCCC(=O)O,OC(=O)CCCCCCCCCCC(=O)O,1.0,0.0,Dyn,5.0,20.37670795766227,536.9788658063193,0.964013143947424,0.0095767960989606
C8,CC(C)(C1=CC=C(C=C1)OCC2CO2)C3=CC=C(C=C3)OCC4CO4,OC(=O)CCCCCCC(=O)O,OC(=O)CCCCCCC(=O)O,1.0,0.0,Dyn,10.0,4.77,487.15,0.4876439194466456,0.1527050788487588
C14,CC(C)(C1=CC=C(C=C1)OCC2CO2)C3=CC=C(C=C3)OCC4CO4,OC(=O)CCCCCCCCCCCCC(=O)O,OC(=O)CCCCCCCCCCCCC(=O)O,1.0,0.0,Dyn,10.0,10.073254109511009,537.3277870960891,0.9713051047301116,0.0071116289285681
C8,CC(C)(C1=CC=C(C=C1)OCC2CO2)C3=CC=C(C=C3)OCC4CO4,OC(=O)CCCCCCC(=O)O,OC(=O)CCCCCCC(=O)O,1.0,0.0,Dyn,10.0,1.7899999999999996,457.15,0.114066214551043,0.0842117608157949
C12,CC(C)(C1=CC=C(C=C1)OCC2CO2)C3=CC=C(C=C3)OCC4CO4,OC(=O)CCCCCCCCCCC(=O)O,OC(=O)CCCCCCCCCCC(=O)O,1.0,0.0,Dyn,5.0,6.771071112573948,469.02642193543966,0.4015099299296095,0.0825734947138659
C14,CC(C)(C1=CC=C(C=C1)OCC2CO2)C3=CC=C(C=C3)OCC4CO4,OC(=O)CCCCCCCCCCCCC(=O)O,OC(=O)CCCCCCCCCCCCC(=O)O,1.0,0.0,Dyn,2.5,18.61439084223182,480.6336580644605,0.9567659904642396,0.0119259197510874
C8,CC(C)(C1=CC=C(C=C1)OCC2CO2)C3=CC=C(C=C3)OCC4CO4,OC(=O)CCCCCCC(=O)O,OC(=O)CCCCCCC(=O)O,1.0,0.0,Dyn,2.5,12.78,466.15,0.6320671931803937,0.0523379716685472
C14,CC(C)(C1=CC=C(C=C1)OCC2CO2)C3=CC=C(C=C3)OCC4CO4,OC(=O)CCCCCCCCCCCCC(=O)O,OC(=O)CCCCCCCCCCCCC(=O)O,1.0,0.0,Iso,170.0,33.828000000000024,443.1733338323353,0.968115137211347,0.0040219469601723
C8,CC(C)(C1=CC=C(C=C1)OCC2CO2)C3=CC=C(C=C3)OCC4CO4,OC(=O)CCCCCCC(=O)O,OC(=O)CCCCCCC(=O)O,1.0,0.0,Dyn,10.0,8.889999999999999,528.15,0.965834783692238,0.0340023308903231
C6,CC(C)(C1=CC=C(C=C1)OCC2CO2)C3=CC=C(C=C3)OCC4CO4,OC(=O)CCCCC(=O)O,OC(=O)CCCCC(=O)O,1.0,0.0,Dyn,2.5,25.33,497.7000000000005,0.8008265111291305,0.0080586955799467
C12,CC(C)(C1=CC=C(C=C1)OCC2CO2)C3=CC=C(C=C3)OCC4CO4,OC(=O)CCCCCCCCCCC(=O)O,OC(=O)CCCCCCCCCCC(=O)O,1.0,0.0,Dyn,2.5,5.224967870957277,447.0698064515498,0.2150256333196944,0.0475636734338229
C14,CC(C)(C1=CC=C(C=C1)OCC2CO2)C3=CC=C(C=C3)OCC4CO4,OC(=O)CCCCCCCCCCCCC(=O)O,OC(=O)CCCCCCCCCCCCC(=O)O,1.0,0.0,Iso,160.0,13.82528980632,433.15,0.5031941091846907,0.030815221779574
C6,CC(C)(C1=CC=C(C=C1)OCC2CO2)C3=CC=C(C=C3)OCC4CO4,OC(=O)CCCCC(=O)O,OC(=O)CCCCC(=O)O,1.0,0.0,Iso,165.0,43.78736999999994,438.17,0.988775776559645,0.0015737759850555
C10,CC(C)(C1=CC=C(C=C1)OCC2CO2)C3=CC=C(C=C3)OCC4CO4,OC(=O)CCCCCCCCC(=O)O,OC(=O)CCCCCCCCC(=O)O,1.0,0.0,Iso,170.0,27.389960000000023,443.18,0.7992599136760411,0.0120192899769706
C8,CC(C)(C1=CC=C(C=C1)OCC2CO2)C3=CC=C(C=C3)OCC4CO4,OC(=O)CCCCCCC(=O)O,OC(=O)CCCCCCC(=O)O,1.0,0.0,Iso,160.0,69.0,433.17,0.918862111768974,0.003246958621962
C12,CC(C)(C1=CC=C(C=C1)OCC2CO2)C3=CC=C(C=C3)OCC4CO4,OC(=O)CCCCCCCCCCC(=O)O,OC(=O)CCCCCCCCCCC(=O)O,1.0,0.0,Dyn,10.0,10.382540145486086,540.2692129023204,0.9795445920303606,0.011024512518826
C14,CC(C)(C1=CC=C(C=C1)OCC2CO2)C3=CC=C(C=C3)OCC4CO4,OC(=O)CCCCCCCCCCCCC(=O)O,OC(=O)CCCCCCCCCCCCC(=O)O,1.0,0.0,Iso,170.0,15.786400000000008,443.2063412048193,0.7209423561244843,0.0274376489820456
C10,CC(C)(C1=CC=C(C=C1)OCC2CO2)C3=CC=C(C=C3)OCC4CO4,OC(=O)CCCCCCCCC(=O)O,OC(=O)CCCCCCCCC(=O)O,1.0,0.0,Dyn,2.5,29.21,508.13,0.9512464937921264,0.0086083825423094
C6,CC(C)(C1=CC=C(C=C1)OCC2CO2)C3=CC=C(C=C3)OCC4CO4,OC(=O)CCCCC(=O)O,OC(=O)CCCCC(=O)O,1.0,0.0,Dyn,2.5,38.71000000000074,531.1800000000007,0.9163026704679204,0.0086725851324527
C8,CC(C)(C1=CC=C(C=C1)OCC2CO2)C3=CC=C(C=C3)OCC4CO4,OC(=O)CCCCCCC(=O)O,OC(=O)CCCCCCC(=O)O,1.0,0.0,Iso,170.0,55.3,443.17,0.9735125676105632,0.0015908367801463
C6,CC(C)(C1=CC=C(C=C1)OCC2CO2)C3=CC=C(C=C3)OCC4CO4,OC(=O)CCCCC(=O)O,OC(=O)CCCCC(=O)O,1.0,0.0,Dyn,2.5,3.71,443.7600000000001,0.1787408782988522,0.0511939240262947
C8,CC(C)(C1=CC=C(C=C1)OCC2CO2)C3=CC=C(C=C3)OCC4CO4,OC(=O)CCCCCCC(=O)O,OC(=O)CCCCCCC(=O)O,1.0,0.0,Iso,170.0,31.5,443.17,0.8707445116131085,0.0093177582837144
C6,CC(C)(C1=CC=C(C=C1)OCC2CO2)C3=CC=C(C=C3)OCC4CO4,OC(=O)CCCCC(=O)O,OC(=O)CCCCC(=O)O,1.0,0.0,Dyn,5.0,13.41,502.67,0.8562258561096749,0.0145226407970028
C14,CC(C)(C1=CC=C(C=C1)OCC2CO2)C3=CC=C(C=C3)OCC4CO4,OC(=O)CCCCCCCCCCCCC(=O)O,OC(=O)CCCCCCCCCCCCC(=O)O,1.0,0.0,Iso,160.0,39.74770819316994,433.15,0.927046718851703,0.0060218986377025
C10,CC(C)(C1=CC=C(C=C1)OCC2CO2)C3=CC=C(C=C3)OCC4CO4,OC(=O)CCCCCCCCC(=O)O,OC(=O)CCCCCCCCC(=O)O,1.0,0.0,Iso,165.0,33.56499999999999,438.17,0.8139552883384259,0.0085223751503744
C6,CC(C)(C1=CC=C(C=C1)OCC2CO2)C3=CC=C(C=C3)OCC4CO4,OC(=O)CCCCC(=O)O,OC(=O)CCCCC(=O)O,1.0,0.0,Dyn,5.0,25.01,560.67,0.977547997327834,0.0078422260303816
C10,CC(C)(C1=CC=C(C=C1)OCC2CO2)C3=CC=C(C=C3)OCC4CO4,OC(=O)CCCCCCCCC(=O)O,OC(=O)CCCCCCCCC(=O)O,1.0,0.0,Iso,165.0,60.96500000000008,438.16,0.9510083631605946,0.0027646633068915
C14,CC(C)(C1=CC=C(C=C1)OCC2CO2)C3=CC=C(C=C3)OCC4CO4,OC(=O)CCCCCCCCCCCCC(=O)O,OC(=O)CCCCCCCCCCCCC(=O)O,1.0,0.0,Dyn,5.0,10.682843702895624,488.91834193534896,0.8682959390189283,0.0594996310391996
C10,CC(C)(C1=CC=C(C=C1)OCC2CO2)C3=CC=C(C=C3)OCC4CO4,OC(=O)CCCCCCCCC(=O)O,OC(=O)CCCCCCCCC(=O)O,1.0,0.0,Iso,165.0,42.47000000000002,438.17,0.8758329607498767,0.0054091238613094
C6,CC(C)(C1=CC=C(C=C1)OCC2CO2)C3=CC=C(C=C3)OCC4CO4,OC(=O)CCCCC(=O)O,OC(=O)CCCCC(=O)O,1.0,0.0,Iso,180.0,34.841437999999954,453.17,0.9889432183604246,0.0011960520410218
C14,CC(C)(C1=CC=C(C=C1)OCC2CO2)C3=CC=C(C=C3)OCC4CO4,OC(=O)CCCCCCCCCCCCC(=O)O,OC(=O)CCCCCCCCCCCCC(=O)O,1.0,0.0,Dyn,2.5,3.1806277973261663,442.1023548387001,0.1360828964281305,0.0512716284421472
C12,CC(C)(C1=CC=C(C=C1)OCC2CO2)C3=CC=C(C=C3)OCC4CO4,OC(=O)CCCCCCCCCCC(=O)O,OC(=O)CCCCCCCCCCC(=O)O,1.0,0.0,Iso,160.0,87.81064761293993,433.15,0.9898193921002396,0.0007625165837311
C14,CC(C)(C1=CC=C(C=C1)OCC2CO2)C3=CC=C(C=C3)OCC4CO4,OC(=O)CCCCCCCCCCCCC(=O)O,OC(=O)CCCCCCCCCCCCC(=O)O,1.0,0.0,Dyn,10.0,11.07077812177,547.307270966989,0.9778115054017724,0.0066999635914887
C8,CC(C)(C1=CC=C(C=C1)OCC2CO2)C3=CC=C(C=C3)OCC4CO4,OC(=O)CCCCCCC(=O)O,OC(=O)CCCCCCC(=O)O,1.0,0.0,Dyn,10.0,5.27,492.15,0.5641389836112837,0.1557591804257357
C6,CC(C)(C1=CC=C(C=C1)OCC2CO2)C3=CC=C(C=C3)OCC4CO4,OC(=O)CCCCC(=O)O,OC(=O)CCCCC(=O)O,1.0,0.0,Dyn,10.0,8.01,518.41,0.9084017687934302,0.0211623499684133
C12,CC(C)(C1=CC=C(C=C1)OCC2CO2)C3=CC=C(C=C3)OCC4CO4,OC(=O)CCCCCCCCCCC(=O)O,OC(=O)CCCCCCCCCCC(=O)O,1.0,0.0,Iso,160.0,80.10795922583998,433.15,0.9825754980177182,0.0011437748755967
C12,CC(C)(C1=CC=C(C=C1)OCC2CO2)C3=CC=C(C=C3)OCC4CO4,OC(=O)CCCCCCCCCCC(=O)O,OC(=O)CCCCCCCCCCC(=O)O,1.0,0.0,Iso,180.0,72.89938000000001,453.1661227710843,0.9766932041075344,0.0012281999913295
C6,CC(C)(C1=CC=C(C=C1)OCC2CO2)C3=CC=C(C=C3)OCC4CO4,OC(=O)CCCCC(=O)O,OC(=O)CCCCC(=O)O,1.0,0.0,Iso,180.0,5.671862000000001,453.26,0.6278383595436324,0.0614162284792198
C10,CC(C)(C1=CC=C(C=C1)OCC2CO2)C3=CC=C(C=C3)OCC4CO4,OC(=O)CCCCCCCCC(=O)O,OC(=O)CCCCCCCCC(=O)O,1.0,0.0,Dyn,10.0,6.49,503.32,0.6492672084950888,0.1066249644583453
C6,CC(C)(C1=CC=C(C=C1)OCC2CO2)C3=CC=C(C=C3)OCC4CO4,OC(=O)CCCCC(=O)O,OC(=O)CCCCC(=O)O,1.0,0.0,Dyn,10.0,11.51,553.41,0.9691092861655084,0.0148452305748592
C12,CC(C)(C1=CC=C(C=C1)OCC2CO2)C3=CC=C(C=C3)OCC4CO4,OC(=O)CCCCCCCCCCC(=O)O,OC(=O)CCCCCCCCCCC(=O)O,1.0,0.0,Iso,170.0,13.825800000000005,443.1878862874252,0.5841920442116171,0.0230192807744886
C8,CC(C)(C1=CC=C(C=C1)OCC2CO2)C3=CC=C(C=C3)OCC4CO4,OC(=O)CCCCCCC(=O)O,OC(=O)CCCCCCC(=O)O,1.0,0.0,Iso,170.0,64.4,443.16,0.9852052179446388,0.0009658651879459
C10,CC(C)(C1=CC=C(C=C1)OCC2CO2)C3=CC=C(C=C3)OCC4CO4,OC(=O)CCCCCCCCC(=O)O,OC(=O)CCCCCCCCC(=O)O,1.0,0.0,Iso,170.0,22.122660000000018,443.19,0.7265521686966433,0.0153418133905876
C10,CC(C)(C1=CC=C(C=C1)OCC2CO2)C3=CC=C(C=C3)OCC4CO4,OC(=O)CCCCCCCCC(=O)O,OC(=O)CCCCCCCCC(=O)O,1.0,0.0,Iso,165.0,34.24999999999999,438.17,0.8197931153164324,0.0082939899206746
C6,CC(C)(C1=CC=C(C=C1)OCC2CO2)C3=CC=C(C=C3)OCC4CO4,OC(=O)CCCCC(=O)O,OC(=O)CCCCC(=O)O,1.0,0.0,Dyn,5.0,4.79,459.67,0.3978913125562752,0.0996253158674374
C12,CC(C)(C1=CC=C(C=C1)OCC2CO2)C3=CC=C(C=C3)OCC4CO4,OC(=O)CCCCCCCCCCC(=O)O,OC(=O)CCCCCCCCCCC(=O)O,1.0,0.0,Dyn,10.0,8.783517513195816,524.2881032250403,0.9455832326008629,0.0349599004844836
C6,CC(C)(C1=CC=C(C=C1)OCC2CO2)C3=CC=C(C=C3)OCC4CO4,OC(=O)CCCCC(=O)O,OC(=O)CCCCC(=O)O,1.0,0.0,Dyn,5.0,10.6,488.67,0.7983967004560109,0.0281739231461848
C12,CC(C)(C1=CC=C(C=C1)OCC2CO2)C3=CC=C(C=C3)OCC4CO4,OC(=O)CCCCCCCCCCC(=O)O,OC(=O)CCCCCCCCCCC(=O)O,1.0,0.0,Dyn,10.0,11.58083992018769,552.2550451602805,0.9894497153700192,0.0058945079460444
C12,CC(C)(C1=CC=C(C=C1)OCC2CO2)C3=CC=C(C=C3)OCC4CO4,OC(=O)CCCCCCCCCCC(=O)O,OC(=O)CCCCCCCCCCC(=O)O,1.0,0.0,Iso,160.0,21.567527483879992,433.15,0.5674709999510548,0.0189786847661247
C12,CC(C)(C1=CC=C(C=C1)OCC2CO2)C3=CC=C(C=C3)OCC4CO4,OC(=O)CCCCCCCCCCC(=O)O,OC(=O)CCCCCCCCCCC(=O)O,1.0,0.0,Dyn,2.5,35.06632522573599,521.6379354834489,0.8800750834260289,0.0084162855146189
C10,CC(C)(C1=CC=C(C=C1)OCC2CO2)C3=CC=C(C=C3)OCC4CO4,OC(=O)CCCCCCCCC(=O)O,OC(=O)CCCCCCCCC(=O)O,1.0,0.0,Iso,165.0,5.480000000000003,438.19,0.2731287870741124,0.0429304130459268
C8,CC(C)(C1=CC=C(C=C1)OCC2CO2)C3=CC=C(C=C3)OCC4CO4,OC(=O)CCCCCCC(=O)O,OC(=O)CCCCCCC(=O)O,1.0,0.0,Dyn,2.5,10.37,460.15,0.5027892691488028,0.0550018804061674
C6,CC(C)(C1=CC=C(C=C1)OCC2CO2)C3=CC=C(C=C3)OCC4CO4,OC(=O)CCCCC(=O)O,OC(=O)CCCCC(=O)O,1.0,0.0,Dyn,5.0,26.41,567.67,0.987713845885736,0.0062447355427109
C12,CC(C)(C1=CC=C(C=C1)OCC2CO2)C3=CC=C(C=C3)OCC4CO4,OC(=O)CCCCCCCCCCC(=O)O,OC(=O)CCCCCCCCCCC(=O)O,1.0,0.0,Dyn,5.0,17.977340361283552,524.9872580643992,0.931334104276957,0.0175012074178106
C12,CC(C)(C1=CC=C(C=C1)OCC2CO2)C3=CC=C(C=C3)OCC4CO4,OC(=O)CCCCCCCCCCC(=O)O,OC(=O)CCCCCCCCCCC(=O)O,1.0,0.0,Iso,180.0,3.7577000000000007,453.22347461077845,0.3229537463667335,0.0812080101308459
C10,CC(C)(C1=CC=C(C=C1)OCC2CO2)C3=CC=C(C=C3)OCC4CO4,OC(=O)CCCCCCCCC(=O)O,OC(=O)CCCCCCCCC(=O)O,1.0,0.0,Iso,170.0,2.6336499999999994,443.23,0.1456711626251869,0.0509668815771283
C12,CC(C)(C1=CC=C(C=C1)OCC2CO2)C3=CC=C(C=C3)OCC4CO4,OC(=O)CCCCCCCCCCC(=O)O,OC(=O)CCCCCCCCCCC(=O)O,1.0,0.0,Dyn,2.5,9.659046838690356,458.1542580643997,0.4323849976668501,0.0480702712521467
C6,CC(C)(C1=CC=C(C=C1)OCC2CO2)C3=CC=C(C=C3)OCC4CO4,OC(=O)CCCCC(=O)O,OC(=O)CCCCC(=O)O,1.0,0.0,Dyn,5.0,21.21,541.67,0.9420256179383658,0.0101658485579015
C12,CC(C)(C1=CC=C(C=C1)OCC2CO2)C3=CC=C(C=C3)OCC4CO4,OC(=O)CCCCCCCCCCC(=O)O,OC(=O)CCCCCCCCCCC(=O)O,1.0,0.0,Dyn,5.0,13.77785471516694,504.0019445160394,0.8214818674917842,0.032065062044134
C6,CC(C)(C1=CC=C(C=C1)OCC2CO2)C3=CC=C(C=C3)OCC4CO4,OC(=O)CCCCC(=O)O,OC(=O)CCCCC(=O)O,1.0,0.0,Dyn,10.0,3.3749999999999933,472.41,0.4696462413139605,0.2084649399873549
C10,CC(C)(C1=CC=C(C=C1)OCC2CO2)C3=CC=C(C=C3)OCC4CO4,OC(=O)CCCCCCCCC(=O)O,OC(=O)CCCCCCCCC(=O)O,1.0,0.0,Dyn,2.5,29.61,509.13,0.95468984680905,0.0083351005568395
C10,CC(C)(C1=CC=C(C=C1)OCC2CO2)C3=CC=C(C=C3)OCC4CO4,OC(=O)CCCCCCCCC(=O)O,OC(=O)CCCCCCCCC(=O)O,1.0,0.0,Dyn,2.5,13.59,469.13,0.6021014291554712,0.0403090928568462
C14,CC(C)(C1=CC=C(C=C1)OCC2CO2)C3=CC=C(C=C3)OCC4CO4,OC(=O)CCCCCCCCCCCCC(=O)O,OC(=O)CCCCCCCCCCCCC(=O)O,1.0,0.0,Dyn,2.5,21.50861768911325,487.8582774192906,0.9758244901863226,0.0025992115311495
C8,CC(C)(C1=CC=C(C=C1)OCC2CO2)C3=CC=C(C=C3)OCC4CO4,OC(=O)CCCCCCC(=O)O,OC(=O)CCCCCCC(=O)O,1.0,0.0,Dyn,2.5,14.380000000000004,470.15,0.7157452676444779,0.0527297229534916
C6,CC(C)(C1=CC=C(C=C1)OCC2CO2)C3=CC=C(C=C3)OCC4CO4,OC(=O)CCCCC(=O)O,OC(=O)CCCCC(=O)O,1.0,0.0,Iso,165.0,41.79703499999995,438.17,0.9854346123727484,0.0018360719825647
C12,CC(C)(C1=CC=C(C=C1)OCC2CO2)C3=CC=C(C=C3)OCC4CO4,OC(=O)CCCCCCCCCCC(=O)O,OC(=O)CCCCCCCCCCC(=O)O,1.0,0.0,Dyn,10.0,2.689508674565748,463.3601225804101,0.1648686562849097,0.0975213363783911
C14,CC(C)(C1=CC=C(C=C1)OCC2CO2)C3=CC=C(C=C3)OCC4CO4,OC(=O)CCCCCCCCCCCCC(=O)O,OC(=O)CCCCCCCCCCCCC(=O)O,1.0,0.0,Dyn,10.0,11.569220159377032,552.297012902439,0.981106413434216,0.0068650748754169
C12,CC(C)(C1=CC=C(C=C1)OCC2CO2)C3=CC=C(C=C3)OCC4CO4,OC(=O)CCCCCCCCCCC(=O)O,OC(=O)CCCCCCCCCCC(=O)O,1.0,0.0,Iso,160.0,62.39177593551008,433.15,0.9494395771132104,0.0028594371889918
C6,CC(C)(C1=CC=C(C=C1)OCC2CO2)C3=CC=C(C=C3)OCC4CO4,OC(=O)CCCCC(=O)O,OC(=O)CCCCC(=O)O,1.0,0.0,Iso,180.0,23.902846999999973,453.17,0.9658164838553368,0.0032619601118771
C12,CC(C)(C1=CC=C(C=C1)OCC2CO2)C3=CC=C(C=C3)OCC4CO4,OC(=O)CCCCCCCCCCC(=O)O,OC(=O)CCCCCCCCCCC(=O)O,1.0,0.0,Dyn,5.0,18.977145561706664,529.9837612901991,0.947318210727157,0.0137636673079658
C8,CC(C)(C1=CC=C(C=C1)OCC2CO2)C3=CC=C(C=C3)OCC4CO4,OC(=O)CCCCCCC(=O)O,OC(=O)CCCCCCC(=O)O,1.0,0.0,Iso,170.0,37.1,443.17,0.9136573337575564,0.0058520067269668
C14,CC(C)(C1=CC=C(C=C1)OCC2CO2)C3=CC=C(C=C3)OCC4CO4,OC(=O)CCCCCCCCCCCCC(=O)O,OC(=O)CCCCCCCCCCCCC(=O)O,1.0,0.0,Dyn,2.5,23.43520758867068,492.6746903225106,0.979641675946377,0.0013648811705761
C6,CC(C)(C1=CC=C(C=C1)OCC2CO2)C3=CC=C(C=C3)OCC4CO4,OC(=O)CCCCC(=O)O,OC(=O)CCCCC(=O)O,1.0,0.0,Dyn,10.0,0.7999999999999998,446.41,0.0621193935565382,0.0912192040429562
C8,CC(C)(C1=CC=C(C=C1)OCC2CO2)C3=CC=C(C=C3)OCC4CO4,OC(=O)CCCCCCC(=O)O,OC(=O)CCCCCCC(=O)O,1.0,0.0,Iso,180.0,13.432299999999984,453.21,0.7048179404889259,0.0330402396249025
C6,CC(C)(C1=CC=C(C=C1)OCC2CO2)C3=CC=C(C=C3)OCC4CO4,OC(=O)CCCCC(=O)O,OC(=O)CCCCC(=O)O,1.0,0.0,Dyn,5.0,8.399999999999999,477.67,0.7078044671643091,0.0557669406604896
C10,CC(C)(C1=CC=C(C=C1)OCC2CO2)C3=CC=C(C=C3)OCC4CO4,OC(=O)CCCCCCCCC(=O)O,OC(=O)CCCCCCCCC(=O)O,1.0,0.0,Dyn,10.0,3.49,473.32,0.2682325170248044,0.1221436474042635
C12,CC(C)(C1=CC=C(C=C1)OCC2CO2)C3=CC=C(C=C3)OCC4CO4,OC(=O)CCCCCCCCCCC(=O)O,OC(=O)CCCCCCCCCCC(=O)O,1.0,0.0,Dyn,10.0,9.983068260912916,536.2739354830004,0.97426944971537,0.0147398163005886
C6,CC(C)(C1=CC=C(C=C1)OCC2CO2)C3=CC=C(C=C3)OCC4CO4,OC(=O)CCCCC(=O)O,OC(=O)CCCCC(=O)O,1.0,0.0,Iso,180.0,0.8102660000000004,453.35,0.107755353508656,0.1481766213871992
C14,CC(C)(C1=CC=C(C=C1)OCC2CO2)C3=CC=C(C=C3)OCC4CO4,OC(=O)CCCCCCCCCCCCC(=O)O,OC(=O)CCCCCCCCCCCCC(=O)O,1.0,0.0,Dyn,10.0,9.374905457569746,530.3421483864591,0.9651740733279698,0.0104664019194644
C8,CC(C)(C1=CC=C(C=C1)OCC2CO2)C3=CC=C(C=C3)OCC4CO4,OC(=O)CCCCCCC(=O)O,OC(=O)CCCCCCC(=O)O,1.0,0.0,Iso,160.0,95.0,433.17,0.9746376454306752,0.0012266288127412
C14,CC(C)(C1=CC=C(C=C1)OCC2CO2)C3=CC=C(C=C3)OCC4CO4,OC(=O)CCCCCCCCCCCCC(=O)O,OC(=O)CCCCCCCCCCCCC(=O)O,1.0,0.0,Dyn,10.0,0.5959902065491858,442.5226903225399,0.0320676910114423,0.0498041662986495
C6,CC(C)(C1=CC=C(C=C1)OCC2CO2)C3=CC=C(C=C3)OCC4CO4,OC(=O)CCCCC(=O)O,OC(=O)CCCCC(=O)O,1.0,0.0,Dyn,2.5,22.72,491.1900000000004,0.7794313812674926,0.0084828374525754
C12,CC(C)(C1=CC=C(C=C1)OCC2CO2)C3=CC=C(C=C3)OCC4CO4,OC(=O)CCCCCCCCCCC(=O)O,OC(=O)CCCCCCCCCCC(=O)O,1.0,0.0,Iso,180.0,69.89321999999999,453.1665513173653,0.9725395177108572,0.0014584874897037
C8,CC(C)(C1=CC=C(C=C1)OCC2CO2)C3=CC=C(C=C3)OCC4CO4,OC(=O)CCCCCCC(=O)O,OC(=O)CCCCCCC(=O)O,1.0,0.0,Iso,160.0,37.0,433.18,0.7293479602004647,0.0097047985478639
C6,CC(C)(C1=CC=C(C=C1)OCC2CO2)C3=CC=C(C=C3)OCC4CO4,OC(=O)CCCCC(=O)O,OC(=O)CCCCC(=O)O,1.0,0.0,Iso,180.0,23.497713999999974,453.17,0.9643628034007312,0.0035881561230647
C8,CC(C)(C1=CC=C(C=C1)OCC2CO2)C3=CC=C(C=C3)OCC4CO4,OC(=O)CCCCCCC(=O)O,OC(=O)CCCCCCC(=O)O,1.0,0.0,Dyn,5.0,3.3400000000003414,452.1500000000003,0.1790267736451101,0.0669925863554104
C6,CC(C)(C1=CC=C(C=C1)OCC2CO2)C3=CC=C(C=C3)OCC4CO4,OC(=O)CCCCC(=O)O,OC(=O)CCCCC(=O)O,1.0,0.0,Dyn,10.0,9.41,532.41,0.9350915982312066,0.0173720783322806
C10,CC(C)(C1=CC=C(C=C1)OCC2CO2)C3=CC=C(C=C3)OCC4CO4,OC(=O)CCCCCCCCC(=O)O,OC(=O)CCCCCCCCC(=O)O,1.0,0.0,Dyn,5.0,4.99,460.5,0.2783306380199438,0.0711549965874968
C6,CC(C)(C1=CC=C(C=C1)OCC2CO2)C3=CC=C(C=C3)OCC4CO4,OC(=O)CCCCC(=O)O,OC(=O)CCCCC(=O)O,1.0,0.0,Dyn,10.0,11.41,552.41,0.9675931775110548,0.0151610865445362
C6,CC(C)(C1=CC=C(C=C1)OCC2CO2)C3=CC=C(C=C3)OCC4CO4,OC(=O)CCCCC(=O)O,OC(=O)CCCCC(=O)O,1.0,0.0,Iso,165.0,7.563272999999998,438.19,0.6078128217175672,0.0526707936830391
C10,CC(C)(C1=CC=C(C=C1)OCC2CO2)C3=CC=C(C=C3)OCC4CO4,OC(=O)CCCCCCCCC(=O)O,OC(=O)CCCCCCCCC(=O)O,1.0,0.0,Iso,180.0,18.03121,453.18,0.757637840533641,0.0162967330659497
C6,CC(C)(C1=CC=C(C=C1)OCC2CO2)C3=CC=C(C=C3)OCC4CO4,OC(=O)CCCCC(=O)O,OC(=O)CCCCC(=O)O,1.0,0.0,Iso,165.0,36.22409699999999,438.17,0.9722787783868442,0.0028852559726015
C12,CC(C)(C1=CC=C(C=C1)OCC2CO2)C3=CC=C(C=C3)OCC4CO4,OC(=O)CCCCCCCCCCC(=O)O,OC(=O)CCCCCCCCCCC(=O)O,1.0,0.0,Iso,180.0,20.29157999999999,453.1727595209581,0.7656597500740986,0.0099064993312631
C6,CC(C)(C1=CC=C(C=C1)OCC2CO2)C3=CC=C(C=C3)OCC4CO4,OC(=O)CCCCC(=O)O,OC(=O)CCCCC(=O)O,1.0,0.0,Dyn,5.0,0.6000000000000001,438.67,0.0387115513084899,0.0669493740741815
C8,CC(C)(C1=CC=C(C=C1)OCC2CO2)C3=CC=C(C=C3)OCC4CO4,OC(=O)CCCCCCC(=O)O,OC(=O)CCCCCCC(=O)O,1.0,0.0,Dyn,5.0,13.59000000000108,503.35000000000105,0.9264845839422696,0.0350337453100424
C6,CC(C)(C1=CC=C(C=C1)OCC2CO2)C3=CC=C(C=C3)OCC4CO4,OC(=O)CCCCC(=O)O,OC(=O)CCCCC(=O)O,1.0,0.0,Dyn,10.0,12.11,559.41,0.9777321541377132,0.0134238787113072
C10,CC(C)(C1=CC=C(C=C1)OCC2CO2)C3=CC=C(C=C3)OCC4CO4,OC(=O)CCCCCCCCC(=O)O,OC(=O)CCCCCCCCC(=O)O,1.0,0.0,Iso,180.0,40.44839,453.17,0.9502622505288424,0.003867021405479
C14,CC(C)(C1=CC=C(C=C1)OCC2CO2)C3=CC=C(C=C3)OCC4CO4,OC(=O)CCCCCCCCCCCCC(=O)O,OC(=O)CCCCCCCCCCCCC(=O)O,1.0,0.0,Dyn,2.5,5.1023374639987225,446.9187677419201,0.2442279971867273,0.0611381621330782
C8,CC(C)(C1=CC=C(C=C1)OCC2CO2)C3=CC=C(C=C3)OCC4CO4,OC(=O)CCCCCCC(=O)O,OC(=O)CCCCCCC(=O)O,1.0,0.0,Dyn,5.0,12.15,496.15000000000094,0.8592197929470444,0.0559531759627826
C12,CC(C)(C1=CC=C(C=C1)OCC2CO2)C3=CC=C(C=C3)OCC4CO4,OC(=O)CCCCCCCCCCC(=O)O,OC(=O)CCCCCCCCCCC(=O)O,1.0,0.0,Iso,170.0,80.65049999999998,443.1647576646707,0.988141154798227,0.0008244230007689
C14,CC(C)(C1=CC=C(C=C1)OCC2CO2)C3=CC=C(C=C3)OCC4CO4,OC(=O)CCCCCCCCCCCCC(=O)O,OC(=O)CCCCCCCCCCCCC(=O)O,1.0,0.0,Iso,170.0,36.083200000000026,443.1712413772455,0.9762136146975796,0.0029548998074736
C10,CC(C)(C1=CC=C(C=C1)OCC2CO2)C3=CC=C(C=C3)OCC4CO4,OC(=O)CCCCCCCCC(=O)O,OC(=O)CCCCCCCCC(=O)O,1.0,0.0,Iso,170.0,58.99376000000006,443.17,0.9891106583968168,0.0020919591863512
C8,CC(C)(C1=CC=C(C=C1)OCC2CO2)C3=CC=C(C=C3)OCC4CO4,OC(=O)CCCCCCC(=O)O,OC(=O)CCCCCCC(=O)O,1.0,0.0,Iso,180.0,28.59779999999996,453.17,0.9374777130631168,0.0059436403720105
C8,CC(C)(C1=CC=C(C=C1)OCC2CO2)C3=CC=C(C=C3)OCC4CO4,OC(=O)CCCCCCC(=O)O,OC(=O)CCCCCCC(=O)O,1.0,0.0,Dyn,10.0,9.19,531.15,0.975159973840602,0.0258580600183911
C8,CC(C)(C1=CC=C(C=C1)OCC2CO2)C3=CC=C(C=C3)OCC4CO4,OC(=O)CCCCCCC(=O)O,OC(=O)CCCCCCC(=O)O,1.0,0.0,Iso,160.0,97.0,433.17,0.9770548257381358,0.0011544741766975
C10,CC(C)(C1=CC=C(C=C1)OCC2CO2)C3=CC=C(C=C3)OCC4CO4,OC(=O)CCCCCCCCC(=O)O,OC(=O)CCCCCCCCC(=O)O,1.0,0.0,Dyn,2.5,24.8,497.13,0.9003613880975856,0.0142106632444478
C14,CC(C)(C1=CC=C(C=C1)OCC2CO2)C3=CC=C(C=C3)OCC4CO4,OC(=O)CCCCCCCCCCCCC(=O)O,OC(=O)CCCCCCCCCCCCC(=O)O,1.0,0.0,Iso,160.0,45.50824561246991,433.15,0.9549497900601328,0.0037938373585892
C12,CC(C)(C1=CC=C(C=C1)OCC2CO2)C3=CC=C(C=C3)OCC4CO4,OC(=O)CCCCCCCCCCC(=O)O,OC(=O)CCCCCCCCCCC(=O)O,1.0,0.0,Dyn,5.0,9.772177628408276,484.0159316128396,0.6395817717470986,0.068357960619734
C8,CC(C)(C1=CC=C(C=C1)OCC2CO2)C3=CC=C(C=C3)OCC4CO4,OC(=O)CCCCCCC(=O)O,OC(=O)CCCCCCC(=O)O,1.0,0.0,Dyn,2.5,2.38,440.15,0.0951234800050144,0.0413532656387112
C6,CC(C)(C1=CC=C(C=C1)OCC2CO2)C3=CC=C(C=C3)OCC4CO4,OC(=O)CCCCC(=O)O,OC(=O)CCCCC(=O)O,1.0,0.0,Dyn,10.0,10.01,538.41,0.9452463676563486,0.0164245104232463
C6,CC(C)(C1=CC=C(C=C1)OCC2CO2)C3=CC=C(C=C3)OCC4CO4,OC(=O)CCCCC(=O)O,OC(=O)CCCCC(=O)O,1.0,0.0,Iso,180.0,1.6205320000000007,453.36,0.2258921034315669,0.1322506502375791
C12,CC(C)(C1=CC=C(C=C1)OCC2CO2)C3=CC=C(C=C3)OCC4CO4,OC(=O)CCCCCCCCCCC(=O)O,OC(=O)CCCCCCCCCCC(=O)O,1.0,0.0,Iso,160.0,26.189140516139982,433.15,0.6491841925817897,0.0158960530232503
C10,CC(C)(C1=CC=C(C=C1)OCC2CO2)C3=CC=C(C=C3)OCC4CO4,OC(=O)CCCCCCCCC(=O)O,OC(=O)CCCCCCCCC(=O)O,1.0,0.0,Iso,170.0,12.641520000000009,443.2,0.5309614705278026,0.0266750761165001
C8,CC(C)(C1=CC=C(C=C1)OCC2CO2)C3=CC=C(C=C3)OCC4CO4,OC(=O)CCCCCCC(=O)O,OC(=O)CCCCCCC(=O)O,1.0,0.0,Dyn,5.0,16.16,516.1500000000012,0.982780536118133,0.011593901325585
C12,CC(C)(C1=CC=C(C=C1)OCC2CO2)C3=CC=C(C=C3)OCC4CO4,OC(=O)CCCCCCCCCCC(=O)O,OC(=O)CCCCCCCCCCC(=O)O,1.0,0.0,Dyn,10.0,7.178019668168327,508.3069935477602,0.8199210781566219,0.1392633756309838
C6,CC(C)(C1=CC=C(C=C1)OCC2CO2)C3=CC=C(C=C3)OCC4CO4,OC(=O)CCCCC(=O)O,OC(=O)CCCCC(=O)O,1.0,0.0,Dyn,5.0,17.81,524.67,0.907490778123094,0.0103110749658713
C10,CC(C)(C1=CC=C(C=C1)OCC2CO2)C3=CC=C(C=C3)OCC4CO4,OC(=O)CCCCCCCCC(=O)O,OC(=O)CCCCCCCCC(=O)O,1.0,0.0,Dyn,10.0,2.19,460.32,0.1309361601499927,0.0888189472913742
C10,CC(C)(C1=CC=C(C=C1)OCC2CO2)C3=CC=C(C=C3)OCC4CO4,OC(=O)CCCCCCCCC(=O)O,OC(=O)CCCCCCCCC(=O)O,1.0,0.0,Iso,170.0,4.740569999999999,443.22,0.2482055855840674,0.0447352674133286
C12,CC(C)(C1=CC=C(C=C1)OCC2CO2)C3=CC=C(C=C3)OCC4CO4,OC(=O)CCCCCCCCCCC(=O)O,OC(=O)CCCCCCCCCCC(=O)O,1.0,0.0,Iso,170.0,16.898200000000006,443.1848179041916,0.6509124402740198,0.019829684425142
C6,CC(C)(C1=CC=C(C=C1)OCC2CO2)C3=CC=C(C=C3)OCC4CO4,OC(=O)CCCCC(=O)O,OC(=O)CCCCC(=O)O,1.0,0.0,Dyn,5.0,22.61,548.67,0.9560254436666762,0.0097301693339918
C12,CC(C)(C1=CC=C(C=C1)OCC2CO2)C3=CC=C(C=C3)OCC4CO4,OC(=O)CCCCCCCCCCC(=O)O,OC(=O)CCCCCCCCCCC(=O)O,1.0,0.0,Dyn,5.0,5.772399179070501,464.0299187096397,0.320612558263903,0.0795794226961861
C12,CC(C)(C1=CC=C(C=C1)OCC2CO2)C3=CC=C(C=C3)OCC4CO4,OC(=O)CCCCCCCCCCC(=O)O,OC(=O)CCCCCCCCCCC(=O)O,1.0,0.0,Iso,170.0,40.70929999999997,443.1692062650602,0.8968038407732581,0.0047681989655673
C6,CC(C)(C1=CC=C(C=C1)OCC2CO2)C3=CC=C(C=C3)OCC4CO4,OC(=O)CCCCC(=O)O,OC(=O)CCCCC(=O)O,1.0,0.0,Iso,165.0,35.42796299999999,438.17,0.969825110937092,0.0031475519701107
C8,CC(C)(C1=CC=C(C=C1)OCC2CO2)C3=CC=C(C=C3)OCC4CO4,OC(=O)CCCCCCC(=O)O,OC(=O)CCCCCCC(=O)O,1.0,0.0,Dyn,5.0,7.98,475.3500000000007,0.5448738422229402,0.084433846610485
C14,CC(C)(C1=CC=C(C=C1)OCC2CO2)C3=CC=C(C=C3)OCC4CO4,OC(=O)CCCCCCCCCCCCC(=O)O,OC(=O)CCCCCCCCCCCCC(=O)O,1.0,0.0,Dyn,2.5,0.945694603622094,436.4832064516101,0.0391785473738107,0.0374894199936414
C6,CC(C)(C1=CC=C(C=C1)OCC2CO2)C3=CC=C(C=C3)OCC4CO4,OC(=O)CCCCC(=O)O,OC(=O)CCCCC(=O)O,1.0,0.0,Iso,165.0,18.709149000000004,438.17,0.8734534064212999,0.0091438483099701
C12,CC(C)(C1=CC=C(C=C1)OCC2CO2)C3=CC=C(C=C3)OCC4CO4,OC(=O)CCCCCCCCCCC(=O)O,OC(=O)CCCCCCCCCCC(=O)O,1.0,0.0,Dyn,10.0,9.38368149316561,530.2810193540204,0.9631201658683648,0.0223904755284496
C14,CC(C)(C1=CC=C(C=C1)OCC2CO2)C3=CC=C(C=C3)OCC4CO4,OC(=O)CCCCCCCCCCCCC(=O)O,OC(=O)CCCCCCCCCCCCC(=O)O,1.0,0.0,Dyn,5.0,9.003101315746198,480.5408064514991,0.7425362650523871,0.0876736085743717
C10,CC(C)(C1=CC=C(C=C1)OCC2CO2)C3=CC=C(C=C3)OCC4CO4,OC(=O)CCCCCCCCC(=O)O,OC(=O)CCCCCCCCC(=O)O,1.0,0.0,Dyn,2.5,1.1899999999999995,438.13,0.0503445539272807,0.0369764190440376
C8,CC(C)(C1=CC=C(C=C1)OCC2CO2)C3=CC=C(C=C3)OCC4CO4,OC(=O)CCCCCCC(=O)O,OC(=O)CCCCCCC(=O)O,1.0,0.0,Iso,160.0,11.0,433.21,0.3227710170220002,0.0232951242466755
C8,CC(C)(C1=CC=C(C=C1)OCC2CO2)C3=CC=C(C=C3)OCC4CO4,OC(=O)CCCCCCC(=O)O,OC(=O)CCCCCCC(=O)O,1.0,0.0,Iso,180.0,21.664999999999967,453.18,0.8771809501168825,0.011780295217326
C6,CC(C)(C1=CC=C(C=C1)OCC2CO2)C3=CC=C(C=C3)OCC4CO4,OC(=O)CCCCC(=O)O,OC(=O)CCCCC(=O)O,1.0,0.0,Dyn,2.5,21.23,487.4700000000004,0.766353673528105,0.0090483599494138
C14,CC(C)(C1=CC=C(C=C1)OCC2CO2)C3=CC=C(C=C3)OCC4CO4,OC(=O)CCCCCCCCCCCCC(=O)O,OC(=O)CCCCCCCCCCCCC(=O)O,1.0,0.0,Dyn,10.0,9.77386714174462,534.3339419348191,0.9689820595695636,0.008225748251967
C10,CC(C)(C1=CC=C(C=C1)OCC2CO2)C3=CC=C(C=C3)OCC4CO4,OC(=O)CCCCCCCCC(=O)O,OC(=O)CCCCCCCCC(=O)O,1.0,0.0,Iso,165.0,0.685,438.17,0.0426832431310843,0.0480336209021912
C12,CC(C)(C1=CC=C(C=C1)OCC2CO2)C3=CC=C(C=C3)OCC4CO4,OC(=O)CCCCCCCCCCC(=O)O,OC(=O)CCCCCCCCCCC(=O)O,1.0,0.0,Iso,170.0,58.37559999999989,443.1665020359281,0.9565367566634044,0.0021734788202096
C10,CC(C)(C1=CC=C(C=C1)OCC2CO2)C3=CC=C(C=C3)OCC4CO4,OC(=O)CCCCCCCCC(=O)O,OC(=O)CCCCCCCCC(=O)O,1.0,0.0,Iso,170.0,8.427680000000002,443.21,0.3980197732294611,0.0356009245164017
C6,CC(C)(C1=CC=C(C=C1)OCC2CO2)C3=CC=C(C=C3)OCC4CO4,OC(=O)CCCCC(=O)O,OC(=O)CCCCC(=O)O,1.0,0.0,Dyn,2.5,33.88,519.0900000000006,0.8723354170481015,0.0090483599494142
C14,CC(C)(C1=CC=C(C=C1)OCC2CO2)C3=CC=C(C=C3)OCC4CO4,OC(=O)CCCCCCCCCCCCC(=O)O,OC(=O)CCCCCCCCCCCCC(=O)O,1.0,0.0,Dyn,5.0,2.948498235198015,450.2527935483497,0.1600849083339942,0.0727453613700385
C8,CC(C)(C1=CC=C(C=C1)OCC2CO2)C3=CC=C(C=C3)OCC4CO4,OC(=O)CCCCCCC(=O)O,OC(=O)CCCCCCC(=O)O,1.0,0.0,Iso,170.0,50.4,443.17,0.9640073178491886,0.0022158083723468
C12,CC(C)(C1=CC=C(C=C1)OCC2CO2)C3=CC=C(C=C3)OCC4CO4,OC(=O)CCCCCCCCCCC(=O)O,OC(=O)CCCCCCCCCCC(=O)O,1.0,0.0,Iso,160.0,36.20263541937001,433.15,0.7812637658460183,0.0105481460749473
C12,CC(C)(C1=CC=C(C=C1)OCC2CO2)C3=CC=C(C=C3)OCC4CO4,OC(=O)CCCCCCCCCCC(=O)O,OC(=O)CCCCCCCCCCC(=O)O,1.0,0.0,Iso,160.0,63.16204477422008,433.15,0.9516421124761392,0.0027323510917034
C12,CC(C)(C1=CC=C(C=C1)OCC2CO2)C3=CC=C(C=C3)OCC4CO4,OC(=O)CCCCCCCCCCC(=O)O,OC(=O)CCCCCCCCCCC(=O)O,1.0,0.0,Iso,180.0,18.036959999999997,453.1733066467066,0.7409138110072689,0.0115143749187142
C12,CC(C)(C1=CC=C(C=C1)OCC2CO2)C3=CC=C(C=C3)OCC4CO4,OC(=O)CCCCCCCCCCC(=O)O,OC(=O)CCCCCCCCCCC(=O)O,1.0,0.0,Dyn,2.5,27.80829690316992,503.4997419351492,0.8094053877056077,0.0108908101385866
C8,CC(C)(C1=CC=C(C=C1)OCC2CO2)C3=CC=C(C=C3)OCC4CO4,OC(=O)CCCCCCC(=O)O,OC(=O)CCCCCCC(=O)O,1.0,0.0,Iso,180.0,22.964899999999965,453.18,0.8919529299893023,0.0102413495640803
